id,activity_hour,total_intensity,average_intensity
1503960366,2016-03-12T00:00:00Z,0,0
1503960366,2016-03-12T01:00:00Z,0,0
1503960366,2016-03-12T02:00:00Z,0,0
1503960366,2016-03-12T03:00:00Z,0,0
1503960366,2016-03-12T04:00:00Z,0,0
1503960366,2016-03-12T05:00:00Z,0,0
1503960366,2016-03-12T06:00:00Z,0,0
1503960366,2016-03-12T07:00:00Z,0,0
1503960366,2016-03-12T08:00:00Z,0,0
1503960366,2016-03-12T09:00:00Z,1,0.016667
1503960366,2016-03-12T10:00:00Z,26,0.433333
1503960366,2016-03-12T11:00:00Z,49,0.816667
1503960366,2016-03-12T12:00:00Z,47,0.783333
1503960366,2016-03-12T13:00:00Z,20,0.333333
1503960366,2016-03-12T14:00:00Z,121,2.016667
1503960366,2016-03-12T15:00:00Z,129,2.15
1503960366,2016-03-12T16:00:00Z,42,0.7
1503960366,2016-03-12T17:00:00Z,20,0.333333
1503960366,2016-03-12T18:00:00Z,2,0.033333
1503960366,2016-03-12T19:00:00Z,30,0.5
1503960366,2016-03-12T20:00:00Z,4,0.066667
1503960366,2016-03-12T21:00:00Z,29,0.483333
1503960366,2016-03-12T22:00:00Z,41,0.683333
1503960366,2016-03-12T23:00:00Z,35,0.583333
1503960366,2016-03-13T00:00:00Z,3,0.05
1503960366,2016-03-13T01:00:00Z,0,0
1503960366,2016-03-13T02:00:00Z,1,0.016667
1503960366,2016-03-13T03:00:00Z,0,0
1503960366,2016-03-13T04:00:00Z,0,0
1503960366,2016-03-13T05:00:00Z,0,0
1503960366,2016-03-13T06:00:00Z,0,0
1503960366,2016-03-13T07:00:00Z,0,0
1503960366,2016-03-13T08:00:00Z,1,0.016667
1503960366,2016-03-13T09:00:00Z,5,0.083333
1503960366,2016-03-13T10:00:00Z,85,1.416667
1503960366,2016-03-13T11:00:00Z,130,2.166667
1503960366,2016-03-13T12:00:00Z,3,0.05
1503960366,2016-03-13T13:00:00Z,9,0.15
1503960366,2016-03-13T14:00:00Z,3,0.05
1503960366,2016-03-13T15:00:00Z,23,0.383333
1503960366,2016-03-13T16:00:00Z,25,0.416667
1503960366,2016-03-13T17:00:00Z,5,0.083333
1503960366,2016-03-13T18:00:00Z,110,1.833333
1503960366,2016-03-13T19:00:00Z,57,0.95
1503960366,2016-03-13T20:00:00Z,25,0.416667
1503960366,2016-03-13T21:00:00Z,9,0.15
1503960366,2016-03-13T22:00:00Z,17,0.283333
1503960366,2016-03-13T23:00:00Z,46,0.766667
1503960366,2016-03-14T00:00:00Z,4,0.066667
1503960366,2016-03-14T01:00:00Z,3,0.05
1503960366,2016-03-14T02:00:00Z,0,0
1503960366,2016-03-14T03:00:00Z,0,0
1503960366,2016-03-14T04:00:00Z,0,0
1503960366,2016-03-14T05:00:00Z,0,0
1503960366,2016-03-14T06:00:00Z,0,0
1503960366,2016-03-14T07:00:00Z,3,0.05
1503960366,2016-03-14T08:00:00Z,14,0.233333
1503960366,2016-03-14T09:00:00Z,61,1.016667
1503960366,2016-03-14T10:00:00Z,4,0.066667
1503960366,2016-03-14T11:00:00Z,14,0.233333
1503960366,2016-03-14T12:00:00Z,9,0.15
1503960366,2016-03-14T13:00:00Z,1,0.016667
1503960366,2016-03-14T14:00:00Z,6,0.1
1503960366,2016-03-14T15:00:00Z,13,0.216667
1503960366,2016-03-14T16:00:00Z,11,0.183333
1503960366,2016-03-14T17:00:00Z,17,0.283333
1503960366,2016-03-14T18:00:00Z,29,0.483333
1503960366,2016-03-14T19:00:00Z,33,0.55
1503960366,2016-03-14T20:00:00Z,45,0.75
1503960366,2016-03-14T21:00:00Z,12,0.2
1503960366,2016-03-14T22:00:00Z,0,0
1503960366,2016-03-14T23:00:00Z,90,1.5
1503960366,2016-03-15T00:00:00Z,3,0.05
1503960366,2016-03-15T01:00:00Z,2,0.033333
1503960366,2016-03-15T02:00:00Z,4,0.066667
1503960366,2016-03-15T03:00:00Z,0,0
1503960366,2016-03-15T04:00:00Z,1,0.016667
1503960366,2016-03-15T05:00:00Z,0,0
1503960366,2016-03-15T06:00:00Z,1,0.016667
1503960366,2016-03-15T07:00:00Z,1,0.016667
1503960366,2016-03-15T08:00:00Z,28,0.466667
1503960366,2016-03-15T09:00:00Z,49,0.816667
1503960366,2016-03-15T10:00:00Z,17,0.283333
1503960366,2016-03-15T11:00:00Z,34,0.566667
1503960366,2016-03-15T12:00:00Z,49,0.816667
1503960366,2016-03-15T13:00:00Z,16,0.266667
1503960366,2016-03-15T14:00:00Z,26,0.433333
1503960366,2016-03-15T15:00:00Z,14,0.233333
1503960366,2016-03-15T16:00:00Z,27,0.45
1503960366,2016-03-15T17:00:00Z,19,0.316667
1503960366,2016-03-15T18:00:00Z,15,0.25
1503960366,2016-03-15T19:00:00Z,16,0.266667
1503960366,2016-03-15T20:00:00Z,86,1.433333
1503960366,2016-03-15T21:00:00Z,35,0.583333
1503960366,2016-03-15T22:00:00Z,37,0.616667
1503960366,2016-03-15T23:00:00Z,15,0.25
1503960366,2016-03-16T00:00:00Z,0,0
1503960366,2016-03-16T01:00:00Z,0,0
1503960366,2016-03-16T02:00:00Z,1,0.016667
1503960366,2016-03-16T03:00:00Z,0,0
1503960366,2016-03-16T04:00:00Z,0,0
1503960366,2016-03-16T05:00:00Z,0,0
1503960366,2016-03-16T06:00:00Z,0,0
1503960366,2016-03-16T07:00:00Z,6,0.1
1503960366,2016-03-16T08:00:00Z,27,0.45
1503960366,2016-03-16T09:00:00Z,27,0.45
1503960366,2016-03-16T10:00:00Z,12,0.2
1503960366,2016-03-16T11:00:00Z,36,0.6
1503960366,2016-03-16T12:00:00Z,34,0.566667
1503960366,2016-03-16T13:00:00Z,16,0.266667
1503960366,2016-03-16T14:00:00Z,3,0.05
1503960366,2016-03-16T15:00:00Z,19,0.316667
1503960366,2016-03-16T16:00:00Z,28,0.466667
1503960366,2016-03-16T17:00:00Z,43,0.716667
1503960366,2016-03-16T18:00:00Z,74,1.233333
1503960366,2016-03-16T19:00:00Z,7,0.116667
1503960366,2016-03-16T20:00:00Z,16,0.266667
1503960366,2016-03-16T21:00:00Z,49,0.816667
1503960366,2016-03-16T22:00:00Z,18,0.3
1503960366,2016-03-16T23:00:00Z,18,0.3
1503960366,2016-03-17T00:00:00Z,11,0.183333
1503960366,2016-03-17T01:00:00Z,1,0.016667
1503960366,2016-03-17T02:00:00Z,1,0.016667
1503960366,2016-03-17T03:00:00Z,0,0
1503960366,2016-03-17T04:00:00Z,0,0
1503960366,2016-03-17T05:00:00Z,0,0
1503960366,2016-03-17T06:00:00Z,0,0
1503960366,2016-03-17T07:00:00Z,1,0.016667
1503960366,2016-03-17T08:00:00Z,11,0.183333
1503960366,2016-03-17T09:00:00Z,27,0.45
1503960366,2016-03-17T10:00:00Z,11,0.183333
1503960366,2016-03-17T11:00:00Z,54,0.9
1503960366,2016-03-17T12:00:00Z,11,0.183333
1503960366,2016-03-17T13:00:00Z,23,0.383333
1503960366,2016-03-17T14:00:00Z,25,0.416667
1503960366,2016-03-17T15:00:00Z,20,0.333333
1503960366,2016-03-17T16:00:00Z,24,0.4
1503960366,2016-03-17T17:00:00Z,5,0.083333
1503960366,2016-03-17T18:00:00Z,15,0.25
1503960366,2016-03-17T19:00:00Z,64,1.066667
1503960366,2016-03-17T20:00:00Z,16,0.266667
1503960366,2016-03-17T21:00:00Z,49,0.816667
1503960366,2016-03-17T22:00:00Z,31,0.516667
1503960366,2016-03-17T23:00:00Z,35,0.583333
1503960366,2016-03-18T00:00:00Z,13,0.216667
1503960366,2016-03-18T01:00:00Z,6,0.1
1503960366,2016-03-18T02:00:00Z,0,0
1503960366,2016-03-18T03:00:00Z,0,0
1503960366,2016-03-18T04:00:00Z,0,0
1503960366,2016-03-18T05:00:00Z,1,0.016667
1503960366,2016-03-18T06:00:00Z,2,0.033333
1503960366,2016-03-18T07:00:00Z,0,0
1503960366,2016-03-18T08:00:00Z,11,0.183333
1503960366,2016-03-18T09:00:00Z,36,0.6
1503960366,2016-03-18T10:00:00Z,12,0.2
1503960366,2016-03-18T11:00:00Z,12,0.2
1503960366,2016-03-18T12:00:00Z,4,0.066667
1503960366,2016-03-18T13:00:00Z,7,0.116667
1503960366,2016-03-18T14:00:00Z,86,1.433333
1503960366,2016-03-18T15:00:00Z,33,0.55
1503960366,2016-03-18T16:00:00Z,14,0.233333
1503960366,2016-03-18T17:00:00Z,2,0.033333
1503960366,2016-03-18T18:00:00Z,16,0.266667
1503960366,2016-03-18T19:00:00Z,110,1.833333
1503960366,2016-03-18T20:00:00Z,21,0.35
1503960366,2016-03-18T21:00:00Z,14,0.233333
1503960366,2016-03-18T22:00:00Z,2,0.033333
1503960366,2016-03-18T23:00:00Z,12,0.2
1503960366,2016-03-19T00:00:00Z,5,0.083333
1503960366,2016-03-19T01:00:00Z,0,0
1503960366,2016-03-19T02:00:00Z,0,0
1503960366,2016-03-19T03:00:00Z,1,0.016667
1503960366,2016-03-19T04:00:00Z,0,0
1503960366,2016-03-19T05:00:00Z,0,0
1503960366,2016-03-19T06:00:00Z,0,0
1503960366,2016-03-19T07:00:00Z,2,0.033333
1503960366,2016-03-19T08:00:00Z,28,0.466667
1503960366,2016-03-19T09:00:00Z,69,1.15
1503960366,2016-03-19T10:00:00Z,54,0.9
1503960366,2016-03-19T11:00:00Z,37,0.616667
1503960366,2016-03-19T12:00:00Z,27,0.45
1503960366,2016-03-19T13:00:00Z,13,0.216667
1503960366,2016-03-19T14:00:00Z,14,0.233333
1503960366,2016-03-19T15:00:00Z,6,0.1
1503960366,2016-03-19T16:00:00Z,8,0.133333
1503960366,2016-03-19T17:00:00Z,10,0.166667
1503960366,2016-03-19T18:00:00Z,3,0.05
1503960366,2016-03-19T19:00:00Z,26,0.433333
1503960366,2016-03-19T20:00:00Z,22,0.366667
1503960366,2016-03-19T21:00:00Z,6,0.1
1503960366,2016-03-19T22:00:00Z,31,0.516667
1503960366,2016-03-19T23:00:00Z,111,1.85
1503960366,2016-03-20T00:00:00Z,7,0.116667
1503960366,2016-03-20T01:00:00Z,0,0
1503960366,2016-03-20T02:00:00Z,0,0
1503960366,2016-03-20T03:00:00Z,0,0
1503960366,2016-03-20T04:00:00Z,0,0
1503960366,2016-03-20T05:00:00Z,0,0
1503960366,2016-03-20T06:00:00Z,0,0
1503960366,2016-03-20T07:00:00Z,0,0
1503960366,2016-03-20T08:00:00Z,0,0
1503960366,2016-03-20T09:00:00Z,36,0.6
1503960366,2016-03-20T10:00:00Z,113,1.883333
1503960366,2016-03-20T11:00:00Z,42,0.7
1503960366,2016-03-20T12:00:00Z,20,0.333333
1503960366,2016-03-20T13:00:00Z,18,0.3
1503960366,2016-03-20T14:00:00Z,29,0.483333
1503960366,2016-03-20T15:00:00Z,29,0.483333
1503960366,2016-03-20T16:00:00Z,22,0.366667
1503960366,2016-03-20T17:00:00Z,25,0.416667
1503960366,2016-03-20T18:00:00Z,36,0.6
1503960366,2016-03-20T19:00:00Z,40,0.666667
1503960366,2016-03-20T20:00:00Z,14,0.233333
1503960366,2016-03-20T21:00:00Z,4,0.066667
1503960366,2016-03-20T22:00:00Z,3,0.05
1503960366,2016-03-20T23:00:00Z,23,0.383333
1503960366,2016-03-21T00:00:00Z,5,0.083333
1503960366,2016-03-21T01:00:00Z,0,0
1503960366,2016-03-21T02:00:00Z,0,0
1503960366,2016-03-21T03:00:00Z,2,0.033333
1503960366,2016-03-21T04:00:00Z,0,0
1503960366,2016-03-21T05:00:00Z,0,0
1503960366,2016-03-21T06:00:00Z,0,0
1503960366,2016-03-21T07:00:00Z,6,0.1
1503960366,2016-03-21T08:00:00Z,27,0.45
1503960366,2016-03-21T09:00:00Z,17,0.283333
1503960366,2016-03-21T10:00:00Z,17,0.283333
1503960366,2016-03-21T11:00:00Z,17,0.283333
1503960366,2016-03-21T12:00:00Z,51,0.85
1503960366,2016-03-21T13:00:00Z,9,0.15
1503960366,2016-03-21T14:00:00Z,19,0.316667
1503960366,2016-03-21T15:00:00Z,16,0.266667
1503960366,2016-03-21T16:00:00Z,20,0.333333
1503960366,2016-03-21T17:00:00Z,31,0.516667
1503960366,2016-03-21T18:00:00Z,28,0.466667
1503960366,2016-03-21T19:00:00Z,18,0.3
1503960366,2016-03-21T20:00:00Z,11,0.183333
1503960366,2016-03-21T21:00:00Z,14,0.233333
1503960366,2016-03-21T22:00:00Z,20,0.333333
1503960366,2016-03-21T23:00:00Z,16,0.266667
1503960366,2016-03-22T00:00:00Z,0,0
1503960366,2016-03-22T01:00:00Z,0,0
1503960366,2016-03-22T02:00:00Z,0,0
1503960366,2016-03-22T03:00:00Z,0,0
1503960366,2016-03-22T04:00:00Z,0,0
1503960366,2016-03-22T05:00:00Z,0,0
1503960366,2016-03-22T06:00:00Z,0,0
1503960366,2016-03-22T07:00:00Z,0,0
1503960366,2016-03-22T08:00:00Z,2,0.033333
1503960366,2016-03-22T09:00:00Z,26,0.433333
1503960366,2016-03-22T10:00:00Z,24,0.4
1503960366,2016-03-22T11:00:00Z,14,0.233333
1503960366,2016-03-22T12:00:00Z,15,0.25
1503960366,2016-03-22T13:00:00Z,24,0.4
1503960366,2016-03-22T14:00:00Z,44,0.733333
1503960366,2016-03-22T15:00:00Z,13,0.216667
1503960366,2016-03-22T16:00:00Z,9,0.15
1503960366,2016-03-22T17:00:00Z,15,0.25
1503960366,2016-03-22T18:00:00Z,23,0.383333
1503960366,2016-03-22T19:00:00Z,22,0.366667
1503960366,2016-03-22T20:00:00Z,22,0.366667
1503960366,2016-03-22T21:00:00Z,14,0.233333
1503960366,2016-03-22T22:00:00Z,117,1.95
1503960366,2016-03-22T23:00:00Z,10,0.166667
1503960366,2016-03-23T00:00:00Z,2,0.033333
1503960366,2016-03-23T01:00:00Z,3,0.05
1503960366,2016-03-23T02:00:00Z,4,0.066667
1503960366,2016-03-23T03:00:00Z,0,0
1503960366,2016-03-23T04:00:00Z,0,0
1503960366,2016-03-23T05:00:00Z,0,0
1503960366,2016-03-23T06:00:00Z,0,0
1503960366,2016-03-23T07:00:00Z,6,0.1
1503960366,2016-03-23T08:00:00Z,25,0.416667
1503960366,2016-03-23T09:00:00Z,24,0.4
1503960366,2016-03-23T10:00:00Z,17,0.283333
1503960366,2016-03-23T11:00:00Z,19,0.316667
1503960366,2016-03-23T12:00:00Z,17,0.283333
1503960366,2016-03-23T13:00:00Z,37,0.616667
1503960366,2016-03-23T14:00:00Z,76,1.266667
1503960366,2016-03-23T15:00:00Z,11,0.183333
1503960366,2016-03-23T16:00:00Z,16,0.266667
1503960366,2016-03-23T17:00:00Z,14,0.233333
1503960366,2016-03-23T18:00:00Z,8,0.133333
1503960366,2016-03-23T19:00:00Z,80,1.333333
1503960366,2016-03-23T20:00:00Z,30,0.5
1503960366,2016-03-23T21:00:00Z,5,0.083333
1503960366,2016-03-23T22:00:00Z,10,0.166667
1503960366,2016-03-23T23:00:00Z,19,0.316667
1503960366,2016-03-24T00:00:00Z,23,0.383333
1503960366,2016-03-24T01:00:00Z,0,0
1503960366,2016-03-24T02:00:00Z,1,0.016667
1503960366,2016-03-24T03:00:00Z,1,0.016667
1503960366,2016-03-24T04:00:00Z,0,0
1503960366,2016-03-24T05:00:00Z,1,0.016667
1503960366,2016-03-24T06:00:00Z,0,0
1503960366,2016-03-24T07:00:00Z,3,0.05
1503960366,2016-03-24T08:00:00Z,36,0.6
1503960366,2016-03-24T09:00:00Z,43,0.716667
1503960366,2016-03-24T10:00:00Z,8,0.133333
1503960366,2016-03-24T11:00:00Z,7,0.116667
1503960366,2016-03-24T12:00:00Z,39,0.65
1503960366,2016-03-24T13:00:00Z,36,0.6
1503960366,2016-03-24T14:00:00Z,41,0.683333
1503960366,2016-03-24T15:00:00Z,17,0.283333
1503960366,2016-03-24T16:00:00Z,26,0.433333
1503960366,2016-03-24T17:00:00Z,14,0.233333
1503960366,2016-03-24T18:00:00Z,5,0.083333
1503960366,2016-03-24T19:00:00Z,3,0.05
1503960366,2016-03-24T20:00:00Z,107,1.783333
1503960366,2016-03-24T21:00:00Z,29,0.483333
1503960366,2016-03-24T22:00:00Z,9,0.15
1503960366,2016-03-24T23:00:00Z,12,0.2
1503960366,2016-03-25T00:00:00Z,1,0.016667
1503960366,2016-03-25T01:00:00Z,6,0.1
1503960366,2016-03-25T02:00:00Z,1,0.016667
1503960366,2016-03-25T03:00:00Z,1,0.016667
1503960366,2016-03-25T04:00:00Z,0,0
1503960366,2016-03-25T05:00:00Z,0,0
1503960366,2016-03-25T06:00:00Z,0,0
1503960366,2016-03-25T07:00:00Z,3,0.05
1503960366,2016-03-25T08:00:00Z,25,0.416667
1503960366,2016-03-25T09:00:00Z,28,0.466667
1503960366,2016-03-25T10:00:00Z,14,0.233333
1503960366,2016-03-25T11:00:00Z,34,0.566667
1503960366,2016-03-25T12:00:00Z,4,0.066667
1503960366,2016-03-25T13:00:00Z,7,0.116667
1503960366,2016-03-25T14:00:00Z,13,0.216667
1503960366,2016-03-25T15:00:00Z,0,0
1503960366,2016-03-25T16:00:00Z,17,0.283333
1503960366,2016-03-25T17:00:00Z,14,0.233333
1503960366,2016-03-25T18:00:00Z,11,0.183333
1503960366,2016-03-25T19:00:00Z,6,0.1
1503960366,2016-03-25T20:00:00Z,71,1.183333
1503960366,2016-03-25T21:00:00Z,52,0.866667
1503960366,2016-03-25T22:00:00Z,13,0.216667
1503960366,2016-03-25T23:00:00Z,7,0.116667
1503960366,2016-03-26T00:00:00Z,2,0.033333
1503960366,2016-03-26T01:00:00Z,9,0.15
1503960366,2016-03-26T02:00:00Z,0,0
1503960366,2016-03-26T03:00:00Z,3,0.05
1503960366,2016-03-26T04:00:00Z,0,0
1503960366,2016-03-26T05:00:00Z,0,0
1503960366,2016-03-26T06:00:00Z,0,0
1503960366,2016-03-26T07:00:00Z,0,0
1503960366,2016-03-26T08:00:00Z,0,0
1503960366,2016-03-26T09:00:00Z,7,0.116667
1503960366,2016-03-26T10:00:00Z,21,0.35
1503960366,2016-03-26T11:00:00Z,8,0.133333
1503960366,2016-03-26T12:00:00Z,12,0.2
1503960366,2016-03-26T13:00:00Z,21,0.35
1503960366,2016-03-26T14:00:00Z,15,0.25
1503960366,2016-03-26T15:00:00Z,29,0.483333
1503960366,2016-03-26T16:00:00Z,149,2.483333
1503960366,2016-03-26T17:00:00Z,87,1.45
1503960366,2016-03-26T18:00:00Z,102,1.7
1503960366,2016-03-26T19:00:00Z,15,0.25
1503960366,2016-03-26T20:00:00Z,14,0.233333
1503960366,2016-03-26T21:00:00Z,19,0.316667
1503960366,2016-03-26T22:00:00Z,39,0.65
1503960366,2016-03-26T23:00:00Z,23,0.383333
1503960366,2016-03-27T00:00:00Z,2,0.033333
1503960366,2016-03-27T01:00:00Z,5,0.083333
1503960366,2016-03-27T02:00:00Z,0,0
1503960366,2016-03-27T03:00:00Z,0,0
1503960366,2016-03-27T04:00:00Z,0,0
1503960366,2016-03-27T05:00:00Z,0,0
1503960366,2016-03-27T06:00:00Z,1,0.016667
1503960366,2016-03-27T07:00:00Z,2,0.033333
1503960366,2016-03-27T08:00:00Z,0,0
1503960366,2016-03-27T09:00:00Z,20,0.333333
1503960366,2016-03-27T10:00:00Z,126,2.1
1503960366,2016-03-27T11:00:00Z,11,0.183333
1503960366,2016-03-27T12:00:00Z,5,0.083333
1503960366,2016-03-27T13:00:00Z,28,0.466667
1503960366,2016-03-27T14:00:00Z,27,0.45
1503960366,2016-03-27T15:00:00Z,9,0.15
1503960366,2016-03-27T16:00:00Z,7,0.116667
1503960366,2016-03-27T17:00:00Z,17,0.283333
1503960366,2016-03-27T18:00:00Z,28,0.466667
1503960366,2016-03-27T19:00:00Z,85,1.416667
1503960366,2016-03-27T20:00:00Z,24,0.4
1503960366,2016-03-27T21:00:00Z,26,0.433333
1503960366,2016-03-27T22:00:00Z,15,0.25
1503960366,2016-03-27T23:00:00Z,8,0.133333
1503960366,2016-03-28T00:00:00Z,10,0.166667
1503960366,2016-03-28T01:00:00Z,1,0.016667
1503960366,2016-03-28T02:00:00Z,0,0
1503960366,2016-03-28T03:00:00Z,0,0
1503960366,2016-03-28T04:00:00Z,0,0
1503960366,2016-03-28T05:00:00Z,0,0
1503960366,2016-03-28T06:00:00Z,0,0
1503960366,2016-03-28T07:00:00Z,0,0
1503960366,2016-03-28T08:00:00Z,4,0.066667
1503960366,2016-03-28T09:00:00Z,30,0.5
1503960366,2016-03-28T10:00:00Z,8,0.133333
1503960366,2016-03-28T11:00:00Z,10,0.166667
1503960366,2016-03-28T12:00:00Z,9,0.15
1503960366,2016-03-28T13:00:00Z,70,1.166667
1503960366,2016-03-28T14:00:00Z,33,0.55
1503960366,2016-03-28T15:00:00Z,10,0.166667
1503960366,2016-03-28T16:00:00Z,10,0.166667
1503960366,2016-03-28T17:00:00Z,14,0.233333
1503960366,2016-03-28T18:00:00Z,19,0.316667
1503960366,2016-03-28T19:00:00Z,90,1.5
1503960366,2016-03-28T20:00:00Z,18,0.3
1503960366,2016-03-28T21:00:00Z,7,0.116667
1503960366,2016-03-28T22:00:00Z,12,0.2
1503960366,2016-03-28T23:00:00Z,26,0.433333
1503960366,2016-03-29T00:00:00Z,0,0
1503960366,2016-03-29T01:00:00Z,13,0.216667
1503960366,2016-03-29T02:00:00Z,2,0.033333
1503960366,2016-03-29T03:00:00Z,0,0
1503960366,2016-03-29T04:00:00Z,0,0
1503960366,2016-03-29T05:00:00Z,1,0.016667
1503960366,2016-03-29T06:00:00Z,1,0.016667
1503960366,2016-03-29T07:00:00Z,3,0.05
1503960366,2016-03-29T08:00:00Z,10,0.166667
1503960366,2016-03-29T09:00:00Z,32,0.533333
1503960366,2016-03-29T10:00:00Z,17,0.283333
1503960366,2016-03-29T11:00:00Z,25,0.416667
1503960366,2016-03-29T12:00:00Z,9,0.15
1503960366,2016-03-29T13:00:00Z,39,0.65
1503960366,2016-03-29T14:00:00Z,5,0.083333
1503960366,2016-03-29T15:00:00Z,13,0.216667
1503960366,2016-03-29T16:00:00Z,16,0.266667
1503960366,2016-03-29T17:00:00Z,12,0.2
1503960366,2016-03-29T18:00:00Z,22,0.366667
1503960366,2016-03-29T19:00:00Z,24,0.4
1503960366,2016-03-29T20:00:00Z,97,1.616667
1503960366,2016-03-29T21:00:00Z,19,0.316667
1503960366,2016-03-29T22:00:00Z,0,0
1503960366,2016-03-29T23:00:00Z,23,0.383333
1503960366,2016-03-30T00:00:00Z,0,0
1503960366,2016-03-30T01:00:00Z,0,0
1503960366,2016-03-30T02:00:00Z,0,0
1503960366,2016-03-30T03:00:00Z,0,0
1503960366,2016-03-30T04:00:00Z,0,0
1503960366,2016-03-30T05:00:00Z,0,0
1503960366,2016-03-30T06:00:00Z,0,0
1503960366,2016-03-30T07:00:00Z,0,0
1503960366,2016-03-30T08:00:00Z,1,0.016667
1503960366,2016-03-30T09:00:00Z,23,0.383333
1503960366,2016-03-30T10:00:00Z,13,0.216667
1503960366,2016-03-30T11:00:00Z,12,0.2
1503960366,2016-03-30T12:00:00Z,52,0.866667
1503960366,2016-03-30T13:00:00Z,3,0.05
1503960366,2016-03-30T14:00:00Z,12,0.2
1503960366,2016-03-30T15:00:00Z,12,0.2
1503960366,2016-03-30T16:00:00Z,4,0.066667
1503960366,2016-03-30T17:00:00Z,4,0.066667
1503960366,2016-03-30T18:00:00Z,72,1.2
1503960366,2016-03-30T19:00:00Z,38,0.633333
1503960366,2016-03-30T20:00:00Z,45,0.75
1503960366,2016-03-30T21:00:00Z,27,0.45
1503960366,2016-03-30T22:00:00Z,3,0.05
1503960366,2016-03-30T23:00:00Z,18,0.3
1503960366,2016-03-31T00:00:00Z,11,0.183333
1503960366,2016-03-31T01:00:00Z,0,0
1503960366,2016-03-31T02:00:00Z,7,0.116667
1503960366,2016-03-31T03:00:00Z,0,0
1503960366,2016-03-31T04:00:00Z,0,0
1503960366,2016-03-31T05:00:00Z,0,0
1503960366,2016-03-31T06:00:00Z,0,0
1503960366,2016-03-31T07:00:00Z,4,0.066667
1503960366,2016-03-31T08:00:00Z,8,0.133333
1503960366,2016-03-31T09:00:00Z,29,0.483333
1503960366,2016-03-31T10:00:00Z,13,0.216667
1503960366,2016-03-31T11:00:00Z,4,0.066667
1503960366,2016-03-31T12:00:00Z,13,0.216667
1503960366,2016-03-31T13:00:00Z,16,0.266667
1503960366,2016-03-31T14:00:00Z,26,0.433333
1503960366,2016-03-31T15:00:00Z,25,0.416667
1503960366,2016-03-31T16:00:00Z,8,0.133333
1503960366,2016-03-31T17:00:00Z,10,0.166667
1503960366,2016-03-31T18:00:00Z,12,0.2
1503960366,2016-03-31T19:00:00Z,6,0.1
1503960366,2016-03-31T20:00:00Z,27,0.45
1503960366,2016-03-31T21:00:00Z,26,0.433333
1503960366,2016-03-31T22:00:00Z,20,0.333333
1503960366,2016-03-31T23:00:00Z,97,1.616667
1503960366,2016-04-01T00:00:00Z,5,0.083333
1503960366,2016-04-01T01:00:00Z,1,0.016667
1503960366,2016-04-01T02:00:00Z,3,0.05
1503960366,2016-04-01T03:00:00Z,5,0.083333
1503960366,2016-04-01T04:00:00Z,0,0
1503960366,2016-04-01T05:00:00Z,0,0
1503960366,2016-04-01T06:00:00Z,0,0
1503960366,2016-04-01T07:00:00Z,4,0.066667
1503960366,2016-04-01T08:00:00Z,15,0.25
1503960366,2016-04-01T09:00:00Z,13,0.216667
1503960366,2016-04-01T10:00:00Z,5,0.083333
1503960366,2016-04-01T11:00:00Z,3,0.05
1503960366,2016-04-01T12:00:00Z,2,0.033333
1503960366,2016-04-01T13:00:00Z,2,0.033333
1503960366,2016-04-01T14:00:00Z,12,0.2
1503960366,2016-04-01T15:00:00Z,8,0.133333
1503960366,2016-04-01T16:00:00Z,14,0.233333
1503960366,2016-04-01T17:00:00Z,1,0.016667
1503960366,2016-04-01T18:00:00Z,9,0.15
1503960366,2016-04-01T19:00:00Z,2,0.033333
1503960366,2016-04-01T20:00:00Z,75,1.25
1503960366,2016-04-01T21:00:00Z,58,0.966667
1503960366,2016-04-01T22:00:00Z,103,1.716667
1503960366,2016-04-01T23:00:00Z,43,0.716667
1503960366,2016-04-02T00:00:00Z,14,0.233333
1503960366,2016-04-02T01:00:00Z,0,0
1503960366,2016-04-02T02:00:00Z,0,0
1503960366,2016-04-02T03:00:00Z,6,0.1
1503960366,2016-04-02T04:00:00Z,0,0
1503960366,2016-04-02T05:00:00Z,1,0.016667
1503960366,2016-04-02T06:00:00Z,0,0
1503960366,2016-04-02T07:00:00Z,6,0.1
1503960366,2016-04-02T08:00:00Z,3,0.05
1503960366,2016-04-02T09:00:00Z,6,0.1
1503960366,2016-04-02T10:00:00Z,4,0.066667
1503960366,2016-04-02T11:00:00Z,15,0.25
1503960366,2016-04-02T12:00:00Z,2,0.033333
1503960366,2016-04-02T13:00:00Z,24,0.4
1503960366,2016-04-02T14:00:00Z,6,0.1
1503960366,2016-04-02T15:00:00Z,18,0.3
1503960366,2016-04-02T16:00:00Z,27,0.45
1503960366,2016-04-02T17:00:00Z,10,0.166667
1503960366,2016-04-02T18:00:00Z,6,0.1
1503960366,2016-04-02T19:00:00Z,102,1.7
1503960366,2016-04-02T20:00:00Z,55,0.916667
1503960366,2016-04-02T21:00:00Z,26,0.433333
1503960366,2016-04-02T22:00:00Z,29,0.483333
1503960366,2016-04-02T23:00:00Z,26,0.433333
1503960366,2016-04-03T00:00:00Z,11,0.183333
1503960366,2016-04-03T01:00:00Z,1,0.016667
1503960366,2016-04-03T02:00:00Z,4,0.066667
1503960366,2016-04-03T03:00:00Z,3,0.05
1503960366,2016-04-03T04:00:00Z,1,0.016667
1503960366,2016-04-03T05:00:00Z,1,0.016667
1503960366,2016-04-03T06:00:00Z,0,0
1503960366,2016-04-03T07:00:00Z,0,0
1503960366,2016-04-03T08:00:00Z,0,0
1503960366,2016-04-03T09:00:00Z,8,0.133333
1503960366,2016-04-03T10:00:00Z,32,0.533333
1503960366,2016-04-03T11:00:00Z,18,0.3
1503960366,2016-04-03T12:00:00Z,31,0.516667
1503960366,2016-04-03T13:00:00Z,38,0.633333
1503960366,2016-04-03T14:00:00Z,3,0.05
1503960366,2016-04-03T15:00:00Z,32,0.533333
1503960366,2016-04-03T16:00:00Z,9,0.15
1503960366,2016-04-03T17:00:00Z,18,0.3
1503960366,2016-04-03T18:00:00Z,17,0.283333
1503960366,2016-04-03T19:00:00Z,21,0.35
1503960366,2016-04-03T20:00:00Z,18,0.3
1503960366,2016-04-03T21:00:00Z,25,0.416667
1503960366,2016-04-03T22:00:00Z,17,0.283333
1503960366,2016-04-03T23:00:00Z,111,1.85
1503960366,2016-04-04T00:00:00Z,8,0.133333
1503960366,2016-04-04T01:00:00Z,2,0.033333
1503960366,2016-04-04T02:00:00Z,2,0.033333
1503960366,2016-04-04T03:00:00Z,1,0.016667
1503960366,2016-04-04T04:00:00Z,0,0
1503960366,2016-04-04T05:00:00Z,1,0.016667
1503960366,2016-04-04T06:00:00Z,0,0
1503960366,2016-04-04T07:00:00Z,4,0.066667
1503960366,2016-04-04T08:00:00Z,22,0.366667
1503960366,2016-04-04T09:00:00Z,41,0.683333
1503960366,2016-04-04T10:00:00Z,15,0.25
1503960366,2016-04-04T11:00:00Z,12,0.2
1503960366,2016-04-04T12:00:00Z,58,0.966667
1503960366,2016-04-04T13:00:00Z,10,0.166667
1503960366,2016-04-04T14:00:00Z,16,0.266667
1503960366,2016-04-04T15:00:00Z,13,0.216667
1503960366,2016-04-04T16:00:00Z,8,0.133333
1503960366,2016-04-04T17:00:00Z,33,0.55
1503960366,2016-04-04T18:00:00Z,25,0.416667
1503960366,2016-04-04T19:00:00Z,71,1.183333
1503960366,2016-04-04T20:00:00Z,32,0.533333
1503960366,2016-04-04T21:00:00Z,27,0.45
1503960366,2016-04-04T22:00:00Z,9,0.15
1503960366,2016-04-04T23:00:00Z,40,0.666667
1503960366,2016-04-05T00:00:00Z,15,0.25
1503960366,2016-04-05T01:00:00Z,3,0.05
1503960366,2016-04-05T02:00:00Z,9,0.15
1503960366,2016-04-05T03:00:00Z,3,0.05
1503960366,2016-04-05T04:00:00Z,0,0
1503960366,2016-04-05T05:00:00Z,0,0
1503960366,2016-04-05T06:00:00Z,1,0.016667
1503960366,2016-04-05T07:00:00Z,2,0.033333
1503960366,2016-04-05T08:00:00Z,12,0.2
1503960366,2016-04-05T09:00:00Z,30,0.5
1503960366,2016-04-05T10:00:00Z,11,0.183333
1503960366,2016-04-05T11:00:00Z,14,0.233333
1503960366,2016-04-05T12:00:00Z,10,0.166667
1503960366,2016-04-05T13:00:00Z,68,1.133333
1503960366,2016-04-05T14:00:00Z,43,0.716667
1503960366,2016-04-05T15:00:00Z,36,0.6
1503960366,2016-04-05T16:00:00Z,16,0.266667
1503960366,2016-04-05T17:00:00Z,25,0.416667
1503960366,2016-04-05T18:00:00Z,52,0.866667
1503960366,2016-04-05T19:00:00Z,24,0.4
1503960366,2016-04-05T20:00:00Z,53,0.883333
1503960366,2016-04-05T21:00:00Z,22,0.366667
1503960366,2016-04-05T22:00:00Z,9,0.15
1503960366,2016-04-05T23:00:00Z,27,0.45
1503960366,2016-04-06T00:00:00Z,7,0.116667
1503960366,2016-04-06T01:00:00Z,3,0.05
1503960366,2016-04-06T02:00:00Z,2,0.033333
1503960366,2016-04-06T03:00:00Z,0,0
1503960366,2016-04-06T04:00:00Z,0,0
1503960366,2016-04-06T05:00:00Z,0,0
1503960366,2016-04-06T06:00:00Z,0,0
1503960366,2016-04-06T07:00:00Z,0,0
1503960366,2016-04-06T08:00:00Z,15,0.25
1503960366,2016-04-06T09:00:00Z,24,0.4
1503960366,2016-04-06T10:00:00Z,16,0.266667
1503960366,2016-04-06T11:00:00Z,11,0.183333
1503960366,2016-04-06T12:00:00Z,11,0.183333
1503960366,2016-04-06T13:00:00Z,75,1.25
1503960366,2016-04-06T14:00:00Z,5,0.083333
1503960366,2016-04-06T15:00:00Z,8,0.133333
1503960366,2016-04-06T16:00:00Z,7,0.116667
1503960366,2016-04-06T17:00:00Z,10,0.166667
1503960366,2016-04-06T18:00:00Z,21,0.35
1503960366,2016-04-06T19:00:00Z,53,0.883333
1503960366,2016-04-06T20:00:00Z,26,0.433333
1503960366,2016-04-06T21:00:00Z,21,0.35
1503960366,2016-04-06T22:00:00Z,13,0.216667
1503960366,2016-04-06T23:00:00Z,5,0.083333
1503960366,2016-04-07T00:00:00Z,1,0.016667
1503960366,2016-04-07T01:00:00Z,0,0
1503960366,2016-04-07T02:00:00Z,0,0
1503960366,2016-04-07T03:00:00Z,0,0
1503960366,2016-04-07T04:00:00Z,0,0
1503960366,2016-04-07T05:00:00Z,0,0
1503960366,2016-04-07T06:00:00Z,0,0
1503960366,2016-04-07T07:00:00Z,0,0
1503960366,2016-04-07T08:00:00Z,0,0
1503960366,2016-04-07T09:00:00Z,29,0.483333
1503960366,2016-04-07T10:00:00Z,25,0.416667
1503960366,2016-04-07T11:00:00Z,2,0.033333
1503960366,2016-04-07T12:00:00Z,35,0.583333
1503960366,2016-04-07T13:00:00Z,9,0.15
1503960366,2016-04-07T14:00:00Z,46,0.766667
1503960366,2016-04-07T15:00:00Z,12,0.2
1503960366,2016-04-07T16:00:00Z,21,0.35
1503960366,2016-04-07T17:00:00Z,12,0.2
1503960366,2016-04-07T18:00:00Z,9,0.15
1503960366,2016-04-07T19:00:00Z,25,0.416667
1503960366,2016-04-07T20:00:00Z,12,0.2
1503960366,2016-04-07T21:00:00Z,2,0.033333
1503960366,2016-04-07T22:00:00Z,6,0.1
1503960366,2016-04-07T23:00:00Z,40,0.666667
1503960366,2016-04-08T00:00:00Z,14,0.233333
1503960366,2016-04-08T01:00:00Z,2,0.033333
1503960366,2016-04-08T02:00:00Z,0,0
1503960366,2016-04-08T03:00:00Z,0,0
1503960366,2016-04-08T04:00:00Z,0,0
1503960366,2016-04-08T05:00:00Z,0,0
1503960366,2016-04-08T06:00:00Z,0,0
1503960366,2016-04-08T07:00:00Z,0,0
1503960366,2016-04-08T08:00:00Z,0,0
1503960366,2016-04-08T09:00:00Z,22,0.366667
1503960366,2016-04-08T10:00:00Z,18,0.3
1503960366,2016-04-08T11:00:00Z,8,0.133333
1503960366,2016-04-08T12:00:00Z,5,0.083333
1503960366,2016-04-08T13:00:00Z,10,0.166667
1503960366,2016-04-08T14:00:00Z,91,1.516667
1503960366,2016-04-08T15:00:00Z,7,0.116667
1503960366,2016-04-08T16:00:00Z,5,0.083333
1503960366,2016-04-08T17:00:00Z,43,0.716667
1503960366,2016-04-08T18:00:00Z,22,0.366667
1503960366,2016-04-08T19:00:00Z,75,1.25
1503960366,2016-04-08T20:00:00Z,21,0.35
1503960366,2016-04-08T21:00:00Z,26,0.433333
1503960366,2016-04-08T22:00:00Z,13,0.216667
1503960366,2016-04-08T23:00:00Z,12,0.2
1503960366,2016-04-09T00:00:00Z,5,0.083333
1503960366,2016-04-09T01:00:00Z,7,0.116667
1503960366,2016-04-09T02:00:00Z,15,0.25
1503960366,2016-04-09T03:00:00Z,1,0.016667
1503960366,2016-04-09T04:00:00Z,0,0
1503960366,2016-04-09T05:00:00Z,0,0
1503960366,2016-04-09T06:00:00Z,1,0.016667
1503960366,2016-04-09T07:00:00Z,1,0.016667
1503960366,2016-04-09T08:00:00Z,3,0.05
1503960366,2016-04-09T09:00:00Z,4,0.066667
1503960366,2016-04-09T10:00:00Z,25,0.416667
1503960366,2016-04-09T11:00:00Z,9,0.15
1503960366,2016-04-09T12:00:00Z,39,0.65
1503960366,2016-04-09T13:00:00Z,26,0.433333
1503960366,2016-04-09T14:00:00Z,4,0.066667
1503960366,2016-04-09T15:00:00Z,38,0.633333
1503960366,2016-04-09T16:00:00Z,2,0.033333
1503960366,2016-04-09T17:00:00Z,76,1.266667
1503960366,2016-04-09T18:00:00Z,52,0.866667
1503960366,2016-04-09T19:00:00Z,4,0.066667
1503960366,2016-04-09T20:00:00Z,6,0.1
1503960366,2016-04-09T21:00:00Z,19,0.316667
1503960366,2016-04-09T22:00:00Z,36,0.6
1503960366,2016-04-09T23:00:00Z,1,0.016667
1503960366,2016-04-10T00:00:00Z,17,0.283333
1503960366,2016-04-10T01:00:00Z,0,0
1503960366,2016-04-10T02:00:00Z,0,0
1503960366,2016-04-10T03:00:00Z,7,0.116667
1503960366,2016-04-10T04:00:00Z,0,0
1503960366,2016-04-10T05:00:00Z,0,0
1503960366,2016-04-10T06:00:00Z,0,0
1503960366,2016-04-10T07:00:00Z,1,0.016667
1503960366,2016-04-10T08:00:00Z,0,0
1503960366,2016-04-10T09:00:00Z,0,0
1503960366,2016-04-10T10:00:00Z,0,0
1503960366,2016-04-10T11:00:00Z,4,0.066667
1503960366,2016-04-10T12:00:00Z,45,0.75
1503960366,2016-04-10T13:00:00Z,88,1.466667
1503960366,2016-04-10T14:00:00Z,46,0.766667
1503960366,2016-04-10T15:00:00Z,17,0.283333
1503960366,2016-04-10T16:00:00Z,3,0.05
1503960366,2016-04-10T17:00:00Z,2,0.033333
1503960366,2016-04-10T18:00:00Z,1,0.016667
1503960366,2016-04-10T19:00:00Z,9,0.15
1503960366,2016-04-10T20:00:00Z,29,0.483333
1503960366,2016-04-10T21:00:00Z,5,0.083333
1503960366,2016-04-10T22:00:00Z,2,0.033333
1503960366,2016-04-10T23:00:00Z,50,0.833333
1503960366,2016-04-11T00:00:00Z,0,0
1503960366,2016-04-11T01:00:00Z,0,0
1503960366,2016-04-11T02:00:00Z,6,0.1
1503960366,2016-04-11T03:00:00Z,0,0
1503960366,2016-04-11T04:00:00Z,0,0
1503960366,2016-04-11T05:00:00Z,0,0
1503960366,2016-04-11T06:00:00Z,0,0
1503960366,2016-04-11T07:00:00Z,2,0.033333
1503960366,2016-04-11T08:00:00Z,10,0.166667
1503960366,2016-04-11T09:00:00Z,30,0.5
1503960366,2016-04-11T10:00:00Z,14,0.233333
1503960366,2016-04-11T11:00:00Z,9,0.15
1503960366,2016-04-11T12:00:00Z,28,0.466667
1503960366,2016-04-11T13:00:00Z,41,0.683333
1503960366,2016-04-11T14:00:00Z,20,0.333333
1503960366,2016-04-11T15:00:00Z,17,0.283333
1503960366,2016-04-11T16:00:00Z,12,0.2
1503960366,2016-04-11T17:00:00Z,14,0.233333
1503960366,2016-04-11T18:00:00Z,55,0.916667
1503960366,2016-04-11T19:00:00Z,19,0.316667
1503960366,2016-04-11T20:00:00Z,17,0.283333
1503960366,2016-04-11T21:00:00Z,5,0.083333
1503960366,2016-04-11T22:00:00Z,6,0.1
1503960366,2016-04-11T23:00:00Z,17,0.283333
1624580081,2016-03-12T00:00:00Z,11,0.183333
1624580081,2016-03-12T01:00:00Z,10,0.166667
1624580081,2016-03-12T02:00:00Z,0,0
1624580081,2016-03-12T03:00:00Z,0,0
1624580081,2016-03-12T04:00:00Z,0,0
1624580081,2016-03-12T05:00:00Z,0,0
1624580081,2016-03-12T06:00:00Z,0,0
1624580081,2016-03-12T07:00:00Z,0,0
1624580081,2016-03-12T08:00:00Z,0,0
1624580081,2016-03-12T09:00:00Z,0,0
1624580081,2016-03-12T10:00:00Z,0,0
1624580081,2016-03-12T11:00:00Z,3,0.05
1624580081,2016-03-12T12:00:00Z,6,0.1
1624580081,2016-03-12T13:00:00Z,3,0.05
1624580081,2016-03-12T14:00:00Z,3,0.05
1624580081,2016-03-12T15:00:00Z,7,0.116667
1624580081,2016-03-12T16:00:00Z,0,0
1624580081,2016-03-12T17:00:00Z,0,0
1624580081,2016-03-12T18:00:00Z,19,0.316667
1624580081,2016-03-12T19:00:00Z,13,0.216667
1624580081,2016-03-12T20:00:00Z,14,0.233333
1624580081,2016-03-12T21:00:00Z,8,0.133333
1624580081,2016-03-12T22:00:00Z,1,0.016667
1624580081,2016-03-12T23:00:00Z,9,0.15
1624580081,2016-03-13T00:00:00Z,3,0.05
1624580081,2016-03-13T01:00:00Z,1,0.016667
1624580081,2016-03-13T02:00:00Z,1,0.016667
1624580081,2016-03-13T03:00:00Z,12,0.2
1624580081,2016-03-13T04:00:00Z,0,0
1624580081,2016-03-13T05:00:00Z,2,0.033333
1624580081,2016-03-13T06:00:00Z,1,0.016667
1624580081,2016-03-13T07:00:00Z,0,0
1624580081,2016-03-13T08:00:00Z,0,0
1624580081,2016-03-13T09:00:00Z,0,0
1624580081,2016-03-13T10:00:00Z,0,0
1624580081,2016-03-13T11:00:00Z,0,0
1624580081,2016-03-13T12:00:00Z,9,0.15
1624580081,2016-03-13T13:00:00Z,4,0.066667
1624580081,2016-03-13T14:00:00Z,0,0
1624580081,2016-03-13T15:00:00Z,1,0.016667
1624580081,2016-03-13T16:00:00Z,2,0.033333
1624580081,2016-03-13T17:00:00Z,3,0.05
1624580081,2016-03-13T18:00:00Z,0,0
1624580081,2016-03-13T19:00:00Z,0,0
1624580081,2016-03-13T20:00:00Z,16,0.266667
1624580081,2016-03-13T21:00:00Z,0,0
1624580081,2016-03-13T22:00:00Z,2,0.033333
1624580081,2016-03-13T23:00:00Z,2,0.033333
1624580081,2016-03-14T00:00:00Z,4,0.066667
1624580081,2016-03-14T01:00:00Z,2,0.033333
1624580081,2016-03-14T02:00:00Z,0,0
1624580081,2016-03-14T03:00:00Z,0,0
1624580081,2016-03-14T04:00:00Z,0,0
1624580081,2016-03-14T05:00:00Z,2,0.033333
1624580081,2016-03-14T06:00:00Z,2,0.033333
1624580081,2016-03-14T07:00:00Z,0,0
1624580081,2016-03-14T08:00:00Z,0,0
1624580081,2016-03-14T09:00:00Z,0,0
1624580081,2016-03-14T10:00:00Z,0,0
1624580081,2016-03-14T11:00:00Z,0,0
1624580081,2016-03-14T12:00:00Z,9,0.15
1624580081,2016-03-14T13:00:00Z,0,0
1624580081,2016-03-14T14:00:00Z,0,0
1624580081,2016-03-14T15:00:00Z,12,0.2
1624580081,2016-03-14T16:00:00Z,5,0.083333
1624580081,2016-03-14T17:00:00Z,8,0.133333
1624580081,2016-03-14T18:00:00Z,12,0.2
1624580081,2016-03-14T19:00:00Z,13,0.216667
1624580081,2016-03-14T20:00:00Z,9,0.15
1624580081,2016-03-14T21:00:00Z,8,0.133333
1624580081,2016-03-14T22:00:00Z,6,0.1
1624580081,2016-03-14T23:00:00Z,7,0.116667
1624580081,2016-03-15T00:00:00Z,3,0.05
1624580081,2016-03-15T01:00:00Z,0,0
1624580081,2016-03-15T02:00:00Z,5,0.083333
1624580081,2016-03-15T03:00:00Z,0,0
1624580081,2016-03-15T04:00:00Z,0,0
1624580081,2016-03-15T05:00:00Z,0,0
1624580081,2016-03-15T06:00:00Z,0,0
1624580081,2016-03-15T07:00:00Z,2,0.033333
1624580081,2016-03-15T08:00:00Z,0,0
1624580081,2016-03-15T09:00:00Z,0,0
1624580081,2016-03-15T10:00:00Z,5,0.083333
1624580081,2016-03-15T11:00:00Z,28,0.466667
1624580081,2016-03-15T12:00:00Z,41,0.683333
1624580081,2016-03-15T13:00:00Z,2,0.033333
1624580081,2016-03-15T14:00:00Z,5,0.083333
1624580081,2016-03-15T15:00:00Z,0,0
1624580081,2016-03-15T16:00:00Z,4,0.066667
1624580081,2016-03-15T17:00:00Z,0,0
1624580081,2016-03-15T18:00:00Z,22,0.366667
1624580081,2016-03-15T19:00:00Z,14,0.233333
1624580081,2016-03-15T20:00:00Z,0,0
1624580081,2016-03-15T21:00:00Z,8,0.133333
1624580081,2016-03-15T22:00:00Z,8,0.133333
1624580081,2016-03-15T23:00:00Z,22,0.366667
1624580081,2016-03-16T00:00:00Z,2,0.033333
1624580081,2016-03-16T01:00:00Z,6,0.1
1624580081,2016-03-16T02:00:00Z,6,0.1
1624580081,2016-03-16T03:00:00Z,0,0
1624580081,2016-03-16T04:00:00Z,0,0
1624580081,2016-03-16T05:00:00Z,0,0
1624580081,2016-03-16T06:00:00Z,0,0
1624580081,2016-03-16T07:00:00Z,3,0.05
1624580081,2016-03-16T08:00:00Z,0,0
1624580081,2016-03-16T09:00:00Z,2,0.033333
1624580081,2016-03-16T10:00:00Z,4,0.066667
1624580081,2016-03-16T11:00:00Z,52,0.866667
1624580081,2016-03-16T12:00:00Z,21,0.35
1624580081,2016-03-16T13:00:00Z,6,0.1
1624580081,2016-03-16T14:00:00Z,3,0.05
1624580081,2016-03-16T15:00:00Z,2,0.033333
1624580081,2016-03-16T16:00:00Z,23,0.383333
1624580081,2016-03-16T17:00:00Z,20,0.333333
1624580081,2016-03-16T18:00:00Z,20,0.333333
1624580081,2016-03-16T19:00:00Z,43,0.716667
1624580081,2016-03-16T20:00:00Z,11,0.183333
1624580081,2016-03-16T21:00:00Z,9,0.15
1624580081,2016-03-16T22:00:00Z,22,0.366667
1624580081,2016-03-16T23:00:00Z,16,0.266667
1624580081,2016-03-17T00:00:00Z,14,0.233333
1624580081,2016-03-17T01:00:00Z,2,0.033333
1624580081,2016-03-17T02:00:00Z,1,0.016667
1624580081,2016-03-17T03:00:00Z,0,0
1624580081,2016-03-17T04:00:00Z,0,0
1624580081,2016-03-17T05:00:00Z,0,0
1624580081,2016-03-17T06:00:00Z,0,0
1624580081,2016-03-17T07:00:00Z,38,0.633333
1624580081,2016-03-17T08:00:00Z,25,0.416667
1624580081,2016-03-17T09:00:00Z,5,0.083333
1624580081,2016-03-17T10:00:00Z,6,0.1
1624580081,2016-03-17T11:00:00Z,42,0.7
1624580081,2016-03-17T12:00:00Z,26,0.433333
1624580081,2016-03-17T13:00:00Z,0,0
1624580081,2016-03-17T14:00:00Z,0,0
1624580081,2016-03-17T15:00:00Z,1,0.016667
1624580081,2016-03-17T16:00:00Z,10,0.166667
1624580081,2016-03-17T17:00:00Z,21,0.35
1624580081,2016-03-17T18:00:00Z,46,0.766667
1624580081,2016-03-17T19:00:00Z,31,0.516667
1624580081,2016-03-17T20:00:00Z,16,0.266667
1624580081,2016-03-17T21:00:00Z,41,0.683333
1624580081,2016-03-17T22:00:00Z,14,0.233333
1624580081,2016-03-17T23:00:00Z,4,0.066667
1624580081,2016-03-18T00:00:00Z,8,0.133333
1624580081,2016-03-18T01:00:00Z,0,0
1624580081,2016-03-18T02:00:00Z,1,0.016667
1624580081,2016-03-18T03:00:00Z,0,0
1624580081,2016-03-18T04:00:00Z,0,0
1624580081,2016-03-18T05:00:00Z,0,0
1624580081,2016-03-18T06:00:00Z,0,0
1624580081,2016-03-18T07:00:00Z,1,0.016667
1624580081,2016-03-18T08:00:00Z,3,0.05
1624580081,2016-03-18T09:00:00Z,3,0.05
1624580081,2016-03-18T10:00:00Z,3,0.05
1624580081,2016-03-18T11:00:00Z,3,0.05
1624580081,2016-03-18T12:00:00Z,2,0.033333
1624580081,2016-03-18T13:00:00Z,4,0.066667
1624580081,2016-03-18T14:00:00Z,8,0.133333
1624580081,2016-03-18T15:00:00Z,1,0.016667
1624580081,2016-03-18T16:00:00Z,1,0.016667
1624580081,2016-03-18T17:00:00Z,5,0.083333
1624580081,2016-03-18T18:00:00Z,13,0.216667
1624580081,2016-03-18T19:00:00Z,32,0.533333
1624580081,2016-03-18T20:00:00Z,28,0.466667
1624580081,2016-03-18T21:00:00Z,7,0.116667
1624580081,2016-03-18T22:00:00Z,0,0
1624580081,2016-03-18T23:00:00Z,23,0.383333
1624580081,2016-03-19T00:00:00Z,7,0.116667
1624580081,2016-03-19T01:00:00Z,5,0.083333
1624580081,2016-03-19T02:00:00Z,3,0.05
1624580081,2016-03-19T03:00:00Z,0,0
1624580081,2016-03-19T04:00:00Z,0,0
1624580081,2016-03-19T05:00:00Z,0,0
1624580081,2016-03-19T06:00:00Z,0,0
1624580081,2016-03-19T07:00:00Z,0,0
1624580081,2016-03-19T08:00:00Z,0,0
1624580081,2016-03-19T09:00:00Z,0,0
1624580081,2016-03-19T10:00:00Z,0,0
1624580081,2016-03-19T11:00:00Z,2,0.033333
1624580081,2016-03-19T12:00:00Z,18,0.3
1624580081,2016-03-19T13:00:00Z,9,0.15
1624580081,2016-03-19T14:00:00Z,1,0.016667
1624580081,2016-03-19T15:00:00Z,7,0.116667
1624580081,2016-03-19T16:00:00Z,0,0
1624580081,2016-03-19T17:00:00Z,6,0.1
1624580081,2016-03-19T18:00:00Z,5,0.083333
1624580081,2016-03-19T19:00:00Z,22,0.366667
1624580081,2016-03-19T20:00:00Z,8,0.133333
1624580081,2016-03-19T21:00:00Z,5,0.083333
1624580081,2016-03-19T22:00:00Z,3,0.05
1624580081,2016-03-19T23:00:00Z,18,0.3
1624580081,2016-03-20T00:00:00Z,0,0
1624580081,2016-03-20T01:00:00Z,18,0.3
1624580081,2016-03-20T02:00:00Z,3,0.05
1624580081,2016-03-20T03:00:00Z,2,0.033333
1624580081,2016-03-20T04:00:00Z,0,0
1624580081,2016-03-20T05:00:00Z,0,0
1624580081,2016-03-20T06:00:00Z,0,0
1624580081,2016-03-20T07:00:00Z,0,0
1624580081,2016-03-20T08:00:00Z,0,0
1624580081,2016-03-20T09:00:00Z,0,0
1624580081,2016-03-20T10:00:00Z,0,0
1624580081,2016-03-20T11:00:00Z,6,0.1
1624580081,2016-03-20T12:00:00Z,42,0.7
1624580081,2016-03-20T13:00:00Z,16,0.266667
1624580081,2016-03-20T14:00:00Z,2,0.033333
1624580081,2016-03-20T15:00:00Z,0,0
1624580081,2016-03-20T16:00:00Z,3,0.05
1624580081,2016-03-20T17:00:00Z,7,0.116667
1624580081,2016-03-20T18:00:00Z,4,0.066667
1624580081,2016-03-20T19:00:00Z,7,0.116667
1624580081,2016-03-20T20:00:00Z,1,0.016667
1624580081,2016-03-20T21:00:00Z,4,0.066667
1624580081,2016-03-20T22:00:00Z,4,0.066667
1624580081,2016-03-20T23:00:00Z,3,0.05
1624580081,2016-03-21T00:00:00Z,3,0.05
1624580081,2016-03-21T01:00:00Z,4,0.066667
1624580081,2016-03-21T02:00:00Z,0,0
1624580081,2016-03-21T03:00:00Z,2,0.033333
1624580081,2016-03-21T04:00:00Z,0,0
1624580081,2016-03-21T05:00:00Z,0,0
1624580081,2016-03-21T06:00:00Z,0,0
1624580081,2016-03-21T07:00:00Z,0,0
1624580081,2016-03-21T08:00:00Z,0,0
1624580081,2016-03-21T09:00:00Z,3,0.05
1624580081,2016-03-21T10:00:00Z,5,0.083333
1624580081,2016-03-21T11:00:00Z,5,0.083333
1624580081,2016-03-21T12:00:00Z,6,0.1
1624580081,2016-03-21T13:00:00Z,0,0
1624580081,2016-03-21T14:00:00Z,5,0.083333
1624580081,2016-03-21T15:00:00Z,8,0.133333
1624580081,2016-03-21T16:00:00Z,1,0.016667
1624580081,2016-03-21T17:00:00Z,2,0.033333
1624580081,2016-03-21T18:00:00Z,34,0.566667
1624580081,2016-03-21T19:00:00Z,0,0
1624580081,2016-03-21T20:00:00Z,6,0.1
1624580081,2016-03-21T21:00:00Z,7,0.116667
1624580081,2016-03-21T22:00:00Z,1,0.016667
1624580081,2016-03-21T23:00:00Z,7,0.116667
1624580081,2016-03-22T00:00:00Z,2,0.033333
1624580081,2016-03-22T01:00:00Z,6,0.1
1624580081,2016-03-22T02:00:00Z,0,0
1624580081,2016-03-22T03:00:00Z,0,0
1624580081,2016-03-22T04:00:00Z,0,0
1624580081,2016-03-22T05:00:00Z,0,0
1624580081,2016-03-22T06:00:00Z,0,0
1624580081,2016-03-22T07:00:00Z,0,0
1624580081,2016-03-22T08:00:00Z,1,0.016667
1624580081,2016-03-22T09:00:00Z,1,0.016667
1624580081,2016-03-22T10:00:00Z,7,0.116667
1624580081,2016-03-22T11:00:00Z,31,0.516667
1624580081,2016-03-22T12:00:00Z,7,0.116667
1624580081,2016-03-22T13:00:00Z,6,0.1
1624580081,2016-03-22T14:00:00Z,2,0.033333
1624580081,2016-03-22T15:00:00Z,0,0
1624580081,2016-03-22T16:00:00Z,0,0
1624580081,2016-03-22T17:00:00Z,0,0
1624580081,2016-03-22T18:00:00Z,5,0.083333
1624580081,2016-03-22T19:00:00Z,0,0
1624580081,2016-03-22T20:00:00Z,25,0.416667
1624580081,2016-03-22T21:00:00Z,3,0.05
1624580081,2016-03-22T22:00:00Z,0,0
1624580081,2016-03-22T23:00:00Z,0,0
1624580081,2016-03-23T00:00:00Z,0,0
1624580081,2016-03-23T01:00:00Z,4,0.066667
1624580081,2016-03-23T02:00:00Z,0,0
1624580081,2016-03-23T03:00:00Z,0,0
1624580081,2016-03-23T04:00:00Z,0,0
1624580081,2016-03-23T05:00:00Z,1,0.016667
1624580081,2016-03-23T06:00:00Z,0,0
1624580081,2016-03-23T07:00:00Z,1,0.016667
1624580081,2016-03-23T08:00:00Z,2,0.033333
1624580081,2016-03-23T09:00:00Z,23,0.383333
1624580081,2016-03-23T10:00:00Z,3,0.05
1624580081,2016-03-23T11:00:00Z,0,0
1624580081,2016-03-23T12:00:00Z,5,0.083333
1624580081,2016-03-23T13:00:00Z,10,0.166667
1624580081,2016-03-23T14:00:00Z,17,0.283333
1624580081,2016-03-23T15:00:00Z,6,0.1
1624580081,2016-03-23T16:00:00Z,3,0.05
1624580081,2016-03-23T17:00:00Z,23,0.383333
1624580081,2016-03-23T18:00:00Z,21,0.35
1624580081,2016-03-23T19:00:00Z,66,1.1
1624580081,2016-03-23T20:00:00Z,5,0.083333
1624580081,2016-03-23T21:00:00Z,4,0.066667
1624580081,2016-03-23T22:00:00Z,8,0.133333
1624580081,2016-03-23T23:00:00Z,3,0.05
1624580081,2016-03-24T00:00:00Z,15,0.25
1624580081,2016-03-24T01:00:00Z,10,0.166667
1624580081,2016-03-24T02:00:00Z,1,0.016667
1624580081,2016-03-24T03:00:00Z,0,0
1624580081,2016-03-24T04:00:00Z,0,0
1624580081,2016-03-24T05:00:00Z,0,0
1624580081,2016-03-24T06:00:00Z,0,0
1624580081,2016-03-24T07:00:00Z,0,0
1624580081,2016-03-24T08:00:00Z,0,0
1624580081,2016-03-24T09:00:00Z,0,0
1624580081,2016-03-24T10:00:00Z,1,0.016667
1624580081,2016-03-24T11:00:00Z,5,0.083333
1624580081,2016-03-24T12:00:00Z,5,0.083333
1624580081,2016-03-24T13:00:00Z,11,0.183333
1624580081,2016-03-24T14:00:00Z,3,0.05
1624580081,2016-03-24T15:00:00Z,0,0
1624580081,2016-03-24T16:00:00Z,6,0.1
1624580081,2016-03-24T17:00:00Z,13,0.216667
1624580081,2016-03-24T18:00:00Z,1,0.016667
1624580081,2016-03-24T19:00:00Z,4,0.066667
1624580081,2016-03-24T20:00:00Z,4,0.066667
1624580081,2016-03-24T21:00:00Z,2,0.033333
1624580081,2016-03-24T22:00:00Z,3,0.05
1624580081,2016-03-24T23:00:00Z,4,0.066667
1624580081,2016-03-25T00:00:00Z,2,0.033333
1624580081,2016-03-25T01:00:00Z,3,0.05
1624580081,2016-03-25T02:00:00Z,0,0
1624580081,2016-03-25T03:00:00Z,2,0.033333
1624580081,2016-03-25T04:00:00Z,0,0
1624580081,2016-03-25T05:00:00Z,0,0
1624580081,2016-03-25T06:00:00Z,0,0
1624580081,2016-03-25T07:00:00Z,0,0
1624580081,2016-03-25T08:00:00Z,0,0
1624580081,2016-03-25T09:00:00Z,4,0.066667
1624580081,2016-03-25T10:00:00Z,0,0
1624580081,2016-03-25T11:00:00Z,6,0.1
1624580081,2016-03-25T12:00:00Z,0,0
1624580081,2016-03-25T13:00:00Z,0,0
1624580081,2016-03-25T14:00:00Z,0,0
1624580081,2016-03-25T15:00:00Z,0,0
1624580081,2016-03-25T16:00:00Z,1,0.016667
1624580081,2016-03-25T17:00:00Z,2,0.033333
1624580081,2016-03-25T18:00:00Z,26,0.433333
1624580081,2016-03-25T19:00:00Z,18,0.3
1624580081,2016-03-25T20:00:00Z,35,0.583333
1624580081,2016-03-25T21:00:00Z,14,0.233333
1624580081,2016-03-25T22:00:00Z,0,0
1624580081,2016-03-25T23:00:00Z,8,0.133333
1624580081,2016-03-26T00:00:00Z,5,0.083333
1624580081,2016-03-26T01:00:00Z,0,0
1624580081,2016-03-26T02:00:00Z,2,0.033333
1624580081,2016-03-26T03:00:00Z,0,0
1624580081,2016-03-26T04:00:00Z,0,0
1624580081,2016-03-26T05:00:00Z,0,0
1624580081,2016-03-26T06:00:00Z,0,0
1624580081,2016-03-26T07:00:00Z,0,0
1624580081,2016-03-26T08:00:00Z,0,0
1624580081,2016-03-26T09:00:00Z,1,0.016667
1624580081,2016-03-26T10:00:00Z,0,0
1624580081,2016-03-26T11:00:00Z,1,0.016667
1624580081,2016-03-26T12:00:00Z,2,0.033333
1624580081,2016-03-26T13:00:00Z,12,0.2
1624580081,2016-03-26T14:00:00Z,3,0.05
1624580081,2016-03-26T15:00:00Z,0,0
1624580081,2016-03-26T16:00:00Z,20,0.333333
1624580081,2016-03-26T17:00:00Z,1,0.016667
1624580081,2016-03-26T18:00:00Z,0,0
1624580081,2016-03-26T19:00:00Z,0,0
1624580081,2016-03-26T20:00:00Z,0,0
1624580081,2016-03-26T21:00:00Z,0,0
1624580081,2016-03-26T22:00:00Z,0,0
1624580081,2016-03-26T23:00:00Z,0,0
1624580081,2016-03-27T00:00:00Z,0,0
1624580081,2016-03-27T01:00:00Z,0,0
1624580081,2016-03-27T02:00:00Z,0,0
1624580081,2016-03-27T03:00:00Z,1,0.016667
1624580081,2016-03-27T04:00:00Z,0,0
1624580081,2016-03-27T05:00:00Z,0,0
1624580081,2016-03-27T06:00:00Z,0,0
1624580081,2016-03-27T07:00:00Z,0,0
1624580081,2016-03-27T08:00:00Z,0,0
1624580081,2016-03-27T09:00:00Z,0,0
1624580081,2016-03-27T10:00:00Z,0,0
1624580081,2016-03-27T11:00:00Z,0,0
1624580081,2016-03-27T12:00:00Z,0,0
1624580081,2016-03-27T13:00:00Z,8,0.133333
1624580081,2016-03-27T14:00:00Z,31,0.516667
1624580081,2016-03-27T15:00:00Z,17,0.283333
1624580081,2016-03-27T16:00:00Z,0,0
1624580081,2016-03-27T17:00:00Z,17,0.283333
1624580081,2016-03-27T18:00:00Z,7,0.116667
1624580081,2016-03-27T19:00:00Z,8,0.133333
1624580081,2016-03-27T20:00:00Z,5,0.083333
1624580081,2016-03-27T21:00:00Z,7,0.116667
1624580081,2016-03-27T22:00:00Z,10,0.166667
1624580081,2016-03-27T23:00:00Z,1,0.016667
1624580081,2016-03-28T00:00:00Z,12,0.2
1624580081,2016-03-28T01:00:00Z,5,0.083333
1624580081,2016-03-28T02:00:00Z,2,0.033333
1624580081,2016-03-28T03:00:00Z,0,0
1624580081,2016-03-28T04:00:00Z,0,0
1624580081,2016-03-28T05:00:00Z,0,0
1624580081,2016-03-28T06:00:00Z,1,0.016667
1624580081,2016-03-28T07:00:00Z,0,0
1624580081,2016-03-28T08:00:00Z,0,0
1624580081,2016-03-28T09:00:00Z,0,0
1624580081,2016-03-28T10:00:00Z,11,0.183333
1624580081,2016-03-28T11:00:00Z,3,0.05
1624580081,2016-03-28T12:00:00Z,0,0
1624580081,2016-03-28T13:00:00Z,6,0.1
1624580081,2016-03-28T14:00:00Z,20,0.333333
1624580081,2016-03-28T15:00:00Z,0,0
1624580081,2016-03-28T16:00:00Z,3,0.05
1624580081,2016-03-28T17:00:00Z,0,0
1624580081,2016-03-28T18:00:00Z,3,0.05
1624580081,2016-03-28T19:00:00Z,19,0.316667
1624580081,2016-03-28T20:00:00Z,2,0.033333
1624580081,2016-03-28T21:00:00Z,5,0.083333
1624580081,2016-03-28T22:00:00Z,0,0
1624580081,2016-03-28T23:00:00Z,3,0.05
1624580081,2016-03-29T00:00:00Z,1,0.016667
1624580081,2016-03-29T01:00:00Z,2,0.033333
1624580081,2016-03-29T02:00:00Z,0,0
1624580081,2016-03-29T03:00:00Z,0,0
1624580081,2016-03-29T04:00:00Z,0,0
1624580081,2016-03-29T05:00:00Z,1,0.016667
1624580081,2016-03-29T06:00:00Z,0,0
1624580081,2016-03-29T07:00:00Z,0,0
1624580081,2016-03-29T08:00:00Z,0,0
1624580081,2016-03-29T09:00:00Z,2,0.033333
1624580081,2016-03-29T10:00:00Z,2,0.033333
1624580081,2016-03-29T11:00:00Z,5,0.083333
1624580081,2016-03-29T12:00:00Z,5,0.083333
1624580081,2016-03-29T13:00:00Z,2,0.033333
1624580081,2016-03-29T14:00:00Z,0,0
1624580081,2016-03-29T15:00:00Z,9,0.15
1624580081,2016-03-29T16:00:00Z,0,0
1624580081,2016-03-29T17:00:00Z,0,0
1624580081,2016-03-29T18:00:00Z,6,0.1
1624580081,2016-03-29T19:00:00Z,10,0.166667
1624580081,2016-03-29T20:00:00Z,2,0.033333
1624580081,2016-03-29T21:00:00Z,6,0.1
1624580081,2016-03-29T22:00:00Z,11,0.183333
1624580081,2016-03-29T23:00:00Z,2,0.033333
1624580081,2016-03-30T00:00:00Z,21,0.35
1624580081,2016-03-30T01:00:00Z,1,0.016667
1624580081,2016-03-30T02:00:00Z,1,0.016667
1624580081,2016-03-30T03:00:00Z,0,0
1624580081,2016-03-30T04:00:00Z,0,0
1624580081,2016-03-30T05:00:00Z,0,0
1624580081,2016-03-30T06:00:00Z,0,0
1624580081,2016-03-30T07:00:00Z,1,0.016667
1624580081,2016-03-30T08:00:00Z,2,0.033333
1624580081,2016-03-30T09:00:00Z,3,0.05
1624580081,2016-03-30T10:00:00Z,0,0
1624580081,2016-03-30T11:00:00Z,1,0.016667
1624580081,2016-03-30T12:00:00Z,12,0.2
1624580081,2016-03-30T13:00:00Z,2,0.033333
1624580081,2016-03-30T14:00:00Z,0,0
1624580081,2016-03-30T15:00:00Z,1,0.016667
1624580081,2016-03-30T16:00:00Z,2,0.033333
1624580081,2016-03-30T17:00:00Z,5,0.083333
1624580081,2016-03-30T18:00:00Z,8,0.133333
1624580081,2016-03-30T19:00:00Z,3,0.05
1624580081,2016-03-30T20:00:00Z,2,0.033333
1624580081,2016-03-30T21:00:00Z,7,0.116667
1624580081,2016-03-30T22:00:00Z,4,0.066667
1624580081,2016-03-30T23:00:00Z,8,0.133333
1624580081,2016-03-31T00:00:00Z,0,0
1624580081,2016-03-31T01:00:00Z,0,0
1624580081,2016-03-31T02:00:00Z,8,0.133333
1624580081,2016-03-31T03:00:00Z,0,0
1624580081,2016-03-31T04:00:00Z,0,0
1624580081,2016-03-31T05:00:00Z,0,0
1624580081,2016-03-31T06:00:00Z,0,0
1624580081,2016-03-31T07:00:00Z,2,0.033333
1624580081,2016-03-31T08:00:00Z,0,0
1624580081,2016-03-31T09:00:00Z,0,0
1624580081,2016-03-31T10:00:00Z,3,0.05
1624580081,2016-03-31T11:00:00Z,1,0.016667
1624580081,2016-03-31T12:00:00Z,4,0.066667
1624580081,2016-03-31T13:00:00Z,3,0.05
1624580081,2016-03-31T14:00:00Z,1,0.016667
1624580081,2016-03-31T15:00:00Z,4,0.066667
1624580081,2016-03-31T16:00:00Z,6,0.1
1624580081,2016-03-31T17:00:00Z,23,0.383333
1624580081,2016-03-31T18:00:00Z,15,0.25
1624580081,2016-03-31T19:00:00Z,26,0.433333
1624580081,2016-03-31T20:00:00Z,11,0.183333
1624580081,2016-03-31T21:00:00Z,39,0.65
1624580081,2016-03-31T22:00:00Z,12,0.2
1624580081,2016-03-31T23:00:00Z,15,0.25
1624580081,2016-04-01T00:00:00Z,2,0.033333
1624580081,2016-04-01T01:00:00Z,2,0.033333
1624580081,2016-04-01T02:00:00Z,1,0.016667
1624580081,2016-04-01T03:00:00Z,1,0.016667
1624580081,2016-04-01T04:00:00Z,0,0
1624580081,2016-04-01T05:00:00Z,0,0
1624580081,2016-04-01T06:00:00Z,1,0.016667
1624580081,2016-04-01T07:00:00Z,0,0
1624580081,2016-04-01T08:00:00Z,41,0.683333
1624580081,2016-04-01T09:00:00Z,43,0.716667
1624580081,2016-04-01T10:00:00Z,2,0.033333
1624580081,2016-04-01T11:00:00Z,0,0
1624580081,2016-04-01T12:00:00Z,3,0.05
1624580081,2016-04-01T13:00:00Z,2,0.033333
1624580081,2016-04-01T14:00:00Z,0,0
1624580081,2016-04-01T15:00:00Z,3,0.05
1624580081,2016-04-01T16:00:00Z,3,0.05
1624580081,2016-04-01T17:00:00Z,2,0.033333
1624580081,2016-04-01T18:00:00Z,11,0.183333
1624580081,2016-04-01T19:00:00Z,30,0.5
1624580081,2016-04-01T20:00:00Z,38,0.633333
1624580081,2016-04-01T21:00:00Z,11,0.183333
1624580081,2016-04-01T22:00:00Z,3,0.05
1624580081,2016-04-01T23:00:00Z,22,0.366667
1624580081,2016-04-02T00:00:00Z,5,0.083333
1624580081,2016-04-02T01:00:00Z,0,0
1624580081,2016-04-02T02:00:00Z,4,0.066667
1624580081,2016-04-02T03:00:00Z,0,0
1624580081,2016-04-02T04:00:00Z,0,0
1624580081,2016-04-02T05:00:00Z,0,0
1624580081,2016-04-02T06:00:00Z,1,0.016667
1624580081,2016-04-02T07:00:00Z,0,0
1624580081,2016-04-02T08:00:00Z,0,0
1624580081,2016-04-02T09:00:00Z,0,0
1624580081,2016-04-02T10:00:00Z,1,0.016667
1624580081,2016-04-02T11:00:00Z,4,0.066667
1624580081,2016-04-02T12:00:00Z,5,0.083333
1624580081,2016-04-02T13:00:00Z,0,0
1624580081,2016-04-02T14:00:00Z,0,0
1624580081,2016-04-02T15:00:00Z,13,0.216667
1624580081,2016-04-02T16:00:00Z,0,0
1624580081,2016-04-02T17:00:00Z,1,0.016667
1624580081,2016-04-02T18:00:00Z,8,0.133333
1624580081,2016-04-02T19:00:00Z,19,0.316667
1624580081,2016-04-02T20:00:00Z,16,0.266667
1624580081,2016-04-02T21:00:00Z,0,0
1624580081,2016-04-02T22:00:00Z,3,0.05
1624580081,2016-04-02T23:00:00Z,8,0.133333
1624580081,2016-04-03T00:00:00Z,11,0.183333
1624580081,2016-04-03T01:00:00Z,4,0.066667
1624580081,2016-04-03T02:00:00Z,4,0.066667
1624580081,2016-04-03T03:00:00Z,0,0
1624580081,2016-04-03T04:00:00Z,0,0
1624580081,2016-04-03T05:00:00Z,0,0
1624580081,2016-04-03T06:00:00Z,0,0
1624580081,2016-04-03T07:00:00Z,0,0
1624580081,2016-04-03T08:00:00Z,0,0
1624580081,2016-04-03T09:00:00Z,8,0.133333
1624580081,2016-04-03T10:00:00Z,11,0.183333
1624580081,2016-04-03T11:00:00Z,4,0.066667
1624580081,2016-04-03T12:00:00Z,16,0.266667
1624580081,2016-04-03T13:00:00Z,12,0.2
1624580081,2016-04-03T14:00:00Z,33,0.55
1624580081,2016-04-03T15:00:00Z,22,0.366667
1624580081,2016-04-03T16:00:00Z,1,0.016667
1624580081,2016-04-03T17:00:00Z,6,0.1
1624580081,2016-04-03T18:00:00Z,0,0
1624580081,2016-04-03T19:00:00Z,0,0
1624580081,2016-04-03T20:00:00Z,3,0.05
1624580081,2016-04-03T21:00:00Z,17,0.283333
1624580081,2016-04-03T22:00:00Z,4,0.066667
1624580081,2016-04-03T23:00:00Z,1,0.016667
1624580081,2016-04-04T00:00:00Z,10,0.166667
1624580081,2016-04-04T01:00:00Z,8,0.133333
1624580081,2016-04-04T02:00:00Z,0,0
1624580081,2016-04-04T03:00:00Z,0,0
1624580081,2016-04-04T04:00:00Z,0,0
1624580081,2016-04-04T05:00:00Z,0,0
1624580081,2016-04-04T06:00:00Z,1,0.016667
1624580081,2016-04-04T07:00:00Z,1,0.016667
1624580081,2016-04-04T08:00:00Z,0,0
1624580081,2016-04-04T09:00:00Z,3,0.05
1624580081,2016-04-04T10:00:00Z,13,0.216667
1624580081,2016-04-04T11:00:00Z,38,0.633333
1624580081,2016-04-04T12:00:00Z,57,0.95
1624580081,2016-04-04T13:00:00Z,58,0.966667
1624580081,2016-04-04T14:00:00Z,38,0.633333
1624580081,2016-04-04T15:00:00Z,2,0.033333
1624580081,2016-04-04T16:00:00Z,12,0.2
1624580081,2016-04-04T17:00:00Z,3,0.05
1624580081,2016-04-04T18:00:00Z,2,0.033333
1624580081,2016-04-04T19:00:00Z,7,0.116667
1624580081,2016-04-04T20:00:00Z,6,0.1
1624580081,2016-04-04T21:00:00Z,2,0.033333
1624580081,2016-04-04T22:00:00Z,4,0.066667
1624580081,2016-04-04T23:00:00Z,5,0.083333
1624580081,2016-04-05T00:00:00Z,5,0.083333
1624580081,2016-04-05T01:00:00Z,1,0.016667
1624580081,2016-04-05T02:00:00Z,1,0.016667
1624580081,2016-04-05T03:00:00Z,0,0
1624580081,2016-04-05T04:00:00Z,0,0
1624580081,2016-04-05T05:00:00Z,0,0
1624580081,2016-04-05T06:00:00Z,1,0.016667
1624580081,2016-04-05T07:00:00Z,0,0
1624580081,2016-04-05T08:00:00Z,1,0.016667
1624580081,2016-04-05T09:00:00Z,0,0
1624580081,2016-04-05T10:00:00Z,5,0.083333
1624580081,2016-04-05T11:00:00Z,5,0.083333
1624580081,2016-04-05T12:00:00Z,4,0.066667
1624580081,2016-04-05T13:00:00Z,2,0.033333
1624580081,2016-04-05T14:00:00Z,0,0
1624580081,2016-04-05T15:00:00Z,5,0.083333
1624580081,2016-04-05T16:00:00Z,0,0
1624580081,2016-04-05T17:00:00Z,14,0.233333
1624580081,2016-04-05T18:00:00Z,12,0.2
1624580081,2016-04-05T19:00:00Z,2,0.033333
1624580081,2016-04-05T20:00:00Z,3,0.05
1624580081,2016-04-05T21:00:00Z,13,0.216667
1624580081,2016-04-05T22:00:00Z,0,0
1624580081,2016-04-05T23:00:00Z,0,0
1624580081,2016-04-06T00:00:00Z,0,0
1624580081,2016-04-06T01:00:00Z,3,0.05
1624580081,2016-04-06T02:00:00Z,0,0
1624580081,2016-04-06T03:00:00Z,0,0
1624580081,2016-04-06T04:00:00Z,0,0
1624580081,2016-04-06T05:00:00Z,0,0
1624580081,2016-04-06T06:00:00Z,0,0
1624580081,2016-04-06T07:00:00Z,1,0.016667
1624580081,2016-04-06T08:00:00Z,0,0
1624580081,2016-04-06T09:00:00Z,0,0
1624580081,2016-04-06T10:00:00Z,1,0.016667
1624580081,2016-04-06T11:00:00Z,4,0.066667
1624580081,2016-04-06T12:00:00Z,6,0.1
1624580081,2016-04-06T13:00:00Z,2,0.033333
1624580081,2016-04-06T14:00:00Z,6,0.1
1624580081,2016-04-06T15:00:00Z,3,0.05
1624580081,2016-04-06T16:00:00Z,1,0.016667
1624580081,2016-04-06T17:00:00Z,0,0
1624580081,2016-04-06T18:00:00Z,0,0
1624580081,2016-04-06T19:00:00Z,16,0.266667
1624580081,2016-04-06T20:00:00Z,1,0.016667
1624580081,2016-04-06T21:00:00Z,2,0.033333
1624580081,2016-04-06T22:00:00Z,4,0.066667
1624580081,2016-04-06T23:00:00Z,5,0.083333
1624580081,2016-04-07T00:00:00Z,3,0.05
1624580081,2016-04-07T01:00:00Z,0,0
1624580081,2016-04-07T02:00:00Z,0,0
1624580081,2016-04-07T03:00:00Z,5,0.083333
1624580081,2016-04-07T04:00:00Z,0,0
1624580081,2016-04-07T05:00:00Z,0,0
1624580081,2016-04-07T06:00:00Z,2,0.033333
1624580081,2016-04-07T07:00:00Z,0,0
1624580081,2016-04-07T08:00:00Z,0,0
1624580081,2016-04-07T09:00:00Z,0,0
1624580081,2016-04-07T10:00:00Z,1,0.016667
1624580081,2016-04-07T11:00:00Z,0,0
1624580081,2016-04-07T12:00:00Z,3,0.05
1624580081,2016-04-07T13:00:00Z,5,0.083333
1624580081,2016-04-07T14:00:00Z,0,0
1624580081,2016-04-07T15:00:00Z,2,0.033333
1624580081,2016-04-07T16:00:00Z,4,0.066667
1624580081,2016-04-07T17:00:00Z,0,0
1624580081,2016-04-07T18:00:00Z,5,0.083333
1624580081,2016-04-07T19:00:00Z,6,0.1
1624580081,2016-04-07T20:00:00Z,3,0.05
1624580081,2016-04-07T21:00:00Z,0,0
1624580081,2016-04-07T22:00:00Z,13,0.216667
1624580081,2016-04-07T23:00:00Z,2,0.033333
1624580081,2016-04-08T00:00:00Z,8,0.133333
1624580081,2016-04-08T01:00:00Z,0,0
1624580081,2016-04-08T02:00:00Z,2,0.033333
1624580081,2016-04-08T03:00:00Z,2,0.033333
1624580081,2016-04-08T04:00:00Z,2,0.033333
1624580081,2016-04-08T05:00:00Z,0,0
1624580081,2016-04-08T06:00:00Z,0,0
1624580081,2016-04-08T07:00:00Z,2,0.033333
1624580081,2016-04-08T08:00:00Z,0,0
1624580081,2016-04-08T09:00:00Z,0,0
1624580081,2016-04-08T10:00:00Z,0,0
1624580081,2016-04-08T11:00:00Z,2,0.033333
1624580081,2016-04-08T12:00:00Z,54,0.9
1624580081,2016-04-08T13:00:00Z,4,0.066667
1624580081,2016-04-08T14:00:00Z,0,0
1624580081,2016-04-08T15:00:00Z,0,0
1624580081,2016-04-08T16:00:00Z,2,0.033333
1624580081,2016-04-08T17:00:00Z,6,0.1
1624580081,2016-04-08T18:00:00Z,2,0.033333
1624580081,2016-04-08T19:00:00Z,28,0.466667
1624580081,2016-04-08T20:00:00Z,4,0.066667
1624580081,2016-04-08T21:00:00Z,2,0.033333
1624580081,2016-04-08T22:00:00Z,6,0.1
1624580081,2016-04-08T23:00:00Z,17,0.283333
1624580081,2016-04-09T00:00:00Z,1,0.016667
1624580081,2016-04-09T01:00:00Z,3,0.05
1624580081,2016-04-09T02:00:00Z,1,0.016667
1624580081,2016-04-09T03:00:00Z,0,0
1624580081,2016-04-09T04:00:00Z,0,0
1624580081,2016-04-09T05:00:00Z,0,0
1624580081,2016-04-09T06:00:00Z,5,0.083333
1624580081,2016-04-09T07:00:00Z,7,0.116667
1624580081,2016-04-09T08:00:00Z,1,0.016667
1624580081,2016-04-09T09:00:00Z,0,0
1624580081,2016-04-09T10:00:00Z,0,0
1624580081,2016-04-09T11:00:00Z,0,0
1624580081,2016-04-09T12:00:00Z,0,0
1624580081,2016-04-09T13:00:00Z,22,0.366667
1624580081,2016-04-09T14:00:00Z,14,0.233333
1624580081,2016-04-09T15:00:00Z,7,0.116667
1624580081,2016-04-09T16:00:00Z,8,0.133333
1624580081,2016-04-09T17:00:00Z,5,0.083333
1624580081,2016-04-09T18:00:00Z,1,0.016667
1624580081,2016-04-09T19:00:00Z,18,0.3
1624580081,2016-04-09T20:00:00Z,0,0
1624580081,2016-04-09T21:00:00Z,8,0.133333
1624580081,2016-04-09T22:00:00Z,16,0.266667
1624580081,2016-04-09T23:00:00Z,5,0.083333
1624580081,2016-04-10T00:00:00Z,13,0.216667
1624580081,2016-04-10T01:00:00Z,13,0.216667
1624580081,2016-04-10T02:00:00Z,0,0
1624580081,2016-04-10T03:00:00Z,8,0.133333
1624580081,2016-04-10T04:00:00Z,6,0.1
1624580081,2016-04-10T05:00:00Z,0,0
1624580081,2016-04-10T06:00:00Z,0,0
1624580081,2016-04-10T07:00:00Z,0,0
1624580081,2016-04-10T08:00:00Z,2,0.033333
1624580081,2016-04-10T09:00:00Z,0,0
1624580081,2016-04-10T10:00:00Z,12,0.2
1624580081,2016-04-10T11:00:00Z,23,0.383333
1624580081,2016-04-10T12:00:00Z,30,0.5
1624580081,2016-04-10T13:00:00Z,9,0.15
1624580081,2016-04-10T14:00:00Z,12,0.2
1624580081,2016-04-10T15:00:00Z,26,0.433333
1624580081,2016-04-10T16:00:00Z,19,0.316667
1624580081,2016-04-10T17:00:00Z,2,0.033333
1624580081,2016-04-10T18:00:00Z,15,0.25
1624580081,2016-04-10T19:00:00Z,1,0.016667
1624580081,2016-04-10T20:00:00Z,0,0
1624580081,2016-04-10T21:00:00Z,11,0.183333
1624580081,2016-04-10T22:00:00Z,19,0.316667
1624580081,2016-04-10T23:00:00Z,0,0
1624580081,2016-04-11T00:00:00Z,2,0.033333
1624580081,2016-04-11T01:00:00Z,3,0.05
1624580081,2016-04-11T02:00:00Z,2,0.033333
1624580081,2016-04-11T03:00:00Z,2,0.033333
1624580081,2016-04-11T04:00:00Z,0,0
1624580081,2016-04-11T05:00:00Z,0,0
1624580081,2016-04-11T06:00:00Z,2,0.033333
1624580081,2016-04-11T07:00:00Z,0,0
1624580081,2016-04-11T08:00:00Z,0,0
1624580081,2016-04-11T09:00:00Z,2,0.033333
1624580081,2016-04-11T10:00:00Z,60,1
1624580081,2016-04-11T11:00:00Z,31,0.516667
1624580081,2016-04-11T12:00:00Z,6,0.1
1624580081,2016-04-11T13:00:00Z,3,0.05
1624580081,2016-04-11T14:00:00Z,10,0.166667
1624580081,2016-04-11T15:00:00Z,3,0.05
1624580081,2016-04-11T16:00:00Z,3,0.05
1624580081,2016-04-11T17:00:00Z,5,0.083333
1624580081,2016-04-11T18:00:00Z,4,0.066667
1624580081,2016-04-11T19:00:00Z,10,0.166667
1624580081,2016-04-11T20:00:00Z,0,0
1624580081,2016-04-11T21:00:00Z,6,0.1
1624580081,2016-04-11T22:00:00Z,14,0.233333
1624580081,2016-04-11T23:00:00Z,4,0.066667
1624580081,2016-04-12T00:00:00Z,4,0.066667
1624580081,2016-04-12T01:00:00Z,1,0.016667
1624580081,2016-04-12T02:00:00Z,0,0
1624580081,2016-04-12T03:00:00Z,1,0.016667
1624580081,2016-04-12T04:00:00Z,0,0
1624580081,2016-04-12T05:00:00Z,0,0
1624580081,2016-04-12T06:00:00Z,0,0
1624580081,2016-04-12T07:00:00Z,0,0
1624580081,2016-04-12T08:00:00Z,1,0.016667
1624580081,2016-04-12T09:00:00Z,18,0.3
1624580081,2016-04-12T10:00:00Z,60,1
1644430081,2016-03-12T00:00:00Z,34,0.566667
1644430081,2016-03-12T01:00:00Z,12,0.2
1644430081,2016-03-12T02:00:00Z,1,0.016667
1644430081,2016-03-12T03:00:00Z,1,0.016667
1644430081,2016-03-12T04:00:00Z,1,0.016667
1644430081,2016-03-12T05:00:00Z,1,0.016667
1644430081,2016-03-12T06:00:00Z,2,0.033333
1644430081,2016-03-12T07:00:00Z,1,0.016667
1644430081,2016-03-12T08:00:00Z,1,0.016667
1644430081,2016-03-12T09:00:00Z,1,0.016667
1644430081,2016-03-12T10:00:00Z,1,0.016667
1644430081,2016-03-12T11:00:00Z,14,0.233333
1644430081,2016-03-12T12:00:00Z,22,0.366667
1644430081,2016-03-12T13:00:00Z,16,0.266667
1644430081,2016-03-12T14:00:00Z,16,0.266667
1644430081,2016-03-12T15:00:00Z,40,0.666667
1644430081,2016-03-12T16:00:00Z,44,0.733333
1644430081,2016-03-12T17:00:00Z,21,0.35
1644430081,2016-03-12T18:00:00Z,91,1.516667
1644430081,2016-03-12T19:00:00Z,83,1.383333
1644430081,2016-03-12T20:00:00Z,75,1.25
1644430081,2016-03-12T21:00:00Z,79,1.316667
1644430081,2016-03-12T22:00:00Z,55,0.916667
1644430081,2016-03-12T23:00:00Z,10,0.166667
1644430081,2016-03-13T00:00:00Z,11,0.183333
1644430081,2016-03-13T01:00:00Z,9,0.15
1644430081,2016-03-13T02:00:00Z,36,0.6
1644430081,2016-03-13T03:00:00Z,0,0
1644430081,2016-03-13T04:00:00Z,0,0
1644430081,2016-03-13T05:00:00Z,0,0
1644430081,2016-03-13T06:00:00Z,0,0
1644430081,2016-03-13T07:00:00Z,0,0
1644430081,2016-03-13T08:00:00Z,0,0
1644430081,2016-03-13T09:00:00Z,5,0.083333
1644430081,2016-03-13T10:00:00Z,8,0.133333
1644430081,2016-03-13T11:00:00Z,18,0.3
1644430081,2016-03-13T12:00:00Z,0,0
1644430081,2016-03-13T13:00:00Z,3,0.05
1644430081,2016-03-13T14:00:00Z,129,2.15
1644430081,2016-03-13T15:00:00Z,28,0.466667
1644430081,2016-03-13T16:00:00Z,17,0.283333
1644430081,2016-03-13T17:00:00Z,4,0.066667
1644430081,2016-03-13T18:00:00Z,1,0.016667
1644430081,2016-03-13T19:00:00Z,1,0.016667
1644430081,2016-03-13T20:00:00Z,0,0
1644430081,2016-03-13T21:00:00Z,0,0
1644430081,2016-03-13T22:00:00Z,2,0.033333
1644430081,2016-03-13T23:00:00Z,0,0
1644430081,2016-03-14T00:00:00Z,1,0.016667
1644430081,2016-03-14T01:00:00Z,0,0
1644430081,2016-03-14T02:00:00Z,0,0
1644430081,2016-03-14T03:00:00Z,0,0
1644430081,2016-03-14T04:00:00Z,0,0
1644430081,2016-03-14T05:00:00Z,0,0
1644430081,2016-03-14T06:00:00Z,0,0
1644430081,2016-03-14T07:00:00Z,1,0.016667
1644430081,2016-03-14T08:00:00Z,17,0.283333
1644430081,2016-03-14T09:00:00Z,5,0.083333
1644430081,2016-03-14T10:00:00Z,14,0.233333
1644430081,2016-03-14T11:00:00Z,6,0.1
1644430081,2016-03-14T12:00:00Z,14,0.233333
1644430081,2016-03-14T13:00:00Z,13,0.216667
1644430081,2016-03-14T14:00:00Z,9,0.15
1644430081,2016-03-14T15:00:00Z,7,0.116667
1644430081,2016-03-14T16:00:00Z,3,0.05
1644430081,2016-03-14T17:00:00Z,17,0.283333
1644430081,2016-03-14T18:00:00Z,5,0.083333
1644430081,2016-03-14T19:00:00Z,12,0.2
1644430081,2016-03-14T20:00:00Z,10,0.166667
1644430081,2016-03-14T21:00:00Z,0,0
1644430081,2016-03-14T22:00:00Z,0,0
1644430081,2016-03-14T23:00:00Z,0,0
1644430081,2016-03-15T00:00:00Z,0,0
1644430081,2016-03-15T01:00:00Z,0,0
1644430081,2016-03-15T02:00:00Z,0,0
1644430081,2016-03-15T03:00:00Z,0,0
1644430081,2016-03-15T04:00:00Z,0,0
1644430081,2016-03-15T05:00:00Z,0,0
1644430081,2016-03-15T06:00:00Z,0,0
1644430081,2016-03-15T07:00:00Z,1,0.016667
1644430081,2016-03-15T08:00:00Z,11,0.183333
1644430081,2016-03-15T09:00:00Z,11,0.183333
1644430081,2016-03-15T10:00:00Z,4,0.066667
1644430081,2016-03-15T11:00:00Z,3,0.05
1644430081,2016-03-15T12:00:00Z,7,0.116667
1644430081,2016-03-15T13:00:00Z,15,0.25
1644430081,2016-03-15T14:00:00Z,11,0.183333
1644430081,2016-03-15T15:00:00Z,4,0.066667
1644430081,2016-03-15T16:00:00Z,6,0.1
1644430081,2016-03-15T17:00:00Z,10,0.166667
1644430081,2016-03-15T18:00:00Z,38,0.633333
1644430081,2016-03-15T19:00:00Z,80,1.333333
1644430081,2016-03-15T20:00:00Z,73,1.216667
1644430081,2016-03-15T21:00:00Z,63,1.05
1644430081,2016-03-15T22:00:00Z,37,0.616667
1644430081,2016-03-15T23:00:00Z,0,0
1644430081,2016-03-16T00:00:00Z,21,0.35
1644430081,2016-03-16T01:00:00Z,2,0.033333
1644430081,2016-03-16T02:00:00Z,1,0.016667
1644430081,2016-03-16T03:00:00Z,1,0.016667
1644430081,2016-03-16T04:00:00Z,1,0.016667
1644430081,2016-03-16T05:00:00Z,1,0.016667
1644430081,2016-03-16T06:00:00Z,1,0.016667
1644430081,2016-03-16T07:00:00Z,1,0.016667
1644430081,2016-03-16T08:00:00Z,36,0.6
1644430081,2016-03-16T09:00:00Z,60,1
1644430081,2016-03-16T10:00:00Z,50,0.833333
1644430081,2016-03-16T11:00:00Z,4,0.066667
1644430081,2016-03-16T12:00:00Z,13,0.216667
1644430081,2016-03-16T13:00:00Z,8,0.133333
1644430081,2016-03-16T14:00:00Z,5,0.083333
1644430081,2016-03-16T15:00:00Z,9,0.15
1644430081,2016-03-16T16:00:00Z,13,0.216667
1644430081,2016-03-16T17:00:00Z,9,0.15
1644430081,2016-03-16T18:00:00Z,50,0.833333
1644430081,2016-03-16T19:00:00Z,79,1.316667
1644430081,2016-03-16T20:00:00Z,42,0.7
1644430081,2016-03-16T21:00:00Z,82,1.366667
1644430081,2016-03-16T22:00:00Z,26,0.433333
1644430081,2016-03-16T23:00:00Z,51,0.85
1644430081,2016-03-17T00:00:00Z,11,0.183333
1644430081,2016-03-17T01:00:00Z,2,0.033333
1644430081,2016-03-17T02:00:00Z,1,0.016667
1644430081,2016-03-17T03:00:00Z,2,0.033333
1644430081,2016-03-17T04:00:00Z,2,0.033333
1644430081,2016-03-17T05:00:00Z,2,0.033333
1644430081,2016-03-17T06:00:00Z,2,0.033333
1644430081,2016-03-17T07:00:00Z,2,0.033333
1644430081,2016-03-17T08:00:00Z,11,0.183333
1644430081,2016-03-17T09:00:00Z,8,0.133333
1644430081,2016-03-17T10:00:00Z,10,0.166667
1644430081,2016-03-17T11:00:00Z,48,0.8
1644430081,2016-03-17T12:00:00Z,60,1
1644430081,2016-03-17T13:00:00Z,4,0.066667
1644430081,2016-03-17T14:00:00Z,5,0.083333
1644430081,2016-03-17T15:00:00Z,8,0.133333
1644430081,2016-03-17T16:00:00Z,9,0.15
1644430081,2016-03-17T17:00:00Z,3,0.05
1644430081,2016-03-17T18:00:00Z,12,0.2
1644430081,2016-03-17T19:00:00Z,2,0.033333
1644430081,2016-03-17T20:00:00Z,14,0.233333
1644430081,2016-03-17T21:00:00Z,20,0.333333
1644430081,2016-03-17T22:00:00Z,14,0.233333
1644430081,2016-03-17T23:00:00Z,36,0.6
1644430081,2016-03-18T00:00:00Z,12,0.2
1644430081,2016-03-18T01:00:00Z,10,0.166667
1644430081,2016-03-18T02:00:00Z,4,0.066667
1644430081,2016-03-18T03:00:00Z,0,0
1644430081,2016-03-18T04:00:00Z,0,0
1644430081,2016-03-18T05:00:00Z,0,0
1644430081,2016-03-18T06:00:00Z,0,0
1644430081,2016-03-18T07:00:00Z,0,0
1644430081,2016-03-18T08:00:00Z,0,0
1644430081,2016-03-18T09:00:00Z,0,0
1644430081,2016-03-18T10:00:00Z,0,0
1644430081,2016-03-18T11:00:00Z,14,0.233333
1644430081,2016-03-18T12:00:00Z,12,0.2
1644430081,2016-03-18T13:00:00Z,42,0.7
1644430081,2016-03-18T14:00:00Z,16,0.266667
1644430081,2016-03-18T15:00:00Z,4,0.066667
1644430081,2016-03-18T16:00:00Z,2,0.033333
1644430081,2016-03-18T17:00:00Z,1,0.016667
1644430081,2016-03-18T18:00:00Z,7,0.116667
1644430081,2016-03-18T19:00:00Z,8,0.133333
1644430081,2016-03-18T20:00:00Z,10,0.166667
1644430081,2016-03-18T21:00:00Z,10,0.166667
1644430081,2016-03-18T22:00:00Z,10,0.166667
1644430081,2016-03-18T23:00:00Z,6,0.1
1644430081,2016-03-19T00:00:00Z,8,0.133333
1644430081,2016-03-19T01:00:00Z,8,0.133333
1644430081,2016-03-19T02:00:00Z,11,0.183333
1644430081,2016-03-19T03:00:00Z,11,0.183333
1644430081,2016-03-19T04:00:00Z,11,0.183333
1644430081,2016-03-19T05:00:00Z,11,0.183333
1644430081,2016-03-19T06:00:00Z,11,0.183333
1644430081,2016-03-19T07:00:00Z,11,0.183333
1644430081,2016-03-19T08:00:00Z,11,0.183333
1644430081,2016-03-19T09:00:00Z,11,0.183333
1644430081,2016-03-19T10:00:00Z,14,0.233333
1644430081,2016-03-19T11:00:00Z,3,0.05
1644430081,2016-03-19T12:00:00Z,4,0.066667
1644430081,2016-03-19T13:00:00Z,2,0.033333
1644430081,2016-03-19T14:00:00Z,37,0.616667
1644430081,2016-03-19T15:00:00Z,18,0.3
1644430081,2016-03-19T16:00:00Z,19,0.316667
1644430081,2016-03-19T17:00:00Z,12,0.2
1644430081,2016-03-19T18:00:00Z,4,0.066667
1644430081,2016-03-19T19:00:00Z,7,0.116667
1644430081,2016-03-19T20:00:00Z,2,0.033333
1644430081,2016-03-19T21:00:00Z,11,0.183333
1644430081,2016-03-19T22:00:00Z,10,0.166667
1644430081,2016-03-19T23:00:00Z,14,0.233333
1644430081,2016-03-20T00:00:00Z,20,0.333333
1644430081,2016-03-20T01:00:00Z,28,0.466667
1644430081,2016-03-20T02:00:00Z,21,0.35
1644430081,2016-03-20T03:00:00Z,0,0
1644430081,2016-03-20T04:00:00Z,0,0
1644430081,2016-03-20T05:00:00Z,0,0
1644430081,2016-03-20T06:00:00Z,0,0
1644430081,2016-03-20T07:00:00Z,0,0
1644430081,2016-03-20T08:00:00Z,0,0
1644430081,2016-03-20T09:00:00Z,0,0
1644430081,2016-03-20T10:00:00Z,12,0.2
1644430081,2016-03-20T11:00:00Z,40,0.666667
1644430081,2016-03-20T12:00:00Z,22,0.366667
1644430081,2016-03-20T13:00:00Z,55,0.916667
1644430081,2016-03-20T14:00:00Z,17,0.283333
1644430081,2016-03-20T15:00:00Z,9,0.15
1644430081,2016-03-20T16:00:00Z,1,0.016667
1644430081,2016-03-20T17:00:00Z,14,0.233333
1644430081,2016-03-20T18:00:00Z,16,0.266667
1644430081,2016-03-20T19:00:00Z,9,0.15
1644430081,2016-03-20T20:00:00Z,31,0.516667
1644430081,2016-03-20T21:00:00Z,18,0.3
1644430081,2016-03-20T22:00:00Z,7,0.116667
1644430081,2016-03-20T23:00:00Z,11,0.183333
1644430081,2016-03-21T00:00:00Z,5,0.083333
1644430081,2016-03-21T01:00:00Z,5,0.083333
1644430081,2016-03-21T02:00:00Z,6,0.1
1644430081,2016-03-21T03:00:00Z,5,0.083333
1644430081,2016-03-21T04:00:00Z,6,0.1
1644430081,2016-03-21T05:00:00Z,5,0.083333
1644430081,2016-03-21T06:00:00Z,6,0.1
1644430081,2016-03-21T07:00:00Z,4,0.066667
1644430081,2016-03-21T08:00:00Z,24,0.4
1644430081,2016-03-21T09:00:00Z,6,0.1
1644430081,2016-03-21T10:00:00Z,18,0.3
1644430081,2016-03-21T11:00:00Z,9,0.15
1644430081,2016-03-21T12:00:00Z,16,0.266667
1644430081,2016-03-21T13:00:00Z,4,0.066667
1644430081,2016-03-21T14:00:00Z,5,0.083333
1644430081,2016-03-21T15:00:00Z,13,0.216667
1644430081,2016-03-21T16:00:00Z,9,0.15
1644430081,2016-03-21T17:00:00Z,29,0.483333
1644430081,2016-03-21T18:00:00Z,23,0.383333
1644430081,2016-03-21T19:00:00Z,7,0.116667
1644430081,2016-03-21T20:00:00Z,7,0.116667
1644430081,2016-03-21T21:00:00Z,1,0.016667
1644430081,2016-03-21T22:00:00Z,35,0.583333
1644430081,2016-03-21T23:00:00Z,55,0.916667
1644430081,2016-03-22T00:00:00Z,10,0.166667
1644430081,2016-03-22T01:00:00Z,3,0.05
1644430081,2016-03-22T02:00:00Z,3,0.05
1644430081,2016-03-22T03:00:00Z,3,0.05
1644430081,2016-03-22T04:00:00Z,3,0.05
1644430081,2016-03-22T05:00:00Z,3,0.05
1644430081,2016-03-22T06:00:00Z,3,0.05
1644430081,2016-03-22T07:00:00Z,3,0.05
1644430081,2016-03-22T08:00:00Z,16,0.266667
1644430081,2016-03-22T09:00:00Z,16,0.266667
1644430081,2016-03-22T10:00:00Z,2,0.033333
1644430081,2016-03-22T11:00:00Z,1,0.016667
1644430081,2016-03-22T12:00:00Z,3,0.05
1644430081,2016-03-22T13:00:00Z,13,0.216667
1644430081,2016-03-22T14:00:00Z,6,0.1
1644430081,2016-03-22T15:00:00Z,2,0.033333
1644430081,2016-03-22T16:00:00Z,10,0.166667
1644430081,2016-03-22T17:00:00Z,17,0.283333
1644430081,2016-03-22T18:00:00Z,49,0.816667
1644430081,2016-03-22T19:00:00Z,85,1.416667
1644430081,2016-03-22T20:00:00Z,67,1.116667
1644430081,2016-03-22T21:00:00Z,79,1.316667
1644430081,2016-03-22T22:00:00Z,61,1.016667
1644430081,2016-03-22T23:00:00Z,42,0.7
1644430081,2016-03-23T00:00:00Z,36,0.6
1644430081,2016-03-23T01:00:00Z,2,0.033333
1644430081,2016-03-23T02:00:00Z,2,0.033333
1644430081,2016-03-23T03:00:00Z,2,0.033333
1644430081,2016-03-23T04:00:00Z,2,0.033333
1644430081,2016-03-23T05:00:00Z,2,0.033333
1644430081,2016-03-23T06:00:00Z,2,0.033333
1644430081,2016-03-23T07:00:00Z,2,0.033333
1644430081,2016-03-23T08:00:00Z,14,0.233333
1644430081,2016-03-23T09:00:00Z,58,0.966667
1644430081,2016-03-23T10:00:00Z,60,1
1644430081,2016-03-23T11:00:00Z,60,1
1644430081,2016-03-23T12:00:00Z,58,0.966667
1644430081,2016-03-23T13:00:00Z,26,0.433333
1644430081,2016-03-23T14:00:00Z,25,0.416667
1644430081,2016-03-23T15:00:00Z,25,0.416667
1644430081,2016-03-23T16:00:00Z,24,0.4
1644430081,2016-03-23T17:00:00Z,28,0.466667
1644430081,2016-03-23T18:00:00Z,71,1.183333
1644430081,2016-03-23T19:00:00Z,59,0.983333
1644430081,2016-03-23T20:00:00Z,54,0.9
1644430081,2016-03-23T21:00:00Z,58,0.966667
1644430081,2016-03-23T22:00:00Z,51,0.85
1644430081,2016-03-23T23:00:00Z,55,0.916667
1644430081,2016-03-24T00:00:00Z,7,0.116667
1644430081,2016-03-24T01:00:00Z,8,0.133333
1644430081,2016-03-24T02:00:00Z,7,0.116667
1644430081,2016-03-24T03:00:00Z,7,0.116667
1644430081,2016-03-24T04:00:00Z,0,0
1644430081,2016-03-24T05:00:00Z,0,0
1644430081,2016-03-24T06:00:00Z,0,0
1644430081,2016-03-24T07:00:00Z,0,0
1644430081,2016-03-24T08:00:00Z,41,0.683333
1644430081,2016-03-24T09:00:00Z,20,0.333333
1644430081,2016-03-24T10:00:00Z,15,0.25
1644430081,2016-03-24T11:00:00Z,8,0.133333
1644430081,2016-03-24T12:00:00Z,31,0.516667
1644430081,2016-03-24T13:00:00Z,10,0.166667
1644430081,2016-03-24T14:00:00Z,7,0.116667
1644430081,2016-03-24T15:00:00Z,8,0.133333
1644430081,2016-03-24T16:00:00Z,8,0.133333
1644430081,2016-03-24T17:00:00Z,28,0.466667
1644430081,2016-03-24T18:00:00Z,53,0.883333
1644430081,2016-03-24T19:00:00Z,46,0.766667
1644430081,2016-03-24T20:00:00Z,32,0.533333
1644430081,2016-03-24T21:00:00Z,37,0.616667
1644430081,2016-03-24T22:00:00Z,7,0.116667
1644430081,2016-03-24T23:00:00Z,5,0.083333
1644430081,2016-03-25T00:00:00Z,4,0.066667
1644430081,2016-03-25T01:00:00Z,4,0.066667
1644430081,2016-03-25T02:00:00Z,3,0.05
1644430081,2016-03-25T03:00:00Z,0,0
1644430081,2016-03-25T04:00:00Z,0,0
1644430081,2016-03-25T05:00:00Z,0,0
1644430081,2016-03-25T06:00:00Z,0,0
1644430081,2016-03-25T07:00:00Z,21,0.35
1644430081,2016-03-25T08:00:00Z,4,0.066667
1644430081,2016-03-25T09:00:00Z,4,0.066667
1644430081,2016-03-25T10:00:00Z,3,0.05
1644430081,2016-03-25T11:00:00Z,4,0.066667
1644430081,2016-03-25T12:00:00Z,4,0.066667
1644430081,2016-03-25T13:00:00Z,3,0.05
1644430081,2016-03-25T14:00:00Z,4,0.066667
1644430081,2016-03-25T15:00:00Z,4,0.066667
1644430081,2016-03-25T16:00:00Z,7,0.116667
1644430081,2016-03-25T17:00:00Z,9,0.15
1644430081,2016-03-25T18:00:00Z,3,0.05
1644430081,2016-03-25T19:00:00Z,16,0.266667
1644430081,2016-03-25T20:00:00Z,12,0.2
1644430081,2016-03-25T21:00:00Z,0,0
1644430081,2016-03-25T22:00:00Z,0,0
1644430081,2016-03-25T23:00:00Z,0,0
1644430081,2016-03-26T00:00:00Z,2,0.033333
1644430081,2016-03-26T01:00:00Z,2,0.033333
1644430081,2016-03-26T02:00:00Z,0,0
1644430081,2016-03-26T03:00:00Z,0,0
1644430081,2016-03-26T04:00:00Z,0,0
1644430081,2016-03-26T05:00:00Z,0,0
1644430081,2016-03-26T06:00:00Z,0,0
1644430081,2016-03-26T07:00:00Z,0,0
1644430081,2016-03-26T08:00:00Z,0,0
1644430081,2016-03-26T09:00:00Z,0,0
1644430081,2016-03-26T10:00:00Z,0,0
1644430081,2016-03-26T11:00:00Z,0,0
1644430081,2016-03-26T12:00:00Z,0,0
1644430081,2016-03-26T13:00:00Z,0,0
1644430081,2016-03-26T14:00:00Z,7,0.116667
1644430081,2016-03-26T15:00:00Z,18,0.3
1644430081,2016-03-26T16:00:00Z,0,0
1644430081,2016-03-26T17:00:00Z,0,0
1644430081,2016-03-26T18:00:00Z,1,0.016667
1644430081,2016-03-26T19:00:00Z,0,0
1644430081,2016-03-26T20:00:00Z,1,0.016667
1644430081,2016-03-26T21:00:00Z,2,0.033333
1644430081,2016-03-26T22:00:00Z,16,0.266667
1644430081,2016-03-26T23:00:00Z,3,0.05
1644430081,2016-03-27T00:00:00Z,4,0.066667
1644430081,2016-03-27T01:00:00Z,13,0.216667
1644430081,2016-03-27T02:00:00Z,5,0.083333
1644430081,2016-03-27T03:00:00Z,15,0.25
1644430081,2016-03-27T04:00:00Z,0,0
1644430081,2016-03-27T05:00:00Z,0,0
1644430081,2016-03-27T06:00:00Z,0,0
1644430081,2016-03-27T07:00:00Z,0,0
1644430081,2016-03-27T08:00:00Z,0,0
1644430081,2016-03-27T09:00:00Z,0,0
1644430081,2016-03-27T10:00:00Z,2,0.033333
1644430081,2016-03-27T11:00:00Z,6,0.1
1644430081,2016-03-27T12:00:00Z,9,0.15
1644430081,2016-03-27T13:00:00Z,8,0.133333
1644430081,2016-03-27T14:00:00Z,109,1.816667
1644430081,2016-03-27T15:00:00Z,19,0.316667
1644430081,2016-03-27T16:00:00Z,55,0.916667
1644430081,2016-03-27T17:00:00Z,40,0.666667
1644430081,2016-03-27T18:00:00Z,1,0.016667
1644430081,2016-03-27T19:00:00Z,1,0.016667
1644430081,2016-03-27T20:00:00Z,1,0.016667
1644430081,2016-03-27T21:00:00Z,1,0.016667
1644430081,2016-03-27T22:00:00Z,0,0
1644430081,2016-03-27T23:00:00Z,0,0
1644430081,2016-03-28T00:00:00Z,0,0
1644430081,2016-03-28T01:00:00Z,0,0
1644430081,2016-03-28T02:00:00Z,0,0
1644430081,2016-03-28T03:00:00Z,0,0
1644430081,2016-03-28T04:00:00Z,0,0
1644430081,2016-03-28T05:00:00Z,0,0
1644430081,2016-03-28T06:00:00Z,0,0
1644430081,2016-03-28T07:00:00Z,0,0
1644430081,2016-03-28T08:00:00Z,18,0.3
1644430081,2016-03-28T09:00:00Z,4,0.066667
1644430081,2016-03-28T10:00:00Z,6,0.1
1644430081,2016-03-28T11:00:00Z,3,0.05
1644430081,2016-03-28T12:00:00Z,5,0.083333
1644430081,2016-03-28T13:00:00Z,14,0.233333
1644430081,2016-03-28T14:00:00Z,11,0.183333
1644430081,2016-03-28T15:00:00Z,5,0.083333
1644430081,2016-03-28T16:00:00Z,9,0.15
1644430081,2016-03-28T17:00:00Z,16,0.266667
1644430081,2016-03-28T18:00:00Z,19,0.316667
1644430081,2016-03-28T19:00:00Z,85,1.416667
1644430081,2016-03-28T20:00:00Z,16,0.266667
1644430081,2016-03-28T21:00:00Z,32,0.533333
1644430081,2016-03-28T22:00:00Z,12,0.2
1644430081,2016-03-28T23:00:00Z,2,0.033333
1644430081,2016-03-29T00:00:00Z,3,0.05
1644430081,2016-03-29T01:00:00Z,4,0.066667
1644430081,2016-03-29T02:00:00Z,3,0.05
1644430081,2016-03-29T03:00:00Z,4,0.066667
1644430081,2016-03-29T04:00:00Z,0,0
1644430081,2016-03-29T05:00:00Z,0,0
1644430081,2016-03-29T06:00:00Z,0,0
1644430081,2016-03-29T07:00:00Z,0,0
1644430081,2016-03-29T08:00:00Z,14,0.233333
1644430081,2016-03-29T09:00:00Z,10,0.166667
1644430081,2016-03-29T10:00:00Z,1,0.016667
1644430081,2016-03-29T11:00:00Z,5,0.083333
1644430081,2016-03-29T12:00:00Z,3,0.05
1644430081,2016-03-29T13:00:00Z,15,0.25
1644430081,2016-03-29T14:00:00Z,2,0.033333
1644430081,2016-03-29T15:00:00Z,12,0.2
1644430081,2016-03-29T16:00:00Z,11,0.183333
1644430081,2016-03-29T17:00:00Z,7,0.116667
1644430081,2016-03-29T18:00:00Z,33,0.55
1644430081,2016-03-29T19:00:00Z,61,1.016667
1644430081,2016-03-29T20:00:00Z,37,0.616667
1644430081,2016-03-29T21:00:00Z,67,1.116667
1644430081,2016-03-29T22:00:00Z,55,0.916667
1644430081,2016-03-29T23:00:00Z,16,0.266667
1644430081,2016-03-30T00:00:00Z,4,0.066667
1644430081,2016-03-30T01:00:00Z,4,0.066667
1644430081,2016-03-30T02:00:00Z,4,0.066667
1644430081,2016-03-30T03:00:00Z,4,0.066667
1644430081,2016-03-30T04:00:00Z,0,0
1644430081,2016-03-30T05:00:00Z,0,0
1644430081,2016-03-30T06:00:00Z,0,0
1644430081,2016-03-30T07:00:00Z,24,0.4
1644430081,2016-03-30T08:00:00Z,8,0.133333
1644430081,2016-03-30T09:00:00Z,17,0.283333
1644430081,2016-03-30T10:00:00Z,8,0.133333
1644430081,2016-03-30T11:00:00Z,13,0.216667
1644430081,2016-03-30T12:00:00Z,5,0.083333
1644430081,2016-03-30T13:00:00Z,16,0.266667
1644430081,2016-03-30T14:00:00Z,12,0.2
1644430081,2016-03-30T15:00:00Z,4,0.066667
1644430081,2016-03-30T16:00:00Z,12,0.2
1644430081,2016-03-30T17:00:00Z,15,0.25
1644430081,2016-03-30T18:00:00Z,17,0.283333
1644430081,2016-03-30T19:00:00Z,109,1.816667
1644430081,2016-03-30T20:00:00Z,31,0.516667
1644430081,2016-03-30T21:00:00Z,29,0.483333
1644430081,2016-03-30T22:00:00Z,25,0.416667
1644430081,2016-03-30T23:00:00Z,14,0.233333
1644430081,2016-03-31T00:00:00Z,0,0
1644430081,2016-03-31T01:00:00Z,0,0
1644430081,2016-03-31T02:00:00Z,0,0
1644430081,2016-03-31T03:00:00Z,0,0
1644430081,2016-03-31T04:00:00Z,0,0
1644430081,2016-03-31T05:00:00Z,0,0
1644430081,2016-03-31T06:00:00Z,0,0
1644430081,2016-03-31T07:00:00Z,9,0.15
1644430081,2016-03-31T08:00:00Z,4,0.066667
1644430081,2016-03-31T09:00:00Z,8,0.133333
1644430081,2016-03-31T10:00:00Z,4,0.066667
1644430081,2016-03-31T11:00:00Z,13,0.216667
1644430081,2016-03-31T12:00:00Z,16,0.266667
1644430081,2016-03-31T13:00:00Z,7,0.116667
1644430081,2016-03-31T14:00:00Z,11,0.183333
1644430081,2016-03-31T15:00:00Z,10,0.166667
1644430081,2016-03-31T16:00:00Z,6,0.1
1644430081,2016-03-31T17:00:00Z,14,0.233333
1644430081,2016-03-31T18:00:00Z,37,0.616667
1644430081,2016-03-31T19:00:00Z,54,0.9
1644430081,2016-03-31T20:00:00Z,57,0.95
1644430081,2016-03-31T21:00:00Z,49,0.816667
1644430081,2016-03-31T22:00:00Z,64,1.066667
1644430081,2016-03-31T23:00:00Z,3,0.05
1644430081,2016-04-01T00:00:00Z,10,0.166667
1644430081,2016-04-01T01:00:00Z,12,0.2
1644430081,2016-04-01T02:00:00Z,12,0.2
1644430081,2016-04-01T03:00:00Z,12,0.2
1644430081,2016-04-01T04:00:00Z,1,0.016667
1644430081,2016-04-01T05:00:00Z,0,0
1644430081,2016-04-01T06:00:00Z,0,0
1644430081,2016-04-01T07:00:00Z,24,0.4
1644430081,2016-04-01T08:00:00Z,59,0.983333
1644430081,2016-04-01T09:00:00Z,60,1
1644430081,2016-04-01T10:00:00Z,18,0.3
1644430081,2016-04-01T11:00:00Z,0,0
1644430081,2016-04-01T12:00:00Z,0,0
1644430081,2016-04-01T13:00:00Z,0,0
1644430081,2016-04-01T14:00:00Z,0,0
1644430081,2016-04-01T15:00:00Z,25,0.416667
1644430081,2016-04-01T16:00:00Z,45,0.75
1644430081,2016-04-01T17:00:00Z,29,0.483333
1644430081,2016-04-01T18:00:00Z,57,0.95
1644430081,2016-04-01T19:00:00Z,65,1.083333
1644430081,2016-04-01T20:00:00Z,58,0.966667
1644430081,2016-04-01T21:00:00Z,52,0.866667
1644430081,2016-04-01T22:00:00Z,43,0.716667
1644430081,2016-04-01T23:00:00Z,36,0.6
1644430081,2016-04-02T00:00:00Z,12,0.2
1644430081,2016-04-02T01:00:00Z,5,0.083333
1644430081,2016-04-02T02:00:00Z,5,0.083333
1644430081,2016-04-02T03:00:00Z,4,0.066667
1644430081,2016-04-02T04:00:00Z,5,0.083333
1644430081,2016-04-02T05:00:00Z,5,0.083333
1644430081,2016-04-02T06:00:00Z,3,0.05
1644430081,2016-04-02T07:00:00Z,5,0.083333
1644430081,2016-04-02T08:00:00Z,4,0.066667
1644430081,2016-04-02T09:00:00Z,5,0.083333
1644430081,2016-04-02T10:00:00Z,14,0.233333
1644430081,2016-04-02T11:00:00Z,5,0.083333
1644430081,2016-04-02T12:00:00Z,6,0.1
1644430081,2016-04-02T13:00:00Z,32,0.533333
1644430081,2016-04-02T14:00:00Z,82,1.366667
1644430081,2016-04-02T15:00:00Z,57,0.95
1644430081,2016-04-02T16:00:00Z,53,0.883333
1644430081,2016-04-02T17:00:00Z,96,1.6
1644430081,2016-04-02T18:00:00Z,51,0.85
1644430081,2016-04-02T19:00:00Z,58,0.966667
1644430081,2016-04-02T20:00:00Z,53,0.883333
1644430081,2016-04-02T21:00:00Z,106,1.766667
1644430081,2016-04-02T22:00:00Z,40,0.666667
1644430081,2016-04-02T23:00:00Z,25,0.416667
1644430081,2016-04-03T00:00:00Z,27,0.45
1644430081,2016-04-03T01:00:00Z,28,0.466667
1644430081,2016-04-03T02:00:00Z,19,0.316667
1644430081,2016-04-03T03:00:00Z,4,0.066667
1644430081,2016-04-03T04:00:00Z,4,0.066667
1644430081,2016-04-03T05:00:00Z,4,0.066667
1644430081,2016-04-03T06:00:00Z,4,0.066667
1644430081,2016-04-03T07:00:00Z,4,0.066667
1644430081,2016-04-03T08:00:00Z,4,0.066667
1644430081,2016-04-03T09:00:00Z,4,0.066667
1644430081,2016-04-03T10:00:00Z,3,0.05
1644430081,2016-04-03T11:00:00Z,13,0.216667
1644430081,2016-04-03T12:00:00Z,41,0.683333
1644430081,2016-04-03T13:00:00Z,86,1.433333
1644430081,2016-04-03T14:00:00Z,95,1.583333
1644430081,2016-04-03T15:00:00Z,33,0.55
1644430081,2016-04-03T16:00:00Z,0,0
1644430081,2016-04-03T17:00:00Z,15,0.25
1644430081,2016-04-03T18:00:00Z,19,0.316667
1644430081,2016-04-03T19:00:00Z,10,0.166667
1644430081,2016-04-03T20:00:00Z,53,0.883333
1644430081,2016-04-03T21:00:00Z,6,0.1
1644430081,2016-04-03T22:00:00Z,6,0.1
1644430081,2016-04-03T23:00:00Z,10,0.166667
1644430081,2016-04-04T00:00:00Z,0,0
1644430081,2016-04-04T01:00:00Z,0,0
1644430081,2016-04-04T02:00:00Z,0,0
1644430081,2016-04-04T03:00:00Z,0,0
1644430081,2016-04-04T04:00:00Z,0,0
1644430081,2016-04-04T05:00:00Z,0,0
1644430081,2016-04-04T06:00:00Z,0,0
1644430081,2016-04-04T07:00:00Z,0,0
1644430081,2016-04-04T08:00:00Z,7,0.116667
1644430081,2016-04-04T09:00:00Z,7,0.116667
1644430081,2016-04-04T10:00:00Z,9,0.15
1644430081,2016-04-04T11:00:00Z,4,0.066667
1644430081,2016-04-04T12:00:00Z,1,0.016667
1644430081,2016-04-04T13:00:00Z,18,0.3
1644430081,2016-04-04T14:00:00Z,4,0.066667
1644430081,2016-04-04T15:00:00Z,3,0.05
1644430081,2016-04-04T16:00:00Z,11,0.183333
1644430081,2016-04-04T17:00:00Z,5,0.083333
1644430081,2016-04-04T18:00:00Z,14,0.233333
1644430081,2016-04-04T19:00:00Z,24,0.4
1644430081,2016-04-04T20:00:00Z,0,0
1644430081,2016-04-04T21:00:00Z,0,0
1644430081,2016-04-04T22:00:00Z,0,0
1644430081,2016-04-04T23:00:00Z,0,0
1644430081,2016-04-05T00:00:00Z,1,0.016667
1644430081,2016-04-05T01:00:00Z,0,0
1644430081,2016-04-05T02:00:00Z,0,0
1644430081,2016-04-05T03:00:00Z,0,0
1644430081,2016-04-05T04:00:00Z,0,0
1644430081,2016-04-05T05:00:00Z,0,0
1644430081,2016-04-05T06:00:00Z,0,0
1644430081,2016-04-05T07:00:00Z,0,0
1644430081,2016-04-05T08:00:00Z,7,0.116667
1644430081,2016-04-05T09:00:00Z,13,0.216667
1644430081,2016-04-05T10:00:00Z,0,0
1644430081,2016-04-05T11:00:00Z,4,0.066667
1644430081,2016-04-05T12:00:00Z,17,0.283333
1644430081,2016-04-05T13:00:00Z,8,0.133333
1644430081,2016-04-05T14:00:00Z,4,0.066667
1644430081,2016-04-05T15:00:00Z,10,0.166667
1644430081,2016-04-05T16:00:00Z,10,0.166667
1644430081,2016-04-05T17:00:00Z,8,0.133333
1644430081,2016-04-05T18:00:00Z,26,0.433333
1644430081,2016-04-05T19:00:00Z,57,0.95
1644430081,2016-04-05T20:00:00Z,46,0.766667
1644430081,2016-04-05T21:00:00Z,69,1.15
1644430081,2016-04-05T22:00:00Z,24,0.4
1644430081,2016-04-05T23:00:00Z,0,0
1644430081,2016-04-06T00:00:00Z,0,0
1644430081,2016-04-06T01:00:00Z,0,0
1644430081,2016-04-06T02:00:00Z,0,0
1644430081,2016-04-06T03:00:00Z,0,0
1644430081,2016-04-06T04:00:00Z,0,0
1644430081,2016-04-06T05:00:00Z,0,0
1644430081,2016-04-06T06:00:00Z,0,0
1644430081,2016-04-06T07:00:00Z,0,0
1644430081,2016-04-06T08:00:00Z,10,0.166667
1644430081,2016-04-06T09:00:00Z,12,0.2
1644430081,2016-04-06T10:00:00Z,3,0.05
1644430081,2016-04-06T11:00:00Z,5,0.083333
1644430081,2016-04-06T12:00:00Z,9,0.15
1644430081,2016-04-06T13:00:00Z,14,0.233333
1644430081,2016-04-06T14:00:00Z,5,0.083333
1644430081,2016-04-06T15:00:00Z,6,0.1
1644430081,2016-04-06T16:00:00Z,6,0.1
1644430081,2016-04-06T17:00:00Z,19,0.316667
1644430081,2016-04-06T18:00:00Z,24,0.4
1644430081,2016-04-06T19:00:00Z,105,1.75
1644430081,2016-04-06T20:00:00Z,6,0.1
1644430081,2016-04-06T21:00:00Z,48,0.8
1644430081,2016-04-06T22:00:00Z,1,0.016667
1644430081,2016-04-06T23:00:00Z,0,0
1644430081,2016-04-07T00:00:00Z,0,0
1644430081,2016-04-07T01:00:00Z,0,0
1644430081,2016-04-07T02:00:00Z,0,0
1644430081,2016-04-07T03:00:00Z,0,0
1644430081,2016-04-07T04:00:00Z,0,0
1644430081,2016-04-07T05:00:00Z,0,0
1644430081,2016-04-07T06:00:00Z,0,0
1644430081,2016-04-07T07:00:00Z,0,0
1644430081,2016-04-07T08:00:00Z,2,0.033333
1644430081,2016-04-07T09:00:00Z,13,0.216667
1644430081,2016-04-07T10:00:00Z,8,0.133333
1644430081,2016-04-07T11:00:00Z,5,0.083333
1644430081,2016-04-07T12:00:00Z,14,0.233333
1644430081,2016-04-07T13:00:00Z,3,0.05
1644430081,2016-04-07T14:00:00Z,11,0.183333
1644430081,2016-04-07T15:00:00Z,11,0.183333
1644430081,2016-04-07T16:00:00Z,1,0.016667
1644430081,2016-04-07T17:00:00Z,8,0.133333
1644430081,2016-04-07T18:00:00Z,41,0.683333
1644430081,2016-04-07T19:00:00Z,65,1.083333
1644430081,2016-04-07T20:00:00Z,54,0.9
1644430081,2016-04-07T21:00:00Z,73,1.216667
1644430081,2016-04-07T22:00:00Z,46,0.766667
1644430081,2016-04-07T23:00:00Z,0,0
1644430081,2016-04-08T00:00:00Z,0,0
1644430081,2016-04-08T01:00:00Z,0,0
1644430081,2016-04-08T02:00:00Z,0,0
1644430081,2016-04-08T03:00:00Z,0,0
1644430081,2016-04-08T04:00:00Z,0,0
1644430081,2016-04-08T05:00:00Z,0,0
1644430081,2016-04-08T06:00:00Z,0,0
1644430081,2016-04-08T07:00:00Z,6,0.1
1644430081,2016-04-08T08:00:00Z,17,0.283333
1644430081,2016-04-08T09:00:00Z,24,0.4
1644430081,2016-04-08T10:00:00Z,7,0.116667
1644430081,2016-04-08T11:00:00Z,10,0.166667
1644430081,2016-04-08T12:00:00Z,12,0.2
1644430081,2016-04-08T13:00:00Z,12,0.2
1644430081,2016-04-08T14:00:00Z,5,0.083333
1644430081,2016-04-08T15:00:00Z,8,0.133333
1644430081,2016-04-08T16:00:00Z,11,0.183333
1644430081,2016-04-08T17:00:00Z,29,0.483333
1644430081,2016-04-08T18:00:00Z,12,0.2
1644430081,2016-04-08T19:00:00Z,110,1.833333
1644430081,2016-04-08T20:00:00Z,5,0.083333
1644430081,2016-04-08T21:00:00Z,0,0
1644430081,2016-04-08T22:00:00Z,0,0
1644430081,2016-04-08T23:00:00Z,0,0
1644430081,2016-04-09T00:00:00Z,0,0
1644430081,2016-04-09T01:00:00Z,0,0
1644430081,2016-04-09T02:00:00Z,0,0
1644430081,2016-04-09T03:00:00Z,0,0
1644430081,2016-04-09T04:00:00Z,0,0
1644430081,2016-04-09T05:00:00Z,0,0
1644430081,2016-04-09T06:00:00Z,0,0
1644430081,2016-04-09T07:00:00Z,0,0
1644430081,2016-04-09T08:00:00Z,0,0
1644430081,2016-04-09T09:00:00Z,0,0
1644430081,2016-04-09T10:00:00Z,0,0
1644430081,2016-04-09T11:00:00Z,0,0
1644430081,2016-04-09T12:00:00Z,0,0
1644430081,2016-04-09T13:00:00Z,0,0
1644430081,2016-04-09T14:00:00Z,5,0.083333
1644430081,2016-04-09T15:00:00Z,3,0.05
1644430081,2016-04-09T16:00:00Z,12,0.2
1644430081,2016-04-09T17:00:00Z,37,0.616667
1644430081,2016-04-09T18:00:00Z,73,1.216667
1644430081,2016-04-09T19:00:00Z,85,1.416667
1644430081,2016-04-09T20:00:00Z,49,0.816667
1644430081,2016-04-09T21:00:00Z,86,1.433333
1644430081,2016-04-09T22:00:00Z,55,0.916667
1644430081,2016-04-09T23:00:00Z,3,0.05
1644430081,2016-04-10T00:00:00Z,23,0.383333
1644430081,2016-04-10T01:00:00Z,12,0.2
1644430081,2016-04-10T02:00:00Z,0,0
1644430081,2016-04-10T03:00:00Z,0,0
1844505072,2016-03-12T00:00:00Z,0,0
1844505072,2016-03-12T01:00:00Z,0,0
1844505072,2016-03-12T02:00:00Z,0,0
1844505072,2016-03-12T03:00:00Z,0,0
1844505072,2016-03-12T04:00:00Z,0,0
1844505072,2016-03-12T05:00:00Z,0,0
1844505072,2016-03-12T06:00:00Z,0,0
1844505072,2016-03-12T07:00:00Z,0,0
1844505072,2016-03-12T08:00:00Z,0,0
1844505072,2016-03-12T09:00:00Z,0,0
1844505072,2016-03-12T10:00:00Z,0,0
1844505072,2016-03-12T11:00:00Z,0,0
1844505072,2016-03-12T12:00:00Z,0,0
1844505072,2016-03-12T13:00:00Z,0,0
1844505072,2016-03-12T14:00:00Z,0,0
1844505072,2016-03-12T15:00:00Z,0,0
1844505072,2016-03-12T16:00:00Z,0,0
1844505072,2016-03-12T17:00:00Z,0,0
1844505072,2016-03-12T18:00:00Z,0,0
1844505072,2016-03-12T19:00:00Z,0,0
1844505072,2016-03-12T20:00:00Z,0,0
1844505072,2016-03-12T21:00:00Z,0,0
1844505072,2016-03-12T22:00:00Z,0,0
1844505072,2016-03-12T23:00:00Z,0,0
1844505072,2016-03-13T00:00:00Z,0,0
1844505072,2016-03-13T01:00:00Z,0,0
1844505072,2016-03-13T02:00:00Z,0,0
1844505072,2016-03-13T03:00:00Z,0,0
1844505072,2016-03-13T04:00:00Z,0,0
1844505072,2016-03-13T05:00:00Z,0,0
1844505072,2016-03-13T06:00:00Z,0,0
1844505072,2016-03-13T07:00:00Z,0,0
1844505072,2016-03-13T08:00:00Z,0,0
1844505072,2016-03-13T09:00:00Z,0,0
1844505072,2016-03-13T10:00:00Z,0,0
1844505072,2016-03-13T11:00:00Z,0,0
1844505072,2016-03-13T12:00:00Z,0,0
1844505072,2016-03-13T13:00:00Z,0,0
1844505072,2016-03-13T14:00:00Z,0,0
1844505072,2016-03-13T15:00:00Z,0,0
1844505072,2016-03-13T16:00:00Z,0,0
1844505072,2016-03-13T17:00:00Z,0,0
1844505072,2016-03-13T18:00:00Z,0,0
1844505072,2016-03-13T19:00:00Z,0,0
1844505072,2016-03-13T20:00:00Z,0,0
1844505072,2016-03-13T21:00:00Z,0,0
1844505072,2016-03-13T22:00:00Z,0,0
1844505072,2016-03-13T23:00:00Z,0,0
1844505072,2016-03-14T00:00:00Z,0,0
1844505072,2016-03-14T01:00:00Z,0,0
1844505072,2016-03-14T02:00:00Z,0,0
1844505072,2016-03-14T03:00:00Z,0,0
1844505072,2016-03-14T04:00:00Z,0,0
1844505072,2016-03-14T05:00:00Z,0,0
1844505072,2016-03-14T06:00:00Z,0,0
1844505072,2016-03-14T07:00:00Z,0,0
1844505072,2016-03-14T08:00:00Z,0,0
1844505072,2016-03-14T09:00:00Z,0,0
1844505072,2016-03-14T10:00:00Z,0,0
1844505072,2016-03-14T11:00:00Z,0,0
1844505072,2016-03-14T12:00:00Z,0,0
1844505072,2016-03-14T13:00:00Z,0,0
1844505072,2016-03-14T14:00:00Z,0,0
1844505072,2016-03-14T15:00:00Z,0,0
1844505072,2016-03-14T16:00:00Z,0,0
1844505072,2016-03-14T17:00:00Z,0,0
1844505072,2016-03-14T18:00:00Z,0,0
1844505072,2016-03-14T19:00:00Z,0,0
1844505072,2016-03-14T20:00:00Z,0,0
1844505072,2016-03-14T21:00:00Z,0,0
1844505072,2016-03-14T22:00:00Z,0,0
1844505072,2016-03-14T23:00:00Z,0,0
1844505072,2016-03-15T00:00:00Z,0,0
1844505072,2016-03-15T01:00:00Z,0,0
1844505072,2016-03-15T02:00:00Z,0,0
1844505072,2016-03-15T03:00:00Z,0,0
1844505072,2016-03-15T04:00:00Z,0,0
1844505072,2016-03-15T05:00:00Z,0,0
1844505072,2016-03-15T06:00:00Z,0,0
1844505072,2016-03-15T07:00:00Z,0,0
1844505072,2016-03-15T08:00:00Z,0,0
1844505072,2016-03-15T09:00:00Z,0,0
1844505072,2016-03-15T10:00:00Z,0,0
1844505072,2016-03-15T11:00:00Z,0,0
1844505072,2016-03-15T12:00:00Z,0,0
1844505072,2016-03-15T13:00:00Z,0,0
1844505072,2016-03-15T14:00:00Z,0,0
1844505072,2016-03-15T15:00:00Z,0,0
1844505072,2016-03-15T16:00:00Z,0,0
1844505072,2016-03-15T17:00:00Z,0,0
1844505072,2016-03-15T18:00:00Z,0,0
1844505072,2016-03-15T19:00:00Z,0,0
1844505072,2016-03-15T20:00:00Z,0,0
1844505072,2016-03-15T21:00:00Z,0,0
1844505072,2016-03-15T22:00:00Z,0,0
1844505072,2016-03-15T23:00:00Z,0,0
1844505072,2016-03-16T00:00:00Z,0,0
1844505072,2016-03-16T01:00:00Z,0,0
1844505072,2016-03-16T02:00:00Z,0,0
1844505072,2016-03-16T03:00:00Z,0,0
1844505072,2016-03-16T04:00:00Z,0,0
1844505072,2016-03-16T05:00:00Z,0,0
1844505072,2016-03-16T06:00:00Z,0,0
1844505072,2016-03-16T07:00:00Z,0,0
1844505072,2016-03-16T08:00:00Z,0,0
1844505072,2016-03-16T09:00:00Z,0,0
1844505072,2016-03-16T10:00:00Z,0,0
1844505072,2016-03-16T11:00:00Z,0,0
1844505072,2016-03-16T12:00:00Z,0,0
1844505072,2016-03-16T13:00:00Z,0,0
1844505072,2016-03-16T14:00:00Z,0,0
1844505072,2016-03-16T15:00:00Z,0,0
1844505072,2016-03-16T16:00:00Z,0,0
1844505072,2016-03-16T17:00:00Z,0,0
1844505072,2016-03-16T18:00:00Z,0,0
1844505072,2016-03-16T19:00:00Z,0,0
1844505072,2016-03-16T20:00:00Z,0,0
1844505072,2016-03-16T21:00:00Z,0,0
1844505072,2016-03-16T22:00:00Z,0,0
1844505072,2016-03-16T23:00:00Z,0,0
1844505072,2016-03-17T00:00:00Z,0,0
1844505072,2016-03-17T01:00:00Z,0,0
1844505072,2016-03-17T02:00:00Z,0,0
1844505072,2016-03-17T03:00:00Z,0,0
1844505072,2016-03-17T04:00:00Z,0,0
1844505072,2016-03-17T05:00:00Z,0,0
1844505072,2016-03-17T06:00:00Z,0,0
1844505072,2016-03-17T07:00:00Z,0,0
1844505072,2016-03-17T08:00:00Z,0,0
1844505072,2016-03-17T09:00:00Z,0,0
1844505072,2016-03-17T10:00:00Z,0,0
1844505072,2016-03-17T11:00:00Z,0,0
1844505072,2016-03-17T12:00:00Z,0,0
1844505072,2016-03-17T13:00:00Z,0,0
1844505072,2016-03-17T14:00:00Z,0,0
1844505072,2016-03-17T15:00:00Z,0,0
1844505072,2016-03-17T16:00:00Z,0,0
1844505072,2016-03-17T17:00:00Z,0,0
1844505072,2016-03-17T18:00:00Z,0,0
1844505072,2016-03-17T19:00:00Z,0,0
1844505072,2016-03-17T20:00:00Z,0,0
1844505072,2016-03-17T21:00:00Z,0,0
1844505072,2016-03-17T22:00:00Z,0,0
1844505072,2016-03-17T23:00:00Z,0,0
1844505072,2016-03-18T00:00:00Z,0,0
1844505072,2016-03-18T01:00:00Z,0,0
1844505072,2016-03-18T02:00:00Z,0,0
1844505072,2016-03-18T03:00:00Z,0,0
1844505072,2016-03-18T04:00:00Z,0,0
1844505072,2016-03-18T05:00:00Z,0,0
1844505072,2016-03-18T06:00:00Z,0,0
1844505072,2016-03-18T07:00:00Z,0,0
1844505072,2016-03-18T08:00:00Z,0,0
1844505072,2016-03-18T09:00:00Z,0,0
1844505072,2016-03-18T10:00:00Z,0,0
1844505072,2016-03-18T11:00:00Z,0,0
1844505072,2016-03-18T12:00:00Z,0,0
1844505072,2016-03-18T13:00:00Z,0,0
1844505072,2016-03-18T14:00:00Z,0,0
1844505072,2016-03-18T15:00:00Z,0,0
1844505072,2016-03-18T16:00:00Z,0,0
1844505072,2016-03-18T17:00:00Z,0,0
1844505072,2016-03-18T18:00:00Z,0,0
1844505072,2016-03-18T19:00:00Z,0,0
1844505072,2016-03-18T20:00:00Z,0,0
1844505072,2016-03-18T21:00:00Z,0,0
1844505072,2016-03-18T22:00:00Z,0,0
1844505072,2016-03-18T23:00:00Z,0,0
1844505072,2016-03-19T00:00:00Z,0,0
1844505072,2016-03-19T01:00:00Z,0,0
1844505072,2016-03-19T02:00:00Z,0,0
1844505072,2016-03-19T03:00:00Z,0,0
1844505072,2016-03-19T04:00:00Z,0,0
1844505072,2016-03-19T05:00:00Z,0,0
1844505072,2016-03-19T06:00:00Z,0,0
1844505072,2016-03-19T07:00:00Z,0,0
1844505072,2016-03-19T08:00:00Z,0,0
1844505072,2016-03-19T09:00:00Z,0,0
1844505072,2016-03-19T10:00:00Z,0,0
1844505072,2016-03-19T11:00:00Z,0,0
1844505072,2016-03-19T12:00:00Z,0,0
1844505072,2016-03-19T13:00:00Z,0,0
1844505072,2016-03-19T14:00:00Z,0,0
1844505072,2016-03-19T15:00:00Z,0,0
1844505072,2016-03-19T16:00:00Z,0,0
1844505072,2016-03-19T17:00:00Z,0,0
1844505072,2016-03-19T18:00:00Z,0,0
1844505072,2016-03-19T19:00:00Z,0,0
1844505072,2016-03-19T20:00:00Z,0,0
1844505072,2016-03-19T21:00:00Z,0,0
1844505072,2016-03-19T22:00:00Z,0,0
1844505072,2016-03-19T23:00:00Z,0,0
1844505072,2016-03-20T00:00:00Z,0,0
1844505072,2016-03-20T01:00:00Z,0,0
1844505072,2016-03-20T02:00:00Z,0,0
1844505072,2016-03-20T03:00:00Z,0,0
1844505072,2016-03-20T04:00:00Z,0,0
1844505072,2016-03-20T05:00:00Z,0,0
1844505072,2016-03-20T06:00:00Z,0,0
1844505072,2016-03-20T07:00:00Z,0,0
1844505072,2016-03-20T08:00:00Z,0,0
1844505072,2016-03-20T09:00:00Z,0,0
1844505072,2016-03-20T10:00:00Z,0,0
1844505072,2016-03-20T11:00:00Z,0,0
1844505072,2016-03-20T12:00:00Z,0,0
1844505072,2016-03-20T13:00:00Z,0,0
1844505072,2016-03-20T14:00:00Z,0,0
1844505072,2016-03-20T15:00:00Z,0,0
1844505072,2016-03-20T16:00:00Z,0,0
1844505072,2016-03-20T17:00:00Z,0,0
1844505072,2016-03-20T18:00:00Z,0,0
1844505072,2016-03-20T19:00:00Z,0,0
1844505072,2016-03-20T20:00:00Z,0,0
1844505072,2016-03-20T21:00:00Z,0,0
1844505072,2016-03-20T22:00:00Z,0,0
1844505072,2016-03-20T23:00:00Z,0,0
1844505072,2016-03-21T00:00:00Z,0,0
1844505072,2016-03-21T01:00:00Z,0,0
1844505072,2016-03-21T02:00:00Z,0,0
1844505072,2016-03-21T03:00:00Z,0,0
1844505072,2016-03-21T04:00:00Z,0,0
1844505072,2016-03-21T05:00:00Z,0,0
1844505072,2016-03-21T06:00:00Z,0,0
1844505072,2016-03-21T07:00:00Z,0,0
1844505072,2016-03-21T08:00:00Z,0,0
1844505072,2016-03-21T09:00:00Z,0,0
1844505072,2016-03-21T10:00:00Z,0,0
1844505072,2016-03-21T11:00:00Z,0,0
1844505072,2016-03-21T12:00:00Z,0,0
1844505072,2016-03-21T13:00:00Z,0,0
1844505072,2016-03-21T14:00:00Z,0,0
1844505072,2016-03-21T15:00:00Z,0,0
1844505072,2016-03-21T16:00:00Z,0,0
1844505072,2016-03-21T17:00:00Z,0,0
1844505072,2016-03-21T18:00:00Z,0,0
1844505072,2016-03-21T19:00:00Z,0,0
1844505072,2016-03-21T20:00:00Z,0,0
1844505072,2016-03-21T21:00:00Z,0,0
1844505072,2016-03-21T22:00:00Z,0,0
1844505072,2016-03-21T23:00:00Z,0,0
1844505072,2016-03-22T00:00:00Z,0,0
1844505072,2016-03-22T01:00:00Z,0,0
1844505072,2016-03-22T02:00:00Z,0,0
1844505072,2016-03-22T03:00:00Z,0,0
1844505072,2016-03-22T04:00:00Z,0,0
1844505072,2016-03-22T05:00:00Z,0,0
1844505072,2016-03-22T06:00:00Z,0,0
1844505072,2016-03-22T07:00:00Z,0,0
1844505072,2016-03-22T08:00:00Z,0,0
1844505072,2016-03-22T09:00:00Z,0,0
1844505072,2016-03-22T10:00:00Z,0,0
1844505072,2016-03-22T11:00:00Z,0,0
1844505072,2016-03-22T12:00:00Z,0,0
1844505072,2016-03-22T13:00:00Z,0,0
1844505072,2016-03-22T14:00:00Z,0,0
1844505072,2016-03-22T15:00:00Z,0,0
1844505072,2016-03-22T16:00:00Z,0,0
1844505072,2016-03-22T17:00:00Z,0,0
1844505072,2016-03-22T18:00:00Z,0,0
1844505072,2016-03-22T19:00:00Z,0,0
1844505072,2016-03-22T20:00:00Z,0,0
1844505072,2016-03-22T21:00:00Z,0,0
1844505072,2016-03-22T22:00:00Z,0,0
1844505072,2016-03-22T23:00:00Z,0,0
1844505072,2016-03-23T00:00:00Z,0,0
1844505072,2016-03-23T01:00:00Z,0,0
1844505072,2016-03-23T02:00:00Z,0,0
1844505072,2016-03-23T03:00:00Z,0,0
1844505072,2016-03-23T04:00:00Z,0,0
1844505072,2016-03-23T05:00:00Z,0,0
1844505072,2016-03-23T06:00:00Z,0,0
1844505072,2016-03-23T07:00:00Z,0,0
1844505072,2016-03-23T08:00:00Z,0,0
1844505072,2016-03-23T09:00:00Z,0,0
1844505072,2016-03-23T10:00:00Z,0,0
1844505072,2016-03-23T11:00:00Z,0,0
1844505072,2016-03-23T12:00:00Z,0,0
1844505072,2016-03-23T13:00:00Z,0,0
1844505072,2016-03-23T14:00:00Z,0,0
1844505072,2016-03-23T15:00:00Z,0,0
1844505072,2016-03-23T16:00:00Z,0,0
1844505072,2016-03-23T17:00:00Z,0,0
1844505072,2016-03-23T18:00:00Z,0,0
1844505072,2016-03-23T19:00:00Z,0,0
1844505072,2016-03-23T20:00:00Z,0,0
1844505072,2016-03-23T21:00:00Z,0,0
1844505072,2016-03-23T22:00:00Z,0,0
1844505072,2016-03-23T23:00:00Z,0,0
1844505072,2016-03-24T00:00:00Z,0,0
1844505072,2016-03-24T01:00:00Z,0,0
1844505072,2016-03-24T02:00:00Z,0,0
1844505072,2016-03-24T03:00:00Z,0,0
1844505072,2016-03-24T04:00:00Z,0,0
1844505072,2016-03-24T05:00:00Z,0,0
1844505072,2016-03-24T06:00:00Z,0,0
1844505072,2016-03-24T07:00:00Z,0,0
1844505072,2016-03-24T08:00:00Z,0,0
1844505072,2016-03-24T09:00:00Z,0,0
1844505072,2016-03-24T10:00:00Z,0,0
1844505072,2016-03-24T11:00:00Z,0,0
1844505072,2016-03-24T12:00:00Z,0,0
1844505072,2016-03-24T13:00:00Z,0,0
1844505072,2016-03-24T14:00:00Z,0,0
1844505072,2016-03-24T15:00:00Z,0,0
1844505072,2016-03-24T16:00:00Z,0,0
1844505072,2016-03-24T17:00:00Z,0,0
1844505072,2016-03-24T18:00:00Z,0,0
1844505072,2016-03-24T19:00:00Z,0,0
1844505072,2016-03-24T20:00:00Z,0,0
1844505072,2016-03-24T21:00:00Z,0,0
1844505072,2016-03-24T22:00:00Z,0,0
1844505072,2016-03-24T23:00:00Z,0,0
1844505072,2016-03-25T00:00:00Z,0,0
1844505072,2016-03-25T01:00:00Z,0,0
1844505072,2016-03-25T02:00:00Z,0,0
1844505072,2016-03-25T03:00:00Z,0,0
1844505072,2016-03-25T04:00:00Z,0,0
1844505072,2016-03-25T05:00:00Z,0,0
1844505072,2016-03-25T06:00:00Z,0,0
1844505072,2016-03-25T07:00:00Z,0,0
1844505072,2016-03-25T08:00:00Z,0,0
1844505072,2016-03-25T09:00:00Z,0,0
1844505072,2016-03-25T10:00:00Z,0,0
1844505072,2016-03-25T11:00:00Z,0,0
1844505072,2016-03-25T12:00:00Z,0,0
1844505072,2016-03-25T13:00:00Z,0,0
1844505072,2016-03-25T14:00:00Z,0,0
1844505072,2016-03-25T15:00:00Z,0,0
1844505072,2016-03-25T16:00:00Z,0,0
1844505072,2016-03-25T17:00:00Z,0,0
1844505072,2016-03-25T18:00:00Z,0,0
1844505072,2016-03-25T19:00:00Z,0,0
1844505072,2016-03-25T20:00:00Z,0,0
1844505072,2016-03-25T21:00:00Z,0,0
1844505072,2016-03-25T22:00:00Z,0,0
1844505072,2016-03-25T23:00:00Z,0,0
1844505072,2016-03-26T00:00:00Z,0,0
1844505072,2016-03-26T01:00:00Z,0,0
1844505072,2016-03-26T02:00:00Z,0,0
1844505072,2016-03-26T03:00:00Z,0,0
1844505072,2016-03-26T04:00:00Z,0,0
1844505072,2016-03-26T05:00:00Z,0,0
1844505072,2016-03-26T06:00:00Z,0,0
1844505072,2016-03-26T07:00:00Z,0,0
1844505072,2016-03-26T08:00:00Z,0,0
1844505072,2016-03-26T09:00:00Z,0,0
1844505072,2016-03-26T10:00:00Z,0,0
1844505072,2016-03-26T11:00:00Z,0,0
1844505072,2016-03-26T12:00:00Z,0,0
1844505072,2016-03-26T13:00:00Z,0,0
1844505072,2016-03-26T14:00:00Z,0,0
1844505072,2016-03-26T15:00:00Z,0,0
1844505072,2016-03-26T16:00:00Z,0,0
1844505072,2016-03-26T17:00:00Z,0,0
1844505072,2016-03-26T18:00:00Z,0,0
1844505072,2016-03-26T19:00:00Z,0,0
1844505072,2016-03-26T20:00:00Z,0,0
1844505072,2016-03-26T21:00:00Z,0,0
1844505072,2016-03-26T22:00:00Z,0,0
1844505072,2016-03-26T23:00:00Z,0,0
1844505072,2016-03-27T00:00:00Z,0,0
1844505072,2016-03-27T01:00:00Z,0,0
1844505072,2016-03-27T02:00:00Z,0,0
1844505072,2016-03-27T03:00:00Z,0,0
1844505072,2016-03-27T04:00:00Z,0,0
1844505072,2016-03-27T05:00:00Z,0,0
1844505072,2016-03-27T06:00:00Z,0,0
1844505072,2016-03-27T07:00:00Z,0,0
1844505072,2016-03-27T08:00:00Z,0,0
1844505072,2016-03-27T09:00:00Z,0,0
1844505072,2016-03-27T10:00:00Z,0,0
1844505072,2016-03-27T11:00:00Z,0,0
1844505072,2016-03-27T12:00:00Z,0,0
1844505072,2016-03-27T13:00:00Z,0,0
1844505072,2016-03-27T14:00:00Z,0,0
1844505072,2016-03-27T15:00:00Z,0,0
1844505072,2016-03-27T16:00:00Z,0,0
1844505072,2016-03-27T17:00:00Z,0,0
1844505072,2016-03-27T18:00:00Z,0,0
1844505072,2016-03-27T19:00:00Z,0,0
1844505072,2016-03-27T20:00:00Z,0,0
1844505072,2016-03-27T21:00:00Z,0,0
1844505072,2016-03-27T22:00:00Z,0,0
1844505072,2016-03-27T23:00:00Z,0,0
1844505072,2016-03-28T00:00:00Z,0,0
1844505072,2016-03-28T01:00:00Z,0,0
1844505072,2016-03-28T02:00:00Z,0,0
1844505072,2016-03-28T03:00:00Z,0,0
1844505072,2016-03-28T04:00:00Z,0,0
1844505072,2016-03-28T05:00:00Z,0,0
1844505072,2016-03-28T06:00:00Z,0,0
1844505072,2016-03-28T07:00:00Z,0,0
1844505072,2016-03-28T08:00:00Z,0,0
1844505072,2016-03-28T09:00:00Z,0,0
1844505072,2016-03-28T10:00:00Z,0,0
1844505072,2016-03-28T11:00:00Z,0,0
1844505072,2016-03-28T12:00:00Z,0,0
1844505072,2016-03-28T13:00:00Z,0,0
1844505072,2016-03-28T14:00:00Z,0,0
1844505072,2016-03-28T15:00:00Z,0,0
1844505072,2016-03-28T16:00:00Z,0,0
1844505072,2016-03-28T17:00:00Z,0,0
1844505072,2016-03-28T18:00:00Z,0,0
1844505072,2016-03-28T19:00:00Z,0,0
1844505072,2016-03-28T20:00:00Z,0,0
1844505072,2016-03-28T21:00:00Z,0,0
1844505072,2016-03-28T22:00:00Z,0,0
1844505072,2016-03-28T23:00:00Z,0,0
1844505072,2016-03-29T00:00:00Z,0,0
1844505072,2016-03-29T01:00:00Z,0,0
1844505072,2016-03-29T02:00:00Z,0,0
1844505072,2016-03-29T03:00:00Z,0,0
1844505072,2016-03-29T04:00:00Z,0,0
1844505072,2016-03-29T05:00:00Z,0,0
1844505072,2016-03-29T06:00:00Z,0,0
1844505072,2016-03-29T07:00:00Z,0,0
1844505072,2016-03-29T08:00:00Z,0,0
1844505072,2016-03-29T09:00:00Z,0,0
1844505072,2016-03-29T10:00:00Z,0,0
1844505072,2016-03-29T11:00:00Z,0,0
1844505072,2016-03-29T12:00:00Z,0,0
1844505072,2016-03-29T13:00:00Z,0,0
1844505072,2016-03-29T14:00:00Z,0,0
1844505072,2016-03-29T15:00:00Z,0,0
1844505072,2016-03-29T16:00:00Z,0,0
1844505072,2016-03-29T17:00:00Z,0,0
1844505072,2016-03-29T18:00:00Z,0,0
1844505072,2016-03-29T19:00:00Z,0,0
1844505072,2016-03-29T20:00:00Z,0,0
1844505072,2016-03-29T21:00:00Z,0,0
1844505072,2016-03-29T22:00:00Z,0,0
1844505072,2016-03-29T23:00:00Z,0,0
1844505072,2016-03-30T00:00:00Z,0,0
1844505072,2016-03-30T01:00:00Z,0,0
1844505072,2016-03-30T02:00:00Z,0,0
1844505072,2016-03-30T03:00:00Z,0,0
1844505072,2016-03-30T04:00:00Z,0,0
1844505072,2016-03-30T05:00:00Z,0,0
1844505072,2016-03-30T06:00:00Z,0,0
1844505072,2016-03-30T07:00:00Z,0,0
1844505072,2016-03-30T08:00:00Z,0,0
1844505072,2016-03-30T09:00:00Z,0,0
1844505072,2016-03-30T10:00:00Z,0,0
1844505072,2016-03-30T11:00:00Z,0,0
1844505072,2016-03-30T12:00:00Z,0,0
1844505072,2016-03-30T13:00:00Z,0,0
1844505072,2016-03-30T14:00:00Z,0,0
1844505072,2016-03-30T15:00:00Z,0,0
1844505072,2016-03-30T16:00:00Z,0,0
1844505072,2016-03-30T17:00:00Z,4,0.066667
1844505072,2016-03-30T18:00:00Z,16,0.266667
1844505072,2016-03-30T19:00:00Z,17,0.283333
1844505072,2016-03-30T20:00:00Z,24,0.4
1844505072,2016-03-30T21:00:00Z,23,0.383333
1844505072,2016-03-30T22:00:00Z,3,0.05
1844505072,2016-03-30T23:00:00Z,8,0.133333
1844505072,2016-03-31T00:00:00Z,15,0.25
1844505072,2016-03-31T01:00:00Z,0,0
1844505072,2016-03-31T02:00:00Z,0,0
1844505072,2016-03-31T03:00:00Z,0,0
1844505072,2016-03-31T04:00:00Z,0,0
1844505072,2016-03-31T05:00:00Z,0,0
1844505072,2016-03-31T06:00:00Z,0,0
1844505072,2016-03-31T07:00:00Z,0,0
1844505072,2016-03-31T08:00:00Z,0,0
1844505072,2016-03-31T09:00:00Z,20,0.333333
1844505072,2016-03-31T10:00:00Z,16,0.266667
1844505072,2016-03-31T11:00:00Z,33,0.55
1844505072,2016-03-31T12:00:00Z,3,0.05
1844505072,2016-03-31T13:00:00Z,53,0.883333
1844505072,2016-03-31T14:00:00Z,13,0.216667
1844505072,2016-03-31T15:00:00Z,24,0.4
1844505072,2016-03-31T16:00:00Z,20,0.333333
1844505072,2016-03-31T17:00:00Z,29,0.483333
1844505072,2016-03-31T18:00:00Z,11,0.183333
1844505072,2016-03-31T19:00:00Z,14,0.233333
1844505072,2016-03-31T20:00:00Z,18,0.3
1844505072,2016-03-31T21:00:00Z,15,0.25
1844505072,2016-03-31T22:00:00Z,2,0.033333
1844505072,2016-03-31T23:00:00Z,9,0.15
1844505072,2016-04-01T00:00:00Z,13,0.216667
1844505072,2016-04-01T01:00:00Z,5,0.083333
1844505072,2016-04-01T02:00:00Z,0,0
1844505072,2016-04-01T03:00:00Z,0,0
1844505072,2016-04-01T04:00:00Z,0,0
1844505072,2016-04-01T05:00:00Z,0,0
1844505072,2016-04-01T06:00:00Z,0,0
1844505072,2016-04-01T07:00:00Z,0,0
1844505072,2016-04-01T08:00:00Z,0,0
1844505072,2016-04-01T09:00:00Z,0,0
1844505072,2016-04-01T10:00:00Z,0,0
1844505072,2016-04-01T11:00:00Z,26,0.433333
1844505072,2016-04-01T12:00:00Z,15,0.25
1844505072,2016-04-01T13:00:00Z,17,0.283333
1844505072,2016-04-01T14:00:00Z,15,0.25
1844505072,2016-04-01T15:00:00Z,10,0.166667
1844505072,2016-04-01T16:00:00Z,5,0.083333
1844505072,2016-04-01T17:00:00Z,18,0.3
1844505072,2016-04-01T18:00:00Z,36,0.6
1844505072,2016-04-01T19:00:00Z,71,1.183333
1844505072,2016-04-01T20:00:00Z,27,0.45
1844505072,2016-04-01T21:00:00Z,26,0.433333
1844505072,2016-04-01T22:00:00Z,6,0.1
1844505072,2016-04-01T23:00:00Z,6,0.1
1844505072,2016-04-02T00:00:00Z,18,0.3
1844505072,2016-04-02T01:00:00Z,6,0.1
1844505072,2016-04-02T02:00:00Z,0,0
1844505072,2016-04-02T03:00:00Z,0,0
1844505072,2016-04-02T04:00:00Z,0,0
1844505072,2016-04-02T05:00:00Z,0,0
1844505072,2016-04-02T06:00:00Z,0,0
1844505072,2016-04-02T07:00:00Z,0,0
1844505072,2016-04-02T08:00:00Z,1,0.016667
1844505072,2016-04-02T09:00:00Z,2,0.033333
1844505072,2016-04-02T10:00:00Z,1,0.016667
1844505072,2016-04-02T11:00:00Z,22,0.366667
1844505072,2016-04-02T12:00:00Z,0,0
1844505072,2016-04-02T13:00:00Z,2,0.033333
1844505072,2016-04-02T14:00:00Z,26,0.433333
1844505072,2016-04-02T15:00:00Z,30,0.5
1844505072,2016-04-02T16:00:00Z,22,0.366667
1844505072,2016-04-02T17:00:00Z,18,0.3
1844505072,2016-04-02T18:00:00Z,30,0.5
1844505072,2016-04-02T19:00:00Z,11,0.183333
1844505072,2016-04-02T20:00:00Z,24,0.4
1844505072,2016-04-02T21:00:00Z,34,0.566667
1844505072,2016-04-02T22:00:00Z,16,0.266667
1844505072,2016-04-02T23:00:00Z,0,0
1844505072,2016-04-03T00:00:00Z,0,0
1844505072,2016-04-03T01:00:00Z,20,0.333333
1844505072,2016-04-03T02:00:00Z,0,0
1844505072,2016-04-03T03:00:00Z,0,0
1844505072,2016-04-03T04:00:00Z,0,0
1844505072,2016-04-03T05:00:00Z,0,0
1844505072,2016-04-03T06:00:00Z,0,0
1844505072,2016-04-03T07:00:00Z,0,0
1844505072,2016-04-03T08:00:00Z,0,0
1844505072,2016-04-03T09:00:00Z,0,0
1844505072,2016-04-03T10:00:00Z,0,0
1844505072,2016-04-03T11:00:00Z,9,0.15
1844505072,2016-04-03T12:00:00Z,15,0.25
1844505072,2016-04-03T13:00:00Z,0,0
1844505072,2016-04-03T14:00:00Z,0,0
1844505072,2016-04-03T15:00:00Z,12,0.2
1844505072,2016-04-03T16:00:00Z,29,0.483333
1844505072,2016-04-03T17:00:00Z,8,0.133333
1844505072,2016-04-03T18:00:00Z,8,0.133333
1844505072,2016-04-03T19:00:00Z,22,0.366667
1844505072,2016-04-03T20:00:00Z,9,0.15
1844505072,2016-04-03T21:00:00Z,4,0.066667
1844505072,2016-04-03T22:00:00Z,0,0
1844505072,2016-04-03T23:00:00Z,0,0
1844505072,2016-04-04T00:00:00Z,0,0
1844505072,2016-04-04T01:00:00Z,0,0
1844505072,2016-04-04T02:00:00Z,0,0
1844505072,2016-04-04T03:00:00Z,0,0
1844505072,2016-04-04T04:00:00Z,0,0
1844505072,2016-04-04T05:00:00Z,0,0
1844505072,2016-04-04T06:00:00Z,0,0
1844505072,2016-04-04T07:00:00Z,0,0
1844505072,2016-04-04T08:00:00Z,0,0
1844505072,2016-04-04T09:00:00Z,0,0
1844505072,2016-04-04T10:00:00Z,0,0
1844505072,2016-04-04T11:00:00Z,0,0
1844505072,2016-04-04T12:00:00Z,0,0
1844505072,2016-04-04T13:00:00Z,0,0
1844505072,2016-04-04T14:00:00Z,0,0
1844505072,2016-04-04T15:00:00Z,0,0
1844505072,2016-04-04T16:00:00Z,0,0
1844505072,2016-04-04T17:00:00Z,0,0
1844505072,2016-04-04T18:00:00Z,0,0
1844505072,2016-04-04T19:00:00Z,0,0
1844505072,2016-04-04T20:00:00Z,0,0
1844505072,2016-04-04T21:00:00Z,0,0
1844505072,2016-04-04T22:00:00Z,0,0
1844505072,2016-04-04T23:00:00Z,0,0
1844505072,2016-04-05T00:00:00Z,0,0
1844505072,2016-04-05T01:00:00Z,0,0
1844505072,2016-04-05T02:00:00Z,0,0
1844505072,2016-04-05T03:00:00Z,0,0
1844505072,2016-04-05T04:00:00Z,0,0
1844505072,2016-04-05T05:00:00Z,0,0
1844505072,2016-04-05T06:00:00Z,0,0
1844505072,2016-04-05T07:00:00Z,0,0
1844505072,2016-04-05T08:00:00Z,0,0
1844505072,2016-04-05T09:00:00Z,0,0
1844505072,2016-04-05T10:00:00Z,0,0
1844505072,2016-04-05T11:00:00Z,0,0
1844505072,2016-04-05T12:00:00Z,0,0
1844505072,2016-04-05T13:00:00Z,0,0
1844505072,2016-04-05T14:00:00Z,0,0
1844505072,2016-04-05T15:00:00Z,0,0
1844505072,2016-04-05T16:00:00Z,0,0
1844505072,2016-04-05T17:00:00Z,0,0
1844505072,2016-04-05T18:00:00Z,0,0
1844505072,2016-04-05T19:00:00Z,0,0
1844505072,2016-04-05T20:00:00Z,0,0
1844505072,2016-04-05T21:00:00Z,0,0
1844505072,2016-04-05T22:00:00Z,0,0
1844505072,2016-04-05T23:00:00Z,0,0
1844505072,2016-04-06T00:00:00Z,0,0
1844505072,2016-04-06T01:00:00Z,0,0
1844505072,2016-04-06T02:00:00Z,0,0
1844505072,2016-04-06T03:00:00Z,0,0
1844505072,2016-04-06T04:00:00Z,0,0
1844505072,2016-04-06T05:00:00Z,0,0
1844505072,2016-04-06T06:00:00Z,0,0
1844505072,2016-04-06T07:00:00Z,0,0
1844505072,2016-04-06T08:00:00Z,0,0
1844505072,2016-04-06T09:00:00Z,0,0
1844505072,2016-04-06T10:00:00Z,0,0
1844505072,2016-04-06T11:00:00Z,0,0
1844505072,2016-04-06T12:00:00Z,0,0
1844505072,2016-04-06T13:00:00Z,0,0
1844505072,2016-04-06T14:00:00Z,0,0
1844505072,2016-04-06T15:00:00Z,0,0
1844505072,2016-04-06T16:00:00Z,0,0
1844505072,2016-04-06T17:00:00Z,0,0
1844505072,2016-04-06T18:00:00Z,0,0
1844505072,2016-04-06T19:00:00Z,0,0
1844505072,2016-04-06T20:00:00Z,0,0
1844505072,2016-04-06T21:00:00Z,0,0
1844505072,2016-04-06T22:00:00Z,0,0
1844505072,2016-04-06T23:00:00Z,1,0.016667
1844505072,2016-04-07T00:00:00Z,0,0
1844505072,2016-04-07T01:00:00Z,0,0
1844505072,2016-04-07T02:00:00Z,0,0
1844505072,2016-04-07T03:00:00Z,0,0
1844505072,2016-04-07T04:00:00Z,0,0
1844505072,2016-04-07T05:00:00Z,0,0
1844505072,2016-04-07T06:00:00Z,0,0
1844505072,2016-04-07T07:00:00Z,0,0
1844505072,2016-04-07T08:00:00Z,0,0
1844505072,2016-04-07T09:00:00Z,20,0.333333
1844505072,2016-04-07T10:00:00Z,33,0.55
1844505072,2016-04-07T11:00:00Z,22,0.366667
1844505072,2016-04-07T12:00:00Z,27,0.45
1844505072,2016-04-07T13:00:00Z,21,0.35
1844505072,2016-04-07T14:00:00Z,28,0.466667
1844505072,2016-04-07T15:00:00Z,27,0.45
1844505072,2016-04-07T16:00:00Z,23,0.383333
1844505072,2016-04-07T17:00:00Z,19,0.316667
1844505072,2016-04-07T18:00:00Z,19,0.316667
1844505072,2016-04-07T19:00:00Z,14,0.233333
1844505072,2016-04-07T20:00:00Z,7,0.116667
1844505072,2016-04-07T21:00:00Z,15,0.25
1844505072,2016-04-07T22:00:00Z,8,0.133333
1844505072,2016-04-07T23:00:00Z,7,0.116667
1844505072,2016-04-08T00:00:00Z,7,0.116667
1844505072,2016-04-08T01:00:00Z,2,0.033333
1844505072,2016-04-08T02:00:00Z,0,0
1844505072,2016-04-08T03:00:00Z,0,0
1844505072,2016-04-08T04:00:00Z,0,0
1844505072,2016-04-08T05:00:00Z,0,0
1844505072,2016-04-08T06:00:00Z,1,0.016667
1844505072,2016-04-08T07:00:00Z,0,0
1844505072,2016-04-08T08:00:00Z,0,0
1844505072,2016-04-08T09:00:00Z,15,0.25
1844505072,2016-04-08T10:00:00Z,42,0.7
1844505072,2016-04-08T11:00:00Z,19,0.316667
1844505072,2016-04-08T12:00:00Z,20,0.333333
1844505072,2016-04-08T13:00:00Z,10,0.166667
1844505072,2016-04-08T14:00:00Z,8,0.133333
1844505072,2016-04-08T15:00:00Z,13,0.216667
1844505072,2016-04-08T16:00:00Z,24,0.4
1844505072,2016-04-08T17:00:00Z,15,0.25
1844505072,2016-04-08T18:00:00Z,23,0.383333
1844505072,2016-04-08T19:00:00Z,8,0.133333
1844505072,2016-04-08T20:00:00Z,14,0.233333
1844505072,2016-04-08T21:00:00Z,0,0
1844505072,2016-04-08T22:00:00Z,0,0
1844505072,2016-04-08T23:00:00Z,0,0
1844505072,2016-04-09T00:00:00Z,0,0
1844505072,2016-04-09T01:00:00Z,0,0
1844505072,2016-04-09T02:00:00Z,0,0
1844505072,2016-04-09T03:00:00Z,0,0
1844505072,2016-04-09T04:00:00Z,0,0
1844505072,2016-04-09T05:00:00Z,0,0
1844505072,2016-04-09T06:00:00Z,0,0
1844505072,2016-04-09T07:00:00Z,0,0
1844505072,2016-04-09T08:00:00Z,14,0.233333
1844505072,2016-04-09T09:00:00Z,15,0.25
1844505072,2016-04-09T10:00:00Z,8,0.133333
1844505072,2016-04-09T11:00:00Z,10,0.166667
1844505072,2016-04-09T12:00:00Z,15,0.25
1844505072,2016-04-09T13:00:00Z,3,0.05
1844505072,2016-04-09T14:00:00Z,0,0
1844505072,2016-04-09T15:00:00Z,17,0.283333
1844505072,2016-04-09T16:00:00Z,9,0.15
1844505072,2016-04-09T17:00:00Z,15,0.25
1844505072,2016-04-09T18:00:00Z,18,0.3
1844505072,2016-04-09T19:00:00Z,16,0.266667
1844505072,2016-04-09T20:00:00Z,14,0.233333
1844505072,2016-04-09T21:00:00Z,13,0.216667
1844505072,2016-04-09T22:00:00Z,0,0
1844505072,2016-04-09T23:00:00Z,17,0.283333
1844505072,2016-04-10T00:00:00Z,5,0.083333
1844505072,2016-04-10T01:00:00Z,8,0.133333
1844505072,2016-04-10T02:00:00Z,0,0
1844505072,2016-04-10T03:00:00Z,0,0
1844505072,2016-04-10T04:00:00Z,0,0
1844505072,2016-04-10T05:00:00Z,0,0
1844505072,2016-04-10T06:00:00Z,0,0
1844505072,2016-04-10T07:00:00Z,0,0
1844505072,2016-04-10T08:00:00Z,0,0
1844505072,2016-04-10T09:00:00Z,0,0
1844505072,2016-04-10T10:00:00Z,0,0
1844505072,2016-04-10T11:00:00Z,25,0.416667
1844505072,2016-04-10T12:00:00Z,14,0.233333
1844505072,2016-04-10T13:00:00Z,29,0.483333
1844505072,2016-04-10T14:00:00Z,18,0.3
1844505072,2016-04-10T15:00:00Z,21,0.35
1844505072,2016-04-10T16:00:00Z,33,0.55
1844505072,2016-04-10T17:00:00Z,15,0.25
1844505072,2016-04-10T18:00:00Z,3,0.05
1844505072,2016-04-10T19:00:00Z,31,0.516667
1844505072,2016-04-10T20:00:00Z,15,0.25
1844505072,2016-04-10T21:00:00Z,30,0.5
1844505072,2016-04-10T22:00:00Z,30,0.5
1844505072,2016-04-10T23:00:00Z,28,0.466667
1844505072,2016-04-11T00:00:00Z,28,0.466667
1844505072,2016-04-11T01:00:00Z,4,0.066667
1844505072,2016-04-11T02:00:00Z,0,0
1844505072,2016-04-11T03:00:00Z,0,0
1844505072,2016-04-11T04:00:00Z,0,0
1844505072,2016-04-11T05:00:00Z,0,0
1844505072,2016-04-11T06:00:00Z,0,0
1844505072,2016-04-11T07:00:00Z,0,0
1844505072,2016-04-11T08:00:00Z,0,0
1844505072,2016-04-11T09:00:00Z,0,0
1844505072,2016-04-11T10:00:00Z,26,0.433333
1844505072,2016-04-11T11:00:00Z,14,0.233333
1844505072,2016-04-11T12:00:00Z,12,0.2
1844505072,2016-04-11T13:00:00Z,13,0.216667
1844505072,2016-04-11T14:00:00Z,3,0.05
1844505072,2016-04-11T15:00:00Z,8,0.133333
1844505072,2016-04-11T16:00:00Z,12,0.2
1844505072,2016-04-11T17:00:00Z,14,0.233333
1844505072,2016-04-11T18:00:00Z,33,0.55
1844505072,2016-04-11T19:00:00Z,31,0.516667
1844505072,2016-04-11T20:00:00Z,26,0.433333
1844505072,2016-04-11T21:00:00Z,2,0.033333
1844505072,2016-04-11T22:00:00Z,14,0.233333
1844505072,2016-04-11T23:00:00Z,11,0.183333
1844505072,2016-04-12T00:00:00Z,0,0
1844505072,2016-04-12T01:00:00Z,0,0
1844505072,2016-04-12T02:00:00Z,0,0
1844505072,2016-04-12T03:00:00Z,0,0
1844505072,2016-04-12T04:00:00Z,0,0
1844505072,2016-04-12T05:00:00Z,0,0
1844505072,2016-04-12T06:00:00Z,0,0
1927972279,2016-03-12T00:00:00Z,0,0
1927972279,2016-03-12T01:00:00Z,0,0
1927972279,2016-03-12T02:00:00Z,0,0
1927972279,2016-03-12T03:00:00Z,0,0
1927972279,2016-03-12T04:00:00Z,0,0
1927972279,2016-03-12T05:00:00Z,0,0
1927972279,2016-03-12T06:00:00Z,0,0
1927972279,2016-03-12T07:00:00Z,0,0
1927972279,2016-03-12T08:00:00Z,7,0.116667
1927972279,2016-03-12T09:00:00Z,41,0.683333
1927972279,2016-03-12T10:00:00Z,30,0.5
1927972279,2016-03-12T11:00:00Z,25,0.416667
1927972279,2016-03-12T12:00:00Z,18,0.3
1927972279,2016-03-12T13:00:00Z,7,0.116667
1927972279,2016-03-12T14:00:00Z,6,0.1
1927972279,2016-03-12T15:00:00Z,16,0.266667
1927972279,2016-03-12T16:00:00Z,14,0.233333
1927972279,2016-03-12T17:00:00Z,19,0.316667
1927972279,2016-03-12T18:00:00Z,17,0.283333
1927972279,2016-03-12T19:00:00Z,5,0.083333
1927972279,2016-03-12T20:00:00Z,0,0
1927972279,2016-03-12T21:00:00Z,7,0.116667
1927972279,2016-03-12T22:00:00Z,5,0.083333
1927972279,2016-03-12T23:00:00Z,6,0.1
1927972279,2016-03-13T00:00:00Z,0,0
1927972279,2016-03-13T01:00:00Z,0,0
1927972279,2016-03-13T02:00:00Z,0,0
1927972279,2016-03-13T03:00:00Z,0,0
1927972279,2016-03-13T04:00:00Z,0,0
1927972279,2016-03-13T05:00:00Z,3,0.05
1927972279,2016-03-13T06:00:00Z,6,0.1
1927972279,2016-03-13T07:00:00Z,23,0.383333
1927972279,2016-03-13T08:00:00Z,46,0.766667
1927972279,2016-03-13T09:00:00Z,6,0.1
1927972279,2016-03-13T10:00:00Z,0,0
1927972279,2016-03-13T11:00:00Z,1,0.016667
1927972279,2016-03-13T12:00:00Z,2,0.033333
1927972279,2016-03-13T13:00:00Z,7,0.116667
1927972279,2016-03-13T14:00:00Z,15,0.25
1927972279,2016-03-13T15:00:00Z,3,0.05
1927972279,2016-03-13T16:00:00Z,4,0.066667
1927972279,2016-03-13T17:00:00Z,13,0.216667
1927972279,2016-03-13T18:00:00Z,19,0.316667
1927972279,2016-03-13T19:00:00Z,10,0.166667
1927972279,2016-03-13T20:00:00Z,11,0.183333
1927972279,2016-03-13T21:00:00Z,4,0.066667
1927972279,2016-03-13T22:00:00Z,4,0.066667
1927972279,2016-03-13T23:00:00Z,2,0.033333
1927972279,2016-03-14T00:00:00Z,0,0
1927972279,2016-03-14T01:00:00Z,9,0.15
1927972279,2016-03-14T02:00:00Z,5,0.083333
1927972279,2016-03-14T03:00:00Z,3,0.05
1927972279,2016-03-14T04:00:00Z,0,0
1927972279,2016-03-14T05:00:00Z,0,0
1927972279,2016-03-14T06:00:00Z,0,0
1927972279,2016-03-14T07:00:00Z,0,0
1927972279,2016-03-14T08:00:00Z,0,0
1927972279,2016-03-14T09:00:00Z,0,0
1927972279,2016-03-14T10:00:00Z,0,0
1927972279,2016-03-14T11:00:00Z,0,0
1927972279,2016-03-14T12:00:00Z,0,0
1927972279,2016-03-14T13:00:00Z,0,0
1927972279,2016-03-14T14:00:00Z,0,0
1927972279,2016-03-14T15:00:00Z,0,0
1927972279,2016-03-14T16:00:00Z,0,0
1927972279,2016-03-14T17:00:00Z,0,0
1927972279,2016-03-14T18:00:00Z,0,0
1927972279,2016-03-14T19:00:00Z,0,0
1927972279,2016-03-14T20:00:00Z,0,0
1927972279,2016-03-14T21:00:00Z,0,0
1927972279,2016-03-14T22:00:00Z,0,0
1927972279,2016-03-14T23:00:00Z,0,0
1927972279,2016-03-15T00:00:00Z,0,0
1927972279,2016-03-15T01:00:00Z,0,0
1927972279,2016-03-15T02:00:00Z,0,0
1927972279,2016-03-15T03:00:00Z,0,0
1927972279,2016-03-15T04:00:00Z,0,0
1927972279,2016-03-15T05:00:00Z,0,0
1927972279,2016-03-15T06:00:00Z,0,0
1927972279,2016-03-15T07:00:00Z,0,0
1927972279,2016-03-15T08:00:00Z,0,0
1927972279,2016-03-15T09:00:00Z,0,0
1927972279,2016-03-15T10:00:00Z,0,0
1927972279,2016-03-15T11:00:00Z,0,0
1927972279,2016-03-15T12:00:00Z,132,2.2
1927972279,2016-03-15T13:00:00Z,13,0.216667
1927972279,2016-03-15T14:00:00Z,1,0.016667
1927972279,2016-03-15T15:00:00Z,0,0
1927972279,2016-03-15T16:00:00Z,0,0
1927972279,2016-03-15T17:00:00Z,0,0
1927972279,2016-03-15T18:00:00Z,5,0.083333
1927972279,2016-03-15T19:00:00Z,11,0.183333
1927972279,2016-03-15T20:00:00Z,2,0.033333
1927972279,2016-03-15T21:00:00Z,5,0.083333
1927972279,2016-03-15T22:00:00Z,2,0.033333
1927972279,2016-03-15T23:00:00Z,4,0.066667
1927972279,2016-03-16T00:00:00Z,0,0
1927972279,2016-03-16T01:00:00Z,0,0
1927972279,2016-03-16T02:00:00Z,2,0.033333
1927972279,2016-03-16T03:00:00Z,3,0.05
1927972279,2016-03-16T04:00:00Z,1,0.016667
1927972279,2016-03-16T05:00:00Z,0,0
1927972279,2016-03-16T06:00:00Z,3,0.05
1927972279,2016-03-16T07:00:00Z,7,0.116667
1927972279,2016-03-16T08:00:00Z,2,0.033333
1927972279,2016-03-16T09:00:00Z,0,0
1927972279,2016-03-16T10:00:00Z,0,0
1927972279,2016-03-16T11:00:00Z,2,0.033333
1927972279,2016-03-16T12:00:00Z,15,0.25
1927972279,2016-03-16T13:00:00Z,11,0.183333
1927972279,2016-03-16T14:00:00Z,156,2.6
1927972279,2016-03-16T15:00:00Z,58,0.966667
1927972279,2016-03-16T16:00:00Z,25,0.416667
1927972279,2016-03-16T17:00:00Z,8,0.133333
1927972279,2016-03-16T18:00:00Z,0,0
1927972279,2016-03-16T19:00:00Z,8,0.133333
1927972279,2016-03-16T20:00:00Z,5,0.083333
1927972279,2016-03-16T21:00:00Z,4,0.066667
1927972279,2016-03-16T22:00:00Z,1,0.016667
1927972279,2016-03-16T23:00:00Z,0,0
1927972279,2016-03-17T00:00:00Z,3,0.05
1927972279,2016-03-17T01:00:00Z,0,0
1927972279,2016-03-17T02:00:00Z,0,0
1927972279,2016-03-17T03:00:00Z,0,0
1927972279,2016-03-17T04:00:00Z,0,0
1927972279,2016-03-17T05:00:00Z,0,0
1927972279,2016-03-17T06:00:00Z,0,0
1927972279,2016-03-17T07:00:00Z,3,0.05
1927972279,2016-03-17T08:00:00Z,2,0.033333
1927972279,2016-03-17T09:00:00Z,11,0.183333
1927972279,2016-03-17T10:00:00Z,150,2.5
1927972279,2016-03-17T11:00:00Z,47,0.783333
1927972279,2016-03-17T12:00:00Z,105,1.75
1927972279,2016-03-17T13:00:00Z,8,0.133333
1927972279,2016-03-17T14:00:00Z,7,0.116667
1927972279,2016-03-17T15:00:00Z,16,0.266667
1927972279,2016-03-17T16:00:00Z,27,0.45
1927972279,2016-03-17T17:00:00Z,63,1.05
1927972279,2016-03-17T18:00:00Z,20,0.333333
1927972279,2016-03-17T19:00:00Z,30,0.5
1927972279,2016-03-17T20:00:00Z,7,0.116667
1927972279,2016-03-17T21:00:00Z,15,0.25
1927972279,2016-03-17T22:00:00Z,3,0.05
1927972279,2016-03-17T23:00:00Z,3,0.05
1927972279,2016-03-18T00:00:00Z,1,0.016667
1927972279,2016-03-18T01:00:00Z,0,0
1927972279,2016-03-18T02:00:00Z,3,0.05
1927972279,2016-03-18T03:00:00Z,7,0.116667
1927972279,2016-03-18T04:00:00Z,0,0
1927972279,2016-03-18T05:00:00Z,0,0
1927972279,2016-03-18T06:00:00Z,0,0
1927972279,2016-03-18T07:00:00Z,3,0.05
1927972279,2016-03-18T08:00:00Z,0,0
1927972279,2016-03-18T09:00:00Z,0,0
1927972279,2016-03-18T10:00:00Z,8,0.133333
1927972279,2016-03-18T11:00:00Z,16,0.266667
1927972279,2016-03-18T12:00:00Z,15,0.25
1927972279,2016-03-18T13:00:00Z,165,2.75
1927972279,2016-03-18T14:00:00Z,138,2.3
1927972279,2016-03-18T15:00:00Z,62,1.033333
1927972279,2016-03-18T16:00:00Z,119,1.983333
1927972279,2016-03-18T17:00:00Z,32,0.533333
1927972279,2016-03-18T18:00:00Z,17,0.283333
1927972279,2016-03-18T19:00:00Z,4,0.066667
1927972279,2016-03-18T20:00:00Z,7,0.116667
1927972279,2016-03-18T21:00:00Z,2,0.033333
1927972279,2016-03-18T22:00:00Z,2,0.033333
1927972279,2016-03-18T23:00:00Z,3,0.05
1927972279,2016-03-19T00:00:00Z,0,0
1927972279,2016-03-19T01:00:00Z,0,0
1927972279,2016-03-19T02:00:00Z,0,0
1927972279,2016-03-19T03:00:00Z,1,0.016667
1927972279,2016-03-19T04:00:00Z,0,0
1927972279,2016-03-19T05:00:00Z,0,0
1927972279,2016-03-19T06:00:00Z,5,0.083333
1927972279,2016-03-19T07:00:00Z,1,0.016667
1927972279,2016-03-19T08:00:00Z,0,0
1927972279,2016-03-19T09:00:00Z,0,0
1927972279,2016-03-19T10:00:00Z,1,0.016667
1927972279,2016-03-19T11:00:00Z,10,0.166667
1927972279,2016-03-19T12:00:00Z,3,0.05
1927972279,2016-03-19T13:00:00Z,8,0.133333
1927972279,2016-03-19T14:00:00Z,4,0.066667
1927972279,2016-03-19T15:00:00Z,23,0.383333
1927972279,2016-03-19T16:00:00Z,8,0.133333
1927972279,2016-03-19T17:00:00Z,19,0.316667
1927972279,2016-03-19T18:00:00Z,6,0.1
1927972279,2016-03-19T19:00:00Z,10,0.166667
1927972279,2016-03-19T20:00:00Z,5,0.083333
1927972279,2016-03-19T21:00:00Z,2,0.033333
1927972279,2016-03-19T22:00:00Z,4,0.066667
1927972279,2016-03-19T23:00:00Z,1,0.016667
1927972279,2016-03-20T00:00:00Z,0,0
1927972279,2016-03-20T01:00:00Z,0,0
1927972279,2016-03-20T02:00:00Z,0,0
1927972279,2016-03-20T03:00:00Z,0,0
1927972279,2016-03-20T04:00:00Z,2,0.033333
1927972279,2016-03-20T05:00:00Z,3,0.05
1927972279,2016-03-20T06:00:00Z,0,0
1927972279,2016-03-20T07:00:00Z,0,0
1927972279,2016-03-20T08:00:00Z,0,0
1927972279,2016-03-20T09:00:00Z,1,0.016667
1927972279,2016-03-20T10:00:00Z,11,0.183333
1927972279,2016-03-20T11:00:00Z,22,0.366667
1927972279,2016-03-20T12:00:00Z,29,0.483333
1927972279,2016-03-20T13:00:00Z,13,0.216667
1927972279,2016-03-20T14:00:00Z,5,0.083333
1927972279,2016-03-20T15:00:00Z,8,0.133333
1927972279,2016-03-20T16:00:00Z,9,0.15
1927972279,2016-03-20T17:00:00Z,14,0.233333
1927972279,2016-03-20T18:00:00Z,21,0.35
1927972279,2016-03-20T19:00:00Z,7,0.116667
1927972279,2016-03-20T20:00:00Z,10,0.166667
1927972279,2016-03-20T21:00:00Z,1,0.016667
1927972279,2016-03-20T22:00:00Z,4,0.066667
1927972279,2016-03-20T23:00:00Z,0,0
1927972279,2016-03-21T00:00:00Z,0,0
1927972279,2016-03-21T01:00:00Z,1,0.016667
1927972279,2016-03-21T02:00:00Z,0,0
1927972279,2016-03-21T03:00:00Z,0,0
1927972279,2016-03-21T04:00:00Z,1,0.016667
1927972279,2016-03-21T05:00:00Z,1,0.016667
1927972279,2016-03-21T06:00:00Z,10,0.166667
1927972279,2016-03-21T07:00:00Z,17,0.283333
1927972279,2016-03-21T08:00:00Z,2,0.033333
1927972279,2016-03-21T09:00:00Z,3,0.05
1927972279,2016-03-21T10:00:00Z,3,0.05
1927972279,2016-03-21T11:00:00Z,1,0.016667
1927972279,2016-03-21T12:00:00Z,2,0.033333
1927972279,2016-03-21T13:00:00Z,4,0.066667
1927972279,2016-03-21T14:00:00Z,7,0.116667
1927972279,2016-03-21T15:00:00Z,0,0
1927972279,2016-03-21T16:00:00Z,5,0.083333
1927972279,2016-03-21T17:00:00Z,5,0.083333
1927972279,2016-03-21T18:00:00Z,0,0
1927972279,2016-03-21T19:00:00Z,0,0
1927972279,2016-03-21T20:00:00Z,0,0
1927972279,2016-03-21T21:00:00Z,0,0
1927972279,2016-03-21T22:00:00Z,0,0
1927972279,2016-03-21T23:00:00Z,5,0.083333
1927972279,2016-03-22T00:00:00Z,4,0.066667
1927972279,2016-03-22T01:00:00Z,4,0.066667
1927972279,2016-03-22T02:00:00Z,1,0.016667
1927972279,2016-03-22T03:00:00Z,0,0
1927972279,2016-03-22T04:00:00Z,0,0
1927972279,2016-03-22T05:00:00Z,2,0.033333
1927972279,2016-03-22T06:00:00Z,1,0.016667
1927972279,2016-03-22T07:00:00Z,1,0.016667
1927972279,2016-03-22T08:00:00Z,0,0
1927972279,2016-03-22T09:00:00Z,2,0.033333
1927972279,2016-03-22T10:00:00Z,78,1.3
1927972279,2016-03-22T11:00:00Z,109,1.816667
1927972279,2016-03-22T12:00:00Z,0,0
1927972279,2016-03-22T13:00:00Z,0,0
1927972279,2016-03-22T14:00:00Z,0,0
1927972279,2016-03-22T15:00:00Z,0,0
1927972279,2016-03-22T16:00:00Z,6,0.1
1927972279,2016-03-22T17:00:00Z,4,0.066667
1927972279,2016-03-22T18:00:00Z,7,0.116667
1927972279,2016-03-22T19:00:00Z,2,0.033333
1927972279,2016-03-22T20:00:00Z,6,0.1
1927972279,2016-03-22T21:00:00Z,1,0.016667
1927972279,2016-03-22T22:00:00Z,7,0.116667
1927972279,2016-03-22T23:00:00Z,5,0.083333
1927972279,2016-03-23T00:00:00Z,4,0.066667
1927972279,2016-03-23T01:00:00Z,0,0
1927972279,2016-03-23T02:00:00Z,0,0
1927972279,2016-03-23T03:00:00Z,0,0
1927972279,2016-03-23T04:00:00Z,0,0
1927972279,2016-03-23T05:00:00Z,0,0
1927972279,2016-03-23T06:00:00Z,1,0.016667
1927972279,2016-03-23T07:00:00Z,3,0.05
1927972279,2016-03-23T08:00:00Z,12,0.2
1927972279,2016-03-23T09:00:00Z,30,0.5
1927972279,2016-03-23T10:00:00Z,26,0.433333
1927972279,2016-03-23T11:00:00Z,11,0.183333
1927972279,2016-03-23T12:00:00Z,10,0.166667
1927972279,2016-03-23T13:00:00Z,4,0.066667
1927972279,2016-03-23T14:00:00Z,8,0.133333
1927972279,2016-03-23T15:00:00Z,2,0.033333
1927972279,2016-03-23T16:00:00Z,18,0.3
1927972279,2016-03-23T17:00:00Z,2,0.033333
1927972279,2016-03-23T18:00:00Z,8,0.133333
1927972279,2016-03-23T19:00:00Z,18,0.3
1927972279,2016-03-23T20:00:00Z,4,0.066667
1927972279,2016-03-23T21:00:00Z,13,0.216667
1927972279,2016-03-23T22:00:00Z,2,0.033333
1927972279,2016-03-23T23:00:00Z,0,0
1927972279,2016-03-24T00:00:00Z,0,0
1927972279,2016-03-24T01:00:00Z,0,0
1927972279,2016-03-24T02:00:00Z,1,0.016667
1927972279,2016-03-24T03:00:00Z,1,0.016667
1927972279,2016-03-24T04:00:00Z,0,0
1927972279,2016-03-24T05:00:00Z,0,0
1927972279,2016-03-24T06:00:00Z,1,0.016667
1927972279,2016-03-24T07:00:00Z,0,0
1927972279,2016-03-24T08:00:00Z,4,0.066667
1927972279,2016-03-24T09:00:00Z,5,0.083333
1927972279,2016-03-24T10:00:00Z,2,0.033333
1927972279,2016-03-24T11:00:00Z,2,0.033333
1927972279,2016-03-24T12:00:00Z,0,0
1927972279,2016-03-24T13:00:00Z,0,0
1927972279,2016-03-24T14:00:00Z,5,0.083333
1927972279,2016-03-24T15:00:00Z,5,0.083333
1927972279,2016-03-24T16:00:00Z,19,0.316667
1927972279,2016-03-24T17:00:00Z,13,0.216667
1927972279,2016-03-24T18:00:00Z,0,0
1927972279,2016-03-24T19:00:00Z,0,0
1927972279,2016-03-24T20:00:00Z,0,0
1927972279,2016-03-24T21:00:00Z,0,0
1927972279,2016-03-24T22:00:00Z,0,0
1927972279,2016-03-24T23:00:00Z,0,0
1927972279,2016-03-25T00:00:00Z,0,0
1927972279,2016-03-25T01:00:00Z,0,0
1927972279,2016-03-25T02:00:00Z,0,0
1927972279,2016-03-25T03:00:00Z,0,0
1927972279,2016-03-25T04:00:00Z,0,0
1927972279,2016-03-25T05:00:00Z,6,0.1
1927972279,2016-03-25T06:00:00Z,2,0.033333
1927972279,2016-03-25T07:00:00Z,4,0.066667
1927972279,2016-03-25T08:00:00Z,1,0.016667
1927972279,2016-03-25T09:00:00Z,5,0.083333
1927972279,2016-03-25T10:00:00Z,4,0.066667
1927972279,2016-03-25T11:00:00Z,40,0.666667
1927972279,2016-03-25T12:00:00Z,20,0.333333
1927972279,2016-03-25T13:00:00Z,26,0.433333
1927972279,2016-03-25T14:00:00Z,4,0.066667
1927972279,2016-03-25T15:00:00Z,18,0.3
1927972279,2016-03-25T16:00:00Z,3,0.05
1927972279,2016-03-25T17:00:00Z,8,0.133333
1927972279,2016-03-25T18:00:00Z,4,0.066667
1927972279,2016-03-25T19:00:00Z,20,0.333333
1927972279,2016-03-25T20:00:00Z,10,0.166667
1927972279,2016-03-25T21:00:00Z,16,0.266667
1927972279,2016-03-25T22:00:00Z,13,0.216667
1927972279,2016-03-25T23:00:00Z,5,0.083333
1927972279,2016-03-26T00:00:00Z,4,0.066667
1927972279,2016-03-26T01:00:00Z,1,0.016667
1927972279,2016-03-26T02:00:00Z,0,0
1927972279,2016-03-26T03:00:00Z,0,0
1927972279,2016-03-26T04:00:00Z,0,0
1927972279,2016-03-26T05:00:00Z,0,0
1927972279,2016-03-26T06:00:00Z,0,0
1927972279,2016-03-26T07:00:00Z,14,0.233333
1927972279,2016-03-26T08:00:00Z,8,0.133333
1927972279,2016-03-26T09:00:00Z,1,0.016667
1927972279,2016-03-26T10:00:00Z,6,0.1
1927972279,2016-03-26T11:00:00Z,8,0.133333
1927972279,2016-03-26T12:00:00Z,27,0.45
1927972279,2016-03-26T13:00:00Z,11,0.183333
1927972279,2016-03-26T14:00:00Z,7,0.116667
1927972279,2016-03-26T15:00:00Z,8,0.133333
1927972279,2016-03-26T16:00:00Z,7,0.116667
1927972279,2016-03-26T17:00:00Z,5,0.083333
1927972279,2016-03-26T18:00:00Z,15,0.25
1927972279,2016-03-26T19:00:00Z,5,0.083333
1927972279,2016-03-26T20:00:00Z,12,0.2
1927972279,2016-03-26T21:00:00Z,0,0
1927972279,2016-03-26T22:00:00Z,0,0
1927972279,2016-03-26T23:00:00Z,0,0
1927972279,2016-03-27T00:00:00Z,0,0
1927972279,2016-03-27T01:00:00Z,0,0
1927972279,2016-03-27T02:00:00Z,0,0
1927972279,2016-03-27T03:00:00Z,0,0
1927972279,2016-03-27T04:00:00Z,0,0
1927972279,2016-03-27T05:00:00Z,0,0
1927972279,2016-03-27T06:00:00Z,0,0
1927972279,2016-03-27T07:00:00Z,0,0
1927972279,2016-03-27T08:00:00Z,0,0
1927972279,2016-03-27T09:00:00Z,6,0.1
1927972279,2016-03-27T10:00:00Z,3,0.05
1927972279,2016-03-27T11:00:00Z,14,0.233333
1927972279,2016-03-27T12:00:00Z,156,2.6
1927972279,2016-03-27T13:00:00Z,159,2.65
1927972279,2016-03-27T14:00:00Z,114,1.9
1927972279,2016-03-27T15:00:00Z,11,0.183333
1927972279,2016-03-27T16:00:00Z,13,0.216667
1927972279,2016-03-27T17:00:00Z,92,1.533333
1927972279,2016-03-27T18:00:00Z,16,0.266667
1927972279,2016-03-27T19:00:00Z,3,0.05
1927972279,2016-03-27T20:00:00Z,5,0.083333
1927972279,2016-03-27T21:00:00Z,3,0.05
1927972279,2016-03-27T22:00:00Z,0,0
1927972279,2016-03-27T23:00:00Z,0,0
1927972279,2016-03-28T00:00:00Z,0,0
1927972279,2016-03-28T01:00:00Z,0,0
1927972279,2016-03-28T02:00:00Z,0,0
1927972279,2016-03-28T03:00:00Z,2,0.033333
1927972279,2016-03-28T04:00:00Z,4,0.066667
1927972279,2016-03-28T05:00:00Z,1,0.016667
1927972279,2016-03-28T06:00:00Z,2,0.033333
1927972279,2016-03-28T07:00:00Z,16,0.266667
1927972279,2016-03-28T08:00:00Z,18,0.3
1927972279,2016-03-28T09:00:00Z,14,0.233333
1927972279,2016-03-28T10:00:00Z,10,0.166667
1927972279,2016-03-28T11:00:00Z,145,2.416667
1927972279,2016-03-28T12:00:00Z,8,0.133333
1927972279,2016-03-28T13:00:00Z,86,1.433333
1927972279,2016-03-28T14:00:00Z,100,1.666667
1927972279,2016-03-28T15:00:00Z,0,0
1927972279,2016-03-28T16:00:00Z,78,1.3
1927972279,2016-03-28T17:00:00Z,24,0.4
1927972279,2016-03-28T18:00:00Z,25,0.416667
1927972279,2016-03-28T19:00:00Z,68,1.133333
1927972279,2016-03-28T20:00:00Z,89,1.483333
1927972279,2016-03-28T21:00:00Z,1,0.016667
1927972279,2016-03-28T22:00:00Z,6,0.1
1927972279,2016-03-28T23:00:00Z,8,0.133333
1927972279,2016-03-29T00:00:00Z,0,0
1927972279,2016-03-29T01:00:00Z,0,0
1927972279,2016-03-29T02:00:00Z,0,0
1927972279,2016-03-29T03:00:00Z,0,0
1927972279,2016-03-29T04:00:00Z,0,0
1927972279,2016-03-29T05:00:00Z,0,0
1927972279,2016-03-29T06:00:00Z,1,0.016667
1927972279,2016-03-29T07:00:00Z,0,0
1927972279,2016-03-29T08:00:00Z,0,0
1927972279,2016-03-29T09:00:00Z,0,0
1927972279,2016-03-29T10:00:00Z,4,0.066667
1927972279,2016-03-29T11:00:00Z,1,0.016667
1927972279,2016-03-29T12:00:00Z,5,0.083333
1927972279,2016-03-29T13:00:00Z,11,0.183333
1927972279,2016-03-29T14:00:00Z,0,0
1927972279,2016-03-29T15:00:00Z,12,0.2
1927972279,2016-03-29T16:00:00Z,3,0.05
1927972279,2016-03-29T17:00:00Z,0,0
1927972279,2016-03-29T18:00:00Z,3,0.05
1927972279,2016-03-29T19:00:00Z,21,0.35
1927972279,2016-03-29T20:00:00Z,56,0.933333
1927972279,2016-03-29T21:00:00Z,49,0.816667
1927972279,2016-03-29T22:00:00Z,41,0.683333
1927972279,2016-03-29T23:00:00Z,8,0.133333
1927972279,2016-03-30T00:00:00Z,0,0
1927972279,2016-03-30T01:00:00Z,1,0.016667
1927972279,2016-03-30T02:00:00Z,7,0.116667
1927972279,2016-03-30T03:00:00Z,2,0.033333
1927972279,2016-03-30T04:00:00Z,0,0
1927972279,2016-03-30T05:00:00Z,0,0
1927972279,2016-03-30T06:00:00Z,0,0
1927972279,2016-03-30T07:00:00Z,2,0.033333
1927972279,2016-03-30T08:00:00Z,0,0
1927972279,2016-03-30T09:00:00Z,1,0.016667
1927972279,2016-03-30T10:00:00Z,0,0
1927972279,2016-03-30T11:00:00Z,13,0.216667
1927972279,2016-03-30T12:00:00Z,14,0.233333
1927972279,2016-03-30T13:00:00Z,174,2.9
1927972279,2016-03-30T14:00:00Z,163,2.716667
1927972279,2016-03-30T15:00:00Z,118,1.966667
1927972279,2016-03-30T16:00:00Z,16,0.266667
1927972279,2016-03-30T17:00:00Z,1,0.016667
1927972279,2016-03-30T18:00:00Z,5,0.083333
1927972279,2016-03-30T19:00:00Z,6,0.1
1927972279,2016-03-30T20:00:00Z,1,0.016667
1927972279,2016-03-30T21:00:00Z,0,0
1927972279,2016-03-30T22:00:00Z,3,0.05
1927972279,2016-03-30T23:00:00Z,1,0.016667
1927972279,2016-03-31T00:00:00Z,2,0.033333
1927972279,2016-03-31T01:00:00Z,0,0
1927972279,2016-03-31T02:00:00Z,0,0
1927972279,2016-03-31T03:00:00Z,0,0
1927972279,2016-03-31T04:00:00Z,0,0
1927972279,2016-03-31T05:00:00Z,3,0.05
1927972279,2016-03-31T06:00:00Z,12,0.2
1927972279,2016-03-31T07:00:00Z,1,0.016667
1927972279,2016-03-31T08:00:00Z,0,0
1927972279,2016-03-31T09:00:00Z,0,0
1927972279,2016-03-31T10:00:00Z,4,0.066667
1927972279,2016-03-31T11:00:00Z,4,0.066667
1927972279,2016-03-31T12:00:00Z,57,0.95
1927972279,2016-03-31T13:00:00Z,102,1.7
1927972279,2016-03-31T14:00:00Z,0,0
1927972279,2016-03-31T15:00:00Z,0,0
1927972279,2016-03-31T16:00:00Z,0,0
1927972279,2016-03-31T17:00:00Z,0,0
1927972279,2016-03-31T18:00:00Z,0,0
1927972279,2016-03-31T19:00:00Z,0,0
1927972279,2016-03-31T20:00:00Z,4,0.066667
1927972279,2016-03-31T21:00:00Z,5,0.083333
1927972279,2016-03-31T22:00:00Z,1,0.016667
1927972279,2016-03-31T23:00:00Z,4,0.066667
1927972279,2016-04-01T00:00:00Z,0,0
1927972279,2016-04-01T01:00:00Z,1,0.016667
1927972279,2016-04-01T02:00:00Z,0,0
1927972279,2016-04-01T03:00:00Z,0,0
1927972279,2016-04-01T04:00:00Z,0,0
1927972279,2016-04-01T05:00:00Z,1,0.016667
1927972279,2016-04-01T06:00:00Z,6,0.1
1927972279,2016-04-01T07:00:00Z,1,0.016667
1927972279,2016-04-01T08:00:00Z,0,0
1927972279,2016-04-01T09:00:00Z,0,0
1927972279,2016-04-01T10:00:00Z,3,0.05
1927972279,2016-04-01T11:00:00Z,8,0.133333
1927972279,2016-04-01T12:00:00Z,8,0.133333
1927972279,2016-04-01T13:00:00Z,4,0.066667
1927972279,2016-04-01T14:00:00Z,4,0.066667
1927972279,2016-04-01T15:00:00Z,31,0.516667
1927972279,2016-04-01T16:00:00Z,51,0.85
1927972279,2016-04-01T17:00:00Z,61,1.016667
1927972279,2016-04-01T18:00:00Z,7,0.116667
1927972279,2016-04-01T19:00:00Z,11,0.183333
1927972279,2016-04-01T20:00:00Z,3,0.05
1927972279,2016-04-01T21:00:00Z,5,0.083333
1927972279,2016-04-01T22:00:00Z,0,0
1927972279,2016-04-01T23:00:00Z,9,0.15
1927972279,2016-04-02T00:00:00Z,6,0.1
1927972279,2016-04-02T01:00:00Z,0,0
1927972279,2016-04-02T02:00:00Z,3,0.05
1927972279,2016-04-02T03:00:00Z,1,0.016667
1927972279,2016-04-02T04:00:00Z,0,0
1927972279,2016-04-02T05:00:00Z,1,0.016667
1927972279,2016-04-02T06:00:00Z,2,0.033333
1927972279,2016-04-02T07:00:00Z,0,0
1927972279,2016-04-02T08:00:00Z,2,0.033333
1927972279,2016-04-02T09:00:00Z,11,0.183333
1927972279,2016-04-02T10:00:00Z,2,0.033333
1927972279,2016-04-02T11:00:00Z,23,0.383333
1927972279,2016-04-02T12:00:00Z,18,0.3
1927972279,2016-04-02T13:00:00Z,5,0.083333
1927972279,2016-04-02T14:00:00Z,21,0.35
1927972279,2016-04-02T15:00:00Z,47,0.783333
1927972279,2016-04-02T16:00:00Z,55,0.916667
1927972279,2016-04-02T17:00:00Z,42,0.7
1927972279,2016-04-02T18:00:00Z,2,0.033333
1927972279,2016-04-02T19:00:00Z,4,0.066667
1927972279,2016-04-02T20:00:00Z,4,0.066667
1927972279,2016-04-02T21:00:00Z,14,0.233333
1927972279,2016-04-02T22:00:00Z,0,0
1927972279,2016-04-02T23:00:00Z,4,0.066667
1927972279,2016-04-03T00:00:00Z,2,0.033333
1927972279,2016-04-03T01:00:00Z,0,0
1927972279,2016-04-03T02:00:00Z,0,0
1927972279,2016-04-03T03:00:00Z,0,0
1927972279,2016-04-03T04:00:00Z,0,0
1927972279,2016-04-03T05:00:00Z,0,0
1927972279,2016-04-03T06:00:00Z,0,0
1927972279,2016-04-03T07:00:00Z,0,0
1927972279,2016-04-03T08:00:00Z,0,0
1927972279,2016-04-03T09:00:00Z,18,0.3
1927972279,2016-04-03T10:00:00Z,20,0.333333
1927972279,2016-04-03T11:00:00Z,11,0.183333
1927972279,2016-04-03T12:00:00Z,17,0.283333
1927972279,2016-04-03T13:00:00Z,2,0.033333
1927972279,2016-04-03T14:00:00Z,1,0.016667
1927972279,2016-04-03T15:00:00Z,23,0.383333
1927972279,2016-04-03T16:00:00Z,15,0.25
1927972279,2016-04-03T17:00:00Z,9,0.15
1927972279,2016-04-03T18:00:00Z,8,0.133333
1927972279,2016-04-03T19:00:00Z,12,0.2
1927972279,2016-04-03T20:00:00Z,4,0.066667
1927972279,2016-04-03T21:00:00Z,4,0.066667
1927972279,2016-04-03T22:00:00Z,0,0
1927972279,2016-04-03T23:00:00Z,0,0
1927972279,2016-04-04T00:00:00Z,0,0
1927972279,2016-04-04T01:00:00Z,0,0
1927972279,2016-04-04T02:00:00Z,0,0
1927972279,2016-04-04T03:00:00Z,0,0
1927972279,2016-04-04T04:00:00Z,0,0
1927972279,2016-04-04T05:00:00Z,1,0.016667
1927972279,2016-04-04T06:00:00Z,0,0
1927972279,2016-04-04T07:00:00Z,0,0
1927972279,2016-04-04T08:00:00Z,0,0
1927972279,2016-04-04T09:00:00Z,5,0.083333
1927972279,2016-04-04T10:00:00Z,1,0.016667
1927972279,2016-04-04T11:00:00Z,8,0.133333
1927972279,2016-04-04T12:00:00Z,3,0.05
1927972279,2016-04-04T13:00:00Z,3,0.05
1927972279,2016-04-04T14:00:00Z,11,0.183333
1927972279,2016-04-04T15:00:00Z,7,0.116667
1927972279,2016-04-04T16:00:00Z,12,0.2
1927972279,2016-04-04T17:00:00Z,30,0.5
1927972279,2016-04-04T18:00:00Z,14,0.233333
1927972279,2016-04-04T19:00:00Z,0,0
1927972279,2016-04-04T20:00:00Z,27,0.45
1927972279,2016-04-04T21:00:00Z,3,0.05
1927972279,2016-04-04T22:00:00Z,3,0.05
1927972279,2016-04-04T23:00:00Z,0,0
1927972279,2016-04-05T00:00:00Z,2,0.033333
1927972279,2016-04-05T01:00:00Z,0,0
1927972279,2016-04-05T02:00:00Z,0,0
1927972279,2016-04-05T03:00:00Z,1,0.016667
1927972279,2016-04-05T04:00:00Z,0,0
1927972279,2016-04-05T05:00:00Z,0,0
1927972279,2016-04-05T06:00:00Z,0,0
1927972279,2016-04-05T07:00:00Z,9,0.15
1927972279,2016-04-05T08:00:00Z,7,0.116667
1927972279,2016-04-05T09:00:00Z,10,0.166667
1927972279,2016-04-05T10:00:00Z,4,0.066667
1927972279,2016-04-05T11:00:00Z,2,0.033333
1927972279,2016-04-05T12:00:00Z,4,0.066667
1927972279,2016-04-05T13:00:00Z,7,0.116667
1927972279,2016-04-05T14:00:00Z,3,0.05
1927972279,2016-04-05T15:00:00Z,3,0.05
1927972279,2016-04-05T16:00:00Z,30,0.5
1927972279,2016-04-05T17:00:00Z,0,0
1927972279,2016-04-05T18:00:00Z,1,0.016667
1927972279,2016-04-05T19:00:00Z,0,0
1927972279,2016-04-05T20:00:00Z,6,0.1
1927972279,2016-04-05T21:00:00Z,9,0.15
1927972279,2016-04-05T22:00:00Z,9,0.15
1927972279,2016-04-05T23:00:00Z,1,0.016667
1927972279,2016-04-06T00:00:00Z,2,0.033333
1927972279,2016-04-06T01:00:00Z,0,0
1927972279,2016-04-06T02:00:00Z,0,0
1927972279,2016-04-06T03:00:00Z,1,0.016667
1927972279,2016-04-06T04:00:00Z,0,0
1927972279,2016-04-06T05:00:00Z,0,0
1927972279,2016-04-06T06:00:00Z,0,0
1927972279,2016-04-06T07:00:00Z,2,0.033333
1927972279,2016-04-06T08:00:00Z,16,0.266667
1927972279,2016-04-06T09:00:00Z,24,0.4
1927972279,2016-04-06T10:00:00Z,18,0.3
1927972279,2016-04-06T11:00:00Z,2,0.033333
1927972279,2016-04-06T12:00:00Z,6,0.1
1927972279,2016-04-06T13:00:00Z,2,0.033333
1927972279,2016-04-06T14:00:00Z,0,0
1927972279,2016-04-06T15:00:00Z,0,0
1927972279,2016-04-06T16:00:00Z,0,0
1927972279,2016-04-06T17:00:00Z,0,0
1927972279,2016-04-06T18:00:00Z,0,0
1927972279,2016-04-06T19:00:00Z,0,0
1927972279,2016-04-06T20:00:00Z,0,0
1927972279,2016-04-06T21:00:00Z,0,0
1927972279,2016-04-06T22:00:00Z,0,0
1927972279,2016-04-06T23:00:00Z,0,0
1927972279,2016-04-07T00:00:00Z,0,0
1927972279,2016-04-07T01:00:00Z,0,0
1927972279,2016-04-07T02:00:00Z,0,0
1927972279,2016-04-07T03:00:00Z,0,0
1927972279,2016-04-07T04:00:00Z,0,0
1927972279,2016-04-07T05:00:00Z,0,0
1927972279,2016-04-07T06:00:00Z,0,0
1927972279,2016-04-07T07:00:00Z,0,0
1927972279,2016-04-07T08:00:00Z,0,0
1927972279,2016-04-07T09:00:00Z,0,0
1927972279,2016-04-07T10:00:00Z,0,0
1927972279,2016-04-07T11:00:00Z,0,0
1927972279,2016-04-07T12:00:00Z,0,0
1927972279,2016-04-07T13:00:00Z,5,0.083333
1927972279,2016-04-07T14:00:00Z,2,0.033333
1927972279,2016-04-07T15:00:00Z,8,0.133333
1927972279,2016-04-07T16:00:00Z,11,0.183333
1927972279,2016-04-07T17:00:00Z,6,0.1
1927972279,2016-04-07T18:00:00Z,11,0.183333
1927972279,2016-04-07T19:00:00Z,0,0
1927972279,2016-04-07T20:00:00Z,0,0
1927972279,2016-04-07T21:00:00Z,0,0
1927972279,2016-04-07T22:00:00Z,0,0
1927972279,2016-04-07T23:00:00Z,0,0
1927972279,2016-04-08T00:00:00Z,0,0
1927972279,2016-04-08T01:00:00Z,0,0
1927972279,2016-04-08T02:00:00Z,0,0
1927972279,2016-04-08T03:00:00Z,0,0
1927972279,2016-04-08T04:00:00Z,0,0
1927972279,2016-04-08T05:00:00Z,0,0
1927972279,2016-04-08T06:00:00Z,0,0
1927972279,2016-04-08T07:00:00Z,0,0
1927972279,2016-04-08T08:00:00Z,0,0
1927972279,2016-04-08T09:00:00Z,0,0
1927972279,2016-04-08T10:00:00Z,0,0
1927972279,2016-04-08T11:00:00Z,0,0
1927972279,2016-04-08T12:00:00Z,9,0.15
1927972279,2016-04-08T13:00:00Z,12,0.2
1927972279,2016-04-08T14:00:00Z,10,0.166667
1927972279,2016-04-08T15:00:00Z,3,0.05
1927972279,2016-04-08T16:00:00Z,0,0
1927972279,2016-04-08T17:00:00Z,0,0
1927972279,2016-04-08T18:00:00Z,0,0
1927972279,2016-04-08T19:00:00Z,0,0
1927972279,2016-04-08T20:00:00Z,0,0
1927972279,2016-04-08T21:00:00Z,0,0
1927972279,2016-04-08T22:00:00Z,0,0
1927972279,2016-04-08T23:00:00Z,0,0
1927972279,2016-04-09T00:00:00Z,0,0
1927972279,2016-04-09T01:00:00Z,0,0
1927972279,2016-04-09T02:00:00Z,0,0
1927972279,2016-04-09T03:00:00Z,0,0
1927972279,2016-04-09T04:00:00Z,0,0
1927972279,2016-04-09T05:00:00Z,0,0
1927972279,2016-04-09T06:00:00Z,0,0
1927972279,2016-04-09T07:00:00Z,0,0
1927972279,2016-04-09T08:00:00Z,0,0
1927972279,2016-04-09T09:00:00Z,0,0
1927972279,2016-04-09T10:00:00Z,4,0.066667
1927972279,2016-04-09T11:00:00Z,6,0.1
1927972279,2016-04-09T12:00:00Z,1,0.016667
1927972279,2016-04-09T13:00:00Z,16,0.266667
1927972279,2016-04-09T14:00:00Z,10,0.166667
1927972279,2016-04-09T15:00:00Z,24,0.4
1927972279,2016-04-09T16:00:00Z,19,0.316667
1927972279,2016-04-09T17:00:00Z,8,0.133333
1927972279,2016-04-09T18:00:00Z,40,0.666667
1927972279,2016-04-09T19:00:00Z,6,0.1
1927972279,2016-04-09T20:00:00Z,4,0.066667
1927972279,2016-04-09T21:00:00Z,3,0.05
1927972279,2016-04-09T22:00:00Z,8,0.133333
1927972279,2016-04-09T23:00:00Z,3,0.05
1927972279,2016-04-10T00:00:00Z,0,0
1927972279,2016-04-10T01:00:00Z,0,0
1927972279,2016-04-10T02:00:00Z,4,0.066667
1927972279,2016-04-10T03:00:00Z,2,0.033333
1927972279,2016-04-10T04:00:00Z,0,0
1927972279,2016-04-10T05:00:00Z,1,0.016667
1927972279,2016-04-10T06:00:00Z,0,0
1927972279,2016-04-10T07:00:00Z,0,0
1927972279,2016-04-10T08:00:00Z,5,0.083333
1927972279,2016-04-10T09:00:00Z,23,0.383333
1927972279,2016-04-10T10:00:00Z,1,0.016667
1927972279,2016-04-10T11:00:00Z,1,0.016667
1927972279,2016-04-10T12:00:00Z,14,0.233333
1927972279,2016-04-10T13:00:00Z,6,0.1
1927972279,2016-04-10T14:00:00Z,15,0.25
1927972279,2016-04-10T15:00:00Z,5,0.083333
1927972279,2016-04-10T16:00:00Z,11,0.183333
1927972279,2016-04-10T17:00:00Z,4,0.066667
1927972279,2016-04-10T18:00:00Z,14,0.233333
1927972279,2016-04-10T19:00:00Z,6,0.1
1927972279,2016-04-10T20:00:00Z,9,0.15
1927972279,2016-04-10T21:00:00Z,8,0.133333
1927972279,2016-04-10T22:00:00Z,10,0.166667
1927972279,2016-04-10T23:00:00Z,0,0
1927972279,2016-04-11T00:00:00Z,0,0
1927972279,2016-04-11T01:00:00Z,0,0
1927972279,2016-04-11T02:00:00Z,0,0
1927972279,2016-04-11T03:00:00Z,1,0.016667
1927972279,2016-04-11T04:00:00Z,2,0.033333
1927972279,2016-04-11T05:00:00Z,0,0
1927972279,2016-04-11T06:00:00Z,0,0
1927972279,2016-04-11T07:00:00Z,6,0.1
1927972279,2016-04-11T08:00:00Z,5,0.083333
1927972279,2016-04-11T09:00:00Z,1,0.016667
1927972279,2016-04-11T10:00:00Z,4,0.066667
1927972279,2016-04-11T11:00:00Z,0,0
1927972279,2016-04-11T12:00:00Z,8,0.133333
1927972279,2016-04-11T13:00:00Z,3,0.05
1927972279,2016-04-11T14:00:00Z,0,0
1927972279,2016-04-11T15:00:00Z,3,0.05
1927972279,2016-04-11T16:00:00Z,4,0.066667
1927972279,2016-04-11T17:00:00Z,16,0.266667
1927972279,2016-04-11T18:00:00Z,12,0.2
1927972279,2016-04-11T19:00:00Z,2,0.033333
1927972279,2016-04-11T20:00:00Z,2,0.033333
1927972279,2016-04-11T21:00:00Z,4,0.066667
1927972279,2016-04-11T22:00:00Z,0,0
1927972279,2016-04-11T23:00:00Z,0,0
1927972279,2016-04-12T00:00:00Z,0,0
1927972279,2016-04-12T01:00:00Z,0,0
1927972279,2016-04-12T02:00:00Z,0,0
1927972279,2016-04-12T03:00:00Z,0,0
1927972279,2016-04-12T04:00:00Z,1,0.016667
1927972279,2016-04-12T05:00:00Z,0,0
1927972279,2016-04-12T06:00:00Z,2,0.033333
1927972279,2016-04-12T07:00:00Z,0,0
1927972279,2016-04-12T08:00:00Z,0,0
1927972279,2016-04-12T09:00:00Z,0,0
1927972279,2016-04-12T10:00:00Z,0,0
2022484408,2016-03-12T00:00:00Z,0,0
2022484408,2016-03-12T01:00:00Z,0,0
2022484408,2016-03-12T02:00:00Z,0,0
2022484408,2016-03-12T03:00:00Z,0,0
2022484408,2016-03-12T04:00:00Z,0,0
2022484408,2016-03-12T05:00:00Z,0,0
2022484408,2016-03-12T06:00:00Z,0,0
2022484408,2016-03-12T07:00:00Z,15,0.25
2022484408,2016-03-12T08:00:00Z,115,1.916667
2022484408,2016-03-12T09:00:00Z,12,0.2
2022484408,2016-03-12T10:00:00Z,10,0.166667
2022484408,2016-03-12T11:00:00Z,39,0.65
2022484408,2016-03-12T12:00:00Z,27,0.45
2022484408,2016-03-12T13:00:00Z,16,0.266667
2022484408,2016-03-12T14:00:00Z,0,0
2022484408,2016-03-12T15:00:00Z,0,0
2022484408,2016-03-12T16:00:00Z,0,0
2022484408,2016-03-12T17:00:00Z,36,0.6
2022484408,2016-03-12T18:00:00Z,25,0.416667
2022484408,2016-03-12T19:00:00Z,7,0.116667
2022484408,2016-03-12T20:00:00Z,0,0
2022484408,2016-03-12T21:00:00Z,0,0
2022484408,2016-03-12T22:00:00Z,0,0
2022484408,2016-03-12T23:00:00Z,0,0
2022484408,2016-03-13T00:00:00Z,0,0
2022484408,2016-03-13T01:00:00Z,0,0
2022484408,2016-03-13T02:00:00Z,0,0
2022484408,2016-03-13T03:00:00Z,0,0
2022484408,2016-03-13T04:00:00Z,0,0
2022484408,2016-03-13T05:00:00Z,0,0
2022484408,2016-03-13T06:00:00Z,0,0
2022484408,2016-03-13T07:00:00Z,0,0
2022484408,2016-03-13T08:00:00Z,10,0.166667
2022484408,2016-03-13T09:00:00Z,32,0.533333
2022484408,2016-03-13T10:00:00Z,30,0.5
2022484408,2016-03-13T11:00:00Z,21,0.35
2022484408,2016-03-13T12:00:00Z,0,0
2022484408,2016-03-13T13:00:00Z,4,0.066667
2022484408,2016-03-13T14:00:00Z,27,0.45
2022484408,2016-03-13T15:00:00Z,19,0.316667
2022484408,2016-03-13T16:00:00Z,17,0.283333
2022484408,2016-03-13T17:00:00Z,18,0.3
2022484408,2016-03-13T18:00:00Z,17,0.283333
2022484408,2016-03-13T19:00:00Z,103,1.716667
2022484408,2016-03-13T20:00:00Z,18,0.3
2022484408,2016-03-13T21:00:00Z,0,0
2022484408,2016-03-13T22:00:00Z,0,0
2022484408,2016-03-13T23:00:00Z,10,0.166667
2022484408,2016-03-14T00:00:00Z,0,0
2022484408,2016-03-14T01:00:00Z,0,0
2022484408,2016-03-14T02:00:00Z,0,0
2022484408,2016-03-14T03:00:00Z,0,0
2022484408,2016-03-14T04:00:00Z,0,0
2022484408,2016-03-14T05:00:00Z,0,0
2022484408,2016-03-14T06:00:00Z,0,0
2022484408,2016-03-14T07:00:00Z,0,0
2022484408,2016-03-14T08:00:00Z,25,0.416667
2022484408,2016-03-14T09:00:00Z,155,2.583333
2022484408,2016-03-14T10:00:00Z,19,0.316667
2022484408,2016-03-14T11:00:00Z,1,0.016667
2022484408,2016-03-14T12:00:00Z,13,0.216667
2022484408,2016-03-14T13:00:00Z,29,0.483333
2022484408,2016-03-14T14:00:00Z,35,0.583333
2022484408,2016-03-14T15:00:00Z,38,0.633333
2022484408,2016-03-14T16:00:00Z,1,0.016667
2022484408,2016-03-14T17:00:00Z,6,0.1
2022484408,2016-03-14T18:00:00Z,30,0.5
2022484408,2016-03-14T19:00:00Z,50,0.833333
2022484408,2016-03-14T20:00:00Z,20,0.333333
2022484408,2016-03-14T21:00:00Z,0,0
2022484408,2016-03-14T22:00:00Z,0,0
2022484408,2016-03-14T23:00:00Z,0,0
2022484408,2016-03-15T00:00:00Z,0,0
2022484408,2016-03-15T01:00:00Z,0,0
2022484408,2016-03-15T02:00:00Z,0,0
2022484408,2016-03-15T03:00:00Z,0,0
2022484408,2016-03-15T04:00:00Z,0,0
2022484408,2016-03-15T05:00:00Z,0,0
2022484408,2016-03-15T06:00:00Z,0,0
2022484408,2016-03-15T07:00:00Z,0,0
2022484408,2016-03-15T08:00:00Z,0,0
2022484408,2016-03-15T09:00:00Z,16,0.266667
2022484408,2016-03-15T10:00:00Z,124,2.066667
2022484408,2016-03-15T11:00:00Z,72,1.2
2022484408,2016-03-15T12:00:00Z,13,0.216667
2022484408,2016-03-15T13:00:00Z,35,0.583333
2022484408,2016-03-15T14:00:00Z,31,0.516667
2022484408,2016-03-15T15:00:00Z,14,0.233333
2022484408,2016-03-15T16:00:00Z,30,0.5
2022484408,2016-03-15T17:00:00Z,30,0.5
2022484408,2016-03-15T18:00:00Z,101,1.683333
2022484408,2016-03-15T19:00:00Z,0,0
2022484408,2016-03-15T20:00:00Z,0,0
2022484408,2016-03-15T21:00:00Z,0,0
2022484408,2016-03-15T22:00:00Z,0,0
2022484408,2016-03-15T23:00:00Z,0,0
2022484408,2016-03-16T00:00:00Z,0,0
2022484408,2016-03-16T01:00:00Z,0,0
2022484408,2016-03-16T02:00:00Z,0,0
2022484408,2016-03-16T03:00:00Z,0,0
2022484408,2016-03-16T04:00:00Z,0,0
2022484408,2016-03-16T05:00:00Z,0,0
2022484408,2016-03-16T06:00:00Z,0,0
2022484408,2016-03-16T07:00:00Z,0,0
2022484408,2016-03-16T08:00:00Z,6,0.1
2022484408,2016-03-16T09:00:00Z,153,2.55
2022484408,2016-03-16T10:00:00Z,7,0.116667
2022484408,2016-03-16T11:00:00Z,15,0.25
2022484408,2016-03-16T12:00:00Z,22,0.366667
2022484408,2016-03-16T13:00:00Z,33,0.55
2022484408,2016-03-16T14:00:00Z,31,0.516667
2022484408,2016-03-16T15:00:00Z,58,0.966667
2022484408,2016-03-16T16:00:00Z,25,0.416667
2022484408,2016-03-16T17:00:00Z,22,0.366667
2022484408,2016-03-16T18:00:00Z,26,0.433333
2022484408,2016-03-16T19:00:00Z,23,0.383333
2022484408,2016-03-16T20:00:00Z,32,0.533333
2022484408,2016-03-16T21:00:00Z,1,0.016667
2022484408,2016-03-16T22:00:00Z,0,0
2022484408,2016-03-16T23:00:00Z,0,0
2022484408,2016-03-17T00:00:00Z,0,0
2022484408,2016-03-17T01:00:00Z,0,0
2022484408,2016-03-17T02:00:00Z,0,0
2022484408,2016-03-17T03:00:00Z,0,0
2022484408,2016-03-17T04:00:00Z,0,0
2022484408,2016-03-17T05:00:00Z,0,0
2022484408,2016-03-17T06:00:00Z,0,0
2022484408,2016-03-17T07:00:00Z,0,0
2022484408,2016-03-17T08:00:00Z,0,0
2022484408,2016-03-17T09:00:00Z,4,0.066667
2022484408,2016-03-17T10:00:00Z,17,0.283333
2022484408,2016-03-17T11:00:00Z,29,0.483333
2022484408,2016-03-17T12:00:00Z,38,0.633333
2022484408,2016-03-17T13:00:00Z,25,0.416667
2022484408,2016-03-17T14:00:00Z,13,0.216667
2022484408,2016-03-17T15:00:00Z,30,0.5
2022484408,2016-03-17T16:00:00Z,35,0.583333
2022484408,2016-03-17T17:00:00Z,20,0.333333
2022484408,2016-03-17T18:00:00Z,33,0.55
2022484408,2016-03-17T19:00:00Z,28,0.466667
2022484408,2016-03-17T20:00:00Z,31,0.516667
2022484408,2016-03-17T21:00:00Z,4,0.066667
2022484408,2016-03-17T22:00:00Z,0,0
2022484408,2016-03-17T23:00:00Z,0,0
2022484408,2016-03-18T00:00:00Z,0,0
2022484408,2016-03-18T01:00:00Z,0,0
2022484408,2016-03-18T02:00:00Z,0,0
2022484408,2016-03-18T03:00:00Z,0,0
2022484408,2016-03-18T04:00:00Z,0,0
2022484408,2016-03-18T05:00:00Z,0,0
2022484408,2016-03-18T06:00:00Z,0,0
2022484408,2016-03-18T07:00:00Z,0,0
2022484408,2016-03-18T08:00:00Z,7,0.116667
2022484408,2016-03-18T09:00:00Z,169,2.816667
2022484408,2016-03-18T10:00:00Z,43,0.716667
2022484408,2016-03-18T11:00:00Z,32,0.533333
2022484408,2016-03-18T12:00:00Z,11,0.183333
2022484408,2016-03-18T13:00:00Z,6,0.1
2022484408,2016-03-18T14:00:00Z,11,0.183333
2022484408,2016-03-18T15:00:00Z,32,0.533333
2022484408,2016-03-18T16:00:00Z,16,0.266667
2022484408,2016-03-18T17:00:00Z,25,0.416667
2022484408,2016-03-18T18:00:00Z,20,0.333333
2022484408,2016-03-18T19:00:00Z,22,0.366667
2022484408,2016-03-18T20:00:00Z,1,0.016667
2022484408,2016-03-18T21:00:00Z,0,0
2022484408,2016-03-18T22:00:00Z,0,0
2022484408,2016-03-18T23:00:00Z,0,0
2022484408,2016-03-19T00:00:00Z,0,0
2022484408,2016-03-19T01:00:00Z,0,0
2022484408,2016-03-19T02:00:00Z,0,0
2022484408,2016-03-19T03:00:00Z,0,0
2022484408,2016-03-19T04:00:00Z,0,0
2022484408,2016-03-19T05:00:00Z,0,0
2022484408,2016-03-19T06:00:00Z,0,0
2022484408,2016-03-19T07:00:00Z,17,0.283333
2022484408,2016-03-19T08:00:00Z,53,0.883333
2022484408,2016-03-19T09:00:00Z,13,0.216667
2022484408,2016-03-19T10:00:00Z,24,0.4
2022484408,2016-03-19T11:00:00Z,33,0.55
2022484408,2016-03-19T12:00:00Z,97,1.616667
2022484408,2016-03-19T13:00:00Z,69,1.15
2022484408,2016-03-19T14:00:00Z,5,0.083333
2022484408,2016-03-19T15:00:00Z,50,0.833333
2022484408,2016-03-19T16:00:00Z,25,0.416667
2022484408,2016-03-19T17:00:00Z,20,0.333333
2022484408,2016-03-19T18:00:00Z,56,0.933333
2022484408,2016-03-19T19:00:00Z,62,1.033333
2022484408,2016-03-19T20:00:00Z,1,0.016667
2022484408,2016-03-19T21:00:00Z,0,0
2022484408,2016-03-19T22:00:00Z,0,0
2022484408,2016-03-19T23:00:00Z,0,0
2022484408,2016-03-20T00:00:00Z,0,0
2022484408,2016-03-20T01:00:00Z,0,0
2022484408,2016-03-20T02:00:00Z,0,0
2022484408,2016-03-20T03:00:00Z,0,0
2022484408,2016-03-20T04:00:00Z,0,0
2022484408,2016-03-20T05:00:00Z,0,0
2022484408,2016-03-20T06:00:00Z,0,0
2022484408,2016-03-20T07:00:00Z,0,0
2022484408,2016-03-20T08:00:00Z,6,0.1
2022484408,2016-03-20T09:00:00Z,36,0.6
2022484408,2016-03-20T10:00:00Z,10,0.166667
2022484408,2016-03-20T11:00:00Z,12,0.2
2022484408,2016-03-20T12:00:00Z,29,0.483333
2022484408,2016-03-20T13:00:00Z,28,0.466667
2022484408,2016-03-20T14:00:00Z,23,0.383333
2022484408,2016-03-20T15:00:00Z,146,2.433333
2022484408,2016-03-20T16:00:00Z,47,0.783333
2022484408,2016-03-20T17:00:00Z,23,0.383333
2022484408,2016-03-20T18:00:00Z,40,0.666667
2022484408,2016-03-20T19:00:00Z,10,0.166667
2022484408,2016-03-20T20:00:00Z,0,0
2022484408,2016-03-20T21:00:00Z,0,0
2022484408,2016-03-20T22:00:00Z,0,0
2022484408,2016-03-20T23:00:00Z,0,0
2022484408,2016-03-21T00:00:00Z,0,0
2022484408,2016-03-21T01:00:00Z,0,0
2022484408,2016-03-21T02:00:00Z,0,0
2022484408,2016-03-21T03:00:00Z,0,0
2022484408,2016-03-21T04:00:00Z,0,0
2022484408,2016-03-21T05:00:00Z,0,0
2022484408,2016-03-21T06:00:00Z,0,0
2022484408,2016-03-21T07:00:00Z,10,0.166667
2022484408,2016-03-21T08:00:00Z,12,0.2
2022484408,2016-03-21T09:00:00Z,64,1.066667
2022484408,2016-03-21T10:00:00Z,152,2.533333
2022484408,2016-03-21T11:00:00Z,4,0.066667
2022484408,2016-03-21T12:00:00Z,21,0.35
2022484408,2016-03-21T13:00:00Z,5,0.083333
2022484408,2016-03-21T14:00:00Z,24,0.4
2022484408,2016-03-21T15:00:00Z,11,0.183333
2022484408,2016-03-21T16:00:00Z,22,0.366667
2022484408,2016-03-21T17:00:00Z,143,2.383333
2022484408,2016-03-21T18:00:00Z,27,0.45
2022484408,2016-03-21T19:00:00Z,22,0.366667
2022484408,2016-03-21T20:00:00Z,5,0.083333
2022484408,2016-03-21T21:00:00Z,0,0
2022484408,2016-03-21T22:00:00Z,0,0
2022484408,2016-03-21T23:00:00Z,0,0
2022484408,2016-03-22T00:00:00Z,0,0
2022484408,2016-03-22T01:00:00Z,0,0
2022484408,2016-03-22T02:00:00Z,0,0
2022484408,2016-03-22T03:00:00Z,0,0
2022484408,2016-03-22T04:00:00Z,0,0
2022484408,2016-03-22T05:00:00Z,0,0
2022484408,2016-03-22T06:00:00Z,0,0
2022484408,2016-03-22T07:00:00Z,0,0
2022484408,2016-03-22T08:00:00Z,6,0.1
2022484408,2016-03-22T09:00:00Z,21,0.35
2022484408,2016-03-22T10:00:00Z,119,1.983333
2022484408,2016-03-22T11:00:00Z,21,0.35
2022484408,2016-03-22T12:00:00Z,6,0.1
2022484408,2016-03-22T13:00:00Z,8,0.133333
2022484408,2016-03-22T14:00:00Z,29,0.483333
2022484408,2016-03-22T15:00:00Z,25,0.416667
2022484408,2016-03-22T16:00:00Z,32,0.533333
2022484408,2016-03-22T17:00:00Z,38,0.633333
2022484408,2016-03-22T18:00:00Z,70,1.166667
2022484408,2016-03-22T19:00:00Z,15,0.25
2022484408,2016-03-22T20:00:00Z,10,0.166667
2022484408,2016-03-22T21:00:00Z,5,0.083333
2022484408,2016-03-22T22:00:00Z,0,0
2022484408,2016-03-22T23:00:00Z,0,0
2022484408,2016-03-23T00:00:00Z,0,0
2022484408,2016-03-23T01:00:00Z,0,0
2022484408,2016-03-23T02:00:00Z,0,0
2022484408,2016-03-23T03:00:00Z,0,0
2022484408,2016-03-23T04:00:00Z,0,0
2022484408,2016-03-23T05:00:00Z,0,0
2022484408,2016-03-23T06:00:00Z,0,0
2022484408,2016-03-23T07:00:00Z,0,0
2022484408,2016-03-23T08:00:00Z,16,0.266667
2022484408,2016-03-23T09:00:00Z,166,2.766667
2022484408,2016-03-23T10:00:00Z,27,0.45
2022484408,2016-03-23T11:00:00Z,25,0.416667
2022484408,2016-03-23T12:00:00Z,2,0.033333
2022484408,2016-03-23T13:00:00Z,6,0.1
2022484408,2016-03-23T14:00:00Z,63,1.05
2022484408,2016-03-23T15:00:00Z,11,0.183333
2022484408,2016-03-23T16:00:00Z,24,0.4
2022484408,2016-03-23T17:00:00Z,15,0.25
2022484408,2016-03-23T18:00:00Z,132,2.2
2022484408,2016-03-23T19:00:00Z,9,0.15
2022484408,2016-03-23T20:00:00Z,8,0.133333
2022484408,2016-03-23T21:00:00Z,0,0
2022484408,2016-03-23T22:00:00Z,0,0
2022484408,2016-03-23T23:00:00Z,0,0
2022484408,2016-03-24T00:00:00Z,0,0
2022484408,2016-03-24T01:00:00Z,0,0
2022484408,2016-03-24T02:00:00Z,0,0
2022484408,2016-03-24T03:00:00Z,0,0
2022484408,2016-03-24T04:00:00Z,0,0
2022484408,2016-03-24T05:00:00Z,0,0
2022484408,2016-03-24T06:00:00Z,0,0
2022484408,2016-03-24T07:00:00Z,0,0
2022484408,2016-03-24T08:00:00Z,12,0.2
2022484408,2016-03-24T09:00:00Z,112,1.866667
2022484408,2016-03-24T10:00:00Z,69,1.15
2022484408,2016-03-24T11:00:00Z,22,0.366667
2022484408,2016-03-24T12:00:00Z,87,1.45
2022484408,2016-03-24T13:00:00Z,37,0.616667
2022484408,2016-03-24T14:00:00Z,20,0.333333
2022484408,2016-03-24T15:00:00Z,12,0.2
2022484408,2016-03-24T16:00:00Z,34,0.566667
2022484408,2016-03-24T17:00:00Z,50,0.833333
2022484408,2016-03-24T18:00:00Z,128,2.133333
2022484408,2016-03-24T19:00:00Z,28,0.466667
2022484408,2016-03-24T20:00:00Z,21,0.35
2022484408,2016-03-24T21:00:00Z,1,0.016667
2022484408,2016-03-24T22:00:00Z,0,0
2022484408,2016-03-24T23:00:00Z,0,0
2022484408,2016-03-25T00:00:00Z,0,0
2022484408,2016-03-25T01:00:00Z,0,0
2022484408,2016-03-25T02:00:00Z,0,0
2022484408,2016-03-25T03:00:00Z,0,0
2022484408,2016-03-25T04:00:00Z,0,0
2022484408,2016-03-25T05:00:00Z,0,0
2022484408,2016-03-25T06:00:00Z,1,0.016667
2022484408,2016-03-25T07:00:00Z,7,0.116667
2022484408,2016-03-25T08:00:00Z,12,0.2
2022484408,2016-03-25T09:00:00Z,167,2.783333
2022484408,2016-03-25T10:00:00Z,52,0.866667
2022484408,2016-03-25T11:00:00Z,10,0.166667
2022484408,2016-03-25T12:00:00Z,4,0.066667
2022484408,2016-03-25T13:00:00Z,23,0.383333
2022484408,2016-03-25T14:00:00Z,27,0.45
2022484408,2016-03-25T15:00:00Z,17,0.283333
2022484408,2016-03-25T16:00:00Z,19,0.316667
2022484408,2016-03-25T17:00:00Z,98,1.633333
2022484408,2016-03-25T18:00:00Z,91,1.516667
2022484408,2016-03-25T19:00:00Z,4,0.066667
2022484408,2016-03-25T20:00:00Z,9,0.15
2022484408,2016-03-25T21:00:00Z,0,0
2022484408,2016-03-25T22:00:00Z,0,0
2022484408,2016-03-25T23:00:00Z,0,0
2022484408,2016-03-26T00:00:00Z,0,0
2022484408,2016-03-26T01:00:00Z,0,0
2022484408,2016-03-26T02:00:00Z,0,0
2022484408,2016-03-26T03:00:00Z,0,0
2022484408,2016-03-26T04:00:00Z,0,0
2022484408,2016-03-26T05:00:00Z,0,0
2022484408,2016-03-26T06:00:00Z,0,0
2022484408,2016-03-26T07:00:00Z,3,0.05
2022484408,2016-03-26T08:00:00Z,26,0.433333
2022484408,2016-03-26T09:00:00Z,154,2.566667
2022484408,2016-03-26T10:00:00Z,36,0.6
2022484408,2016-03-26T11:00:00Z,17,0.283333
2022484408,2016-03-26T12:00:00Z,25,0.416667
2022484408,2016-03-26T13:00:00Z,14,0.233333
2022484408,2016-03-26T14:00:00Z,5,0.083333
2022484408,2016-03-26T15:00:00Z,34,0.566667
2022484408,2016-03-26T16:00:00Z,20,0.333333
2022484408,2016-03-26T17:00:00Z,16,0.266667
2022484408,2016-03-26T18:00:00Z,12,0.2
2022484408,2016-03-26T19:00:00Z,36,0.6
2022484408,2016-03-26T20:00:00Z,8,0.133333
2022484408,2016-03-26T21:00:00Z,0,0
2022484408,2016-03-26T22:00:00Z,0,0
2022484408,2016-03-26T23:00:00Z,0,0
2022484408,2016-03-27T00:00:00Z,0,0
2022484408,2016-03-27T01:00:00Z,0,0
2022484408,2016-03-27T02:00:00Z,0,0
2022484408,2016-03-27T03:00:00Z,0,0
2022484408,2016-03-27T04:00:00Z,0,0
2022484408,2016-03-27T05:00:00Z,0,0
2022484408,2016-03-27T06:00:00Z,0,0
2022484408,2016-03-27T07:00:00Z,0,0
2022484408,2016-03-27T08:00:00Z,16,0.266667
2022484408,2016-03-27T09:00:00Z,29,0.483333
2022484408,2016-03-27T10:00:00Z,25,0.416667
2022484408,2016-03-27T11:00:00Z,22,0.366667
2022484408,2016-03-27T12:00:00Z,23,0.383333
2022484408,2016-03-27T13:00:00Z,6,0.1
2022484408,2016-03-27T14:00:00Z,19,0.316667
2022484408,2016-03-27T15:00:00Z,45,0.75
2022484408,2016-03-27T16:00:00Z,41,0.683333
2022484408,2016-03-27T17:00:00Z,63,1.05
2022484408,2016-03-27T18:00:00Z,9,0.15
2022484408,2016-03-27T19:00:00Z,28,0.466667
2022484408,2016-03-27T20:00:00Z,20,0.333333
2022484408,2016-03-27T21:00:00Z,0,0
2022484408,2016-03-27T22:00:00Z,0,0
2022484408,2016-03-27T23:00:00Z,0,0
2022484408,2016-03-28T00:00:00Z,0,0
2022484408,2016-03-28T01:00:00Z,0,0
2022484408,2016-03-28T02:00:00Z,0,0
2022484408,2016-03-28T03:00:00Z,0,0
2022484408,2016-03-28T04:00:00Z,0,0
2022484408,2016-03-28T05:00:00Z,0,0
2022484408,2016-03-28T06:00:00Z,0,0
2022484408,2016-03-28T07:00:00Z,1,0.016667
2022484408,2016-03-28T08:00:00Z,0,0
2022484408,2016-03-28T09:00:00Z,0,0
2022484408,2016-03-28T10:00:00Z,2,0.033333
2022484408,2016-03-28T11:00:00Z,47,0.783333
2022484408,2016-03-28T12:00:00Z,25,0.416667
2022484408,2016-03-28T13:00:00Z,8,0.133333
2022484408,2016-03-28T14:00:00Z,65,1.083333
2022484408,2016-03-28T15:00:00Z,54,0.9
2022484408,2016-03-28T16:00:00Z,13,0.216667
2022484408,2016-03-28T17:00:00Z,14,0.233333
2022484408,2016-03-28T18:00:00Z,12,0.2
2022484408,2016-03-28T19:00:00Z,42,0.7
2022484408,2016-03-28T20:00:00Z,28,0.466667
2022484408,2016-03-28T21:00:00Z,1,0.016667
2022484408,2016-03-28T22:00:00Z,0,0
2022484408,2016-03-28T23:00:00Z,0,0
2022484408,2016-03-29T00:00:00Z,0,0
2022484408,2016-03-29T01:00:00Z,0,0
2022484408,2016-03-29T02:00:00Z,0,0
2022484408,2016-03-29T03:00:00Z,0,0
2022484408,2016-03-29T04:00:00Z,0,0
2022484408,2016-03-29T05:00:00Z,0,0
2022484408,2016-03-29T06:00:00Z,0,0
2022484408,2016-03-29T07:00:00Z,0,0
2022484408,2016-03-29T08:00:00Z,3,0.05
2022484408,2016-03-29T09:00:00Z,109,1.816667
2022484408,2016-03-29T10:00:00Z,161,2.683333
2022484408,2016-03-29T11:00:00Z,76,1.266667
2022484408,2016-03-29T12:00:00Z,31,0.516667
2022484408,2016-03-29T13:00:00Z,23,0.383333
2022484408,2016-03-29T14:00:00Z,38,0.633333
2022484408,2016-03-29T15:00:00Z,27,0.45
2022484408,2016-03-29T16:00:00Z,21,0.35
2022484408,2016-03-29T17:00:00Z,21,0.35
2022484408,2016-03-29T18:00:00Z,27,0.45
2022484408,2016-03-29T19:00:00Z,24,0.4
2022484408,2016-03-29T20:00:00Z,5,0.083333
2022484408,2016-03-29T21:00:00Z,0,0
2022484408,2016-03-29T22:00:00Z,0,0
2022484408,2016-03-29T23:00:00Z,0,0
2022484408,2016-03-30T00:00:00Z,0,0
2022484408,2016-03-30T01:00:00Z,0,0
2022484408,2016-03-30T02:00:00Z,0,0
2022484408,2016-03-30T03:00:00Z,0,0
2022484408,2016-03-30T04:00:00Z,0,0
2022484408,2016-03-30T05:00:00Z,0,0
2022484408,2016-03-30T06:00:00Z,0,0
2022484408,2016-03-30T07:00:00Z,20,0.333333
2022484408,2016-03-30T08:00:00Z,43,0.716667
2022484408,2016-03-30T09:00:00Z,149,2.483333
2022484408,2016-03-30T10:00:00Z,9,0.15
2022484408,2016-03-30T11:00:00Z,25,0.416667
2022484408,2016-03-30T12:00:00Z,14,0.233333
2022484408,2016-03-30T13:00:00Z,30,0.5
2022484408,2016-03-30T14:00:00Z,73,1.216667
2022484408,2016-03-30T15:00:00Z,39,0.65
2022484408,2016-03-30T16:00:00Z,23,0.383333
2022484408,2016-03-30T17:00:00Z,38,0.633333
2022484408,2016-03-30T18:00:00Z,38,0.633333
2022484408,2016-03-30T19:00:00Z,31,0.516667
2022484408,2016-03-30T20:00:00Z,7,0.116667
2022484408,2016-03-30T21:00:00Z,0,0
2022484408,2016-03-30T22:00:00Z,0,0
2022484408,2016-03-30T23:00:00Z,0,0
2022484408,2016-03-31T00:00:00Z,0,0
2022484408,2016-03-31T01:00:00Z,0,0
2022484408,2016-03-31T02:00:00Z,0,0
2022484408,2016-03-31T03:00:00Z,0,0
2022484408,2016-03-31T04:00:00Z,0,0
2022484408,2016-03-31T05:00:00Z,0,0
2022484408,2016-03-31T06:00:00Z,0,0
2022484408,2016-03-31T07:00:00Z,23,0.383333
2022484408,2016-03-31T08:00:00Z,36,0.6
2022484408,2016-03-31T09:00:00Z,110,1.833333
2022484408,2016-03-31T10:00:00Z,152,2.533333
2022484408,2016-03-31T11:00:00Z,65,1.083333
2022484408,2016-03-31T12:00:00Z,13,0.216667
2022484408,2016-03-31T13:00:00Z,14,0.233333
2022484408,2016-03-31T14:00:00Z,55,0.916667
2022484408,2016-03-31T15:00:00Z,14,0.233333
2022484408,2016-03-31T16:00:00Z,19,0.316667
2022484408,2016-03-31T17:00:00Z,21,0.35
2022484408,2016-03-31T18:00:00Z,33,0.55
2022484408,2016-03-31T19:00:00Z,11,0.183333
2022484408,2016-03-31T20:00:00Z,13,0.216667
2022484408,2016-03-31T21:00:00Z,0,0
2022484408,2016-03-31T22:00:00Z,0,0
2022484408,2016-03-31T23:00:00Z,0,0
2022484408,2016-04-01T00:00:00Z,0,0
2022484408,2016-04-01T01:00:00Z,0,0
2022484408,2016-04-01T02:00:00Z,0,0
2022484408,2016-04-01T03:00:00Z,0,0
2022484408,2016-04-01T04:00:00Z,0,0
2022484408,2016-04-01T05:00:00Z,0,0
2022484408,2016-04-01T06:00:00Z,0,0
2022484408,2016-04-01T07:00:00Z,5,0.083333
2022484408,2016-04-01T08:00:00Z,19,0.316667
2022484408,2016-04-01T09:00:00Z,146,2.433333
2022484408,2016-04-01T10:00:00Z,90,1.5
2022484408,2016-04-01T11:00:00Z,0,0
2022484408,2016-04-01T12:00:00Z,0,0
2022484408,2016-04-01T13:00:00Z,0,0
2022484408,2016-04-01T14:00:00Z,11,0.183333
2022484408,2016-04-01T15:00:00Z,19,0.316667
2022484408,2016-04-01T16:00:00Z,55,0.916667
2022484408,2016-04-01T17:00:00Z,45,0.75
2022484408,2016-04-01T18:00:00Z,31,0.516667
2022484408,2016-04-01T19:00:00Z,25,0.416667
2022484408,2016-04-01T20:00:00Z,15,0.25
2022484408,2016-04-01T21:00:00Z,0,0
2022484408,2016-04-01T22:00:00Z,0,0
2022484408,2016-04-01T23:00:00Z,0,0
2022484408,2016-04-02T00:00:00Z,0,0
2022484408,2016-04-02T01:00:00Z,0,0
2022484408,2016-04-02T02:00:00Z,0,0
2022484408,2016-04-02T03:00:00Z,0,0
2022484408,2016-04-02T04:00:00Z,0,0
2022484408,2016-04-02T05:00:00Z,0,0
2022484408,2016-04-02T06:00:00Z,0,0
2022484408,2016-04-02T07:00:00Z,0,0
2022484408,2016-04-02T08:00:00Z,0,0
2022484408,2016-04-02T09:00:00Z,2,0.033333
2022484408,2016-04-02T10:00:00Z,5,0.083333
2022484408,2016-04-02T11:00:00Z,12,0.2
2022484408,2016-04-02T12:00:00Z,36,0.6
2022484408,2016-04-02T13:00:00Z,25,0.416667
2022484408,2016-04-02T14:00:00Z,19,0.316667
2022484408,2016-04-02T15:00:00Z,34,0.566667
2022484408,2016-04-02T16:00:00Z,23,0.383333
2022484408,2016-04-02T17:00:00Z,9,0.15
2022484408,2016-04-02T18:00:00Z,39,0.65
2022484408,2016-04-02T19:00:00Z,23,0.383333
2022484408,2016-04-02T20:00:00Z,10,0.166667
2022484408,2016-04-02T21:00:00Z,0,0
2022484408,2016-04-02T22:00:00Z,0,0
2022484408,2016-04-02T23:00:00Z,0,0
2022484408,2016-04-03T00:00:00Z,0,0
2022484408,2016-04-03T01:00:00Z,0,0
2022484408,2016-04-03T02:00:00Z,0,0
2022484408,2016-04-03T03:00:00Z,0,0
2022484408,2016-04-03T04:00:00Z,0,0
2022484408,2016-04-03T05:00:00Z,0,0
2022484408,2016-04-03T06:00:00Z,0,0
2022484408,2016-04-03T07:00:00Z,0,0
2022484408,2016-04-03T08:00:00Z,70,1.166667
2022484408,2016-04-03T09:00:00Z,49,0.816667
2022484408,2016-04-03T10:00:00Z,36,0.6
2022484408,2016-04-03T11:00:00Z,24,0.4
2022484408,2016-04-03T12:00:00Z,14,0.233333
2022484408,2016-04-03T13:00:00Z,5,0.083333
2022484408,2016-04-03T14:00:00Z,17,0.283333
2022484408,2016-04-03T15:00:00Z,39,0.65
2022484408,2016-04-03T16:00:00Z,20,0.333333
2022484408,2016-04-03T17:00:00Z,48,0.8
2022484408,2016-04-03T18:00:00Z,11,0.183333
2022484408,2016-04-03T19:00:00Z,56,0.933333
2022484408,2016-04-03T20:00:00Z,9,0.15
2022484408,2016-04-03T21:00:00Z,0,0
2022484408,2016-04-03T22:00:00Z,0,0
2022484408,2016-04-03T23:00:00Z,0,0
2022484408,2016-04-04T00:00:00Z,0,0
2022484408,2016-04-04T01:00:00Z,0,0
2022484408,2016-04-04T02:00:00Z,0,0
2022484408,2016-04-04T03:00:00Z,0,0
2022484408,2016-04-04T04:00:00Z,0,0
2022484408,2016-04-04T05:00:00Z,0,0
2022484408,2016-04-04T06:00:00Z,0,0
2022484408,2016-04-04T07:00:00Z,0,0
2022484408,2016-04-04T08:00:00Z,0,0
2022484408,2016-04-04T09:00:00Z,15,0.25
2022484408,2016-04-04T10:00:00Z,35,0.583333
2022484408,2016-04-04T11:00:00Z,147,2.45
2022484408,2016-04-04T12:00:00Z,18,0.3
2022484408,2016-04-04T13:00:00Z,23,0.383333
2022484408,2016-04-04T14:00:00Z,12,0.2
2022484408,2016-04-04T15:00:00Z,23,0.383333
2022484408,2016-04-04T16:00:00Z,87,1.45
2022484408,2016-04-04T17:00:00Z,47,0.783333
2022484408,2016-04-04T18:00:00Z,21,0.35
2022484408,2016-04-04T19:00:00Z,26,0.433333
2022484408,2016-04-04T20:00:00Z,3,0.05
2022484408,2016-04-04T21:00:00Z,0,0
2022484408,2016-04-04T22:00:00Z,0,0
2022484408,2016-04-04T23:00:00Z,0,0
2022484408,2016-04-05T00:00:00Z,0,0
2022484408,2016-04-05T01:00:00Z,0,0
2022484408,2016-04-05T02:00:00Z,0,0
2022484408,2016-04-05T03:00:00Z,0,0
2022484408,2016-04-05T04:00:00Z,0,0
2022484408,2016-04-05T05:00:00Z,0,0
2022484408,2016-04-05T06:00:00Z,0,0
2022484408,2016-04-05T07:00:00Z,13,0.216667
2022484408,2016-04-05T08:00:00Z,29,0.483333
2022484408,2016-04-05T09:00:00Z,33,0.55
2022484408,2016-04-05T10:00:00Z,109,1.816667
2022484408,2016-04-05T11:00:00Z,61,1.016667
2022484408,2016-04-05T12:00:00Z,7,0.116667
2022484408,2016-04-05T13:00:00Z,7,0.116667
2022484408,2016-04-05T14:00:00Z,83,1.383333
2022484408,2016-04-05T15:00:00Z,28,0.466667
2022484408,2016-04-05T16:00:00Z,37,0.616667
2022484408,2016-04-05T17:00:00Z,20,0.333333
2022484408,2016-04-05T18:00:00Z,28,0.466667
2022484408,2016-04-05T19:00:00Z,19,0.316667
2022484408,2016-04-05T20:00:00Z,6,0.1
2022484408,2016-04-05T21:00:00Z,0,0
2022484408,2016-04-05T22:00:00Z,0,0
2022484408,2016-04-05T23:00:00Z,0,0
2022484408,2016-04-06T00:00:00Z,0,0
2022484408,2016-04-06T01:00:00Z,0,0
2022484408,2016-04-06T02:00:00Z,0,0
2022484408,2016-04-06T03:00:00Z,0,0
2022484408,2016-04-06T04:00:00Z,0,0
2022484408,2016-04-06T05:00:00Z,0,0
2022484408,2016-04-06T06:00:00Z,0,0
2022484408,2016-04-06T07:00:00Z,0,0
2022484408,2016-04-06T08:00:00Z,7,0.116667
2022484408,2016-04-06T09:00:00Z,149,2.483333
2022484408,2016-04-06T10:00:00Z,21,0.35
2022484408,2016-04-06T11:00:00Z,15,0.25
2022484408,2016-04-06T12:00:00Z,45,0.75
2022484408,2016-04-06T13:00:00Z,32,0.533333
2022484408,2016-04-06T14:00:00Z,46,0.766667
2022484408,2016-04-06T15:00:00Z,32,0.533333
2022484408,2016-04-06T16:00:00Z,18,0.3
2022484408,2016-04-06T17:00:00Z,24,0.4
2022484408,2016-04-06T18:00:00Z,52,0.866667
2022484408,2016-04-06T19:00:00Z,31,0.516667
2022484408,2016-04-06T20:00:00Z,9,0.15
2022484408,2016-04-06T21:00:00Z,2,0.033333
2022484408,2016-04-06T22:00:00Z,0,0
2022484408,2016-04-06T23:00:00Z,0,0
2022484408,2016-04-07T00:00:00Z,0,0
2022484408,2016-04-07T01:00:00Z,0,0
2022484408,2016-04-07T02:00:00Z,0,0
2022484408,2016-04-07T03:00:00Z,0,0
2022484408,2016-04-07T04:00:00Z,0,0
2022484408,2016-04-07T05:00:00Z,0,0
2022484408,2016-04-07T06:00:00Z,0,0
2022484408,2016-04-07T07:00:00Z,0,0
2022484408,2016-04-07T08:00:00Z,6,0.1
2022484408,2016-04-07T09:00:00Z,107,1.783333
2022484408,2016-04-07T10:00:00Z,103,1.716667
2022484408,2016-04-07T11:00:00Z,72,1.2
2022484408,2016-04-07T12:00:00Z,44,0.733333
2022484408,2016-04-07T13:00:00Z,40,0.666667
2022484408,2016-04-07T14:00:00Z,86,1.433333
2022484408,2016-04-07T15:00:00Z,26,0.433333
2022484408,2016-04-07T16:00:00Z,22,0.366667
2022484408,2016-04-07T17:00:00Z,27,0.45
2022484408,2016-04-07T18:00:00Z,17,0.283333
2022484408,2016-04-07T19:00:00Z,15,0.25
2022484408,2016-04-07T20:00:00Z,27,0.45
2022484408,2016-04-07T21:00:00Z,0,0
2022484408,2016-04-07T22:00:00Z,0,0
2022484408,2016-04-07T23:00:00Z,0,0
2022484408,2016-04-08T00:00:00Z,0,0
2022484408,2016-04-08T01:00:00Z,0,0
2022484408,2016-04-08T02:00:00Z,0,0
2022484408,2016-04-08T03:00:00Z,0,0
2022484408,2016-04-08T04:00:00Z,0,0
2022484408,2016-04-08T05:00:00Z,0,0
2022484408,2016-04-08T06:00:00Z,2,0.033333
2022484408,2016-04-08T07:00:00Z,35,0.583333
2022484408,2016-04-08T08:00:00Z,44,0.733333
2022484408,2016-04-08T09:00:00Z,136,2.266667
2022484408,2016-04-08T10:00:00Z,18,0.3
2022484408,2016-04-08T11:00:00Z,16,0.266667
2022484408,2016-04-08T12:00:00Z,39,0.65
2022484408,2016-04-08T13:00:00Z,13,0.216667
2022484408,2016-04-08T14:00:00Z,18,0.3
2022484408,2016-04-08T15:00:00Z,28,0.466667
2022484408,2016-04-08T16:00:00Z,18,0.3
2022484408,2016-04-08T17:00:00Z,21,0.35
2022484408,2016-04-08T18:00:00Z,21,0.35
2022484408,2016-04-08T19:00:00Z,24,0.4
2022484408,2016-04-08T20:00:00Z,7,0.116667
2022484408,2016-04-08T21:00:00Z,0,0
2022484408,2016-04-08T22:00:00Z,0,0
2022484408,2016-04-08T23:00:00Z,0,0
2022484408,2016-04-09T00:00:00Z,0,0
2022484408,2016-04-09T01:00:00Z,0,0
2022484408,2016-04-09T02:00:00Z,0,0
2022484408,2016-04-09T03:00:00Z,0,0
2022484408,2016-04-09T04:00:00Z,0,0
2022484408,2016-04-09T05:00:00Z,28,0.466667
2022484408,2016-04-09T06:00:00Z,28,0.466667
2022484408,2016-04-09T07:00:00Z,112,1.866667
2022484408,2016-04-09T08:00:00Z,56,0.933333
2022484408,2016-04-09T09:00:00Z,37,0.616667
2022484408,2016-04-09T10:00:00Z,44,0.733333
2022484408,2016-04-09T11:00:00Z,24,0.4
2022484408,2016-04-09T12:00:00Z,10,0.166667
2022484408,2016-04-09T13:00:00Z,14,0.233333
2022484408,2016-04-09T14:00:00Z,10,0.166667
2022484408,2016-04-09T15:00:00Z,14,0.233333
2022484408,2016-04-09T16:00:00Z,34,0.566667
2022484408,2016-04-09T17:00:00Z,24,0.4
2022484408,2016-04-09T18:00:00Z,14,0.233333
2022484408,2016-04-09T19:00:00Z,17,0.283333
2022484408,2016-04-09T20:00:00Z,0,0
2022484408,2016-04-09T21:00:00Z,0,0
2022484408,2016-04-09T22:00:00Z,0,0
2022484408,2016-04-09T23:00:00Z,0,0
2022484408,2016-04-10T00:00:00Z,0,0
2022484408,2016-04-10T01:00:00Z,0,0
2022484408,2016-04-10T02:00:00Z,0,0
2022484408,2016-04-10T03:00:00Z,0,0
2022484408,2016-04-10T04:00:00Z,0,0
2022484408,2016-04-10T05:00:00Z,0,0
2022484408,2016-04-10T06:00:00Z,0,0
2022484408,2016-04-10T07:00:00Z,2,0.033333
2022484408,2016-04-10T08:00:00Z,38,0.633333
2022484408,2016-04-10T09:00:00Z,57,0.95
2022484408,2016-04-10T10:00:00Z,41,0.683333
2022484408,2016-04-10T11:00:00Z,45,0.75
2022484408,2016-04-10T12:00:00Z,31,0.516667
2022484408,2016-04-10T13:00:00Z,29,0.483333
2022484408,2016-04-10T14:00:00Z,27,0.45
2022484408,2016-04-10T15:00:00Z,11,0.183333
2022484408,2016-04-10T16:00:00Z,40,0.666667
2022484408,2016-04-10T17:00:00Z,14,0.233333
2022484408,2016-04-10T18:00:00Z,10,0.166667
2022484408,2016-04-10T19:00:00Z,41,0.683333
2022484408,2016-04-10T20:00:00Z,2,0.033333
2022484408,2016-04-10T21:00:00Z,0,0
2022484408,2016-04-10T22:00:00Z,0,0
2022484408,2016-04-10T23:00:00Z,0,0
2022484408,2016-04-11T00:00:00Z,0,0
2022484408,2016-04-11T01:00:00Z,0,0
2022484408,2016-04-11T02:00:00Z,0,0
2022484408,2016-04-11T03:00:00Z,0,0
2022484408,2016-04-11T04:00:00Z,0,0
2022484408,2016-04-11T05:00:00Z,0,0
2022484408,2016-04-11T06:00:00Z,0,0
2022484408,2016-04-11T07:00:00Z,0,0
2022484408,2016-04-11T08:00:00Z,35,0.583333
2022484408,2016-04-11T09:00:00Z,134,2.233333
2022484408,2016-04-11T10:00:00Z,27,0.45
2022484408,2016-04-11T11:00:00Z,31,0.516667
2022484408,2016-04-11T12:00:00Z,31,0.516667
2022484408,2016-04-11T13:00:00Z,25,0.416667
2022484408,2016-04-11T14:00:00Z,37,0.616667
2022484408,2016-04-11T15:00:00Z,27,0.45
2022484408,2016-04-11T16:00:00Z,24,0.4
2022484408,2016-04-11T17:00:00Z,27,0.45
2022484408,2016-04-11T18:00:00Z,18,0.3
2022484408,2016-04-11T19:00:00Z,4,0.066667
2022484408,2016-04-11T20:00:00Z,7,0.116667
2022484408,2016-04-11T21:00:00Z,0,0
2022484408,2016-04-11T22:00:00Z,0,0
2022484408,2016-04-11T23:00:00Z,0,0
2022484408,2016-04-12T00:00:00Z,0,0
2022484408,2016-04-12T01:00:00Z,0,0
2022484408,2016-04-12T02:00:00Z,0,0
2022484408,2016-04-12T03:00:00Z,0,0
2022484408,2016-04-12T04:00:00Z,0,0
2022484408,2016-04-12T05:00:00Z,0,0
2022484408,2016-04-12T06:00:00Z,0,0
2022484408,2016-04-12T07:00:00Z,28,0.466667
2022484408,2016-04-12T08:00:00Z,13,0.216667
2022484408,2016-04-12T09:00:00Z,13,0.216667
2022484408,2016-04-12T10:00:00Z,143,2.383333
2026352035,2016-03-12T00:00:00Z,1,0.016667
2026352035,2016-03-12T01:00:00Z,0,0
2026352035,2016-03-12T02:00:00Z,1,0.016667
2026352035,2016-03-12T03:00:00Z,0,0
2026352035,2016-03-12T04:00:00Z,0,0
2026352035,2016-03-12T05:00:00Z,0,0
2026352035,2016-03-12T06:00:00Z,13,0.216667
2026352035,2016-03-12T07:00:00Z,9,0.15
2026352035,2016-03-12T08:00:00Z,8,0.133333
2026352035,2016-03-12T09:00:00Z,8,0.133333
2026352035,2016-03-12T10:00:00Z,14,0.233333
2026352035,2016-03-12T11:00:00Z,28,0.466667
2026352035,2016-03-12T12:00:00Z,18,0.3
2026352035,2016-03-12T13:00:00Z,33,0.55
2026352035,2016-03-12T14:00:00Z,24,0.4
2026352035,2016-03-12T15:00:00Z,37,0.616667
2026352035,2016-03-12T16:00:00Z,42,0.7
2026352035,2016-03-12T17:00:00Z,38,0.633333
2026352035,2016-03-12T18:00:00Z,29,0.483333
2026352035,2016-03-12T19:00:00Z,15,0.25
2026352035,2016-03-12T20:00:00Z,13,0.216667
2026352035,2016-03-12T21:00:00Z,6,0.1
2026352035,2016-03-12T22:00:00Z,1,0.016667
2026352035,2016-03-12T23:00:00Z,0,0
2026352035,2016-03-13T00:00:00Z,0,0
2026352035,2016-03-13T01:00:00Z,1,0.016667
2026352035,2016-03-13T02:00:00Z,0,0
2026352035,2016-03-13T03:00:00Z,0,0
2026352035,2016-03-13T04:00:00Z,0,0
2026352035,2016-03-13T05:00:00Z,1,0.016667
2026352035,2016-03-13T06:00:00Z,0,0
2026352035,2016-03-13T07:00:00Z,8,0.133333
2026352035,2016-03-13T08:00:00Z,18,0.3
2026352035,2016-03-13T09:00:00Z,4,0.066667
2026352035,2016-03-13T10:00:00Z,48,0.8
2026352035,2016-03-13T11:00:00Z,46,0.766667
2026352035,2016-03-13T12:00:00Z,48,0.8
2026352035,2016-03-13T13:00:00Z,33,0.55
2026352035,2016-03-13T14:00:00Z,10,0.166667
2026352035,2016-03-13T15:00:00Z,47,0.783333
2026352035,2016-03-13T16:00:00Z,23,0.383333
2026352035,2016-03-13T17:00:00Z,31,0.516667
2026352035,2016-03-13T18:00:00Z,16,0.266667
2026352035,2016-03-13T19:00:00Z,17,0.283333
2026352035,2016-03-13T20:00:00Z,9,0.15
2026352035,2016-03-13T21:00:00Z,0,0
2026352035,2016-03-13T22:00:00Z,3,0.05
2026352035,2016-03-13T23:00:00Z,0,0
2026352035,2016-03-14T00:00:00Z,0,0
2026352035,2016-03-14T01:00:00Z,0,0
2026352035,2016-03-14T02:00:00Z,0,0
2026352035,2016-03-14T03:00:00Z,0,0
2026352035,2016-03-14T04:00:00Z,0,0
2026352035,2016-03-14T05:00:00Z,10,0.166667
2026352035,2016-03-14T06:00:00Z,31,0.516667
2026352035,2016-03-14T07:00:00Z,39,0.65
2026352035,2016-03-14T08:00:00Z,47,0.783333
2026352035,2016-03-14T09:00:00Z,50,0.833333
2026352035,2016-03-14T10:00:00Z,35,0.583333
2026352035,2016-03-14T11:00:00Z,42,0.7
2026352035,2016-03-14T12:00:00Z,28,0.466667
2026352035,2016-03-14T13:00:00Z,21,0.35
2026352035,2016-03-14T14:00:00Z,31,0.516667
2026352035,2016-03-14T15:00:00Z,28,0.466667
2026352035,2016-03-14T16:00:00Z,3,0.05
2026352035,2016-03-14T17:00:00Z,8,0.133333
2026352035,2016-03-14T18:00:00Z,13,0.216667
2026352035,2016-03-14T19:00:00Z,6,0.1
2026352035,2016-03-14T20:00:00Z,10,0.166667
2026352035,2016-03-14T21:00:00Z,3,0.05
2026352035,2016-03-14T22:00:00Z,2,0.033333
2026352035,2016-03-14T23:00:00Z,0,0
2026352035,2016-03-15T00:00:00Z,2,0.033333
2026352035,2016-03-15T01:00:00Z,0,0
2026352035,2016-03-15T02:00:00Z,0,0
2026352035,2016-03-15T03:00:00Z,0,0
2026352035,2016-03-15T04:00:00Z,0,0
2026352035,2016-03-15T05:00:00Z,25,0.416667
2026352035,2016-03-15T06:00:00Z,10,0.166667
2026352035,2016-03-15T07:00:00Z,37,0.616667
2026352035,2016-03-15T08:00:00Z,51,0.85
2026352035,2016-03-15T09:00:00Z,48,0.8
2026352035,2016-03-15T10:00:00Z,53,0.883333
2026352035,2016-03-15T11:00:00Z,42,0.7
2026352035,2016-03-15T12:00:00Z,25,0.416667
2026352035,2016-03-15T13:00:00Z,15,0.25
2026352035,2016-03-15T14:00:00Z,28,0.466667
2026352035,2016-03-15T15:00:00Z,10,0.166667
2026352035,2016-03-15T16:00:00Z,7,0.116667
2026352035,2016-03-15T17:00:00Z,8,0.133333
2026352035,2016-03-15T18:00:00Z,11,0.183333
2026352035,2016-03-15T19:00:00Z,17,0.283333
2026352035,2016-03-15T20:00:00Z,8,0.133333
2026352035,2016-03-15T21:00:00Z,1,0.016667
2026352035,2016-03-15T22:00:00Z,1,0.016667
2026352035,2016-03-15T23:00:00Z,0,0
2026352035,2016-03-16T00:00:00Z,0,0
2026352035,2016-03-16T01:00:00Z,0,0
2026352035,2016-03-16T02:00:00Z,0,0
2026352035,2016-03-16T03:00:00Z,0,0
2026352035,2016-03-16T04:00:00Z,0,0
2026352035,2016-03-16T05:00:00Z,0,0
2026352035,2016-03-16T06:00:00Z,0,0
2026352035,2016-03-16T07:00:00Z,29,0.483333
2026352035,2016-03-16T08:00:00Z,51,0.85
2026352035,2016-03-16T09:00:00Z,44,0.733333
2026352035,2016-03-16T10:00:00Z,31,0.516667
2026352035,2016-03-16T11:00:00Z,7,0.116667
2026352035,2016-03-16T12:00:00Z,11,0.183333
2026352035,2016-03-16T13:00:00Z,15,0.25
2026352035,2016-03-16T14:00:00Z,29,0.483333
2026352035,2016-03-16T15:00:00Z,13,0.216667
2026352035,2016-03-16T16:00:00Z,41,0.683333
2026352035,2016-03-16T17:00:00Z,38,0.633333
2026352035,2016-03-16T18:00:00Z,13,0.216667
2026352035,2016-03-16T19:00:00Z,3,0.05
2026352035,2016-03-16T20:00:00Z,41,0.683333
2026352035,2016-03-16T21:00:00Z,9,0.15
2026352035,2016-03-16T22:00:00Z,1,0.016667
2026352035,2016-03-16T23:00:00Z,1,0.016667
2026352035,2016-03-17T00:00:00Z,0,0
2026352035,2016-03-17T01:00:00Z,1,0.016667
2026352035,2016-03-17T02:00:00Z,0,0
2026352035,2016-03-17T03:00:00Z,0,0
2026352035,2016-03-17T04:00:00Z,0,0
2026352035,2016-03-17T05:00:00Z,13,0.216667
2026352035,2016-03-17T06:00:00Z,22,0.366667
2026352035,2016-03-17T07:00:00Z,45,0.75
2026352035,2016-03-17T08:00:00Z,36,0.6
2026352035,2016-03-17T09:00:00Z,38,0.633333
2026352035,2016-03-17T10:00:00Z,37,0.616667
2026352035,2016-03-17T11:00:00Z,6,0.1
2026352035,2016-03-17T12:00:00Z,23,0.383333
2026352035,2016-03-17T13:00:00Z,7,0.116667
2026352035,2016-03-17T14:00:00Z,7,0.116667
2026352035,2016-03-17T15:00:00Z,14,0.233333
2026352035,2016-03-17T16:00:00Z,4,0.066667
2026352035,2016-03-17T17:00:00Z,16,0.266667
2026352035,2016-03-17T18:00:00Z,5,0.083333
2026352035,2016-03-17T19:00:00Z,7,0.116667
2026352035,2016-03-17T20:00:00Z,12,0.2
2026352035,2016-03-17T21:00:00Z,12,0.2
2026352035,2016-03-17T22:00:00Z,4,0.066667
2026352035,2016-03-17T23:00:00Z,2,0.033333
2026352035,2016-03-18T00:00:00Z,0,0
2026352035,2016-03-18T01:00:00Z,0,0
2026352035,2016-03-18T02:00:00Z,1,0.016667
2026352035,2016-03-18T03:00:00Z,0,0
2026352035,2016-03-18T04:00:00Z,0,0
2026352035,2016-03-18T05:00:00Z,0,0
2026352035,2016-03-18T06:00:00Z,0,0
2026352035,2016-03-18T07:00:00Z,20,0.333333
2026352035,2016-03-18T08:00:00Z,10,0.166667
2026352035,2016-03-18T09:00:00Z,2,0.033333
2026352035,2016-03-18T10:00:00Z,0,0
2026352035,2016-03-18T11:00:00Z,4,0.066667
2026352035,2016-03-18T12:00:00Z,8,0.133333
2026352035,2016-03-18T13:00:00Z,7,0.116667
2026352035,2016-03-18T14:00:00Z,6,0.1
2026352035,2016-03-18T15:00:00Z,9,0.15
2026352035,2016-03-18T16:00:00Z,2,0.033333
2026352035,2016-03-18T17:00:00Z,12,0.2
2026352035,2016-03-18T18:00:00Z,14,0.233333
2026352035,2016-03-18T19:00:00Z,7,0.116667
2026352035,2016-03-18T20:00:00Z,11,0.183333
2026352035,2016-03-18T21:00:00Z,3,0.05
2026352035,2016-03-18T22:00:00Z,4,0.066667
2026352035,2016-03-18T23:00:00Z,1,0.016667
2026352035,2016-03-19T00:00:00Z,0,0
2026352035,2016-03-19T01:00:00Z,0,0
2026352035,2016-03-19T02:00:00Z,0,0
2026352035,2016-03-19T03:00:00Z,0,0
2026352035,2016-03-19T04:00:00Z,1,0.016667
2026352035,2016-03-19T05:00:00Z,0,0
2026352035,2016-03-19T06:00:00Z,10,0.166667
2026352035,2016-03-19T07:00:00Z,18,0.3
2026352035,2016-03-19T08:00:00Z,13,0.216667
2026352035,2016-03-19T09:00:00Z,10,0.166667
2026352035,2016-03-19T10:00:00Z,10,0.166667
2026352035,2016-03-19T11:00:00Z,15,0.25
2026352035,2016-03-19T12:00:00Z,11,0.183333
2026352035,2016-03-19T13:00:00Z,16,0.266667
2026352035,2016-03-19T14:00:00Z,8,0.133333
2026352035,2016-03-19T15:00:00Z,11,0.183333
2026352035,2016-03-19T16:00:00Z,5,0.083333
2026352035,2016-03-19T17:00:00Z,16,0.266667
2026352035,2016-03-19T18:00:00Z,7,0.116667
2026352035,2016-03-19T19:00:00Z,17,0.283333
2026352035,2016-03-19T20:00:00Z,7,0.116667
2026352035,2016-03-19T21:00:00Z,12,0.2
2026352035,2016-03-19T22:00:00Z,4,0.066667
2026352035,2016-03-19T23:00:00Z,3,0.05
2026352035,2016-03-20T00:00:00Z,2,0.033333
2026352035,2016-03-20T01:00:00Z,1,0.016667
2026352035,2016-03-20T02:00:00Z,1,0.016667
2026352035,2016-03-20T03:00:00Z,0,0
2026352035,2016-03-20T04:00:00Z,0,0
2026352035,2016-03-20T05:00:00Z,0,0
2026352035,2016-03-20T06:00:00Z,0,0
2026352035,2016-03-20T07:00:00Z,16,0.266667
2026352035,2016-03-20T08:00:00Z,4,0.066667
2026352035,2016-03-20T09:00:00Z,7,0.116667
2026352035,2016-03-20T10:00:00Z,21,0.35
2026352035,2016-03-20T11:00:00Z,4,0.066667
2026352035,2016-03-20T12:00:00Z,9,0.15
2026352035,2016-03-20T13:00:00Z,29,0.483333
2026352035,2016-03-20T14:00:00Z,9,0.15
2026352035,2016-03-20T15:00:00Z,7,0.116667
2026352035,2016-03-20T16:00:00Z,6,0.1
2026352035,2016-03-20T17:00:00Z,14,0.233333
2026352035,2016-03-20T18:00:00Z,10,0.166667
2026352035,2016-03-20T19:00:00Z,9,0.15
2026352035,2016-03-20T20:00:00Z,11,0.183333
2026352035,2016-03-20T21:00:00Z,10,0.166667
2026352035,2016-03-20T22:00:00Z,4,0.066667
2026352035,2016-03-20T23:00:00Z,3,0.05
2026352035,2016-03-21T00:00:00Z,1,0.016667
2026352035,2016-03-21T01:00:00Z,0,0
2026352035,2016-03-21T02:00:00Z,0,0
2026352035,2016-03-21T03:00:00Z,0,0
2026352035,2016-03-21T04:00:00Z,0,0
2026352035,2016-03-21T05:00:00Z,0,0
2026352035,2016-03-21T06:00:00Z,4,0.066667
2026352035,2016-03-21T07:00:00Z,14,0.233333
2026352035,2016-03-21T08:00:00Z,5,0.083333
2026352035,2016-03-21T09:00:00Z,6,0.1
2026352035,2016-03-21T10:00:00Z,9,0.15
2026352035,2016-03-21T11:00:00Z,5,0.083333
2026352035,2016-03-21T12:00:00Z,15,0.25
2026352035,2016-03-21T13:00:00Z,15,0.25
2026352035,2016-03-21T14:00:00Z,33,0.55
2026352035,2016-03-21T15:00:00Z,35,0.583333
2026352035,2016-03-21T16:00:00Z,6,0.1
2026352035,2016-03-21T17:00:00Z,16,0.266667
2026352035,2016-03-21T18:00:00Z,1,0.016667
2026352035,2016-03-21T19:00:00Z,11,0.183333
2026352035,2016-03-21T20:00:00Z,12,0.2
2026352035,2016-03-21T21:00:00Z,4,0.066667
2026352035,2016-03-21T22:00:00Z,1,0.016667
2026352035,2016-03-21T23:00:00Z,3,0.05
2026352035,2016-03-22T00:00:00Z,1,0.016667
2026352035,2016-03-22T01:00:00Z,0,0
2026352035,2016-03-22T02:00:00Z,0,0
2026352035,2016-03-22T03:00:00Z,0,0
2026352035,2016-03-22T04:00:00Z,0,0
2026352035,2016-03-22T05:00:00Z,0,0
2026352035,2016-03-22T06:00:00Z,21,0.35
2026352035,2016-03-22T07:00:00Z,27,0.45
2026352035,2016-03-22T08:00:00Z,8,0.133333
2026352035,2016-03-22T09:00:00Z,4,0.066667
2026352035,2016-03-22T10:00:00Z,2,0.033333
2026352035,2016-03-22T11:00:00Z,3,0.05
2026352035,2016-03-22T12:00:00Z,10,0.166667
2026352035,2016-03-22T13:00:00Z,5,0.083333
2026352035,2016-03-22T14:00:00Z,12,0.2
2026352035,2016-03-22T15:00:00Z,7,0.116667
2026352035,2016-03-22T16:00:00Z,5,0.083333
2026352035,2016-03-22T17:00:00Z,13,0.216667
2026352035,2016-03-22T18:00:00Z,14,0.233333
2026352035,2016-03-22T19:00:00Z,15,0.25
2026352035,2016-03-22T20:00:00Z,12,0.2
2026352035,2016-03-22T21:00:00Z,4,0.066667
2026352035,2016-03-22T22:00:00Z,0,0
2026352035,2016-03-22T23:00:00Z,0,0
2026352035,2016-03-23T00:00:00Z,0,0
2026352035,2016-03-23T01:00:00Z,0,0
2026352035,2016-03-23T02:00:00Z,0,0
2026352035,2016-03-23T03:00:00Z,0,0
2026352035,2016-03-23T04:00:00Z,0,0
2026352035,2016-03-23T05:00:00Z,0,0
2026352035,2016-03-23T06:00:00Z,0,0
2026352035,2016-03-23T07:00:00Z,13,0.216667
2026352035,2016-03-23T08:00:00Z,9,0.15
2026352035,2016-03-23T09:00:00Z,8,0.133333
2026352035,2016-03-23T10:00:00Z,6,0.1
2026352035,2016-03-23T11:00:00Z,8,0.133333
2026352035,2016-03-23T12:00:00Z,3,0.05
2026352035,2016-03-23T13:00:00Z,9,0.15
2026352035,2016-03-23T14:00:00Z,11,0.183333
2026352035,2016-03-23T15:00:00Z,12,0.2
2026352035,2016-03-23T16:00:00Z,30,0.5
2026352035,2016-03-23T17:00:00Z,11,0.183333
2026352035,2016-03-23T18:00:00Z,14,0.233333
2026352035,2016-03-23T19:00:00Z,5,0.083333
2026352035,2016-03-23T20:00:00Z,18,0.3
2026352035,2016-03-23T21:00:00Z,1,0.016667
2026352035,2016-03-23T22:00:00Z,1,0.016667
2026352035,2016-03-23T23:00:00Z,2,0.033333
2026352035,2016-03-24T00:00:00Z,1,0.016667
2026352035,2016-03-24T01:00:00Z,1,0.016667
2026352035,2016-03-24T02:00:00Z,1,0.016667
2026352035,2016-03-24T03:00:00Z,3,0.05
2026352035,2016-03-24T04:00:00Z,0,0
2026352035,2016-03-24T05:00:00Z,0,0
2026352035,2016-03-24T06:00:00Z,0,0
2026352035,2016-03-24T07:00:00Z,11,0.183333
2026352035,2016-03-24T08:00:00Z,9,0.15
2026352035,2016-03-24T09:00:00Z,6,0.1
2026352035,2016-03-24T10:00:00Z,4,0.066667
2026352035,2016-03-24T11:00:00Z,19,0.316667
2026352035,2016-03-24T12:00:00Z,10,0.166667
2026352035,2016-03-24T13:00:00Z,4,0.066667
2026352035,2016-03-24T14:00:00Z,2,0.033333
2026352035,2016-03-24T15:00:00Z,7,0.116667
2026352035,2016-03-24T16:00:00Z,2,0.033333
2026352035,2016-03-24T17:00:00Z,5,0.083333
2026352035,2016-03-24T18:00:00Z,8,0.133333
2026352035,2016-03-24T19:00:00Z,6,0.1
2026352035,2016-03-24T20:00:00Z,10,0.166667
2026352035,2016-03-24T21:00:00Z,13,0.216667
2026352035,2016-03-24T22:00:00Z,1,0.016667
2026352035,2016-03-24T23:00:00Z,1,0.016667
2026352035,2016-03-25T00:00:00Z,0,0
2026352035,2016-03-25T01:00:00Z,0,0
2026352035,2016-03-25T02:00:00Z,0,0
2026352035,2016-03-25T03:00:00Z,0,0
2026352035,2016-03-25T04:00:00Z,0,0
2026352035,2016-03-25T05:00:00Z,2,0.033333
2026352035,2016-03-25T06:00:00Z,5,0.083333
2026352035,2016-03-25T07:00:00Z,10,0.166667
2026352035,2016-03-25T08:00:00Z,7,0.116667
2026352035,2016-03-25T09:00:00Z,6,0.1
2026352035,2016-03-25T10:00:00Z,6,0.1
2026352035,2016-03-25T11:00:00Z,8,0.133333
2026352035,2016-03-25T12:00:00Z,9,0.15
2026352035,2016-03-25T13:00:00Z,9,0.15
2026352035,2016-03-25T14:00:00Z,1,0.016667
2026352035,2016-03-25T15:00:00Z,0,0
2026352035,2016-03-25T16:00:00Z,16,0.266667
2026352035,2016-03-25T17:00:00Z,10,0.166667
2026352035,2016-03-25T18:00:00Z,33,0.55
2026352035,2016-03-25T19:00:00Z,8,0.133333
2026352035,2016-03-25T20:00:00Z,26,0.433333
2026352035,2016-03-25T21:00:00Z,16,0.266667
2026352035,2016-03-25T22:00:00Z,2,0.033333
2026352035,2016-03-25T23:00:00Z,2,0.033333
2026352035,2016-03-26T00:00:00Z,1,0.016667
2026352035,2016-03-26T01:00:00Z,0,0
2026352035,2016-03-26T02:00:00Z,0,0
2026352035,2016-03-26T03:00:00Z,1,0.016667
2026352035,2016-03-26T04:00:00Z,0,0
2026352035,2016-03-26T05:00:00Z,1,0.016667
2026352035,2016-03-26T06:00:00Z,0,0
2026352035,2016-03-26T07:00:00Z,13,0.216667
2026352035,2016-03-26T08:00:00Z,11,0.183333
2026352035,2016-03-26T09:00:00Z,6,0.1
2026352035,2016-03-26T10:00:00Z,1,0.016667
2026352035,2016-03-26T11:00:00Z,9,0.15
2026352035,2016-03-26T12:00:00Z,7,0.116667
2026352035,2016-03-26T13:00:00Z,3,0.05
2026352035,2016-03-26T14:00:00Z,5,0.083333
2026352035,2016-03-26T15:00:00Z,12,0.2
2026352035,2016-03-26T16:00:00Z,8,0.133333
2026352035,2016-03-26T17:00:00Z,14,0.233333
2026352035,2016-03-26T18:00:00Z,16,0.266667
2026352035,2016-03-26T19:00:00Z,17,0.283333
2026352035,2016-03-26T20:00:00Z,18,0.3
2026352035,2016-03-26T21:00:00Z,2,0.033333
2026352035,2016-03-26T22:00:00Z,1,0.016667
2026352035,2016-03-26T23:00:00Z,0,0
2026352035,2016-03-27T00:00:00Z,0,0
2026352035,2016-03-27T01:00:00Z,0,0
2026352035,2016-03-27T02:00:00Z,0,0
2026352035,2016-03-27T03:00:00Z,0,0
2026352035,2016-03-27T04:00:00Z,0,0
2026352035,2016-03-27T05:00:00Z,0,0
2026352035,2016-03-27T06:00:00Z,7,0.116667
2026352035,2016-03-27T07:00:00Z,20,0.333333
2026352035,2016-03-27T08:00:00Z,10,0.166667
2026352035,2016-03-27T09:00:00Z,9,0.15
2026352035,2016-03-27T10:00:00Z,7,0.116667
2026352035,2016-03-27T11:00:00Z,8,0.133333
2026352035,2016-03-27T12:00:00Z,6,0.1
2026352035,2016-03-27T13:00:00Z,8,0.133333
2026352035,2016-03-27T14:00:00Z,20,0.333333
2026352035,2016-03-27T15:00:00Z,12,0.2
2026352035,2016-03-27T16:00:00Z,6,0.1
2026352035,2016-03-27T17:00:00Z,16,0.266667
2026352035,2016-03-27T18:00:00Z,14,0.233333
2026352035,2016-03-27T19:00:00Z,20,0.333333
2026352035,2016-03-27T20:00:00Z,13,0.216667
2026352035,2016-03-27T21:00:00Z,4,0.066667
2026352035,2016-03-27T22:00:00Z,4,0.066667
2026352035,2016-03-27T23:00:00Z,0,0
2026352035,2016-03-28T00:00:00Z,0,0
2026352035,2016-03-28T01:00:00Z,0,0
2026352035,2016-03-28T02:00:00Z,0,0
2026352035,2016-03-28T03:00:00Z,0,0
2026352035,2016-03-28T04:00:00Z,0,0
2026352035,2016-03-28T05:00:00Z,0,0
2026352035,2016-03-28T06:00:00Z,12,0.2
2026352035,2016-03-28T07:00:00Z,8,0.133333
2026352035,2016-03-28T08:00:00Z,7,0.116667
2026352035,2016-03-28T09:00:00Z,7,0.116667
2026352035,2016-03-28T10:00:00Z,5,0.083333
2026352035,2016-03-28T11:00:00Z,10,0.166667
2026352035,2016-03-28T12:00:00Z,7,0.116667
2026352035,2016-03-28T13:00:00Z,11,0.183333
2026352035,2016-03-28T14:00:00Z,12,0.2
2026352035,2016-03-28T15:00:00Z,30,0.5
2026352035,2016-03-28T16:00:00Z,12,0.2
2026352035,2016-03-28T17:00:00Z,11,0.183333
2026352035,2016-03-28T18:00:00Z,18,0.3
2026352035,2016-03-28T19:00:00Z,8,0.133333
2026352035,2016-03-28T20:00:00Z,14,0.233333
2026352035,2016-03-28T21:00:00Z,8,0.133333
2026352035,2016-03-28T22:00:00Z,1,0.016667
2026352035,2016-03-28T23:00:00Z,2,0.033333
2026352035,2016-03-29T00:00:00Z,0,0
2026352035,2016-03-29T01:00:00Z,0,0
2026352035,2016-03-29T02:00:00Z,0,0
2026352035,2016-03-29T03:00:00Z,0,0
2026352035,2016-03-29T04:00:00Z,1,0.016667
2026352035,2016-03-29T05:00:00Z,0,0
2026352035,2016-03-29T06:00:00Z,16,0.266667
2026352035,2016-03-29T07:00:00Z,7,0.116667
2026352035,2016-03-29T08:00:00Z,21,0.35
2026352035,2016-03-29T09:00:00Z,6,0.1
2026352035,2016-03-29T10:00:00Z,5,0.083333
2026352035,2016-03-29T11:00:00Z,6,0.1
2026352035,2016-03-29T12:00:00Z,4,0.066667
2026352035,2016-03-29T13:00:00Z,3,0.05
2026352035,2016-03-29T14:00:00Z,7,0.116667
2026352035,2016-03-29T15:00:00Z,8,0.133333
2026352035,2016-03-29T16:00:00Z,4,0.066667
2026352035,2016-03-29T17:00:00Z,11,0.183333
2026352035,2016-03-29T18:00:00Z,12,0.2
2026352035,2016-03-29T19:00:00Z,11,0.183333
2026352035,2016-03-29T20:00:00Z,12,0.2
2026352035,2016-03-29T21:00:00Z,6,0.1
2026352035,2016-03-29T22:00:00Z,4,0.066667
2026352035,2016-03-29T23:00:00Z,0,0
2026352035,2016-03-30T00:00:00Z,0,0
2026352035,2016-03-30T01:00:00Z,0,0
2026352035,2016-03-30T02:00:00Z,0,0
2026352035,2016-03-30T03:00:00Z,0,0
2026352035,2016-03-30T04:00:00Z,0,0
2026352035,2016-03-30T05:00:00Z,0,0
2026352035,2016-03-30T06:00:00Z,9,0.15
2026352035,2016-03-30T07:00:00Z,15,0.25
2026352035,2016-03-30T08:00:00Z,8,0.133333
2026352035,2016-03-30T09:00:00Z,5,0.083333
2026352035,2016-03-30T10:00:00Z,6,0.1
2026352035,2016-03-30T11:00:00Z,8,0.133333
2026352035,2016-03-30T12:00:00Z,9,0.15
2026352035,2016-03-30T13:00:00Z,9,0.15
2026352035,2016-03-30T14:00:00Z,4,0.066667
2026352035,2016-03-30T15:00:00Z,12,0.2
2026352035,2016-03-30T16:00:00Z,14,0.233333
2026352035,2016-03-30T17:00:00Z,2,0.033333
2026352035,2016-03-30T18:00:00Z,14,0.233333
2026352035,2016-03-30T19:00:00Z,12,0.2
2026352035,2016-03-30T20:00:00Z,21,0.35
2026352035,2016-03-30T21:00:00Z,10,0.166667
2026352035,2016-03-30T22:00:00Z,5,0.083333
2026352035,2016-03-30T23:00:00Z,4,0.066667
2026352035,2016-03-31T00:00:00Z,0,0
2026352035,2016-03-31T01:00:00Z,1,0.016667
2026352035,2016-03-31T02:00:00Z,3,0.05
2026352035,2016-03-31T03:00:00Z,1,0.016667
2026352035,2016-03-31T04:00:00Z,0,0
2026352035,2016-03-31T05:00:00Z,1,0.016667
2026352035,2016-03-31T06:00:00Z,10,0.166667
2026352035,2016-03-31T07:00:00Z,32,0.533333
2026352035,2016-03-31T08:00:00Z,32,0.533333
2026352035,2016-03-31T09:00:00Z,41,0.683333
2026352035,2016-03-31T10:00:00Z,37,0.616667
2026352035,2016-03-31T11:00:00Z,26,0.433333
2026352035,2016-03-31T12:00:00Z,10,0.166667
2026352035,2016-03-31T13:00:00Z,7,0.116667
2026352035,2016-03-31T14:00:00Z,19,0.316667
2026352035,2016-03-31T15:00:00Z,14,0.233333
2026352035,2016-03-31T16:00:00Z,19,0.316667
2026352035,2016-03-31T17:00:00Z,16,0.266667
2026352035,2016-03-31T18:00:00Z,21,0.35
2026352035,2016-03-31T19:00:00Z,4,0.066667
2026352035,2016-03-31T20:00:00Z,15,0.25
2026352035,2016-03-31T21:00:00Z,1,0.016667
2026352035,2016-03-31T22:00:00Z,2,0.033333
2026352035,2016-03-31T23:00:00Z,0,0
2026352035,2016-04-01T00:00:00Z,0,0
2026352035,2016-04-01T01:00:00Z,1,0.016667
2026352035,2016-04-01T02:00:00Z,0,0
2026352035,2016-04-01T03:00:00Z,0,0
2026352035,2016-04-01T04:00:00Z,0,0
2026352035,2016-04-01T05:00:00Z,0,0
2026352035,2016-04-01T06:00:00Z,16,0.266667
2026352035,2016-04-01T07:00:00Z,7,0.116667
2026352035,2016-04-01T08:00:00Z,1,0.016667
2026352035,2016-04-01T09:00:00Z,4,0.066667
2026352035,2016-04-01T10:00:00Z,9,0.15
2026352035,2016-04-01T11:00:00Z,9,0.15
2026352035,2016-04-01T12:00:00Z,12,0.2
2026352035,2016-04-01T13:00:00Z,15,0.25
2026352035,2016-04-01T14:00:00Z,4,0.066667
2026352035,2016-04-01T15:00:00Z,11,0.183333
2026352035,2016-04-01T16:00:00Z,7,0.116667
2026352035,2016-04-01T17:00:00Z,15,0.25
2026352035,2016-04-01T18:00:00Z,22,0.366667
2026352035,2016-04-01T19:00:00Z,15,0.25
2026352035,2016-04-01T20:00:00Z,7,0.116667
2026352035,2016-04-01T21:00:00Z,7,0.116667
2026352035,2016-04-01T22:00:00Z,3,0.05
2026352035,2016-04-01T23:00:00Z,1,0.016667
2026352035,2016-04-02T00:00:00Z,0,0
2026352035,2016-04-02T01:00:00Z,0,0
2026352035,2016-04-02T02:00:00Z,0,0
2026352035,2016-04-02T03:00:00Z,0,0
2026352035,2016-04-02T04:00:00Z,3,0.05
2026352035,2016-04-02T05:00:00Z,0,0
2026352035,2016-04-02T06:00:00Z,0,0
2026352035,2016-04-02T07:00:00Z,15,0.25
2026352035,2016-04-02T08:00:00Z,2,0.033333
2026352035,2016-04-02T09:00:00Z,0,0
2026352035,2016-04-02T10:00:00Z,0,0
2026352035,2016-04-02T11:00:00Z,0,0
2026352035,2016-04-02T12:00:00Z,0,0
2026352035,2016-04-02T13:00:00Z,0,0
2026352035,2016-04-02T14:00:00Z,0,0
2026352035,2016-04-02T15:00:00Z,0,0
2026352035,2016-04-02T16:00:00Z,0,0
2026352035,2016-04-02T17:00:00Z,5,0.083333
2026352035,2016-04-02T18:00:00Z,12,0.2
2026352035,2016-04-02T19:00:00Z,13,0.216667
2026352035,2016-04-02T20:00:00Z,8,0.133333
2026352035,2016-04-02T21:00:00Z,9,0.15
2026352035,2016-04-02T22:00:00Z,2,0.033333
2026352035,2016-04-02T23:00:00Z,0,0
2026352035,2016-04-03T00:00:00Z,0,0
2026352035,2016-04-03T01:00:00Z,0,0
2026352035,2016-04-03T02:00:00Z,2,0.033333
2026352035,2016-04-03T03:00:00Z,0,0
2026352035,2016-04-03T04:00:00Z,2,0.033333
2026352035,2016-04-03T05:00:00Z,0,0
2026352035,2016-04-03T06:00:00Z,1,0.016667
2026352035,2016-04-03T07:00:00Z,8,0.133333
2026352035,2016-04-03T08:00:00Z,3,0.05
2026352035,2016-04-03T09:00:00Z,6,0.1
2026352035,2016-04-03T10:00:00Z,19,0.316667
2026352035,2016-04-03T11:00:00Z,4,0.066667
2026352035,2016-04-03T12:00:00Z,1,0.016667
2026352035,2016-04-03T13:00:00Z,13,0.216667
2026352035,2016-04-03T14:00:00Z,1,0.016667
2026352035,2016-04-03T15:00:00Z,5,0.083333
2026352035,2016-04-03T16:00:00Z,0,0
2026352035,2016-04-03T17:00:00Z,13,0.216667
2026352035,2016-04-03T18:00:00Z,10,0.166667
2026352035,2016-04-03T19:00:00Z,5,0.083333
2026352035,2016-04-03T20:00:00Z,15,0.25
2026352035,2016-04-03T21:00:00Z,3,0.05
2026352035,2016-04-03T22:00:00Z,3,0.05
2026352035,2016-04-03T23:00:00Z,1,0.016667
2026352035,2016-04-04T00:00:00Z,0,0
2026352035,2016-04-04T01:00:00Z,0,0
2026352035,2016-04-04T02:00:00Z,0,0
2026352035,2016-04-04T03:00:00Z,0,0
2026352035,2016-04-04T04:00:00Z,0,0
2026352035,2016-04-04T05:00:00Z,2,0.033333
2026352035,2016-04-04T06:00:00Z,4,0.066667
2026352035,2016-04-04T07:00:00Z,28,0.466667
2026352035,2016-04-04T08:00:00Z,14,0.233333
2026352035,2016-04-04T09:00:00Z,11,0.183333
2026352035,2016-04-04T10:00:00Z,22,0.366667
2026352035,2016-04-04T11:00:00Z,27,0.45
2026352035,2016-04-04T12:00:00Z,28,0.466667
2026352035,2016-04-04T13:00:00Z,3,0.05
2026352035,2016-04-04T14:00:00Z,1,0.016667
2026352035,2016-04-04T15:00:00Z,10,0.166667
2026352035,2016-04-04T16:00:00Z,12,0.2
2026352035,2016-04-04T17:00:00Z,19,0.316667
2026352035,2016-04-04T18:00:00Z,12,0.2
2026352035,2016-04-04T19:00:00Z,9,0.15
2026352035,2016-04-04T20:00:00Z,36,0.6
2026352035,2016-04-04T21:00:00Z,23,0.383333
2026352035,2016-04-04T22:00:00Z,2,0.033333
2026352035,2016-04-04T23:00:00Z,0,0
2026352035,2016-04-05T00:00:00Z,0,0
2026352035,2016-04-05T01:00:00Z,0,0
2026352035,2016-04-05T02:00:00Z,0,0
2026352035,2016-04-05T03:00:00Z,0,0
2026352035,2016-04-05T04:00:00Z,0,0
2026352035,2016-04-05T05:00:00Z,0,0
2026352035,2016-04-05T06:00:00Z,2,0.033333
2026352035,2016-04-05T07:00:00Z,33,0.55
2026352035,2016-04-05T08:00:00Z,30,0.5
2026352035,2016-04-05T09:00:00Z,10,0.166667
2026352035,2016-04-05T10:00:00Z,6,0.1
2026352035,2016-04-05T11:00:00Z,4,0.066667
2026352035,2016-04-05T12:00:00Z,20,0.333333
2026352035,2016-04-05T13:00:00Z,7,0.116667
2026352035,2016-04-05T14:00:00Z,9,0.15
2026352035,2016-04-05T15:00:00Z,2,0.033333
2026352035,2016-04-05T16:00:00Z,19,0.316667
2026352035,2016-04-05T17:00:00Z,32,0.533333
2026352035,2016-04-05T18:00:00Z,27,0.45
2026352035,2016-04-05T19:00:00Z,21,0.35
2026352035,2016-04-05T20:00:00Z,12,0.2
2026352035,2016-04-05T21:00:00Z,10,0.166667
2026352035,2016-04-05T22:00:00Z,1,0.016667
2026352035,2016-04-05T23:00:00Z,3,0.05
2026352035,2016-04-06T00:00:00Z,1,0.016667
2026352035,2016-04-06T01:00:00Z,0,0
2026352035,2016-04-06T02:00:00Z,0,0
2026352035,2016-04-06T03:00:00Z,0,0
2026352035,2016-04-06T04:00:00Z,0,0
2026352035,2016-04-06T05:00:00Z,0,0
2026352035,2016-04-06T06:00:00Z,15,0.25
2026352035,2016-04-06T07:00:00Z,10,0.166667
2026352035,2016-04-06T08:00:00Z,13,0.216667
2026352035,2016-04-06T09:00:00Z,6,0.1
2026352035,2016-04-06T10:00:00Z,19,0.316667
2026352035,2016-04-06T11:00:00Z,3,0.05
2026352035,2016-04-06T12:00:00Z,9,0.15
2026352035,2016-04-06T13:00:00Z,14,0.233333
2026352035,2016-04-06T14:00:00Z,9,0.15
2026352035,2016-04-06T15:00:00Z,12,0.2
2026352035,2016-04-06T16:00:00Z,14,0.233333
2026352035,2016-04-06T17:00:00Z,3,0.05
2026352035,2016-04-06T18:00:00Z,15,0.25
2026352035,2016-04-06T19:00:00Z,12,0.2
2026352035,2016-04-06T20:00:00Z,15,0.25
2026352035,2016-04-06T21:00:00Z,10,0.166667
2026352035,2016-04-06T22:00:00Z,4,0.066667
2026352035,2016-04-06T23:00:00Z,1,0.016667
2026352035,2016-04-07T00:00:00Z,1,0.016667
2026352035,2016-04-07T01:00:00Z,0,0
2026352035,2016-04-07T02:00:00Z,0,0
2026352035,2016-04-07T03:00:00Z,0,0
2026352035,2016-04-07T04:00:00Z,3,0.05
2026352035,2016-04-07T05:00:00Z,0,0
2026352035,2016-04-07T06:00:00Z,1,0.016667
2026352035,2016-04-07T07:00:00Z,17,0.283333
2026352035,2016-04-07T08:00:00Z,16,0.266667
2026352035,2016-04-07T09:00:00Z,7,0.116667
2026352035,2016-04-07T10:00:00Z,14,0.233333
2026352035,2016-04-07T11:00:00Z,8,0.133333
2026352035,2016-04-07T12:00:00Z,10,0.166667
2026352035,2016-04-07T13:00:00Z,5,0.083333
2026352035,2016-04-07T14:00:00Z,12,0.2
2026352035,2016-04-07T15:00:00Z,6,0.1
2026352035,2016-04-07T16:00:00Z,3,0.05
2026352035,2016-04-07T17:00:00Z,11,0.183333
2026352035,2016-04-07T18:00:00Z,20,0.333333
2026352035,2016-04-07T19:00:00Z,19,0.316667
2026352035,2016-04-07T20:00:00Z,11,0.183333
2026352035,2016-04-07T21:00:00Z,3,0.05
2026352035,2016-04-07T22:00:00Z,3,0.05
2026352035,2016-04-07T23:00:00Z,0,0
2026352035,2016-04-08T00:00:00Z,0,0
2026352035,2016-04-08T01:00:00Z,1,0.016667
2026352035,2016-04-08T02:00:00Z,0,0
2026352035,2016-04-08T03:00:00Z,0,0
2026352035,2016-04-08T04:00:00Z,1,0.016667
2026352035,2016-04-08T05:00:00Z,0,0
2026352035,2016-04-08T06:00:00Z,17,0.283333
2026352035,2016-04-08T07:00:00Z,13,0.216667
2026352035,2016-04-08T08:00:00Z,11,0.183333
2026352035,2016-04-08T09:00:00Z,12,0.2
2026352035,2016-04-08T10:00:00Z,24,0.4
2026352035,2016-04-08T11:00:00Z,6,0.1
2026352035,2016-04-08T12:00:00Z,6,0.1
2026352035,2016-04-08T13:00:00Z,7,0.116667
2026352035,2016-04-08T14:00:00Z,5,0.083333
2026352035,2016-04-08T15:00:00Z,2,0.033333
2026352035,2016-04-08T16:00:00Z,10,0.166667
2026352035,2016-04-08T17:00:00Z,15,0.25
2026352035,2016-04-08T18:00:00Z,14,0.233333
2026352035,2016-04-08T19:00:00Z,8,0.133333
2026352035,2016-04-08T20:00:00Z,13,0.216667
2026352035,2016-04-08T21:00:00Z,4,0.066667
2026352035,2016-04-08T22:00:00Z,2,0.033333
2026352035,2016-04-08T23:00:00Z,2,0.033333
2026352035,2016-04-09T00:00:00Z,0,0
2026352035,2016-04-09T01:00:00Z,0,0
2026352035,2016-04-09T02:00:00Z,0,0
2026352035,2016-04-09T03:00:00Z,0,0
2026352035,2016-04-09T04:00:00Z,0,0
2026352035,2016-04-09T05:00:00Z,0,0
2026352035,2016-04-09T06:00:00Z,10,0.166667
2026352035,2016-04-09T07:00:00Z,21,0.35
2026352035,2016-04-09T08:00:00Z,13,0.216667
2026352035,2016-04-09T09:00:00Z,9,0.15
2026352035,2016-04-09T10:00:00Z,0,0
2026352035,2016-04-09T11:00:00Z,1,0.016667
2026352035,2016-04-09T12:00:00Z,11,0.183333
2026352035,2016-04-09T13:00:00Z,3,0.05
2026352035,2016-04-09T14:00:00Z,20,0.333333
2026352035,2016-04-09T15:00:00Z,9,0.15
2026352035,2016-04-09T16:00:00Z,11,0.183333
2026352035,2016-04-09T17:00:00Z,17,0.283333
2026352035,2016-04-09T18:00:00Z,24,0.4
2026352035,2016-04-09T19:00:00Z,8,0.133333
2026352035,2016-04-09T20:00:00Z,14,0.233333
2026352035,2016-04-09T21:00:00Z,6,0.1
2026352035,2016-04-09T22:00:00Z,5,0.083333
2026352035,2016-04-09T23:00:00Z,3,0.05
2026352035,2016-04-10T00:00:00Z,0,0
2026352035,2016-04-10T01:00:00Z,0,0
2026352035,2016-04-10T02:00:00Z,2,0.033333
2026352035,2016-04-10T03:00:00Z,0,0
2026352035,2016-04-10T04:00:00Z,0,0
2026352035,2016-04-10T05:00:00Z,1,0.016667
2026352035,2016-04-10T06:00:00Z,13,0.216667
2026352035,2016-04-10T07:00:00Z,21,0.35
2026352035,2016-04-10T08:00:00Z,16,0.266667
2026352035,2016-04-10T09:00:00Z,21,0.35
2026352035,2016-04-10T10:00:00Z,33,0.55
2026352035,2016-04-10T11:00:00Z,6,0.1
2026352035,2016-04-10T12:00:00Z,25,0.416667
2026352035,2016-04-10T13:00:00Z,16,0.266667
2026352035,2016-04-10T14:00:00Z,3,0.05
2026352035,2016-04-10T15:00:00Z,1,0.016667
2026352035,2016-04-10T16:00:00Z,12,0.2
2026352035,2016-04-10T17:00:00Z,13,0.216667
2026352035,2016-04-10T18:00:00Z,11,0.183333
2026352035,2016-04-10T19:00:00Z,13,0.216667
2026352035,2016-04-10T20:00:00Z,8,0.133333
2026352035,2016-04-10T21:00:00Z,7,0.116667
2026352035,2016-04-10T22:00:00Z,5,0.083333
2026352035,2016-04-10T23:00:00Z,3,0.05
2026352035,2016-04-11T00:00:00Z,2,0.033333
2026352035,2016-04-11T01:00:00Z,0,0
2026352035,2016-04-11T02:00:00Z,0,0
2026352035,2016-04-11T03:00:00Z,0,0
2026352035,2016-04-11T04:00:00Z,0,0
2026352035,2016-04-11T05:00:00Z,0,0
2026352035,2016-04-11T06:00:00Z,17,0.283333
2026352035,2016-04-11T07:00:00Z,20,0.333333
2026352035,2016-04-11T08:00:00Z,6,0.1
2026352035,2016-04-11T09:00:00Z,6,0.1
2026352035,2016-04-11T10:00:00Z,7,0.116667
2026352035,2016-04-11T11:00:00Z,7,0.116667
2026352035,2016-04-11T12:00:00Z,8,0.133333
2026352035,2016-04-11T13:00:00Z,4,0.066667
2026352035,2016-04-11T14:00:00Z,9,0.15
2026352035,2016-04-11T15:00:00Z,1,0.016667
2026352035,2016-04-11T16:00:00Z,30,0.5
2026352035,2016-04-11T17:00:00Z,4,0.066667
2026352035,2016-04-11T18:00:00Z,12,0.2
2026352035,2016-04-11T19:00:00Z,15,0.25
2026352035,2016-04-11T20:00:00Z,6,0.1
2026352035,2016-04-11T21:00:00Z,6,0.1
2026352035,2016-04-11T22:00:00Z,4,0.066667
2026352035,2016-04-11T23:00:00Z,0,0
2026352035,2016-04-12T00:00:00Z,1,0.016667
2026352035,2016-04-12T01:00:00Z,0,0
2026352035,2016-04-12T02:00:00Z,0,0
2026352035,2016-04-12T03:00:00Z,0,0
2026352035,2016-04-12T04:00:00Z,0,0
2026352035,2016-04-12T05:00:00Z,0,0
2026352035,2016-04-12T06:00:00Z,21,0.35
2026352035,2016-04-12T07:00:00Z,14,0.233333
2026352035,2016-04-12T08:00:00Z,7,0.116667
2026352035,2016-04-12T09:00:00Z,14,0.233333
2320127002,2016-03-12T00:00:00Z,9,0.15
2320127002,2016-03-12T01:00:00Z,0,0
2320127002,2016-03-12T02:00:00Z,0,0
2320127002,2016-03-12T03:00:00Z,0,0
2320127002,2016-03-12T04:00:00Z,0,0
2320127002,2016-03-12T05:00:00Z,0,0
2320127002,2016-03-12T06:00:00Z,0,0
2320127002,2016-03-12T07:00:00Z,0,0
2320127002,2016-03-12T08:00:00Z,0,0
2320127002,2016-03-12T09:00:00Z,0,0
2320127002,2016-03-12T10:00:00Z,0,0
2320127002,2016-03-12T11:00:00Z,0,0
2320127002,2016-03-12T12:00:00Z,2,0.033333
2320127002,2016-03-12T13:00:00Z,17,0.283333
2320127002,2016-03-12T14:00:00Z,22,0.366667
2320127002,2016-03-12T15:00:00Z,16,0.266667
2320127002,2016-03-12T16:00:00Z,15,0.25
2320127002,2016-03-12T17:00:00Z,23,0.383333
2320127002,2016-03-12T18:00:00Z,8,0.133333
2320127002,2016-03-12T19:00:00Z,6,0.1
2320127002,2016-03-12T20:00:00Z,0,0
2320127002,2016-03-12T21:00:00Z,0,0
2320127002,2016-03-12T22:00:00Z,0,0
2320127002,2016-03-12T23:00:00Z,0,0
2320127002,2016-03-13T00:00:00Z,0,0
2320127002,2016-03-13T01:00:00Z,0,0
2320127002,2016-03-13T02:00:00Z,0,0
2320127002,2016-03-13T03:00:00Z,0,0
2320127002,2016-03-13T04:00:00Z,0,0
2320127002,2016-03-13T05:00:00Z,0,0
2320127002,2016-03-13T06:00:00Z,0,0
2320127002,2016-03-13T07:00:00Z,0,0
2320127002,2016-03-13T08:00:00Z,0,0
2320127002,2016-03-13T09:00:00Z,0,0
2320127002,2016-03-13T10:00:00Z,0,0
2320127002,2016-03-13T11:00:00Z,0,0
2320127002,2016-03-13T12:00:00Z,0,0
2320127002,2016-03-13T13:00:00Z,0,0
2320127002,2016-03-13T14:00:00Z,0,0
2320127002,2016-03-13T15:00:00Z,0,0
2320127002,2016-03-13T16:00:00Z,0,0
2320127002,2016-03-13T17:00:00Z,0,0
2320127002,2016-03-13T18:00:00Z,0,0
2320127002,2016-03-13T19:00:00Z,0,0
2320127002,2016-03-13T20:00:00Z,0,0
2320127002,2016-03-13T21:00:00Z,0,0
2320127002,2016-03-13T22:00:00Z,0,0
2320127002,2016-03-13T23:00:00Z,0,0
2320127002,2016-03-14T00:00:00Z,0,0
2320127002,2016-03-14T01:00:00Z,0,0
2320127002,2016-03-14T02:00:00Z,0,0
2320127002,2016-03-14T03:00:00Z,0,0
2320127002,2016-03-14T04:00:00Z,0,0
2320127002,2016-03-14T05:00:00Z,0,0
2320127002,2016-03-14T06:00:00Z,0,0
2320127002,2016-03-14T07:00:00Z,0,0
2320127002,2016-03-14T08:00:00Z,0,0
2320127002,2016-03-14T09:00:00Z,0,0
2320127002,2016-03-14T10:00:00Z,0,0
2320127002,2016-03-14T11:00:00Z,0,0
2320127002,2016-03-14T12:00:00Z,0,0
2320127002,2016-03-14T13:00:00Z,0,0
2320127002,2016-03-14T14:00:00Z,0,0
2320127002,2016-03-14T15:00:00Z,0,0
2320127002,2016-03-14T16:00:00Z,0,0
2320127002,2016-03-14T17:00:00Z,0,0
2320127002,2016-03-14T18:00:00Z,0,0
2320127002,2016-03-14T19:00:00Z,0,0
2320127002,2016-03-14T20:00:00Z,0,0
2320127002,2016-03-14T21:00:00Z,0,0
2320127002,2016-03-14T22:00:00Z,0,0
2320127002,2016-03-14T23:00:00Z,0,0
2320127002,2016-03-15T00:00:00Z,0,0
2320127002,2016-03-15T01:00:00Z,0,0
2320127002,2016-03-15T02:00:00Z,0,0
2320127002,2016-03-15T03:00:00Z,0,0
2320127002,2016-03-15T04:00:00Z,0,0
2320127002,2016-03-15T05:00:00Z,0,0
2320127002,2016-03-15T06:00:00Z,0,0
2320127002,2016-03-15T07:00:00Z,0,0
2320127002,2016-03-15T08:00:00Z,0,0
2320127002,2016-03-15T09:00:00Z,0,0
2320127002,2016-03-15T10:00:00Z,0,0
2320127002,2016-03-15T11:00:00Z,0,0
2320127002,2016-03-15T12:00:00Z,0,0
2320127002,2016-03-15T13:00:00Z,0,0
2320127002,2016-03-15T14:00:00Z,0,0
2320127002,2016-03-15T15:00:00Z,0,0
2320127002,2016-03-15T16:00:00Z,0,0
2320127002,2016-03-15T17:00:00Z,0,0
2320127002,2016-03-15T18:00:00Z,0,0
2320127002,2016-03-15T19:00:00Z,0,0
2320127002,2016-03-15T20:00:00Z,0,0
2320127002,2016-03-15T21:00:00Z,0,0
2320127002,2016-03-15T22:00:00Z,0,0
2320127002,2016-03-15T23:00:00Z,0,0
2320127002,2016-03-16T00:00:00Z,0,0
2320127002,2016-03-16T01:00:00Z,0,0
2320127002,2016-03-16T02:00:00Z,0,0
2320127002,2016-03-16T03:00:00Z,0,0
2320127002,2016-03-16T04:00:00Z,0,0
2320127002,2016-03-16T05:00:00Z,0,0
2320127002,2016-03-16T06:00:00Z,0,0
2320127002,2016-03-16T07:00:00Z,0,0
2320127002,2016-03-16T08:00:00Z,0,0
2320127002,2016-03-16T09:00:00Z,0,0
2320127002,2016-03-16T10:00:00Z,0,0
2320127002,2016-03-16T11:00:00Z,0,0
2320127002,2016-03-16T12:00:00Z,0,0
2320127002,2016-03-16T13:00:00Z,0,0
2320127002,2016-03-16T14:00:00Z,0,0
2320127002,2016-03-16T15:00:00Z,0,0
2320127002,2016-03-16T16:00:00Z,0,0
2320127002,2016-03-16T17:00:00Z,0,0
2320127002,2016-03-16T18:00:00Z,0,0
2320127002,2016-03-16T19:00:00Z,0,0
2320127002,2016-03-16T20:00:00Z,0,0
2320127002,2016-03-16T21:00:00Z,0,0
2320127002,2016-03-16T22:00:00Z,0,0
2320127002,2016-03-16T23:00:00Z,0,0
2320127002,2016-03-17T00:00:00Z,0,0
2320127002,2016-03-17T01:00:00Z,0,0
2320127002,2016-03-17T02:00:00Z,0,0
2320127002,2016-03-17T03:00:00Z,0,0
2320127002,2016-03-17T04:00:00Z,0,0
2320127002,2016-03-17T05:00:00Z,0,0
2320127002,2016-03-17T06:00:00Z,0,0
2320127002,2016-03-17T07:00:00Z,0,0
2320127002,2016-03-17T08:00:00Z,0,0
2320127002,2016-03-17T09:00:00Z,0,0
2320127002,2016-03-17T10:00:00Z,0,0
2320127002,2016-03-17T11:00:00Z,0,0
2320127002,2016-03-17T12:00:00Z,0,0
2320127002,2016-03-17T13:00:00Z,0,0
2320127002,2016-03-17T14:00:00Z,0,0
2320127002,2016-03-17T15:00:00Z,0,0
2320127002,2016-03-17T16:00:00Z,0,0
2320127002,2016-03-17T17:00:00Z,0,0
2320127002,2016-03-17T18:00:00Z,0,0
2320127002,2016-03-17T19:00:00Z,0,0
2320127002,2016-03-17T20:00:00Z,0,0
2320127002,2016-03-17T21:00:00Z,0,0
2320127002,2016-03-17T22:00:00Z,0,0
2320127002,2016-03-17T23:00:00Z,0,0
2320127002,2016-03-18T00:00:00Z,0,0
2320127002,2016-03-18T01:00:00Z,0,0
2320127002,2016-03-18T02:00:00Z,0,0
2320127002,2016-03-18T03:00:00Z,0,0
2320127002,2016-03-18T04:00:00Z,0,0
2320127002,2016-03-18T05:00:00Z,0,0
2320127002,2016-03-18T06:00:00Z,0,0
2320127002,2016-03-18T07:00:00Z,0,0
2320127002,2016-03-18T08:00:00Z,0,0
2320127002,2016-03-18T09:00:00Z,0,0
2320127002,2016-03-18T10:00:00Z,0,0
2320127002,2016-03-18T11:00:00Z,0,0
2320127002,2016-03-18T12:00:00Z,0,0
2320127002,2016-03-18T13:00:00Z,0,0
2320127002,2016-03-18T14:00:00Z,0,0
2320127002,2016-03-18T15:00:00Z,0,0
2320127002,2016-03-18T16:00:00Z,0,0
2320127002,2016-03-18T17:00:00Z,0,0
2320127002,2016-03-18T18:00:00Z,0,0
2320127002,2016-03-18T19:00:00Z,0,0
2320127002,2016-03-18T20:00:00Z,0,0
2320127002,2016-03-18T21:00:00Z,0,0
2320127002,2016-03-18T22:00:00Z,0,0
2320127002,2016-03-18T23:00:00Z,0,0
2320127002,2016-03-19T00:00:00Z,0,0
2320127002,2016-03-19T01:00:00Z,0,0
2320127002,2016-03-19T02:00:00Z,0,0
2320127002,2016-03-19T03:00:00Z,0,0
2320127002,2016-03-19T04:00:00Z,0,0
2320127002,2016-03-19T05:00:00Z,0,0
2320127002,2016-03-19T06:00:00Z,0,0
2320127002,2016-03-19T07:00:00Z,0,0
2320127002,2016-03-19T08:00:00Z,0,0
2320127002,2016-03-19T09:00:00Z,0,0
2320127002,2016-03-19T10:00:00Z,0,0
2320127002,2016-03-19T11:00:00Z,0,0
2320127002,2016-03-19T12:00:00Z,0,0
2320127002,2016-03-19T13:00:00Z,0,0
2320127002,2016-03-19T14:00:00Z,0,0
2320127002,2016-03-19T15:00:00Z,0,0
2320127002,2016-03-19T16:00:00Z,0,0
2320127002,2016-03-19T17:00:00Z,0,0
2320127002,2016-03-19T18:00:00Z,0,0
2320127002,2016-03-19T19:00:00Z,0,0
2320127002,2016-03-19T20:00:00Z,0,0
2320127002,2016-03-19T21:00:00Z,0,0
2320127002,2016-03-19T22:00:00Z,0,0
2320127002,2016-03-19T23:00:00Z,0,0
2320127002,2016-03-20T00:00:00Z,0,0
2320127002,2016-03-20T01:00:00Z,0,0
2320127002,2016-03-20T02:00:00Z,0,0
2320127002,2016-03-20T03:00:00Z,0,0
2320127002,2016-03-20T04:00:00Z,0,0
2320127002,2016-03-20T05:00:00Z,0,0
2320127002,2016-03-20T06:00:00Z,0,0
2320127002,2016-03-20T07:00:00Z,0,0
2320127002,2016-03-20T08:00:00Z,0,0
2320127002,2016-03-20T09:00:00Z,0,0
2320127002,2016-03-20T10:00:00Z,0,0
2320127002,2016-03-20T11:00:00Z,0,0
2320127002,2016-03-20T12:00:00Z,0,0
2320127002,2016-03-20T13:00:00Z,0,0
2320127002,2016-03-20T14:00:00Z,0,0
2320127002,2016-03-20T15:00:00Z,0,0
2320127002,2016-03-20T16:00:00Z,0,0
2320127002,2016-03-20T17:00:00Z,0,0
2320127002,2016-03-20T18:00:00Z,0,0
2320127002,2016-03-20T19:00:00Z,0,0
2320127002,2016-03-20T20:00:00Z,0,0
2320127002,2016-03-20T21:00:00Z,0,0
2320127002,2016-03-20T22:00:00Z,0,0
2320127002,2016-03-20T23:00:00Z,0,0
2320127002,2016-03-21T00:00:00Z,0,0
2320127002,2016-03-21T01:00:00Z,0,0
2320127002,2016-03-21T02:00:00Z,0,0
2320127002,2016-03-21T03:00:00Z,0,0
2320127002,2016-03-21T04:00:00Z,0,0
2320127002,2016-03-21T05:00:00Z,0,0
2320127002,2016-03-21T06:00:00Z,0,0
2320127002,2016-03-21T07:00:00Z,0,0
2320127002,2016-03-21T08:00:00Z,0,0
2320127002,2016-03-21T09:00:00Z,0,0
2320127002,2016-03-21T10:00:00Z,0,0
2320127002,2016-03-21T11:00:00Z,0,0
2320127002,2016-03-21T12:00:00Z,0,0
2320127002,2016-03-21T13:00:00Z,0,0
2320127002,2016-03-21T14:00:00Z,0,0
2320127002,2016-03-21T15:00:00Z,0,0
2320127002,2016-03-21T16:00:00Z,0,0
2320127002,2016-03-21T17:00:00Z,0,0
2320127002,2016-03-21T18:00:00Z,0,0
2320127002,2016-03-21T19:00:00Z,0,0
2320127002,2016-03-21T20:00:00Z,0,0
2320127002,2016-03-21T21:00:00Z,0,0
2320127002,2016-03-21T22:00:00Z,0,0
2320127002,2016-03-21T23:00:00Z,0,0
2320127002,2016-03-22T00:00:00Z,0,0
2320127002,2016-03-22T01:00:00Z,0,0
2320127002,2016-03-22T02:00:00Z,0,0
2320127002,2016-03-22T03:00:00Z,0,0
2320127002,2016-03-22T04:00:00Z,0,0
2320127002,2016-03-22T05:00:00Z,0,0
2320127002,2016-03-22T06:00:00Z,0,0
2320127002,2016-03-22T07:00:00Z,0,0
2320127002,2016-03-22T08:00:00Z,0,0
2320127002,2016-03-22T09:00:00Z,0,0
2320127002,2016-03-22T10:00:00Z,0,0
2320127002,2016-03-22T11:00:00Z,0,0
2320127002,2016-03-22T12:00:00Z,5,0.083333
2320127002,2016-03-22T13:00:00Z,16,0.266667
2320127002,2016-03-22T14:00:00Z,19,0.316667
2320127002,2016-03-22T15:00:00Z,25,0.416667
2320127002,2016-03-22T16:00:00Z,32,0.533333
2320127002,2016-03-22T17:00:00Z,24,0.4
2320127002,2016-03-22T18:00:00Z,29,0.483333
2320127002,2016-03-22T19:00:00Z,10,0.166667
2320127002,2016-03-22T20:00:00Z,0,0
2320127002,2016-03-22T21:00:00Z,18,0.3
2320127002,2016-03-22T22:00:00Z,16,0.266667
2320127002,2016-03-22T23:00:00Z,24,0.4
2320127002,2016-03-23T00:00:00Z,23,0.383333
2320127002,2016-03-23T01:00:00Z,18,0.3
2320127002,2016-03-23T02:00:00Z,20,0.333333
2320127002,2016-03-23T03:00:00Z,20,0.333333
2320127002,2016-03-23T04:00:00Z,0,0
2320127002,2016-03-23T05:00:00Z,0,0
2320127002,2016-03-23T06:00:00Z,0,0
2320127002,2016-03-23T07:00:00Z,22,0.366667
2320127002,2016-03-23T08:00:00Z,21,0.35
2320127002,2016-03-23T09:00:00Z,15,0.25
2320127002,2016-03-23T10:00:00Z,0,0
2320127002,2016-03-23T11:00:00Z,0,0
2320127002,2016-03-23T12:00:00Z,0,0
2320127002,2016-03-23T13:00:00Z,0,0
2320127002,2016-03-23T14:00:00Z,0,0
2320127002,2016-03-23T15:00:00Z,11,0.183333
2320127002,2016-03-23T16:00:00Z,44,0.733333
2320127002,2016-03-23T17:00:00Z,21,0.35
2320127002,2016-03-23T18:00:00Z,20,0.333333
2320127002,2016-03-23T19:00:00Z,14,0.233333
2320127002,2016-03-23T20:00:00Z,0,0
2320127002,2016-03-23T21:00:00Z,0,0
2320127002,2016-03-23T22:00:00Z,0,0
2320127002,2016-03-23T23:00:00Z,0,0
2320127002,2016-03-24T00:00:00Z,0,0
2320127002,2016-03-24T01:00:00Z,0,0
2320127002,2016-03-24T02:00:00Z,0,0
2320127002,2016-03-24T03:00:00Z,0,0
2320127002,2016-03-24T04:00:00Z,0,0
2320127002,2016-03-24T05:00:00Z,0,0
2320127002,2016-03-24T06:00:00Z,0,0
2320127002,2016-03-24T07:00:00Z,0,0
2320127002,2016-03-24T08:00:00Z,0,0
2320127002,2016-03-24T09:00:00Z,0,0
2320127002,2016-03-24T10:00:00Z,3,0.05
2320127002,2016-03-24T11:00:00Z,26,0.433333
2320127002,2016-03-24T12:00:00Z,27,0.45
2320127002,2016-03-24T13:00:00Z,23,0.383333
2320127002,2016-03-24T14:00:00Z,19,0.316667
2320127002,2016-03-24T15:00:00Z,17,0.283333
2320127002,2016-03-24T16:00:00Z,5,0.083333
2320127002,2016-03-24T17:00:00Z,0,0
2320127002,2016-03-24T18:00:00Z,0,0
2320127002,2016-03-24T19:00:00Z,0,0
2320127002,2016-03-24T20:00:00Z,5,0.083333
2320127002,2016-03-24T21:00:00Z,13,0.216667
2320127002,2016-03-24T22:00:00Z,9,0.15
2320127002,2016-03-24T23:00:00Z,10,0.166667
2320127002,2016-03-25T00:00:00Z,8,0.133333
2320127002,2016-03-25T01:00:00Z,6,0.1
2320127002,2016-03-25T02:00:00Z,0,0
2320127002,2016-03-25T03:00:00Z,0,0
2320127002,2016-03-25T04:00:00Z,0,0
2320127002,2016-03-25T05:00:00Z,0,0
2320127002,2016-03-25T06:00:00Z,0,0
2320127002,2016-03-25T07:00:00Z,0,0
2320127002,2016-03-25T08:00:00Z,0,0
2320127002,2016-03-25T09:00:00Z,0,0
2320127002,2016-03-25T10:00:00Z,0,0
2320127002,2016-03-25T11:00:00Z,0,0
2320127002,2016-03-25T12:00:00Z,0,0
2320127002,2016-03-25T13:00:00Z,0,0
2320127002,2016-03-25T14:00:00Z,0,0
2320127002,2016-03-25T15:00:00Z,0,0
2320127002,2016-03-25T16:00:00Z,0,0
2320127002,2016-03-25T17:00:00Z,0,0
2320127002,2016-03-25T18:00:00Z,0,0
2320127002,2016-03-25T19:00:00Z,0,0
2320127002,2016-03-25T20:00:00Z,0,0
2320127002,2016-03-25T21:00:00Z,0,0
2320127002,2016-03-25T22:00:00Z,0,0
2320127002,2016-03-25T23:00:00Z,0,0
2320127002,2016-03-26T00:00:00Z,0,0
2320127002,2016-03-26T01:00:00Z,0,0
2320127002,2016-03-26T02:00:00Z,0,0
2320127002,2016-03-26T03:00:00Z,0,0
2320127002,2016-03-26T04:00:00Z,0,0
2320127002,2016-03-26T05:00:00Z,0,0
2320127002,2016-03-26T06:00:00Z,0,0
2320127002,2016-03-26T07:00:00Z,0,0
2320127002,2016-03-26T08:00:00Z,0,0
2320127002,2016-03-26T09:00:00Z,0,0
2320127002,2016-03-26T10:00:00Z,0,0
2320127002,2016-03-26T11:00:00Z,0,0
2320127002,2016-03-26T12:00:00Z,0,0
2320127002,2016-03-26T13:00:00Z,0,0
2320127002,2016-03-26T14:00:00Z,0,0
2320127002,2016-03-26T15:00:00Z,0,0
2320127002,2016-03-26T16:00:00Z,0,0
2320127002,2016-03-26T17:00:00Z,0,0
2320127002,2016-03-26T18:00:00Z,0,0
2320127002,2016-03-26T19:00:00Z,0,0
2320127002,2016-03-26T20:00:00Z,0,0
2320127002,2016-03-26T21:00:00Z,0,0
2320127002,2016-03-26T22:00:00Z,0,0
2320127002,2016-03-26T23:00:00Z,0,0
2320127002,2016-03-27T00:00:00Z,0,0
2320127002,2016-03-27T01:00:00Z,0,0
2320127002,2016-03-27T02:00:00Z,0,0
2320127002,2016-03-27T03:00:00Z,0,0
2320127002,2016-03-27T04:00:00Z,0,0
2320127002,2016-03-27T05:00:00Z,0,0
2320127002,2016-03-27T06:00:00Z,0,0
2320127002,2016-03-27T07:00:00Z,0,0
2320127002,2016-03-27T08:00:00Z,0,0
2320127002,2016-03-27T09:00:00Z,0,0
2320127002,2016-03-27T10:00:00Z,0,0
2320127002,2016-03-27T11:00:00Z,0,0
2320127002,2016-03-27T12:00:00Z,0,0
2320127002,2016-03-27T13:00:00Z,0,0
2320127002,2016-03-27T14:00:00Z,0,0
2320127002,2016-03-27T15:00:00Z,0,0
2320127002,2016-03-27T16:00:00Z,0,0
2320127002,2016-03-27T17:00:00Z,0,0
2320127002,2016-03-27T18:00:00Z,0,0
2320127002,2016-03-27T19:00:00Z,0,0
2320127002,2016-03-27T20:00:00Z,0,0
2320127002,2016-03-27T21:00:00Z,0,0
2320127002,2016-03-27T22:00:00Z,0,0
2320127002,2016-03-27T23:00:00Z,0,0
2320127002,2016-03-28T00:00:00Z,0,0
2320127002,2016-03-28T01:00:00Z,0,0
2320127002,2016-03-28T02:00:00Z,0,0
2320127002,2016-03-28T03:00:00Z,0,0
2320127002,2016-03-28T04:00:00Z,0,0
2320127002,2016-03-28T05:00:00Z,0,0
2320127002,2016-03-28T06:00:00Z,0,0
2320127002,2016-03-28T07:00:00Z,0,0
2320127002,2016-03-28T08:00:00Z,0,0
2320127002,2016-03-28T09:00:00Z,0,0
2320127002,2016-03-28T10:00:00Z,0,0
2320127002,2016-03-28T11:00:00Z,0,0
2320127002,2016-03-28T12:00:00Z,0,0
2320127002,2016-03-28T13:00:00Z,0,0
2320127002,2016-03-28T14:00:00Z,0,0
2320127002,2016-03-28T15:00:00Z,0,0
2320127002,2016-03-28T16:00:00Z,0,0
2320127002,2016-03-28T17:00:00Z,0,0
2320127002,2016-03-28T18:00:00Z,0,0
2320127002,2016-03-28T19:00:00Z,0,0
2320127002,2016-03-28T20:00:00Z,0,0
2320127002,2016-03-28T21:00:00Z,0,0
2320127002,2016-03-28T22:00:00Z,0,0
2320127002,2016-03-28T23:00:00Z,0,0
2320127002,2016-03-29T00:00:00Z,0,0
2320127002,2016-03-29T01:00:00Z,0,0
2320127002,2016-03-29T02:00:00Z,0,0
2320127002,2016-03-29T03:00:00Z,0,0
2320127002,2016-03-29T04:00:00Z,0,0
2320127002,2016-03-29T05:00:00Z,0,0
2320127002,2016-03-29T06:00:00Z,0,0
2320127002,2016-03-29T07:00:00Z,0,0
2320127002,2016-03-29T08:00:00Z,0,0
2320127002,2016-03-29T09:00:00Z,0,0
2320127002,2016-03-29T10:00:00Z,0,0
2320127002,2016-03-29T11:00:00Z,0,0
2320127002,2016-03-29T12:00:00Z,0,0
2320127002,2016-03-29T13:00:00Z,0,0
2320127002,2016-03-29T14:00:00Z,0,0
2320127002,2016-03-29T15:00:00Z,0,0
2320127002,2016-03-29T16:00:00Z,0,0
2320127002,2016-03-29T17:00:00Z,0,0
2320127002,2016-03-29T18:00:00Z,0,0
2320127002,2016-03-29T19:00:00Z,0,0
2320127002,2016-03-29T20:00:00Z,0,0
2320127002,2016-03-29T21:00:00Z,0,0
2320127002,2016-03-29T22:00:00Z,0,0
2320127002,2016-03-29T23:00:00Z,0,0
2320127002,2016-03-30T00:00:00Z,0,0
2320127002,2016-03-30T01:00:00Z,0,0
2320127002,2016-03-30T02:00:00Z,0,0
2320127002,2016-03-30T03:00:00Z,0,0
2320127002,2016-03-30T04:00:00Z,0,0
2320127002,2016-03-30T05:00:00Z,0,0
2320127002,2016-03-30T06:00:00Z,0,0
2320127002,2016-03-30T07:00:00Z,0,0
2320127002,2016-03-30T08:00:00Z,0,0
2320127002,2016-03-30T09:00:00Z,0,0
2320127002,2016-03-30T10:00:00Z,0,0
2320127002,2016-03-30T11:00:00Z,0,0
2320127002,2016-03-30T12:00:00Z,0,0
2320127002,2016-03-30T13:00:00Z,0,0
2320127002,2016-03-30T14:00:00Z,0,0
2320127002,2016-03-30T15:00:00Z,0,0
2320127002,2016-03-30T16:00:00Z,0,0
2320127002,2016-03-30T17:00:00Z,0,0
2320127002,2016-03-30T18:00:00Z,0,0
2320127002,2016-03-30T19:00:00Z,0,0
2320127002,2016-03-30T20:00:00Z,0,0
2320127002,2016-03-30T21:00:00Z,0,0
2320127002,2016-03-30T22:00:00Z,0,0
2320127002,2016-03-30T23:00:00Z,0,0
2320127002,2016-03-31T00:00:00Z,0,0
2320127002,2016-03-31T01:00:00Z,0,0
2320127002,2016-03-31T02:00:00Z,0,0
2320127002,2016-03-31T03:00:00Z,0,0
2320127002,2016-03-31T04:00:00Z,0,0
2320127002,2016-03-31T05:00:00Z,0,0
2320127002,2016-03-31T06:00:00Z,0,0
2320127002,2016-03-31T07:00:00Z,0,0
2320127002,2016-03-31T08:00:00Z,0,0
2320127002,2016-03-31T09:00:00Z,0,0
2320127002,2016-03-31T10:00:00Z,0,0
2320127002,2016-03-31T11:00:00Z,0,0
2320127002,2016-03-31T12:00:00Z,0,0
2320127002,2016-03-31T13:00:00Z,0,0
2320127002,2016-03-31T14:00:00Z,0,0
2320127002,2016-03-31T15:00:00Z,0,0
2320127002,2016-03-31T16:00:00Z,0,0
2320127002,2016-03-31T17:00:00Z,0,0
2320127002,2016-03-31T18:00:00Z,0,0
2320127002,2016-03-31T19:00:00Z,0,0
2320127002,2016-03-31T20:00:00Z,0,0
2320127002,2016-03-31T21:00:00Z,0,0
2320127002,2016-03-31T22:00:00Z,0,0
2320127002,2016-03-31T23:00:00Z,0,0
2320127002,2016-04-01T00:00:00Z,0,0
2320127002,2016-04-01T01:00:00Z,0,0
2320127002,2016-04-01T02:00:00Z,0,0
2320127002,2016-04-01T03:00:00Z,0,0
2320127002,2016-04-01T04:00:00Z,0,0
2320127002,2016-04-01T05:00:00Z,0,0
2320127002,2016-04-01T06:00:00Z,0,0
2320127002,2016-04-01T07:00:00Z,0,0
2320127002,2016-04-01T08:00:00Z,0,0
2320127002,2016-04-01T09:00:00Z,0,0
2320127002,2016-04-01T10:00:00Z,0,0
2320127002,2016-04-01T11:00:00Z,0,0
2320127002,2016-04-01T12:00:00Z,0,0
2320127002,2016-04-01T13:00:00Z,0,0
2320127002,2016-04-01T14:00:00Z,0,0
2320127002,2016-04-01T15:00:00Z,0,0
2320127002,2016-04-01T16:00:00Z,0,0
2320127002,2016-04-01T17:00:00Z,0,0
2320127002,2016-04-01T18:00:00Z,0,0
2320127002,2016-04-01T19:00:00Z,0,0
2320127002,2016-04-01T20:00:00Z,0,0
2320127002,2016-04-01T21:00:00Z,0,0
2320127002,2016-04-01T22:00:00Z,0,0
2320127002,2016-04-01T23:00:00Z,0,0
2320127002,2016-04-02T00:00:00Z,0,0
2320127002,2016-04-02T01:00:00Z,0,0
2320127002,2016-04-02T02:00:00Z,0,0
2320127002,2016-04-02T03:00:00Z,0,0
2320127002,2016-04-02T04:00:00Z,0,0
2320127002,2016-04-02T05:00:00Z,0,0
2320127002,2016-04-02T06:00:00Z,0,0
2320127002,2016-04-02T07:00:00Z,0,0
2320127002,2016-04-02T08:00:00Z,0,0
2320127002,2016-04-02T09:00:00Z,0,0
2320127002,2016-04-02T10:00:00Z,0,0
2320127002,2016-04-02T11:00:00Z,0,0
2320127002,2016-04-02T12:00:00Z,0,0
2320127002,2016-04-02T13:00:00Z,0,0
2320127002,2016-04-02T14:00:00Z,0,0
2320127002,2016-04-02T15:00:00Z,0,0
2320127002,2016-04-02T16:00:00Z,0,0
2320127002,2016-04-02T17:00:00Z,0,0
2320127002,2016-04-02T18:00:00Z,0,0
2320127002,2016-04-02T19:00:00Z,0,0
2320127002,2016-04-02T20:00:00Z,0,0
2320127002,2016-04-02T21:00:00Z,0,0
2320127002,2016-04-02T22:00:00Z,0,0
2320127002,2016-04-02T23:00:00Z,0,0
2320127002,2016-04-03T00:00:00Z,0,0
2320127002,2016-04-03T01:00:00Z,0,0
2320127002,2016-04-03T02:00:00Z,0,0
2320127002,2016-04-03T03:00:00Z,0,0
2320127002,2016-04-03T04:00:00Z,0,0
2320127002,2016-04-03T05:00:00Z,0,0
2320127002,2016-04-03T06:00:00Z,0,0
2320127002,2016-04-03T07:00:00Z,0,0
2320127002,2016-04-03T08:00:00Z,0,0
2320127002,2016-04-03T09:00:00Z,0,0
2320127002,2016-04-03T10:00:00Z,0,0
2320127002,2016-04-03T11:00:00Z,0,0
2320127002,2016-04-03T12:00:00Z,0,0
2320127002,2016-04-03T13:00:00Z,0,0
2320127002,2016-04-03T14:00:00Z,0,0
2320127002,2016-04-03T15:00:00Z,0,0
2320127002,2016-04-03T16:00:00Z,0,0
2320127002,2016-04-03T17:00:00Z,0,0
2320127002,2016-04-03T18:00:00Z,0,0
2320127002,2016-04-03T19:00:00Z,0,0
2320127002,2016-04-03T20:00:00Z,0,0
2320127002,2016-04-03T21:00:00Z,0,0
2320127002,2016-04-03T22:00:00Z,0,0
2320127002,2016-04-03T23:00:00Z,0,0
2320127002,2016-04-04T00:00:00Z,0,0
2320127002,2016-04-04T01:00:00Z,0,0
2320127002,2016-04-04T02:00:00Z,0,0
2320127002,2016-04-04T03:00:00Z,0,0
2320127002,2016-04-04T04:00:00Z,0,0
2320127002,2016-04-04T05:00:00Z,0,0
2320127002,2016-04-04T06:00:00Z,0,0
2320127002,2016-04-04T07:00:00Z,0,0
2320127002,2016-04-04T08:00:00Z,0,0
2320127002,2016-04-04T09:00:00Z,0,0
2320127002,2016-04-04T10:00:00Z,0,0
2320127002,2016-04-04T11:00:00Z,0,0
2320127002,2016-04-04T12:00:00Z,0,0
2320127002,2016-04-04T13:00:00Z,0,0
2320127002,2016-04-04T14:00:00Z,0,0
2320127002,2016-04-04T15:00:00Z,0,0
2320127002,2016-04-04T16:00:00Z,0,0
2320127002,2016-04-04T17:00:00Z,0,0
2320127002,2016-04-04T18:00:00Z,0,0
2320127002,2016-04-04T19:00:00Z,0,0
2320127002,2016-04-04T20:00:00Z,0,0
2320127002,2016-04-04T21:00:00Z,0,0
2320127002,2016-04-04T22:00:00Z,0,0
2320127002,2016-04-04T23:00:00Z,0,0
2320127002,2016-04-05T00:00:00Z,0,0
2320127002,2016-04-05T01:00:00Z,0,0
2320127002,2016-04-05T02:00:00Z,0,0
2320127002,2016-04-05T03:00:00Z,10,0.166667
2320127002,2016-04-05T04:00:00Z,25,0.416667
2320127002,2016-04-05T05:00:00Z,12,0.2
2320127002,2016-04-05T06:00:00Z,11,0.183333
2320127002,2016-04-05T07:00:00Z,22,0.366667
2320127002,2016-04-05T08:00:00Z,8,0.133333
2320127002,2016-04-05T09:00:00Z,0,0
2320127002,2016-04-05T10:00:00Z,0,0
2320127002,2016-04-05T11:00:00Z,0,0
2320127002,2016-04-05T12:00:00Z,0,0
2320127002,2016-04-05T13:00:00Z,0,0
2320127002,2016-04-05T14:00:00Z,0,0
2320127002,2016-04-05T15:00:00Z,0,0
2320127002,2016-04-05T16:00:00Z,0,0
2320127002,2016-04-05T17:00:00Z,0,0
2320127002,2016-04-05T18:00:00Z,0,0
2320127002,2016-04-05T19:00:00Z,0,0
2320127002,2016-04-05T20:00:00Z,12,0.2
2320127002,2016-04-05T21:00:00Z,25,0.416667
2320127002,2016-04-05T22:00:00Z,25,0.416667
2320127002,2016-04-05T23:00:00Z,25,0.416667
2320127002,2016-04-06T00:00:00Z,23,0.383333
2320127002,2016-04-06T01:00:00Z,10,0.166667
2320127002,2016-04-06T02:00:00Z,0,0
2320127002,2016-04-06T03:00:00Z,0,0
2320127002,2016-04-06T04:00:00Z,0,0
2320127002,2016-04-06T05:00:00Z,0,0
2320127002,2016-04-06T06:00:00Z,0,0
2320127002,2016-04-06T07:00:00Z,5,0.083333
2320127002,2016-04-06T08:00:00Z,25,0.416667
2320127002,2016-04-06T09:00:00Z,6,0.1
2320127002,2016-04-06T10:00:00Z,14,0.233333
2320127002,2016-04-06T11:00:00Z,23,0.383333
2320127002,2016-04-06T12:00:00Z,12,0.2
2320127002,2016-04-06T13:00:00Z,0,0
2320127002,2016-04-06T14:00:00Z,7,0.116667
2320127002,2016-04-06T15:00:00Z,30,0.5
2320127002,2016-04-06T16:00:00Z,31,0.516667
2320127002,2016-04-06T17:00:00Z,22,0.366667
2320127002,2016-04-06T18:00:00Z,12,0.2
2320127002,2016-04-06T19:00:00Z,25,0.416667
2320127002,2016-04-06T20:00:00Z,18,0.3
2320127002,2016-04-06T21:00:00Z,14,0.233333
2320127002,2016-04-06T22:00:00Z,24,0.4
2320127002,2016-04-06T23:00:00Z,19,0.316667
2320127002,2016-04-07T00:00:00Z,20,0.333333
2320127002,2016-04-07T01:00:00Z,4,0.066667
2320127002,2016-04-07T02:00:00Z,0,0
2320127002,2016-04-07T03:00:00Z,0,0
2320127002,2016-04-07T04:00:00Z,0,0
2320127002,2016-04-07T05:00:00Z,0,0
2320127002,2016-04-07T06:00:00Z,0,0
2320127002,2016-04-07T07:00:00Z,1,0.016667
2320127002,2016-04-07T08:00:00Z,13,0.216667
2320127002,2016-04-07T09:00:00Z,15,0.25
2320127002,2016-04-07T10:00:00Z,18,0.3
2320127002,2016-04-07T11:00:00Z,17,0.283333
2320127002,2016-04-07T12:00:00Z,5,0.083333
2320127002,2016-04-07T13:00:00Z,0,0
2320127002,2016-04-07T14:00:00Z,0,0
2320127002,2016-04-07T15:00:00Z,0,0
2320127002,2016-04-07T16:00:00Z,0,0
2320127002,2016-04-07T17:00:00Z,0,0
2320127002,2016-04-07T18:00:00Z,0,0
2320127002,2016-04-07T19:00:00Z,0,0
2320127002,2016-04-07T20:00:00Z,0,0
2320127002,2016-04-07T21:00:00Z,0,0
2320127002,2016-04-07T22:00:00Z,0,0
2320127002,2016-04-07T23:00:00Z,0,0
2320127002,2016-04-08T00:00:00Z,0,0
2320127002,2016-04-08T01:00:00Z,0,0
2320127002,2016-04-08T02:00:00Z,0,0
2320127002,2016-04-08T03:00:00Z,0,0
2320127002,2016-04-08T04:00:00Z,0,0
2320127002,2016-04-08T05:00:00Z,0,0
2320127002,2016-04-08T06:00:00Z,18,0.3
2320127002,2016-04-08T07:00:00Z,28,0.466667
2320127002,2016-04-08T08:00:00Z,24,0.4
2320127002,2016-04-08T09:00:00Z,20,0.333333
2320127002,2016-04-08T10:00:00Z,0,0
2320127002,2016-04-08T11:00:00Z,0,0
2320127002,2016-04-08T12:00:00Z,0,0
2320127002,2016-04-08T13:00:00Z,0,0
2320127002,2016-04-08T14:00:00Z,0,0
2320127002,2016-04-08T15:00:00Z,18,0.3
2320127002,2016-04-08T16:00:00Z,14,0.233333
2320127002,2016-04-08T17:00:00Z,11,0.183333
2320127002,2016-04-08T18:00:00Z,20,0.333333
2320127002,2016-04-08T19:00:00Z,0,0
2320127002,2016-04-08T20:00:00Z,0,0
2320127002,2016-04-08T21:00:00Z,0,0
2320127002,2016-04-08T22:00:00Z,0,0
2320127002,2016-04-08T23:00:00Z,0,0
2320127002,2016-04-09T00:00:00Z,1,0.016667
2320127002,2016-04-09T01:00:00Z,18,0.3
2320127002,2016-04-09T02:00:00Z,11,0.183333
2320127002,2016-04-09T03:00:00Z,22,0.366667
2320127002,2016-04-09T04:00:00Z,2,0.033333
2320127002,2016-04-09T05:00:00Z,0,0
2320127002,2016-04-09T06:00:00Z,13,0.216667
2320127002,2016-04-09T07:00:00Z,22,0.366667
2320127002,2016-04-09T08:00:00Z,12,0.2
2320127002,2016-04-09T09:00:00Z,7,0.116667
2320127002,2016-04-09T10:00:00Z,27,0.45
2320127002,2016-04-09T11:00:00Z,12,0.2
2320127002,2016-04-09T12:00:00Z,47,0.783333
2320127002,2016-04-09T13:00:00Z,19,0.316667
2320127002,2016-04-09T14:00:00Z,18,0.3
2320127002,2016-04-09T15:00:00Z,2,0.033333
2320127002,2016-04-09T16:00:00Z,0,0
2320127002,2016-04-09T17:00:00Z,0,0
2320127002,2016-04-09T18:00:00Z,0,0
2320127002,2016-04-09T19:00:00Z,0,0
2320127002,2016-04-09T20:00:00Z,0,0
2320127002,2016-04-09T21:00:00Z,0,0
2320127002,2016-04-09T22:00:00Z,0,0
2320127002,2016-04-09T23:00:00Z,0,0
2320127002,2016-04-10T00:00:00Z,0,0
2320127002,2016-04-10T01:00:00Z,0,0
2320127002,2016-04-10T02:00:00Z,0,0
2320127002,2016-04-10T03:00:00Z,0,0
2320127002,2016-04-10T04:00:00Z,0,0
2320127002,2016-04-10T05:00:00Z,0,0
2320127002,2016-04-10T06:00:00Z,0,0
2320127002,2016-04-10T07:00:00Z,0,0
2320127002,2016-04-10T08:00:00Z,0,0
2320127002,2016-04-10T09:00:00Z,12,0.2
2320127002,2016-04-10T10:00:00Z,16,0.266667
2320127002,2016-04-10T11:00:00Z,31,0.516667
2320127002,2016-04-10T12:00:00Z,20,0.333333
2320127002,2016-04-10T13:00:00Z,17,0.283333
2320127002,2016-04-10T14:00:00Z,7,0.116667
2320127002,2016-04-10T15:00:00Z,0,0
2320127002,2016-04-10T16:00:00Z,0,0
2320127002,2016-04-10T17:00:00Z,0,0
2320127002,2016-04-10T18:00:00Z,0,0
2320127002,2016-04-10T19:00:00Z,0,0
2320127002,2016-04-10T20:00:00Z,0,0
2320127002,2016-04-10T21:00:00Z,0,0
2320127002,2016-04-10T22:00:00Z,0,0
2320127002,2016-04-10T23:00:00Z,0,0
2320127002,2016-04-11T00:00:00Z,0,0
2320127002,2016-04-11T01:00:00Z,0,0
2320127002,2016-04-11T02:00:00Z,0,0
2320127002,2016-04-11T03:00:00Z,0,0
2320127002,2016-04-11T04:00:00Z,0,0
2320127002,2016-04-11T05:00:00Z,0,0
2320127002,2016-04-11T06:00:00Z,0,0
2320127002,2016-04-11T07:00:00Z,0,0
2320127002,2016-04-11T08:00:00Z,11,0.183333
2320127002,2016-04-11T09:00:00Z,31,0.516667
2320127002,2016-04-11T10:00:00Z,30,0.5
2320127002,2016-04-11T11:00:00Z,26,0.433333
2320127002,2016-04-11T12:00:00Z,28,0.466667
2320127002,2016-04-11T13:00:00Z,24,0.4
2320127002,2016-04-11T14:00:00Z,14,0.233333
2320127002,2016-04-11T15:00:00Z,23,0.383333
2320127002,2016-04-11T16:00:00Z,33,0.55
2320127002,2016-04-11T17:00:00Z,33,0.55
2320127002,2016-04-11T18:00:00Z,29,0.483333
2320127002,2016-04-11T19:00:00Z,21,0.35
2320127002,2016-04-11T20:00:00Z,26,0.433333
2320127002,2016-04-11T21:00:00Z,21,0.35
2320127002,2016-04-11T22:00:00Z,60,1
2320127002,2016-04-11T23:00:00Z,14,0.233333
2320127002,2016-04-12T00:00:00Z,0,0
2320127002,2016-04-12T01:00:00Z,0,0
2320127002,2016-04-12T02:00:00Z,0,0
2320127002,2016-04-12T03:00:00Z,0,0
2320127002,2016-04-12T04:00:00Z,0,0
2320127002,2016-04-12T05:00:00Z,0,0
2320127002,2016-04-12T06:00:00Z,0,0
2320127002,2016-04-12T07:00:00Z,28,0.466667
2320127002,2016-04-12T08:00:00Z,14,0.233333
2320127002,2016-04-12T09:00:00Z,14,0.233333
2320127002,2016-04-12T10:00:00Z,4,0.066667
2347167796,2016-03-12T00:00:00Z,0,0
2347167796,2016-03-12T01:00:00Z,0,0
2347167796,2016-03-12T02:00:00Z,0,0
2347167796,2016-03-12T03:00:00Z,2,0.033333
2347167796,2016-03-12T04:00:00Z,0,0
2347167796,2016-03-12T05:00:00Z,0,0
2347167796,2016-03-12T06:00:00Z,3,0.05
2347167796,2016-03-12T07:00:00Z,75,1.25
2347167796,2016-03-12T08:00:00Z,92,1.533333
2347167796,2016-03-12T09:00:00Z,24,0.4
2347167796,2016-03-12T10:00:00Z,15,0.25
2347167796,2016-03-12T11:00:00Z,46,0.766667
2347167796,2016-03-12T12:00:00Z,32,0.533333
2347167796,2016-03-12T13:00:00Z,6,0.1
2347167796,2016-03-12T14:00:00Z,1,0.016667
2347167796,2016-03-12T15:00:00Z,26,0.433333
2347167796,2016-03-12T16:00:00Z,30,0.5
2347167796,2016-03-12T17:00:00Z,42,0.7
2347167796,2016-03-12T18:00:00Z,20,0.333333
2347167796,2016-03-12T19:00:00Z,8,0.133333
2347167796,2016-03-12T20:00:00Z,8,0.133333
2347167796,2016-03-12T21:00:00Z,18,0.3
2347167796,2016-03-12T22:00:00Z,7,0.116667
2347167796,2016-03-12T23:00:00Z,0,0
2347167796,2016-03-13T00:00:00Z,0,0
2347167796,2016-03-13T01:00:00Z,1,0.016667
2347167796,2016-03-13T02:00:00Z,0,0
2347167796,2016-03-13T03:00:00Z,2,0.033333
2347167796,2016-03-13T04:00:00Z,0,0
2347167796,2016-03-13T05:00:00Z,0,0
2347167796,2016-03-13T06:00:00Z,0,0
2347167796,2016-03-13T07:00:00Z,0,0
2347167796,2016-03-13T08:00:00Z,37,0.616667
2347167796,2016-03-13T09:00:00Z,69,1.15
2347167796,2016-03-13T10:00:00Z,57,0.95
2347167796,2016-03-13T11:00:00Z,39,0.65
2347167796,2016-03-13T12:00:00Z,4,0.066667
2347167796,2016-03-13T13:00:00Z,29,0.483333
2347167796,2016-03-13T14:00:00Z,24,0.4
2347167796,2016-03-13T15:00:00Z,24,0.4
2347167796,2016-03-13T16:00:00Z,46,0.766667
2347167796,2016-03-13T17:00:00Z,14,0.233333
2347167796,2016-03-13T18:00:00Z,23,0.383333
2347167796,2016-03-13T19:00:00Z,107,1.783333
2347167796,2016-03-13T20:00:00Z,44,0.733333
2347167796,2016-03-13T21:00:00Z,15,0.25
2347167796,2016-03-13T22:00:00Z,2,0.033333
2347167796,2016-03-13T23:00:00Z,2,0.033333
2347167796,2016-03-14T00:00:00Z,0,0
2347167796,2016-03-14T01:00:00Z,1,0.016667
2347167796,2016-03-14T02:00:00Z,2,0.033333
2347167796,2016-03-14T03:00:00Z,0,0
2347167796,2016-03-14T04:00:00Z,0,0
2347167796,2016-03-14T05:00:00Z,0,0
2347167796,2016-03-14T06:00:00Z,13,0.216667
2347167796,2016-03-14T07:00:00Z,16,0.266667
2347167796,2016-03-14T08:00:00Z,53,0.883333
2347167796,2016-03-14T09:00:00Z,15,0.25
2347167796,2016-03-14T10:00:00Z,12,0.2
2347167796,2016-03-14T11:00:00Z,16,0.266667
2347167796,2016-03-14T12:00:00Z,9,0.15
2347167796,2016-03-14T13:00:00Z,20,0.333333
2347167796,2016-03-14T14:00:00Z,11,0.183333
2347167796,2016-03-14T15:00:00Z,8,0.133333
2347167796,2016-03-14T16:00:00Z,15,0.25
2347167796,2016-03-14T17:00:00Z,24,0.4
2347167796,2016-03-14T18:00:00Z,36,0.6
2347167796,2016-03-14T19:00:00Z,33,0.55
2347167796,2016-03-14T20:00:00Z,36,0.6
2347167796,2016-03-14T21:00:00Z,50,0.833333
2347167796,2016-03-14T22:00:00Z,5,0.083333
2347167796,2016-03-14T23:00:00Z,0,0
2347167796,2016-03-15T00:00:00Z,0,0
2347167796,2016-03-15T01:00:00Z,0,0
2347167796,2016-03-15T02:00:00Z,0,0
2347167796,2016-03-15T03:00:00Z,2,0.033333
2347167796,2016-03-15T04:00:00Z,0,0
2347167796,2016-03-15T05:00:00Z,0,0
2347167796,2016-03-15T06:00:00Z,1,0.016667
2347167796,2016-03-15T07:00:00Z,24,0.4
2347167796,2016-03-15T08:00:00Z,30,0.5
2347167796,2016-03-15T09:00:00Z,14,0.233333
2347167796,2016-03-15T10:00:00Z,9,0.15
2347167796,2016-03-15T11:00:00Z,16,0.266667
2347167796,2016-03-15T12:00:00Z,11,0.183333
2347167796,2016-03-15T13:00:00Z,11,0.183333
2347167796,2016-03-15T14:00:00Z,10,0.166667
2347167796,2016-03-15T15:00:00Z,11,0.183333
2347167796,2016-03-15T16:00:00Z,17,0.283333
2347167796,2016-03-15T17:00:00Z,24,0.4
2347167796,2016-03-15T18:00:00Z,73,1.216667
2347167796,2016-03-15T19:00:00Z,95,1.583333
2347167796,2016-03-15T20:00:00Z,10,0.166667
2347167796,2016-03-15T21:00:00Z,4,0.066667
2347167796,2016-03-15T22:00:00Z,1,0.016667
2347167796,2016-03-15T23:00:00Z,2,0.033333
2347167796,2016-03-16T00:00:00Z,7,0.116667
2347167796,2016-03-16T01:00:00Z,0,0
2347167796,2016-03-16T02:00:00Z,0,0
2347167796,2016-03-16T03:00:00Z,0,0
2347167796,2016-03-16T04:00:00Z,0,0
2347167796,2016-03-16T05:00:00Z,0,0
2347167796,2016-03-16T06:00:00Z,1,0.016667
2347167796,2016-03-16T07:00:00Z,32,0.533333
2347167796,2016-03-16T08:00:00Z,36,0.6
2347167796,2016-03-16T09:00:00Z,13,0.216667
2347167796,2016-03-16T10:00:00Z,7,0.116667
2347167796,2016-03-16T11:00:00Z,7,0.116667
2347167796,2016-03-16T12:00:00Z,16,0.266667
2347167796,2016-03-16T13:00:00Z,20,0.333333
2347167796,2016-03-16T14:00:00Z,12,0.2
2347167796,2016-03-16T15:00:00Z,1,0.016667
2347167796,2016-03-16T16:00:00Z,7,0.116667
2347167796,2016-03-16T17:00:00Z,24,0.4
2347167796,2016-03-16T18:00:00Z,38,0.633333
2347167796,2016-03-16T19:00:00Z,0,0
2347167796,2016-03-16T20:00:00Z,1,0.016667
2347167796,2016-03-16T21:00:00Z,102,1.7
2347167796,2016-03-16T22:00:00Z,33,0.55
2347167796,2016-03-16T23:00:00Z,1,0.016667
2347167796,2016-03-17T00:00:00Z,0,0
2347167796,2016-03-17T01:00:00Z,2,0.033333
2347167796,2016-03-17T02:00:00Z,0,0
2347167796,2016-03-17T03:00:00Z,0,0
2347167796,2016-03-17T04:00:00Z,0,0
2347167796,2016-03-17T05:00:00Z,0,0
2347167796,2016-03-17T06:00:00Z,0,0
2347167796,2016-03-17T07:00:00Z,9,0.15
2347167796,2016-03-17T08:00:00Z,31,0.516667
2347167796,2016-03-17T09:00:00Z,11,0.183333
2347167796,2016-03-17T10:00:00Z,16,0.266667
2347167796,2016-03-17T11:00:00Z,9,0.15
2347167796,2016-03-17T12:00:00Z,14,0.233333
2347167796,2016-03-17T13:00:00Z,23,0.383333
2347167796,2016-03-17T14:00:00Z,28,0.466667
2347167796,2016-03-17T15:00:00Z,14,0.233333
2347167796,2016-03-17T16:00:00Z,15,0.25
2347167796,2016-03-17T17:00:00Z,21,0.35
2347167796,2016-03-17T18:00:00Z,39,0.65
2347167796,2016-03-17T19:00:00Z,73,1.216667
2347167796,2016-03-17T20:00:00Z,7,0.116667
2347167796,2016-03-17T21:00:00Z,20,0.333333
2347167796,2016-03-17T22:00:00Z,17,0.283333
2347167796,2016-03-17T23:00:00Z,0,0
2347167796,2016-03-18T00:00:00Z,2,0.033333
2347167796,2016-03-18T01:00:00Z,0,0
2347167796,2016-03-18T02:00:00Z,0,0
2347167796,2016-03-18T03:00:00Z,2,0.033333
2347167796,2016-03-18T04:00:00Z,0,0
2347167796,2016-03-18T05:00:00Z,0,0
2347167796,2016-03-18T06:00:00Z,0,0
2347167796,2016-03-18T07:00:00Z,2,0.033333
2347167796,2016-03-18T08:00:00Z,11,0.183333
2347167796,2016-03-18T09:00:00Z,25,0.416667
2347167796,2016-03-18T10:00:00Z,5,0.083333
2347167796,2016-03-18T11:00:00Z,16,0.266667
2347167796,2016-03-18T12:00:00Z,20,0.333333
2347167796,2016-03-18T13:00:00Z,12,0.2
2347167796,2016-03-18T14:00:00Z,11,0.183333
2347167796,2016-03-18T15:00:00Z,7,0.116667
2347167796,2016-03-18T16:00:00Z,13,0.216667
2347167796,2016-03-18T17:00:00Z,14,0.233333
2347167796,2016-03-18T18:00:00Z,17,0.283333
2347167796,2016-03-18T19:00:00Z,8,0.133333
2347167796,2016-03-18T20:00:00Z,3,0.05
2347167796,2016-03-18T21:00:00Z,75,1.25
2347167796,2016-03-18T22:00:00Z,62,1.033333
2347167796,2016-03-18T23:00:00Z,2,0.033333
2347167796,2016-03-19T00:00:00Z,0,0
2347167796,2016-03-19T01:00:00Z,0,0
2347167796,2016-03-19T02:00:00Z,0,0
2347167796,2016-03-19T03:00:00Z,0,0
2347167796,2016-03-19T04:00:00Z,0,0
2347167796,2016-03-19T05:00:00Z,2,0.033333
2347167796,2016-03-19T06:00:00Z,1,0.016667
2347167796,2016-03-19T07:00:00Z,1,0.016667
2347167796,2016-03-19T08:00:00Z,14,0.233333
2347167796,2016-03-19T09:00:00Z,87,1.45
2347167796,2016-03-19T10:00:00Z,23,0.383333
2347167796,2016-03-19T11:00:00Z,19,0.316667
2347167796,2016-03-19T12:00:00Z,35,0.583333
2347167796,2016-03-19T13:00:00Z,6,0.1
2347167796,2016-03-19T14:00:00Z,0,0
2347167796,2016-03-19T15:00:00Z,9,0.15
2347167796,2016-03-19T16:00:00Z,22,0.366667
2347167796,2016-03-19T17:00:00Z,7,0.116667
2347167796,2016-03-19T18:00:00Z,9,0.15
2347167796,2016-03-19T19:00:00Z,24,0.4
2347167796,2016-03-19T20:00:00Z,20,0.333333
2347167796,2016-03-19T21:00:00Z,51,0.85
2347167796,2016-03-19T22:00:00Z,13,0.216667
2347167796,2016-03-19T23:00:00Z,0,0
2347167796,2016-03-20T00:00:00Z,0,0
2347167796,2016-03-20T01:00:00Z,3,0.05
2347167796,2016-03-20T02:00:00Z,1,0.016667
2347167796,2016-03-20T03:00:00Z,1,0.016667
2347167796,2016-03-20T04:00:00Z,0,0
2347167796,2016-03-20T05:00:00Z,0,0
2347167796,2016-03-20T06:00:00Z,1,0.016667
2347167796,2016-03-20T07:00:00Z,6,0.1
2347167796,2016-03-20T08:00:00Z,153,2.55
2347167796,2016-03-20T09:00:00Z,19,0.316667
2347167796,2016-03-20T10:00:00Z,14,0.233333
2347167796,2016-03-20T11:00:00Z,26,0.433333
2347167796,2016-03-20T12:00:00Z,6,0.1
2347167796,2016-03-20T13:00:00Z,28,0.466667
2347167796,2016-03-20T14:00:00Z,21,0.35
2347167796,2016-03-20T15:00:00Z,14,0.233333
2347167796,2016-03-20T16:00:00Z,26,0.433333
2347167796,2016-03-20T17:00:00Z,16,0.266667
2347167796,2016-03-20T18:00:00Z,20,0.333333
2347167796,2016-03-20T19:00:00Z,24,0.4
2347167796,2016-03-20T20:00:00Z,29,0.483333
2347167796,2016-03-20T21:00:00Z,27,0.45
2347167796,2016-03-20T22:00:00Z,0,0
2347167796,2016-03-20T23:00:00Z,0,0
2347167796,2016-03-21T00:00:00Z,0,0
2347167796,2016-03-21T01:00:00Z,4,0.066667
2347167796,2016-03-21T02:00:00Z,1,0.016667
2347167796,2016-03-21T03:00:00Z,0,0
2347167796,2016-03-21T04:00:00Z,0,0
2347167796,2016-03-21T05:00:00Z,0,0
2347167796,2016-03-21T06:00:00Z,8,0.133333
2347167796,2016-03-21T07:00:00Z,12,0.2
2347167796,2016-03-21T08:00:00Z,22,0.366667
2347167796,2016-03-21T09:00:00Z,5,0.083333
2347167796,2016-03-21T10:00:00Z,15,0.25
2347167796,2016-03-21T11:00:00Z,9,0.15
2347167796,2016-03-21T12:00:00Z,13,0.216667
2347167796,2016-03-21T13:00:00Z,47,0.783333
2347167796,2016-03-21T14:00:00Z,10,0.166667
2347167796,2016-03-21T15:00:00Z,13,0.216667
2347167796,2016-03-21T16:00:00Z,10,0.166667
2347167796,2016-03-21T17:00:00Z,12,0.2
2347167796,2016-03-21T18:00:00Z,48,0.8
2347167796,2016-03-21T19:00:00Z,31,0.516667
2347167796,2016-03-21T20:00:00Z,31,0.516667
2347167796,2016-03-21T21:00:00Z,30,0.5
2347167796,2016-03-21T22:00:00Z,40,0.666667
2347167796,2016-03-21T23:00:00Z,0,0
2347167796,2016-03-22T00:00:00Z,0,0
2347167796,2016-03-22T01:00:00Z,1,0.016667
2347167796,2016-03-22T02:00:00Z,2,0.033333
2347167796,2016-03-22T03:00:00Z,0,0
2347167796,2016-03-22T04:00:00Z,0,0
2347167796,2016-03-22T05:00:00Z,0,0
2347167796,2016-03-22T06:00:00Z,3,0.05
2347167796,2016-03-22T07:00:00Z,45,0.75
2347167796,2016-03-22T08:00:00Z,24,0.4
2347167796,2016-03-22T09:00:00Z,10,0.166667
2347167796,2016-03-22T10:00:00Z,12,0.2
2347167796,2016-03-22T11:00:00Z,7,0.116667
2347167796,2016-03-22T12:00:00Z,20,0.333333
2347167796,2016-03-22T13:00:00Z,18,0.3
2347167796,2016-03-22T14:00:00Z,17,0.283333
2347167796,2016-03-22T15:00:00Z,11,0.183333
2347167796,2016-03-22T16:00:00Z,4,0.066667
2347167796,2016-03-22T17:00:00Z,18,0.3
2347167796,2016-03-22T18:00:00Z,61,1.016667
2347167796,2016-03-22T19:00:00Z,8,0.133333
2347167796,2016-03-22T20:00:00Z,20,0.333333
2347167796,2016-03-22T21:00:00Z,62,1.033333
2347167796,2016-03-22T22:00:00Z,6,0.1
2347167796,2016-03-22T23:00:00Z,0,0
2347167796,2016-03-23T00:00:00Z,0,0
2347167796,2016-03-23T01:00:00Z,3,0.05
2347167796,2016-03-23T02:00:00Z,0,0
2347167796,2016-03-23T03:00:00Z,0,0
2347167796,2016-03-23T04:00:00Z,0,0
2347167796,2016-03-23T05:00:00Z,0,0
2347167796,2016-03-23T06:00:00Z,6,0.1
2347167796,2016-03-23T07:00:00Z,58,0.966667
2347167796,2016-03-23T08:00:00Z,26,0.433333
2347167796,2016-03-23T09:00:00Z,9,0.15
2347167796,2016-03-23T10:00:00Z,13,0.216667
2347167796,2016-03-23T11:00:00Z,6,0.1
2347167796,2016-03-23T12:00:00Z,13,0.216667
2347167796,2016-03-23T13:00:00Z,14,0.233333
2347167796,2016-03-23T14:00:00Z,7,0.116667
2347167796,2016-03-23T15:00:00Z,8,0.133333
2347167796,2016-03-23T16:00:00Z,11,0.183333
2347167796,2016-03-23T17:00:00Z,16,0.266667
2347167796,2016-03-23T18:00:00Z,74,1.233333
2347167796,2016-03-23T19:00:00Z,10,0.166667
2347167796,2016-03-23T20:00:00Z,13,0.216667
2347167796,2016-03-23T21:00:00Z,6,0.1
2347167796,2016-03-23T22:00:00Z,13,0.216667
2347167796,2016-03-23T23:00:00Z,2,0.033333
2347167796,2016-03-24T00:00:00Z,0,0
2347167796,2016-03-24T01:00:00Z,2,0.033333
2347167796,2016-03-24T02:00:00Z,1,0.016667
2347167796,2016-03-24T03:00:00Z,0,0
2347167796,2016-03-24T04:00:00Z,0,0
2347167796,2016-03-24T05:00:00Z,0,0
2347167796,2016-03-24T06:00:00Z,6,0.1
2347167796,2016-03-24T07:00:00Z,90,1.5
2347167796,2016-03-24T08:00:00Z,39,0.65
2347167796,2016-03-24T09:00:00Z,14,0.233333
2347167796,2016-03-24T10:00:00Z,4,0.066667
2347167796,2016-03-24T11:00:00Z,8,0.133333
2347167796,2016-03-24T12:00:00Z,15,0.25
2347167796,2016-03-24T13:00:00Z,14,0.233333
2347167796,2016-03-24T14:00:00Z,5,0.083333
2347167796,2016-03-24T15:00:00Z,7,0.116667
2347167796,2016-03-24T16:00:00Z,10,0.166667
2347167796,2016-03-24T17:00:00Z,13,0.216667
2347167796,2016-03-24T18:00:00Z,38,0.633333
2347167796,2016-03-24T19:00:00Z,74,1.233333
2347167796,2016-03-24T20:00:00Z,2,0.033333
2347167796,2016-03-24T21:00:00Z,11,0.183333
2347167796,2016-03-24T22:00:00Z,14,0.233333
2347167796,2016-03-24T23:00:00Z,0,0
2347167796,2016-03-25T00:00:00Z,1,0.016667
2347167796,2016-03-25T01:00:00Z,2,0.033333
2347167796,2016-03-25T02:00:00Z,0,0
2347167796,2016-03-25T03:00:00Z,1,0.016667
2347167796,2016-03-25T04:00:00Z,0,0
2347167796,2016-03-25T05:00:00Z,5,0.083333
2347167796,2016-03-25T06:00:00Z,7,0.116667
2347167796,2016-03-25T07:00:00Z,7,0.116667
2347167796,2016-03-25T08:00:00Z,26,0.433333
2347167796,2016-03-25T09:00:00Z,7,0.116667
2347167796,2016-03-25T10:00:00Z,11,0.183333
2347167796,2016-03-25T11:00:00Z,10,0.166667
2347167796,2016-03-25T12:00:00Z,16,0.266667
2347167796,2016-03-25T13:00:00Z,41,0.683333
2347167796,2016-03-25T14:00:00Z,17,0.283333
2347167796,2016-03-25T15:00:00Z,15,0.25
2347167796,2016-03-25T16:00:00Z,14,0.233333
2347167796,2016-03-25T17:00:00Z,8,0.133333
2347167796,2016-03-25T18:00:00Z,30,0.5
2347167796,2016-03-25T19:00:00Z,8,0.133333
2347167796,2016-03-25T20:00:00Z,14,0.233333
2347167796,2016-03-25T21:00:00Z,15,0.25
2347167796,2016-03-25T22:00:00Z,4,0.066667
2347167796,2016-03-25T23:00:00Z,0,0
2347167796,2016-03-26T00:00:00Z,0,0
2347167796,2016-03-26T01:00:00Z,0,0
2347167796,2016-03-26T02:00:00Z,0,0
2347167796,2016-03-26T03:00:00Z,0,0
2347167796,2016-03-26T04:00:00Z,0,0
2347167796,2016-03-26T05:00:00Z,0,0
2347167796,2016-03-26T06:00:00Z,0,0
2347167796,2016-03-26T07:00:00Z,12,0.2
2347167796,2016-03-26T08:00:00Z,75,1.25
2347167796,2016-03-26T09:00:00Z,56,0.933333
2347167796,2016-03-26T10:00:00Z,10,0.166667
2347167796,2016-03-26T11:00:00Z,19,0.316667
2347167796,2016-03-26T12:00:00Z,26,0.433333
2347167796,2016-03-26T13:00:00Z,33,0.55
2347167796,2016-03-26T14:00:00Z,41,0.683333
2347167796,2016-03-26T15:00:00Z,29,0.483333
2347167796,2016-03-26T16:00:00Z,16,0.266667
2347167796,2016-03-26T17:00:00Z,24,0.4
2347167796,2016-03-26T18:00:00Z,41,0.683333
2347167796,2016-03-26T19:00:00Z,35,0.583333
2347167796,2016-03-26T20:00:00Z,15,0.25
2347167796,2016-03-26T21:00:00Z,12,0.2
2347167796,2016-03-26T22:00:00Z,0,0
2347167796,2016-03-26T23:00:00Z,0,0
2347167796,2016-03-27T00:00:00Z,0,0
2347167796,2016-03-27T01:00:00Z,0,0
2347167796,2016-03-27T02:00:00Z,0,0
2347167796,2016-03-27T03:00:00Z,0,0
2347167796,2016-03-27T04:00:00Z,0,0
2347167796,2016-03-27T05:00:00Z,0,0
2347167796,2016-03-27T06:00:00Z,0,0
2347167796,2016-03-27T07:00:00Z,0,0
2347167796,2016-03-27T08:00:00Z,0,0
2347167796,2016-03-27T09:00:00Z,14,0.233333
2347167796,2016-03-27T10:00:00Z,26,0.433333
2347167796,2016-03-27T11:00:00Z,51,0.85
2347167796,2016-03-27T12:00:00Z,11,0.183333
2347167796,2016-03-27T13:00:00Z,29,0.483333
2347167796,2016-03-27T14:00:00Z,66,1.1
2347167796,2016-03-27T15:00:00Z,72,1.2
2347167796,2016-03-27T16:00:00Z,30,0.5
2347167796,2016-03-27T17:00:00Z,10,0.166667
2347167796,2016-03-27T18:00:00Z,9,0.15
2347167796,2016-03-27T19:00:00Z,19,0.316667
2347167796,2016-03-27T20:00:00Z,25,0.416667
2347167796,2016-03-27T21:00:00Z,8,0.133333
2347167796,2016-03-27T22:00:00Z,1,0.016667
2347167796,2016-03-27T23:00:00Z,1,0.016667
2347167796,2016-03-28T00:00:00Z,0,0
2347167796,2016-03-28T01:00:00Z,0,0
2347167796,2016-03-28T02:00:00Z,1,0.016667
2347167796,2016-03-28T03:00:00Z,0,0
2347167796,2016-03-28T04:00:00Z,0,0
2347167796,2016-03-28T05:00:00Z,0,0
2347167796,2016-03-28T06:00:00Z,2,0.033333
2347167796,2016-03-28T07:00:00Z,14,0.233333
2347167796,2016-03-28T08:00:00Z,25,0.416667
2347167796,2016-03-28T09:00:00Z,12,0.2
2347167796,2016-03-28T10:00:00Z,0,0
2347167796,2016-03-28T11:00:00Z,16,0.266667
2347167796,2016-03-28T12:00:00Z,10,0.166667
2347167796,2016-03-28T13:00:00Z,14,0.233333
2347167796,2016-03-28T14:00:00Z,14,0.233333
2347167796,2016-03-28T15:00:00Z,7,0.116667
2347167796,2016-03-28T16:00:00Z,10,0.166667
2347167796,2016-03-28T17:00:00Z,3,0.05
2347167796,2016-03-28T18:00:00Z,35,0.583333
2347167796,2016-03-28T19:00:00Z,39,0.65
2347167796,2016-03-28T20:00:00Z,14,0.233333
2347167796,2016-03-28T21:00:00Z,13,0.216667
2347167796,2016-03-28T22:00:00Z,0,0
2347167796,2016-03-28T23:00:00Z,0,0
2347167796,2016-03-29T00:00:00Z,2,0.033333
2347167796,2016-03-29T01:00:00Z,0,0
2347167796,2016-03-29T02:00:00Z,0,0
2347167796,2016-03-29T03:00:00Z,0,0
2347167796,2016-03-29T04:00:00Z,1,0.016667
2347167796,2016-03-29T05:00:00Z,0,0
2347167796,2016-03-29T06:00:00Z,15,0.25
2347167796,2016-03-29T07:00:00Z,73,1.216667
2347167796,2016-03-29T08:00:00Z,26,0.433333
2347167796,2016-03-29T09:00:00Z,7,0.116667
2347167796,2016-03-29T10:00:00Z,9,0.15
2347167796,2016-03-29T11:00:00Z,12,0.2
2347167796,2016-03-29T12:00:00Z,8,0.133333
2347167796,2016-03-29T13:00:00Z,61,1.016667
2347167796,2016-03-29T14:00:00Z,7,0.116667
2347167796,2016-03-29T15:00:00Z,16,0.266667
2347167796,2016-03-29T16:00:00Z,7,0.116667
2347167796,2016-03-29T17:00:00Z,12,0.2
2347167796,2016-03-29T18:00:00Z,32,0.533333
2347167796,2016-03-29T19:00:00Z,4,0.066667
2347167796,2016-03-29T20:00:00Z,4,0.066667
2347167796,2016-03-29T21:00:00Z,32,0.533333
2347167796,2016-03-29T22:00:00Z,2,0.033333
2347167796,2016-03-29T23:00:00Z,0,0
2347167796,2016-03-30T00:00:00Z,0,0
2347167796,2016-03-30T01:00:00Z,0,0
2347167796,2016-03-30T02:00:00Z,0,0
2347167796,2016-03-30T03:00:00Z,0,0
2347167796,2016-03-30T04:00:00Z,0,0
2347167796,2016-03-30T05:00:00Z,3,0.05
2347167796,2016-03-30T06:00:00Z,3,0.05
2347167796,2016-03-30T07:00:00Z,10,0.166667
2347167796,2016-03-30T08:00:00Z,52,0.866667
2347167796,2016-03-30T09:00:00Z,20,0.333333
2347167796,2016-03-30T10:00:00Z,13,0.216667
2347167796,2016-03-30T11:00:00Z,28,0.466667
2347167796,2016-03-30T12:00:00Z,17,0.283333
2347167796,2016-03-30T13:00:00Z,9,0.15
2347167796,2016-03-30T14:00:00Z,10,0.166667
2347167796,2016-03-30T15:00:00Z,17,0.283333
2347167796,2016-03-30T16:00:00Z,10,0.166667
2347167796,2016-03-30T17:00:00Z,14,0.233333
2347167796,2016-03-30T18:00:00Z,62,1.033333
2347167796,2016-03-30T19:00:00Z,27,0.45
2347167796,2016-03-30T20:00:00Z,11,0.183333
2347167796,2016-03-30T21:00:00Z,43,0.716667
2347167796,2016-03-30T22:00:00Z,39,0.65
2347167796,2016-03-30T23:00:00Z,0,0
2347167796,2016-03-31T00:00:00Z,1,0.016667
2347167796,2016-03-31T01:00:00Z,0,0
2347167796,2016-03-31T02:00:00Z,0,0
2347167796,2016-03-31T03:00:00Z,0,0
2347167796,2016-03-31T04:00:00Z,0,0
2347167796,2016-03-31T05:00:00Z,1,0.016667
2347167796,2016-03-31T06:00:00Z,0,0
2347167796,2016-03-31T07:00:00Z,19,0.316667
2347167796,2016-03-31T08:00:00Z,24,0.4
2347167796,2016-03-31T09:00:00Z,4,0.066667
2347167796,2016-03-31T10:00:00Z,28,0.466667
2347167796,2016-03-31T11:00:00Z,3,0.05
2347167796,2016-03-31T12:00:00Z,14,0.233333
2347167796,2016-03-31T13:00:00Z,17,0.283333
2347167796,2016-03-31T14:00:00Z,9,0.15
2347167796,2016-03-31T15:00:00Z,1,0.016667
2347167796,2016-03-31T16:00:00Z,8,0.133333
2347167796,2016-03-31T17:00:00Z,20,0.333333
2347167796,2016-03-31T18:00:00Z,38,0.633333
2347167796,2016-03-31T19:00:00Z,19,0.316667
2347167796,2016-03-31T20:00:00Z,25,0.416667
2347167796,2016-03-31T21:00:00Z,19,0.316667
2347167796,2016-03-31T22:00:00Z,0,0
2347167796,2016-03-31T23:00:00Z,0,0
2347167796,2016-04-01T00:00:00Z,2,0.033333
2347167796,2016-04-01T01:00:00Z,0,0
2347167796,2016-04-01T02:00:00Z,0,0
2347167796,2016-04-01T03:00:00Z,0,0
2347167796,2016-04-01T04:00:00Z,0,0
2347167796,2016-04-01T05:00:00Z,0,0
2347167796,2016-04-01T06:00:00Z,6,0.1
2347167796,2016-04-01T07:00:00Z,61,1.016667
2347167796,2016-04-01T08:00:00Z,32,0.533333
2347167796,2016-04-01T09:00:00Z,4,0.066667
2347167796,2016-04-01T10:00:00Z,16,0.266667
2347167796,2016-04-01T11:00:00Z,10,0.166667
2347167796,2016-04-01T12:00:00Z,15,0.25
2347167796,2016-04-01T13:00:00Z,35,0.583333
2347167796,2016-04-01T14:00:00Z,6,0.1
2347167796,2016-04-01T15:00:00Z,11,0.183333
2347167796,2016-04-01T16:00:00Z,17,0.283333
2347167796,2016-04-01T17:00:00Z,7,0.116667
2347167796,2016-04-01T18:00:00Z,25,0.416667
2347167796,2016-04-01T19:00:00Z,8,0.133333
2347167796,2016-04-01T20:00:00Z,9,0.15
2347167796,2016-04-01T21:00:00Z,0,0
2347167796,2016-04-01T22:00:00Z,2,0.033333
2347167796,2016-04-01T23:00:00Z,12,0.2
2347167796,2016-04-02T00:00:00Z,3,0.05
2347167796,2016-04-02T01:00:00Z,0,0
2347167796,2016-04-02T02:00:00Z,0,0
2347167796,2016-04-02T03:00:00Z,0,0
2347167796,2016-04-02T04:00:00Z,2,0.033333
2347167796,2016-04-02T05:00:00Z,0,0
2347167796,2016-04-02T06:00:00Z,0,0
2347167796,2016-04-02T07:00:00Z,1,0.016667
2347167796,2016-04-02T08:00:00Z,15,0.25
2347167796,2016-04-02T09:00:00Z,32,0.533333
2347167796,2016-04-02T10:00:00Z,149,2.483333
2347167796,2016-04-02T11:00:00Z,29,0.483333
2347167796,2016-04-02T12:00:00Z,41,0.683333
2347167796,2016-04-02T13:00:00Z,15,0.25
2347167796,2016-04-02T14:00:00Z,25,0.416667
2347167796,2016-04-02T15:00:00Z,30,0.5
2347167796,2016-04-02T16:00:00Z,33,0.55
2347167796,2016-04-02T17:00:00Z,40,0.666667
2347167796,2016-04-02T18:00:00Z,42,0.7
2347167796,2016-04-02T19:00:00Z,11,0.183333
2347167796,2016-04-02T20:00:00Z,18,0.3
2347167796,2016-04-02T21:00:00Z,23,0.383333
2347167796,2016-04-02T22:00:00Z,2,0.033333
2347167796,2016-04-02T23:00:00Z,1,0.016667
2347167796,2016-04-03T00:00:00Z,5,0.083333
2347167796,2016-04-03T01:00:00Z,0,0
2347167796,2016-04-03T02:00:00Z,0,0
2347167796,2016-04-03T03:00:00Z,0,0
2347167796,2016-04-03T04:00:00Z,0,0
2347167796,2016-04-03T05:00:00Z,0,0
2347167796,2016-04-03T06:00:00Z,0,0
2347167796,2016-04-03T07:00:00Z,1,0.016667
2347167796,2016-04-03T08:00:00Z,2,0.033333
2347167796,2016-04-03T09:00:00Z,26,0.433333
2347167796,2016-04-03T10:00:00Z,21,0.35
2347167796,2016-04-03T11:00:00Z,33,0.55
2347167796,2016-04-03T12:00:00Z,5,0.083333
2347167796,2016-04-03T13:00:00Z,29,0.483333
2347167796,2016-04-03T14:00:00Z,20,0.333333
2347167796,2016-04-03T15:00:00Z,22,0.366667
2347167796,2016-04-03T16:00:00Z,35,0.583333
2347167796,2016-04-03T17:00:00Z,6,0.1
2347167796,2016-04-03T18:00:00Z,36,0.6
2347167796,2016-04-03T19:00:00Z,41,0.683333
2347167796,2016-04-03T20:00:00Z,27,0.45
2347167796,2016-04-03T21:00:00Z,13,0.216667
2347167796,2016-04-03T22:00:00Z,0,0
2347167796,2016-04-03T23:00:00Z,2,0.033333
2347167796,2016-04-04T00:00:00Z,0,0
2347167796,2016-04-04T01:00:00Z,0,0
2347167796,2016-04-04T02:00:00Z,0,0
2347167796,2016-04-04T03:00:00Z,0,0
2347167796,2016-04-04T04:00:00Z,0,0
2347167796,2016-04-04T05:00:00Z,3,0.05
2347167796,2016-04-04T06:00:00Z,8,0.133333
2347167796,2016-04-04T07:00:00Z,9,0.15
2347167796,2016-04-04T08:00:00Z,25,0.416667
2347167796,2016-04-04T09:00:00Z,2,0.033333
2347167796,2016-04-04T10:00:00Z,8,0.133333
2347167796,2016-04-04T11:00:00Z,4,0.066667
2347167796,2016-04-04T12:00:00Z,17,0.283333
2347167796,2016-04-04T13:00:00Z,44,0.733333
2347167796,2016-04-04T14:00:00Z,7,0.116667
2347167796,2016-04-04T15:00:00Z,2,0.033333
2347167796,2016-04-04T16:00:00Z,16,0.266667
2347167796,2016-04-04T17:00:00Z,25,0.416667
2347167796,2016-04-04T18:00:00Z,19,0.316667
2347167796,2016-04-04T19:00:00Z,23,0.383333
2347167796,2016-04-04T20:00:00Z,81,1.35
2347167796,2016-04-04T21:00:00Z,50,0.833333
2347167796,2016-04-04T22:00:00Z,0,0
2347167796,2016-04-04T23:00:00Z,1,0.016667
2347167796,2016-04-05T00:00:00Z,2,0.033333
2347167796,2016-04-05T01:00:00Z,1,0.016667
2347167796,2016-04-05T02:00:00Z,0,0
2347167796,2016-04-05T03:00:00Z,0,0
2347167796,2016-04-05T04:00:00Z,0,0
2347167796,2016-04-05T05:00:00Z,0,0
2347167796,2016-04-05T06:00:00Z,1,0.016667
2347167796,2016-04-05T07:00:00Z,26,0.433333
2347167796,2016-04-05T08:00:00Z,36,0.6
2347167796,2016-04-05T09:00:00Z,10,0.166667
2347167796,2016-04-05T10:00:00Z,10,0.166667
2347167796,2016-04-05T11:00:00Z,16,0.266667
2347167796,2016-04-05T12:00:00Z,19,0.316667
2347167796,2016-04-05T13:00:00Z,12,0.2
2347167796,2016-04-05T14:00:00Z,20,0.333333
2347167796,2016-04-05T15:00:00Z,8,0.133333
2347167796,2016-04-05T16:00:00Z,8,0.133333
2347167796,2016-04-05T17:00:00Z,15,0.25
2347167796,2016-04-05T18:00:00Z,27,0.45
2347167796,2016-04-05T19:00:00Z,24,0.4
2347167796,2016-04-05T20:00:00Z,46,0.766667
2347167796,2016-04-05T21:00:00Z,53,0.883333
2347167796,2016-04-05T22:00:00Z,6,0.1
2347167796,2016-04-05T23:00:00Z,1,0.016667
2347167796,2016-04-06T00:00:00Z,0,0
2347167796,2016-04-06T01:00:00Z,0,0
2347167796,2016-04-06T02:00:00Z,1,0.016667
2347167796,2016-04-06T03:00:00Z,0,0
2347167796,2016-04-06T04:00:00Z,0,0
2347167796,2016-04-06T05:00:00Z,0,0
2347167796,2016-04-06T06:00:00Z,1,0.016667
2347167796,2016-04-06T07:00:00Z,79,1.316667
2347167796,2016-04-06T08:00:00Z,27,0.45
2347167796,2016-04-06T09:00:00Z,8,0.133333
2347167796,2016-04-06T10:00:00Z,6,0.1
2347167796,2016-04-06T11:00:00Z,6,0.1
2347167796,2016-04-06T12:00:00Z,8,0.133333
2347167796,2016-04-06T13:00:00Z,17,0.283333
2347167796,2016-04-06T14:00:00Z,5,0.083333
2347167796,2016-04-06T15:00:00Z,7,0.116667
2347167796,2016-04-06T16:00:00Z,8,0.133333
2347167796,2016-04-06T17:00:00Z,9,0.15
2347167796,2016-04-06T18:00:00Z,53,0.883333
2347167796,2016-04-06T19:00:00Z,71,1.183333
2347167796,2016-04-06T20:00:00Z,6,0.1
2347167796,2016-04-06T21:00:00Z,12,0.2
2347167796,2016-04-06T22:00:00Z,6,0.1
2347167796,2016-04-06T23:00:00Z,0,0
2347167796,2016-04-07T00:00:00Z,0,0
2347167796,2016-04-07T01:00:00Z,0,0
2347167796,2016-04-07T02:00:00Z,0,0
2347167796,2016-04-07T03:00:00Z,0,0
2347167796,2016-04-07T04:00:00Z,0,0
2347167796,2016-04-07T05:00:00Z,0,0
2347167796,2016-04-07T06:00:00Z,0,0
2347167796,2016-04-07T07:00:00Z,21,0.35
2347167796,2016-04-07T08:00:00Z,23,0.383333
2347167796,2016-04-07T09:00:00Z,11,0.183333
2347167796,2016-04-07T10:00:00Z,12,0.2
2347167796,2016-04-07T11:00:00Z,13,0.216667
2347167796,2016-04-07T12:00:00Z,35,0.583333
2347167796,2016-04-07T13:00:00Z,49,0.816667
2347167796,2016-04-07T14:00:00Z,28,0.466667
2347167796,2016-04-07T15:00:00Z,19,0.316667
2347167796,2016-04-07T16:00:00Z,27,0.45
2347167796,2016-04-07T17:00:00Z,18,0.3
2347167796,2016-04-07T18:00:00Z,33,0.55
2347167796,2016-04-07T19:00:00Z,80,1.333333
2347167796,2016-04-07T20:00:00Z,18,0.3
2347167796,2016-04-07T21:00:00Z,11,0.183333
2347167796,2016-04-07T22:00:00Z,26,0.433333
2347167796,2016-04-07T23:00:00Z,0,0
2347167796,2016-04-08T00:00:00Z,0,0
2347167796,2016-04-08T01:00:00Z,0,0
2347167796,2016-04-08T02:00:00Z,0,0
2347167796,2016-04-08T03:00:00Z,0,0
2347167796,2016-04-08T04:00:00Z,0,0
2347167796,2016-04-08T05:00:00Z,0,0
2347167796,2016-04-08T06:00:00Z,1,0.016667
2347167796,2016-04-08T07:00:00Z,23,0.383333
2347167796,2016-04-08T08:00:00Z,23,0.383333
2347167796,2016-04-08T09:00:00Z,14,0.233333
2347167796,2016-04-08T10:00:00Z,12,0.2
2347167796,2016-04-08T11:00:00Z,13,0.216667
2347167796,2016-04-08T12:00:00Z,18,0.3
2347167796,2016-04-08T13:00:00Z,30,0.5
2347167796,2016-04-08T14:00:00Z,4,0.066667
2347167796,2016-04-08T15:00:00Z,21,0.35
2347167796,2016-04-08T16:00:00Z,17,0.283333
2347167796,2016-04-08T17:00:00Z,6,0.1
2347167796,2016-04-08T18:00:00Z,36,0.6
2347167796,2016-04-08T19:00:00Z,35,0.583333
2347167796,2016-04-08T20:00:00Z,26,0.433333
2347167796,2016-04-08T21:00:00Z,40,0.666667
2347167796,2016-04-08T22:00:00Z,12,0.2
2347167796,2016-04-08T23:00:00Z,3,0.05
2347167796,2016-04-09T00:00:00Z,0,0
2347167796,2016-04-09T01:00:00Z,0,0
2347167796,2016-04-09T02:00:00Z,0,0
2347167796,2016-04-09T03:00:00Z,0,0
2347167796,2016-04-09T04:00:00Z,0,0
2347167796,2016-04-09T05:00:00Z,0,0
2347167796,2016-04-09T06:00:00Z,0,0
2347167796,2016-04-09T07:00:00Z,7,0.116667
2347167796,2016-04-09T08:00:00Z,26,0.433333
2347167796,2016-04-09T09:00:00Z,22,0.366667
2347167796,2016-04-09T10:00:00Z,48,0.8
2347167796,2016-04-09T11:00:00Z,66,1.1
2347167796,2016-04-09T12:00:00Z,34,0.566667
2347167796,2016-04-09T13:00:00Z,6,0.1
2347167796,2016-04-09T14:00:00Z,25,0.416667
2347167796,2016-04-09T15:00:00Z,35,0.583333
2347167796,2016-04-09T16:00:00Z,30,0.5
2347167796,2016-04-09T17:00:00Z,79,1.316667
2347167796,2016-04-09T18:00:00Z,42,0.7
2347167796,2016-04-09T19:00:00Z,31,0.516667
2347167796,2016-04-09T20:00:00Z,6,0.1
2347167796,2016-04-09T21:00:00Z,24,0.4
2347167796,2016-04-09T22:00:00Z,16,0.266667
2347167796,2016-04-09T23:00:00Z,16,0.266667
2347167796,2016-04-10T00:00:00Z,0,0
2347167796,2016-04-10T01:00:00Z,1,0.016667
2347167796,2016-04-10T02:00:00Z,1,0.016667
2347167796,2016-04-10T03:00:00Z,0,0
2347167796,2016-04-10T04:00:00Z,2,0.033333
2347167796,2016-04-10T05:00:00Z,0,0
2347167796,2016-04-10T06:00:00Z,0,0
2347167796,2016-04-10T07:00:00Z,1,0.016667
2347167796,2016-04-10T08:00:00Z,0,0
2347167796,2016-04-10T09:00:00Z,8,0.133333
2347167796,2016-04-10T10:00:00Z,37,0.616667
2347167796,2016-04-10T11:00:00Z,30,0.5
2347167796,2016-04-10T12:00:00Z,11,0.183333
2347167796,2016-04-10T13:00:00Z,32,0.533333
2347167796,2016-04-10T14:00:00Z,37,0.616667
2347167796,2016-04-10T15:00:00Z,16,0.266667
2347167796,2016-04-10T16:00:00Z,9,0.15
2347167796,2016-04-10T17:00:00Z,14,0.233333
2347167796,2016-04-10T18:00:00Z,26,0.433333
2347167796,2016-04-10T19:00:00Z,49,0.816667
2347167796,2016-04-10T20:00:00Z,49,0.816667
2347167796,2016-04-10T21:00:00Z,20,0.333333
2347167796,2016-04-10T22:00:00Z,2,0.033333
2347167796,2016-04-10T23:00:00Z,0,0
2347167796,2016-04-11T00:00:00Z,0,0
2347167796,2016-04-11T01:00:00Z,5,0.083333
2347167796,2016-04-11T02:00:00Z,2,0.033333
2347167796,2016-04-11T03:00:00Z,0,0
2347167796,2016-04-11T04:00:00Z,0,0
2347167796,2016-04-11T05:00:00Z,0,0
2347167796,2016-04-11T06:00:00Z,11,0.183333
2347167796,2016-04-11T07:00:00Z,93,1.55
2347167796,2016-04-11T08:00:00Z,20,0.333333
2347167796,2016-04-11T09:00:00Z,10,0.166667
2347167796,2016-04-11T10:00:00Z,8,0.133333
2347167796,2016-04-11T11:00:00Z,11,0.183333
2347167796,2016-04-11T12:00:00Z,14,0.233333
2347167796,2016-04-11T13:00:00Z,4,0.066667
2347167796,2016-04-11T14:00:00Z,2,0.033333
2347167796,2016-04-11T15:00:00Z,10,0.166667
2347167796,2016-04-11T16:00:00Z,9,0.15
2347167796,2016-04-11T17:00:00Z,10,0.166667
2347167796,2016-04-11T18:00:00Z,66,1.1
2347167796,2016-04-11T19:00:00Z,14,0.233333
2347167796,2016-04-11T20:00:00Z,19,0.316667
2347167796,2016-04-11T21:00:00Z,7,0.116667
2347167796,2016-04-11T22:00:00Z,0,0
2347167796,2016-04-11T23:00:00Z,0,0
2347167796,2016-04-12T00:00:00Z,0,0
2347167796,2016-04-12T01:00:00Z,0,0
2347167796,2016-04-12T02:00:00Z,0,0
2347167796,2016-04-12T03:00:00Z,0,0
2347167796,2016-04-12T04:00:00Z,0,0
2347167796,2016-04-12T05:00:00Z,0,0
2347167796,2016-04-12T06:00:00Z,0,0
2873212765,2016-03-12T00:00:00Z,0,0
2873212765,2016-03-12T01:00:00Z,0,0
2873212765,2016-03-12T02:00:00Z,0,0
2873212765,2016-03-12T03:00:00Z,0,0
2873212765,2016-03-12T04:00:00Z,0,0
2873212765,2016-03-12T05:00:00Z,0,0
2873212765,2016-03-12T06:00:00Z,0,0
2873212765,2016-03-12T07:00:00Z,90,1.5
2873212765,2016-03-12T08:00:00Z,71,1.183333
2873212765,2016-03-12T09:00:00Z,21,0.35
2873212765,2016-03-12T10:00:00Z,41,0.683333
2873212765,2016-03-12T11:00:00Z,20,0.333333
2873212765,2016-03-12T12:00:00Z,41,0.683333
2873212765,2016-03-12T13:00:00Z,32,0.533333
2873212765,2016-03-12T14:00:00Z,3,0.05
2873212765,2016-03-12T15:00:00Z,4,0.066667
2873212765,2016-03-12T16:00:00Z,39,0.65
2873212765,2016-03-12T17:00:00Z,6,0.1
2873212765,2016-03-12T18:00:00Z,13,0.216667
2873212765,2016-03-12T19:00:00Z,9,0.15
2873212765,2016-03-12T20:00:00Z,0,0
2873212765,2016-03-12T21:00:00Z,0,0
2873212765,2016-03-12T22:00:00Z,0,0
2873212765,2016-03-12T23:00:00Z,0,0
2873212765,2016-03-13T00:00:00Z,0,0
2873212765,2016-03-13T01:00:00Z,0,0
2873212765,2016-03-13T02:00:00Z,0,0
2873212765,2016-03-13T03:00:00Z,0,0
2873212765,2016-03-13T04:00:00Z,0,0
2873212765,2016-03-13T05:00:00Z,0,0
2873212765,2016-03-13T06:00:00Z,0,0
2873212765,2016-03-13T07:00:00Z,7,0.116667
2873212765,2016-03-13T08:00:00Z,168,2.8
2873212765,2016-03-13T09:00:00Z,42,0.7
2873212765,2016-03-13T10:00:00Z,25,0.416667
2873212765,2016-03-13T11:00:00Z,38,0.633333
2873212765,2016-03-13T12:00:00Z,31,0.516667
2873212765,2016-03-13T13:00:00Z,1,0.016667
2873212765,2016-03-13T14:00:00Z,30,0.5
2873212765,2016-03-13T15:00:00Z,39,0.65
2873212765,2016-03-13T16:00:00Z,41,0.683333
2873212765,2016-03-13T17:00:00Z,10,0.166667
2873212765,2016-03-13T18:00:00Z,6,0.1
2873212765,2016-03-13T19:00:00Z,5,0.083333
2873212765,2016-03-13T20:00:00Z,60,1
2873212765,2016-03-13T21:00:00Z,0,0
2873212765,2016-03-13T22:00:00Z,0,0
2873212765,2016-03-13T23:00:00Z,0,0
2873212765,2016-03-14T00:00:00Z,0,0
2873212765,2016-03-14T01:00:00Z,0,0
2873212765,2016-03-14T02:00:00Z,0,0
2873212765,2016-03-14T03:00:00Z,0,0
2873212765,2016-03-14T04:00:00Z,0,0
2873212765,2016-03-14T05:00:00Z,19,0.316667
2873212765,2016-03-14T06:00:00Z,9,0.15
2873212765,2016-03-14T07:00:00Z,31,0.516667
2873212765,2016-03-14T08:00:00Z,39,0.65
2873212765,2016-03-14T09:00:00Z,37,0.616667
2873212765,2016-03-14T10:00:00Z,36,0.6
2873212765,2016-03-14T11:00:00Z,24,0.4
2873212765,2016-03-14T12:00:00Z,47,0.783333
2873212765,2016-03-14T13:00:00Z,34,0.566667
2873212765,2016-03-14T14:00:00Z,9,0.15
2873212765,2016-03-14T15:00:00Z,34,0.566667
2873212765,2016-03-14T16:00:00Z,16,0.266667
2873212765,2016-03-14T17:00:00Z,33,0.55
2873212765,2016-03-14T18:00:00Z,13,0.216667
2873212765,2016-03-14T19:00:00Z,5,0.083333
2873212765,2016-03-14T20:00:00Z,14,0.233333
2873212765,2016-03-14T21:00:00Z,0,0
2873212765,2016-03-14T22:00:00Z,0,0
2873212765,2016-03-14T23:00:00Z,0,0
2873212765,2016-03-15T00:00:00Z,0,0
2873212765,2016-03-15T01:00:00Z,0,0
2873212765,2016-03-15T02:00:00Z,0,0
2873212765,2016-03-15T03:00:00Z,0,0
2873212765,2016-03-15T04:00:00Z,0,0
2873212765,2016-03-15T05:00:00Z,20,0.333333
2873212765,2016-03-15T06:00:00Z,7,0.116667
2873212765,2016-03-15T07:00:00Z,26,0.433333
2873212765,2016-03-15T08:00:00Z,30,0.5
2873212765,2016-03-15T09:00:00Z,38,0.633333
2873212765,2016-03-15T10:00:00Z,25,0.416667
2873212765,2016-03-15T11:00:00Z,10,0.166667
2873212765,2016-03-15T12:00:00Z,39,0.65
2873212765,2016-03-15T13:00:00Z,63,1.05
2873212765,2016-03-15T14:00:00Z,29,0.483333
2873212765,2016-03-15T15:00:00Z,17,0.283333
2873212765,2016-03-15T16:00:00Z,14,0.233333
2873212765,2016-03-15T17:00:00Z,0,0
2873212765,2016-03-15T18:00:00Z,0,0
2873212765,2016-03-15T19:00:00Z,0,0
2873212765,2016-03-15T20:00:00Z,3,0.05
2873212765,2016-03-15T21:00:00Z,0,0
2873212765,2016-03-15T22:00:00Z,0,0
2873212765,2016-03-15T23:00:00Z,0,0
2873212765,2016-03-16T00:00:00Z,0,0
2873212765,2016-03-16T01:00:00Z,0,0
2873212765,2016-03-16T02:00:00Z,0,0
2873212765,2016-03-16T03:00:00Z,0,0
2873212765,2016-03-16T04:00:00Z,0,0
2873212765,2016-03-16T05:00:00Z,29,0.483333
2873212765,2016-03-16T06:00:00Z,8,0.133333
2873212765,2016-03-16T07:00:00Z,26,0.433333
2873212765,2016-03-16T08:00:00Z,32,0.533333
2873212765,2016-03-16T09:00:00Z,54,0.9
2873212765,2016-03-16T10:00:00Z,26,0.433333
2873212765,2016-03-16T11:00:00Z,22,0.366667
2873212765,2016-03-16T12:00:00Z,33,0.55
2873212765,2016-03-16T13:00:00Z,28,0.466667
2873212765,2016-03-16T14:00:00Z,4,0.066667
2873212765,2016-03-16T15:00:00Z,9,0.15
2873212765,2016-03-16T16:00:00Z,37,0.616667
2873212765,2016-03-16T17:00:00Z,40,0.666667
2873212765,2016-03-16T18:00:00Z,14,0.233333
2873212765,2016-03-16T19:00:00Z,42,0.7
2873212765,2016-03-16T20:00:00Z,5,0.083333
2873212765,2016-03-16T21:00:00Z,0,0
2873212765,2016-03-16T22:00:00Z,12,0.2
2873212765,2016-03-16T23:00:00Z,0,0
2873212765,2016-03-17T00:00:00Z,0,0
2873212765,2016-03-17T01:00:00Z,0,0
2873212765,2016-03-17T02:00:00Z,0,0
2873212765,2016-03-17T03:00:00Z,0,0
2873212765,2016-03-17T04:00:00Z,0,0
2873212765,2016-03-17T05:00:00Z,0,0
2873212765,2016-03-17T06:00:00Z,20,0.333333
2873212765,2016-03-17T07:00:00Z,36,0.6
2873212765,2016-03-17T08:00:00Z,42,0.7
2873212765,2016-03-17T09:00:00Z,35,0.583333
2873212765,2016-03-17T10:00:00Z,39,0.65
2873212765,2016-03-17T11:00:00Z,8,0.133333
2873212765,2016-03-17T12:00:00Z,20,0.333333
2873212765,2016-03-17T13:00:00Z,30,0.5
2873212765,2016-03-17T14:00:00Z,39,0.65
2873212765,2016-03-17T15:00:00Z,37,0.616667
2873212765,2016-03-17T16:00:00Z,37,0.616667
2873212765,2016-03-17T17:00:00Z,89,1.483333
2873212765,2016-03-17T18:00:00Z,15,0.25
2873212765,2016-03-17T19:00:00Z,7,0.116667
2873212765,2016-03-17T20:00:00Z,12,0.2
2873212765,2016-03-17T21:00:00Z,0,0
2873212765,2016-03-17T22:00:00Z,0,0
2873212765,2016-03-17T23:00:00Z,0,0
2873212765,2016-03-18T00:00:00Z,0,0
2873212765,2016-03-18T01:00:00Z,0,0
2873212765,2016-03-18T02:00:00Z,0,0
2873212765,2016-03-18T03:00:00Z,0,0
2873212765,2016-03-18T04:00:00Z,0,0
2873212765,2016-03-18T05:00:00Z,20,0.333333
2873212765,2016-03-18T06:00:00Z,6,0.1
2873212765,2016-03-18T07:00:00Z,46,0.766667
2873212765,2016-03-18T08:00:00Z,29,0.483333
2873212765,2016-03-18T09:00:00Z,42,0.7
2873212765,2016-03-18T10:00:00Z,28,0.466667
2873212765,2016-03-18T11:00:00Z,29,0.483333
2873212765,2016-03-18T12:00:00Z,39,0.65
2873212765,2016-03-18T13:00:00Z,20,0.333333
2873212765,2016-03-18T14:00:00Z,29,0.483333
2873212765,2016-03-18T15:00:00Z,7,0.116667
2873212765,2016-03-18T16:00:00Z,148,2.466667
2873212765,2016-03-18T17:00:00Z,69,1.15
2873212765,2016-03-18T18:00:00Z,22,0.366667
2873212765,2016-03-18T19:00:00Z,24,0.4
2873212765,2016-03-18T20:00:00Z,2,0.033333
2873212765,2016-03-18T21:00:00Z,20,0.333333
2873212765,2016-03-18T22:00:00Z,2,0.033333
2873212765,2016-03-18T23:00:00Z,0,0
2873212765,2016-03-19T00:00:00Z,0,0
2873212765,2016-03-19T01:00:00Z,0,0
2873212765,2016-03-19T02:00:00Z,0,0
2873212765,2016-03-19T03:00:00Z,0,0
2873212765,2016-03-19T04:00:00Z,0,0
2873212765,2016-03-19T05:00:00Z,0,0
2873212765,2016-03-19T06:00:00Z,1,0.016667
2873212765,2016-03-19T07:00:00Z,0,0
2873212765,2016-03-19T08:00:00Z,8,0.133333
2873212765,2016-03-19T09:00:00Z,42,0.7
2873212765,2016-03-19T10:00:00Z,74,1.233333
2873212765,2016-03-19T11:00:00Z,40,0.666667
2873212765,2016-03-19T12:00:00Z,51,0.85
2873212765,2016-03-19T13:00:00Z,21,0.35
2873212765,2016-03-19T14:00:00Z,26,0.433333
2873212765,2016-03-19T15:00:00Z,43,0.716667
2873212765,2016-03-19T16:00:00Z,30,0.5
2873212765,2016-03-19T17:00:00Z,6,0.1
2873212765,2016-03-19T18:00:00Z,9,0.15
2873212765,2016-03-19T19:00:00Z,11,0.183333
2873212765,2016-03-19T20:00:00Z,7,0.116667
2873212765,2016-03-19T21:00:00Z,5,0.083333
2873212765,2016-03-19T22:00:00Z,8,0.133333
2873212765,2016-03-19T23:00:00Z,6,0.1
2873212765,2016-03-20T00:00:00Z,0,0
2873212765,2016-03-20T01:00:00Z,0,0
2873212765,2016-03-20T02:00:00Z,0,0
2873212765,2016-03-20T03:00:00Z,0,0
2873212765,2016-03-20T04:00:00Z,0,0
2873212765,2016-03-20T05:00:00Z,0,0
2873212765,2016-03-20T06:00:00Z,0,0
2873212765,2016-03-20T07:00:00Z,6,0.1
2873212765,2016-03-20T08:00:00Z,4,0.066667
2873212765,2016-03-20T09:00:00Z,3,0.05
2873212765,2016-03-20T10:00:00Z,13,0.216667
2873212765,2016-03-20T11:00:00Z,22,0.366667
2873212765,2016-03-20T12:00:00Z,32,0.533333
2873212765,2016-03-20T13:00:00Z,24,0.4
2873212765,2016-03-20T14:00:00Z,37,0.616667
2873212765,2016-03-20T15:00:00Z,43,0.716667
2873212765,2016-03-20T16:00:00Z,52,0.866667
2873212765,2016-03-20T17:00:00Z,15,0.25
2873212765,2016-03-20T18:00:00Z,35,0.583333
2873212765,2016-03-20T19:00:00Z,7,0.116667
2873212765,2016-03-20T20:00:00Z,13,0.216667
2873212765,2016-03-20T21:00:00Z,0,0
2873212765,2016-03-20T22:00:00Z,0,0
2873212765,2016-03-20T23:00:00Z,0,0
2873212765,2016-03-21T00:00:00Z,0,0
2873212765,2016-03-21T01:00:00Z,0,0
2873212765,2016-03-21T02:00:00Z,0,0
2873212765,2016-03-21T03:00:00Z,0,0
2873212765,2016-03-21T04:00:00Z,0,0
2873212765,2016-03-21T05:00:00Z,18,0.3
2873212765,2016-03-21T06:00:00Z,15,0.25
2873212765,2016-03-21T07:00:00Z,25,0.416667
2873212765,2016-03-21T08:00:00Z,45,0.75
2873212765,2016-03-21T09:00:00Z,48,0.8
2873212765,2016-03-21T10:00:00Z,35,0.583333
2873212765,2016-03-21T11:00:00Z,10,0.166667
2873212765,2016-03-21T12:00:00Z,58,0.966667
2873212765,2016-03-21T13:00:00Z,31,0.516667
2873212765,2016-03-21T14:00:00Z,5,0.083333
2873212765,2016-03-21T15:00:00Z,17,0.283333
2873212765,2016-03-21T16:00:00Z,23,0.383333
2873212765,2016-03-21T17:00:00Z,22,0.366667
2873212765,2016-03-21T18:00:00Z,11,0.183333
2873212765,2016-03-21T19:00:00Z,8,0.133333
2873212765,2016-03-21T20:00:00Z,7,0.116667
2873212765,2016-03-21T21:00:00Z,0,0
2873212765,2016-03-21T22:00:00Z,0,0
2873212765,2016-03-21T23:00:00Z,0,0
2873212765,2016-03-22T00:00:00Z,0,0
2873212765,2016-03-22T01:00:00Z,0,0
2873212765,2016-03-22T02:00:00Z,0,0
2873212765,2016-03-22T03:00:00Z,0,0
2873212765,2016-03-22T04:00:00Z,0,0
2873212765,2016-03-22T05:00:00Z,19,0.316667
2873212765,2016-03-22T06:00:00Z,7,0.116667
2873212765,2016-03-22T07:00:00Z,26,0.433333
2873212765,2016-03-22T08:00:00Z,21,0.35
2873212765,2016-03-22T09:00:00Z,26,0.433333
2873212765,2016-03-22T10:00:00Z,18,0.3
2873212765,2016-03-22T11:00:00Z,5,0.083333
2873212765,2016-03-22T12:00:00Z,56,0.933333
2873212765,2016-03-22T13:00:00Z,31,0.516667
2873212765,2016-03-22T14:00:00Z,10,0.166667
2873212765,2016-03-22T15:00:00Z,1,0.016667
2873212765,2016-03-22T16:00:00Z,14,0.233333
2873212765,2016-03-22T17:00:00Z,12,0.2
2873212765,2016-03-22T18:00:00Z,18,0.3
2873212765,2016-03-22T19:00:00Z,23,0.383333
2873212765,2016-03-22T20:00:00Z,12,0.2
2873212765,2016-03-22T21:00:00Z,19,0.316667
2873212765,2016-03-22T22:00:00Z,12,0.2
2873212765,2016-03-22T23:00:00Z,0,0
2873212765,2016-03-23T00:00:00Z,0,0
2873212765,2016-03-23T01:00:00Z,0,0
2873212765,2016-03-23T02:00:00Z,0,0
2873212765,2016-03-23T03:00:00Z,0,0
2873212765,2016-03-23T04:00:00Z,0,0
2873212765,2016-03-23T05:00:00Z,26,0.433333
2873212765,2016-03-23T06:00:00Z,17,0.283333
2873212765,2016-03-23T07:00:00Z,55,0.916667
2873212765,2016-03-23T08:00:00Z,34,0.566667
2873212765,2016-03-23T09:00:00Z,46,0.766667
2873212765,2016-03-23T10:00:00Z,70,1.166667
2873212765,2016-03-23T11:00:00Z,26,0.433333
2873212765,2016-03-23T12:00:00Z,34,0.566667
2873212765,2016-03-23T13:00:00Z,34,0.566667
2873212765,2016-03-23T14:00:00Z,18,0.3
2873212765,2016-03-23T15:00:00Z,21,0.35
2873212765,2016-03-23T16:00:00Z,38,0.633333
2873212765,2016-03-23T17:00:00Z,47,0.783333
2873212765,2016-03-23T18:00:00Z,47,0.783333
2873212765,2016-03-23T19:00:00Z,24,0.4
2873212765,2016-03-23T20:00:00Z,9,0.15
2873212765,2016-03-23T21:00:00Z,2,0.033333
2873212765,2016-03-23T22:00:00Z,7,0.116667
2873212765,2016-03-23T23:00:00Z,0,0
2873212765,2016-03-24T00:00:00Z,0,0
2873212765,2016-03-24T01:00:00Z,0,0
2873212765,2016-03-24T02:00:00Z,0,0
2873212765,2016-03-24T03:00:00Z,0,0
2873212765,2016-03-24T04:00:00Z,0,0
2873212765,2016-03-24T05:00:00Z,0,0
2873212765,2016-03-24T06:00:00Z,15,0.25
2873212765,2016-03-24T07:00:00Z,45,0.75
2873212765,2016-03-24T08:00:00Z,6,0.1
2873212765,2016-03-24T09:00:00Z,31,0.516667
2873212765,2016-03-24T10:00:00Z,23,0.383333
2873212765,2016-03-24T11:00:00Z,20,0.333333
2873212765,2016-03-24T12:00:00Z,34,0.566667
2873212765,2016-03-24T13:00:00Z,24,0.4
2873212765,2016-03-24T14:00:00Z,29,0.483333
2873212765,2016-03-24T15:00:00Z,21,0.35
2873212765,2016-03-24T16:00:00Z,22,0.366667
2873212765,2016-03-24T17:00:00Z,14,0.233333
2873212765,2016-03-24T18:00:00Z,3,0.05
2873212765,2016-03-24T19:00:00Z,33,0.55
2873212765,2016-03-24T20:00:00Z,37,0.616667
2873212765,2016-03-24T21:00:00Z,24,0.4
2873212765,2016-03-24T22:00:00Z,0,0
2873212765,2016-03-24T23:00:00Z,0,0
2873212765,2016-03-25T00:00:00Z,0,0
2873212765,2016-03-25T01:00:00Z,0,0
2873212765,2016-03-25T02:00:00Z,0,0
2873212765,2016-03-25T03:00:00Z,0,0
2873212765,2016-03-25T04:00:00Z,0,0
2873212765,2016-03-25T05:00:00Z,26,0.433333
2873212765,2016-03-25T06:00:00Z,1,0.016667
2873212765,2016-03-25T07:00:00Z,4,0.066667
2873212765,2016-03-25T08:00:00Z,10,0.166667
2873212765,2016-03-25T09:00:00Z,1,0.016667
2873212765,2016-03-25T10:00:00Z,3,0.05
2873212765,2016-03-25T11:00:00Z,7,0.116667
2873212765,2016-03-25T12:00:00Z,11,0.183333
2873212765,2016-03-25T13:00:00Z,14,0.233333
2873212765,2016-03-25T14:00:00Z,1,0.016667
2873212765,2016-03-25T15:00:00Z,7,0.116667
2873212765,2016-03-25T16:00:00Z,23,0.383333
2873212765,2016-03-25T17:00:00Z,18,0.3
2873212765,2016-03-25T18:00:00Z,1,0.016667
2873212765,2016-03-25T19:00:00Z,4,0.066667
2873212765,2016-03-25T20:00:00Z,7,0.116667
2873212765,2016-03-25T21:00:00Z,14,0.233333
2873212765,2016-03-25T22:00:00Z,10,0.166667
2873212765,2016-03-25T23:00:00Z,10,0.166667
2873212765,2016-03-26T00:00:00Z,0,0
2873212765,2016-03-26T01:00:00Z,0,0
2873212765,2016-03-26T02:00:00Z,0,0
2873212765,2016-03-26T03:00:00Z,0,0
2873212765,2016-03-26T04:00:00Z,0,0
2873212765,2016-03-26T05:00:00Z,0,0
2873212765,2016-03-26T06:00:00Z,2,0.033333
2873212765,2016-03-26T07:00:00Z,16,0.266667
2873212765,2016-03-26T08:00:00Z,8,0.133333
2873212765,2016-03-26T09:00:00Z,17,0.283333
2873212765,2016-03-26T10:00:00Z,18,0.3
2873212765,2016-03-26T11:00:00Z,12,0.2
2873212765,2016-03-26T12:00:00Z,11,0.183333
2873212765,2016-03-26T13:00:00Z,0,0
2873212765,2016-03-26T14:00:00Z,0,0
2873212765,2016-03-26T15:00:00Z,32,0.533333
2873212765,2016-03-26T16:00:00Z,18,0.3
2873212765,2016-03-26T17:00:00Z,6,0.1
2873212765,2016-03-26T18:00:00Z,24,0.4
2873212765,2016-03-26T19:00:00Z,15,0.25
2873212765,2016-03-26T20:00:00Z,17,0.283333
2873212765,2016-03-26T21:00:00Z,17,0.283333
2873212765,2016-03-26T22:00:00Z,26,0.433333
2873212765,2016-03-26T23:00:00Z,16,0.266667
2873212765,2016-03-27T00:00:00Z,0,0
2873212765,2016-03-27T01:00:00Z,0,0
2873212765,2016-03-27T02:00:00Z,0,0
2873212765,2016-03-27T03:00:00Z,0,0
2873212765,2016-03-27T04:00:00Z,0,0
2873212765,2016-03-27T05:00:00Z,0,0
2873212765,2016-03-27T06:00:00Z,0,0
2873212765,2016-03-27T07:00:00Z,0,0
2873212765,2016-03-27T08:00:00Z,1,0.016667
2873212765,2016-03-27T09:00:00Z,0,0
2873212765,2016-03-27T10:00:00Z,0,0
2873212765,2016-03-27T11:00:00Z,0,0
2873212765,2016-03-27T12:00:00Z,0,0
2873212765,2016-03-27T13:00:00Z,0,0
2873212765,2016-03-27T14:00:00Z,0,0
2873212765,2016-03-27T15:00:00Z,0,0
2873212765,2016-03-27T16:00:00Z,0,0
2873212765,2016-03-27T17:00:00Z,1,0.016667
2873212765,2016-03-27T18:00:00Z,0,0
2873212765,2016-03-27T19:00:00Z,0,0
2873212765,2016-03-27T20:00:00Z,0,0
2873212765,2016-03-27T21:00:00Z,0,0
2873212765,2016-03-27T22:00:00Z,1,0.016667
2873212765,2016-03-27T23:00:00Z,0,0
2873212765,2016-03-28T00:00:00Z,0,0
2873212765,2016-03-28T01:00:00Z,0,0
2873212765,2016-03-28T02:00:00Z,0,0
2873212765,2016-03-28T03:00:00Z,0,0
2873212765,2016-03-28T04:00:00Z,0,0
2873212765,2016-03-28T05:00:00Z,0,0
2873212765,2016-03-28T06:00:00Z,0,0
2873212765,2016-03-28T07:00:00Z,28,0.466667
2873212765,2016-03-28T08:00:00Z,60,1
2873212765,2016-03-28T09:00:00Z,23,0.383333
2873212765,2016-03-28T10:00:00Z,3,0.05
2873212765,2016-03-28T11:00:00Z,1,0.016667
2873212765,2016-03-28T12:00:00Z,0,0
2873212765,2016-03-28T13:00:00Z,4,0.066667
2873212765,2016-03-28T14:00:00Z,5,0.083333
2873212765,2016-03-28T15:00:00Z,56,0.933333
2873212765,2016-03-28T16:00:00Z,23,0.383333
2873212765,2016-03-28T17:00:00Z,12,0.2
2873212765,2016-03-28T18:00:00Z,7,0.116667
2873212765,2016-03-28T19:00:00Z,15,0.25
2873212765,2016-03-28T20:00:00Z,32,0.533333
2873212765,2016-03-28T21:00:00Z,0,0
2873212765,2016-03-28T22:00:00Z,0,0
2873212765,2016-03-28T23:00:00Z,0,0
2873212765,2016-03-29T00:00:00Z,0,0
2873212765,2016-03-29T01:00:00Z,0,0
2873212765,2016-03-29T02:00:00Z,1,0.016667
2873212765,2016-03-29T03:00:00Z,0,0
2873212765,2016-03-29T04:00:00Z,0,0
2873212765,2016-03-29T05:00:00Z,0,0
2873212765,2016-03-29T06:00:00Z,0,0
2873212765,2016-03-29T07:00:00Z,25,0.416667
2873212765,2016-03-29T08:00:00Z,30,0.5
2873212765,2016-03-29T09:00:00Z,22,0.366667
2873212765,2016-03-29T10:00:00Z,0,0
2873212765,2016-03-29T11:00:00Z,10,0.166667
2873212765,2016-03-29T12:00:00Z,43,0.716667
2873212765,2016-03-29T13:00:00Z,44,0.733333
2873212765,2016-03-29T14:00:00Z,41,0.683333
2873212765,2016-03-29T15:00:00Z,42,0.7
2873212765,2016-03-29T16:00:00Z,14,0.233333
2873212765,2016-03-29T17:00:00Z,24,0.4
2873212765,2016-03-29T18:00:00Z,22,0.366667
2873212765,2016-03-29T19:00:00Z,19,0.316667
2873212765,2016-03-29T20:00:00Z,22,0.366667
2873212765,2016-03-29T21:00:00Z,14,0.233333
2873212765,2016-03-29T22:00:00Z,4,0.066667
2873212765,2016-03-29T23:00:00Z,0,0
2873212765,2016-03-30T00:00:00Z,0,0
2873212765,2016-03-30T01:00:00Z,1,0.016667
2873212765,2016-03-30T02:00:00Z,0,0
2873212765,2016-03-30T03:00:00Z,0,0
2873212765,2016-03-30T04:00:00Z,0,0
2873212765,2016-03-30T05:00:00Z,1,0.016667
2873212765,2016-03-30T06:00:00Z,45,0.75
2873212765,2016-03-30T07:00:00Z,62,1.033333
2873212765,2016-03-30T08:00:00Z,11,0.183333
2873212765,2016-03-30T09:00:00Z,3,0.05
2873212765,2016-03-30T10:00:00Z,2,0.033333
2873212765,2016-03-30T11:00:00Z,57,0.95
2873212765,2016-03-30T12:00:00Z,35,0.583333
2873212765,2016-03-30T13:00:00Z,21,0.35
2873212765,2016-03-30T14:00:00Z,20,0.333333
2873212765,2016-03-30T15:00:00Z,3,0.05
2873212765,2016-03-30T16:00:00Z,36,0.6
2873212765,2016-03-30T17:00:00Z,1,0.016667
2873212765,2016-03-30T18:00:00Z,0,0
2873212765,2016-03-30T19:00:00Z,0,0
2873212765,2016-03-30T20:00:00Z,0,0
2873212765,2016-03-30T21:00:00Z,0,0
2873212765,2016-03-30T22:00:00Z,1,0.016667
2873212765,2016-03-30T23:00:00Z,0,0
2873212765,2016-03-31T00:00:00Z,0,0
2873212765,2016-03-31T01:00:00Z,0,0
2873212765,2016-03-31T02:00:00Z,0,0
2873212765,2016-03-31T03:00:00Z,0,0
2873212765,2016-03-31T04:00:00Z,0,0
2873212765,2016-03-31T05:00:00Z,0,0
2873212765,2016-03-31T06:00:00Z,0,0
2873212765,2016-03-31T07:00:00Z,0,0
2873212765,2016-03-31T08:00:00Z,1,0.016667
2873212765,2016-03-31T09:00:00Z,34,0.566667
2873212765,2016-03-31T10:00:00Z,19,0.316667
2873212765,2016-03-31T11:00:00Z,21,0.35
2873212765,2016-03-31T12:00:00Z,42,0.7
2873212765,2016-03-31T13:00:00Z,22,0.366667
2873212765,2016-03-31T14:00:00Z,52,0.866667
2873212765,2016-03-31T15:00:00Z,16,0.266667
2873212765,2016-03-31T16:00:00Z,29,0.483333
2873212765,2016-03-31T17:00:00Z,13,0.216667
2873212765,2016-03-31T18:00:00Z,8,0.133333
2873212765,2016-03-31T19:00:00Z,13,0.216667
2873212765,2016-03-31T20:00:00Z,30,0.5
2873212765,2016-03-31T21:00:00Z,23,0.383333
2873212765,2016-03-31T22:00:00Z,18,0.3
2873212765,2016-03-31T23:00:00Z,30,0.5
2873212765,2016-04-01T00:00:00Z,0,0
2873212765,2016-04-01T01:00:00Z,0,0
2873212765,2016-04-01T02:00:00Z,0,0
2873212765,2016-04-01T03:00:00Z,0,0
2873212765,2016-04-01T04:00:00Z,0,0
2873212765,2016-04-01T05:00:00Z,0,0
2873212765,2016-04-01T06:00:00Z,0,0
2873212765,2016-04-01T07:00:00Z,20,0.333333
2873212765,2016-04-01T08:00:00Z,1,0.016667
2873212765,2016-04-01T09:00:00Z,1,0.016667
2873212765,2016-04-01T10:00:00Z,0,0
2873212765,2016-04-01T11:00:00Z,0,0
2873212765,2016-04-01T12:00:00Z,1,0.016667
2873212765,2016-04-01T13:00:00Z,12,0.2
2873212765,2016-04-01T14:00:00Z,0,0
2873212765,2016-04-01T15:00:00Z,2,0.033333
2873212765,2016-04-01T16:00:00Z,0,0
2873212765,2016-04-01T17:00:00Z,0,0
2873212765,2016-04-01T18:00:00Z,0,0
2873212765,2016-04-01T19:00:00Z,0,0
2873212765,2016-04-01T20:00:00Z,0,0
2873212765,2016-04-01T21:00:00Z,1,0.016667
2873212765,2016-04-01T22:00:00Z,3,0.05
2873212765,2016-04-01T23:00:00Z,0,0
2873212765,2016-04-02T00:00:00Z,0,0
2873212765,2016-04-02T01:00:00Z,0,0
2873212765,2016-04-02T02:00:00Z,0,0
2873212765,2016-04-02T03:00:00Z,0,0
2873212765,2016-04-02T04:00:00Z,0,0
2873212765,2016-04-02T05:00:00Z,0,0
2873212765,2016-04-02T06:00:00Z,23,0.383333
2873212765,2016-04-02T07:00:00Z,16,0.266667
2873212765,2016-04-02T08:00:00Z,20,0.333333
2873212765,2016-04-02T09:00:00Z,21,0.35
2873212765,2016-04-02T10:00:00Z,6,0.1
2873212765,2016-04-02T11:00:00Z,10,0.166667
2873212765,2016-04-02T12:00:00Z,4,0.066667
2873212765,2016-04-02T13:00:00Z,9,0.15
2873212765,2016-04-02T14:00:00Z,4,0.066667
2873212765,2016-04-02T15:00:00Z,12,0.2
2873212765,2016-04-02T16:00:00Z,16,0.266667
2873212765,2016-04-02T17:00:00Z,3,0.05
2873212765,2016-04-02T18:00:00Z,8,0.133333
2873212765,2016-04-02T19:00:00Z,13,0.216667
2873212765,2016-04-02T20:00:00Z,10,0.166667
2873212765,2016-04-02T21:00:00Z,8,0.133333
2873212765,2016-04-02T22:00:00Z,14,0.233333
2873212765,2016-04-02T23:00:00Z,0,0
2873212765,2016-04-03T00:00:00Z,0,0
2873212765,2016-04-03T01:00:00Z,0,0
2873212765,2016-04-03T02:00:00Z,0,0
2873212765,2016-04-03T03:00:00Z,0,0
2873212765,2016-04-03T04:00:00Z,0,0
2873212765,2016-04-03T05:00:00Z,0,0
2873212765,2016-04-03T06:00:00Z,0,0
2873212765,2016-04-03T07:00:00Z,23,0.383333
2873212765,2016-04-03T08:00:00Z,4,0.066667
2873212765,2016-04-03T09:00:00Z,9,0.15
2873212765,2016-04-03T10:00:00Z,9,0.15
2873212765,2016-04-03T11:00:00Z,39,0.65
2873212765,2016-04-03T12:00:00Z,16,0.266667
2873212765,2016-04-03T13:00:00Z,17,0.283333
2873212765,2016-04-03T14:00:00Z,41,0.683333
2873212765,2016-04-03T15:00:00Z,33,0.55
2873212765,2016-04-03T16:00:00Z,27,0.45
2873212765,2016-04-03T17:00:00Z,39,0.65
2873212765,2016-04-03T18:00:00Z,18,0.3
2873212765,2016-04-03T19:00:00Z,27,0.45
2873212765,2016-04-03T20:00:00Z,51,0.85
2873212765,2016-04-03T21:00:00Z,1,0.016667
2873212765,2016-04-03T22:00:00Z,0,0
2873212765,2016-04-03T23:00:00Z,0,0
2873212765,2016-04-04T00:00:00Z,0,0
2873212765,2016-04-04T01:00:00Z,0,0
2873212765,2016-04-04T02:00:00Z,0,0
2873212765,2016-04-04T03:00:00Z,0,0
2873212765,2016-04-04T04:00:00Z,0,0
2873212765,2016-04-04T05:00:00Z,19,0.316667
2873212765,2016-04-04T06:00:00Z,16,0.266667
2873212765,2016-04-04T07:00:00Z,38,0.633333
2873212765,2016-04-04T08:00:00Z,55,0.916667
2873212765,2016-04-04T09:00:00Z,47,0.783333
2873212765,2016-04-04T10:00:00Z,42,0.7
2873212765,2016-04-04T11:00:00Z,23,0.383333
2873212765,2016-04-04T12:00:00Z,50,0.833333
2873212765,2016-04-04T13:00:00Z,45,0.75
2873212765,2016-04-04T14:00:00Z,13,0.216667
2873212765,2016-04-04T15:00:00Z,8,0.133333
2873212765,2016-04-04T16:00:00Z,20,0.333333
2873212765,2016-04-04T17:00:00Z,7,0.116667
2873212765,2016-04-04T18:00:00Z,7,0.116667
2873212765,2016-04-04T19:00:00Z,7,0.116667
2873212765,2016-04-04T20:00:00Z,24,0.4
2873212765,2016-04-04T21:00:00Z,0,0
2873212765,2016-04-04T22:00:00Z,0,0
2873212765,2016-04-04T23:00:00Z,0,0
2873212765,2016-04-05T00:00:00Z,0,0
2873212765,2016-04-05T01:00:00Z,0,0
2873212765,2016-04-05T02:00:00Z,0,0
2873212765,2016-04-05T03:00:00Z,0,0
2873212765,2016-04-05T04:00:00Z,0,0
2873212765,2016-04-05T05:00:00Z,16,0.266667
2873212765,2016-04-05T06:00:00Z,9,0.15
2873212765,2016-04-05T07:00:00Z,20,0.333333
2873212765,2016-04-05T08:00:00Z,31,0.516667
2873212765,2016-04-05T09:00:00Z,41,0.683333
2873212765,2016-04-05T10:00:00Z,32,0.533333
2873212765,2016-04-05T11:00:00Z,27,0.45
2873212765,2016-04-05T12:00:00Z,51,0.85
2873212765,2016-04-05T13:00:00Z,40,0.666667
2873212765,2016-04-05T14:00:00Z,21,0.35
2873212765,2016-04-05T15:00:00Z,4,0.066667
2873212765,2016-04-05T16:00:00Z,12,0.2
2873212765,2016-04-05T17:00:00Z,16,0.266667
2873212765,2016-04-05T18:00:00Z,13,0.216667
2873212765,2016-04-05T19:00:00Z,30,0.5
2873212765,2016-04-05T20:00:00Z,3,0.05
2873212765,2016-04-05T21:00:00Z,8,0.133333
2873212765,2016-04-05T22:00:00Z,0,0
2873212765,2016-04-05T23:00:00Z,0,0
2873212765,2016-04-06T00:00:00Z,0,0
2873212765,2016-04-06T01:00:00Z,0,0
2873212765,2016-04-06T02:00:00Z,0,0
2873212765,2016-04-06T03:00:00Z,0,0
2873212765,2016-04-06T04:00:00Z,0,0
2873212765,2016-04-06T05:00:00Z,25,0.416667
2873212765,2016-04-06T06:00:00Z,8,0.133333
2873212765,2016-04-06T07:00:00Z,27,0.45
2873212765,2016-04-06T08:00:00Z,28,0.466667
2873212765,2016-04-06T09:00:00Z,41,0.683333
2873212765,2016-04-06T10:00:00Z,43,0.716667
2873212765,2016-04-06T11:00:00Z,16,0.266667
2873212765,2016-04-06T12:00:00Z,40,0.666667
2873212765,2016-04-06T13:00:00Z,25,0.416667
2873212765,2016-04-06T14:00:00Z,14,0.233333
2873212765,2016-04-06T15:00:00Z,22,0.366667
2873212765,2016-04-06T16:00:00Z,24,0.4
2873212765,2016-04-06T17:00:00Z,13,0.216667
2873212765,2016-04-06T18:00:00Z,15,0.25
2873212765,2016-04-06T19:00:00Z,11,0.183333
2873212765,2016-04-06T20:00:00Z,2,0.033333
2873212765,2016-04-06T21:00:00Z,28,0.466667
2873212765,2016-04-06T22:00:00Z,0,0
2873212765,2016-04-06T23:00:00Z,0,0
2873212765,2016-04-07T00:00:00Z,0,0
2873212765,2016-04-07T01:00:00Z,0,0
2873212765,2016-04-07T02:00:00Z,0,0
2873212765,2016-04-07T03:00:00Z,0,0
2873212765,2016-04-07T04:00:00Z,0,0
2873212765,2016-04-07T05:00:00Z,0,0
2873212765,2016-04-07T06:00:00Z,16,0.266667
2873212765,2016-04-07T07:00:00Z,41,0.683333
2873212765,2016-04-07T08:00:00Z,29,0.483333
2873212765,2016-04-07T09:00:00Z,43,0.716667
2873212765,2016-04-07T10:00:00Z,43,0.716667
2873212765,2016-04-07T11:00:00Z,4,0.066667
2873212765,2016-04-07T12:00:00Z,22,0.366667
2873212765,2016-04-07T13:00:00Z,34,0.566667
2873212765,2016-04-07T14:00:00Z,42,0.7
2873212765,2016-04-07T15:00:00Z,16,0.266667
2873212765,2016-04-07T16:00:00Z,13,0.216667
2873212765,2016-04-07T17:00:00Z,36,0.6
2873212765,2016-04-07T18:00:00Z,35,0.583333
2873212765,2016-04-07T19:00:00Z,14,0.233333
2873212765,2016-04-07T20:00:00Z,9,0.15
2873212765,2016-04-07T21:00:00Z,15,0.25
2873212765,2016-04-07T22:00:00Z,0,0
2873212765,2016-04-07T23:00:00Z,0,0
2873212765,2016-04-08T00:00:00Z,0,0
2873212765,2016-04-08T01:00:00Z,0,0
2873212765,2016-04-08T02:00:00Z,0,0
2873212765,2016-04-08T03:00:00Z,0,0
2873212765,2016-04-08T04:00:00Z,0,0
2873212765,2016-04-08T05:00:00Z,20,0.333333
2873212765,2016-04-08T06:00:00Z,13,0.216667
2873212765,2016-04-08T07:00:00Z,24,0.4
2873212765,2016-04-08T08:00:00Z,33,0.55
2873212765,2016-04-08T09:00:00Z,49,0.816667
2873212765,2016-04-08T10:00:00Z,30,0.5
2873212765,2016-04-08T11:00:00Z,14,0.233333
2873212765,2016-04-08T12:00:00Z,35,0.583333
2873212765,2016-04-08T13:00:00Z,25,0.416667
2873212765,2016-04-08T14:00:00Z,7,0.116667
2873212765,2016-04-08T15:00:00Z,26,0.433333
2873212765,2016-04-08T16:00:00Z,27,0.45
2873212765,2016-04-08T17:00:00Z,30,0.5
2873212765,2016-04-08T18:00:00Z,6,0.1
2873212765,2016-04-08T19:00:00Z,10,0.166667
2873212765,2016-04-08T20:00:00Z,12,0.2
2873212765,2016-04-08T21:00:00Z,10,0.166667
2873212765,2016-04-08T22:00:00Z,9,0.15
2873212765,2016-04-08T23:00:00Z,0,0
2873212765,2016-04-09T00:00:00Z,0,0
2873212765,2016-04-09T01:00:00Z,0,0
2873212765,2016-04-09T02:00:00Z,0,0
2873212765,2016-04-09T03:00:00Z,0,0
2873212765,2016-04-09T04:00:00Z,0,0
2873212765,2016-04-09T05:00:00Z,0,0
2873212765,2016-04-09T06:00:00Z,0,0
2873212765,2016-04-09T07:00:00Z,118,1.966667
2873212765,2016-04-09T08:00:00Z,40,0.666667
2873212765,2016-04-09T09:00:00Z,16,0.266667
2873212765,2016-04-09T10:00:00Z,19,0.316667
2873212765,2016-04-09T11:00:00Z,18,0.3
2873212765,2016-04-09T12:00:00Z,27,0.45
2873212765,2016-04-09T13:00:00Z,32,0.533333
2873212765,2016-04-09T14:00:00Z,12,0.2
2873212765,2016-04-09T15:00:00Z,31,0.516667
2873212765,2016-04-09T16:00:00Z,40,0.666667
2873212765,2016-04-09T17:00:00Z,11,0.183333
2873212765,2016-04-09T18:00:00Z,18,0.3
2873212765,2016-04-09T19:00:00Z,16,0.266667
2873212765,2016-04-09T20:00:00Z,12,0.2
2873212765,2016-04-09T21:00:00Z,13,0.216667
2873212765,2016-04-09T22:00:00Z,12,0.2
2873212765,2016-04-09T23:00:00Z,7,0.116667
2873212765,2016-04-10T00:00:00Z,0,0
2873212765,2016-04-10T01:00:00Z,0,0
2873212765,2016-04-10T02:00:00Z,0,0
2873212765,2016-04-10T03:00:00Z,0,0
2873212765,2016-04-10T04:00:00Z,0,0
2873212765,2016-04-10T05:00:00Z,0,0
2873212765,2016-04-10T06:00:00Z,0,0
2873212765,2016-04-10T07:00:00Z,0,0
2873212765,2016-04-10T08:00:00Z,3,0.05
2873212765,2016-04-10T09:00:00Z,12,0.2
2873212765,2016-04-10T10:00:00Z,14,0.233333
2873212765,2016-04-10T11:00:00Z,33,0.55
2873212765,2016-04-10T12:00:00Z,11,0.183333
2873212765,2016-04-10T13:00:00Z,21,0.35
2873212765,2016-04-10T14:00:00Z,12,0.2
2873212765,2016-04-10T15:00:00Z,46,0.766667
2873212765,2016-04-10T16:00:00Z,43,0.716667
2873212765,2016-04-10T17:00:00Z,24,0.4
2873212765,2016-04-10T18:00:00Z,20,0.333333
2873212765,2016-04-10T19:00:00Z,5,0.083333
2873212765,2016-04-10T20:00:00Z,15,0.25
2873212765,2016-04-10T21:00:00Z,11,0.183333
2873212765,2016-04-10T22:00:00Z,0,0
2873212765,2016-04-10T23:00:00Z,0,0
2873212765,2016-04-11T00:00:00Z,0,0
2873212765,2016-04-11T01:00:00Z,0,0
2873212765,2016-04-11T02:00:00Z,0,0
2873212765,2016-04-11T03:00:00Z,0,0
2873212765,2016-04-11T04:00:00Z,0,0
2873212765,2016-04-11T05:00:00Z,16,0.266667
2873212765,2016-04-11T06:00:00Z,14,0.233333
2873212765,2016-04-11T07:00:00Z,22,0.366667
2873212765,2016-04-11T08:00:00Z,26,0.433333
2873212765,2016-04-11T09:00:00Z,45,0.75
2873212765,2016-04-11T10:00:00Z,51,0.85
2873212765,2016-04-11T11:00:00Z,9,0.15
2873212765,2016-04-11T12:00:00Z,42,0.7
2873212765,2016-04-11T13:00:00Z,30,0.5
2873212765,2016-04-11T14:00:00Z,4,0.066667
2873212765,2016-04-11T15:00:00Z,11,0.183333
2873212765,2016-04-11T16:00:00Z,20,0.333333
2873212765,2016-04-11T17:00:00Z,27,0.45
2873212765,2016-04-11T18:00:00Z,26,0.433333
2873212765,2016-04-11T19:00:00Z,12,0.2
2891001357,2016-04-05T00:00:00Z,0,0
2891001357,2016-04-05T01:00:00Z,0,0
2891001357,2016-04-05T02:00:00Z,0,0
2891001357,2016-04-05T03:00:00Z,0,0
2891001357,2016-04-05T04:00:00Z,0,0
2891001357,2016-04-05T05:00:00Z,0,0
2891001357,2016-04-05T06:00:00Z,0,0
2891001357,2016-04-05T07:00:00Z,0,0
2891001357,2016-04-05T08:00:00Z,0,0
2891001357,2016-04-05T09:00:00Z,0,0
2891001357,2016-04-05T10:00:00Z,60,1
2891001357,2016-04-05T11:00:00Z,60,1
3372868164,2016-03-12T00:00:00Z,1,0.016667
3372868164,2016-03-12T01:00:00Z,2,0.033333
3372868164,2016-03-12T02:00:00Z,4,0.066667
3372868164,2016-03-12T03:00:00Z,0,0
3372868164,2016-03-12T04:00:00Z,0,0
3372868164,2016-03-12T05:00:00Z,2,0.033333
3372868164,2016-03-12T06:00:00Z,3,0.05
3372868164,2016-03-12T07:00:00Z,0,0
3372868164,2016-03-12T08:00:00Z,4,0.066667
3372868164,2016-03-12T09:00:00Z,7,0.116667
3372868164,2016-03-12T10:00:00Z,33,0.55
3372868164,2016-03-12T11:00:00Z,21,0.35
3372868164,2016-03-12T12:00:00Z,18,0.3
3372868164,2016-03-12T13:00:00Z,37,0.616667
3372868164,2016-03-12T14:00:00Z,26,0.433333
3372868164,2016-03-12T15:00:00Z,41,0.683333
3372868164,2016-03-12T16:00:00Z,20,0.333333
3372868164,2016-03-12T17:00:00Z,29,0.483333
3372868164,2016-03-12T18:00:00Z,38,0.633333
3372868164,2016-03-12T19:00:00Z,35,0.583333
3372868164,2016-03-12T20:00:00Z,15,0.25
3372868164,2016-03-12T21:00:00Z,0,0
3372868164,2016-03-12T22:00:00Z,6,0.1
3372868164,2016-03-12T23:00:00Z,1,0.016667
3372868164,2016-03-13T00:00:00Z,0,0
3372868164,2016-03-13T01:00:00Z,2,0.033333
3372868164,2016-03-13T02:00:00Z,0,0
3372868164,2016-03-13T03:00:00Z,2,0.033333
3372868164,2016-03-13T04:00:00Z,6,0.1
3372868164,2016-03-13T05:00:00Z,8,0.133333
3372868164,2016-03-13T06:00:00Z,26,0.433333
3372868164,2016-03-13T07:00:00Z,24,0.4
3372868164,2016-03-13T08:00:00Z,5,0.083333
3372868164,2016-03-13T09:00:00Z,10,0.166667
3372868164,2016-03-13T10:00:00Z,16,0.266667
3372868164,2016-03-13T11:00:00Z,20,0.333333
3372868164,2016-03-13T12:00:00Z,14,0.233333
3372868164,2016-03-13T13:00:00Z,77,1.283333
3372868164,2016-03-13T14:00:00Z,41,0.683333
3372868164,2016-03-13T15:00:00Z,9,0.15
3372868164,2016-03-13T16:00:00Z,30,0.5
3372868164,2016-03-13T17:00:00Z,21,0.35
3372868164,2016-03-13T18:00:00Z,31,0.516667
3372868164,2016-03-13T19:00:00Z,10,0.166667
3372868164,2016-03-13T20:00:00Z,9,0.15
3372868164,2016-03-13T21:00:00Z,8,0.133333
3372868164,2016-03-13T22:00:00Z,2,0.033333
3372868164,2016-03-13T23:00:00Z,0,0
3372868164,2016-03-14T00:00:00Z,1,0.016667
3372868164,2016-03-14T01:00:00Z,0,0
3372868164,2016-03-14T02:00:00Z,1,0.016667
3372868164,2016-03-14T03:00:00Z,0,0
3372868164,2016-03-14T04:00:00Z,1,0.016667
3372868164,2016-03-14T05:00:00Z,1,0.016667
3372868164,2016-03-14T06:00:00Z,2,0.033333
3372868164,2016-03-14T07:00:00Z,0,0
3372868164,2016-03-14T08:00:00Z,14,0.233333
3372868164,2016-03-14T09:00:00Z,6,0.1
3372868164,2016-03-14T10:00:00Z,99,1.65
3372868164,2016-03-14T11:00:00Z,24,0.4
3372868164,2016-03-14T12:00:00Z,30,0.5
3372868164,2016-03-14T13:00:00Z,47,0.783333
3372868164,2016-03-14T14:00:00Z,18,0.3
3372868164,2016-03-14T15:00:00Z,24,0.4
3372868164,2016-03-14T16:00:00Z,29,0.483333
3372868164,2016-03-14T17:00:00Z,23,0.383333
3372868164,2016-03-14T18:00:00Z,41,0.683333
3372868164,2016-03-14T19:00:00Z,17,0.283333
3372868164,2016-03-14T20:00:00Z,3,0.05
3372868164,2016-03-14T21:00:00Z,2,0.033333
3372868164,2016-03-14T22:00:00Z,6,0.1
3372868164,2016-03-14T23:00:00Z,1,0.016667
3372868164,2016-03-15T00:00:00Z,0,0
3372868164,2016-03-15T01:00:00Z,1,0.016667
3372868164,2016-03-15T02:00:00Z,1,0.016667
3372868164,2016-03-15T03:00:00Z,0,0
3372868164,2016-03-15T04:00:00Z,0,0
3372868164,2016-03-15T05:00:00Z,7,0.116667
3372868164,2016-03-15T06:00:00Z,13,0.216667
3372868164,2016-03-15T07:00:00Z,25,0.416667
3372868164,2016-03-15T08:00:00Z,21,0.35
3372868164,2016-03-15T09:00:00Z,9,0.15
3372868164,2016-03-15T10:00:00Z,35,0.583333
3372868164,2016-03-15T11:00:00Z,16,0.266667
3372868164,2016-03-15T12:00:00Z,22,0.366667
3372868164,2016-03-15T13:00:00Z,40,0.666667
3372868164,2016-03-15T14:00:00Z,16,0.266667
3372868164,2016-03-15T15:00:00Z,16,0.266667
3372868164,2016-03-15T16:00:00Z,15,0.25
3372868164,2016-03-15T17:00:00Z,10,0.166667
3372868164,2016-03-15T18:00:00Z,6,0.1
3372868164,2016-03-15T19:00:00Z,20,0.333333
3372868164,2016-03-15T20:00:00Z,3,0.05
3372868164,2016-03-15T21:00:00Z,3,0.05
3372868164,2016-03-15T22:00:00Z,0,0
3372868164,2016-03-15T23:00:00Z,0,0
3372868164,2016-03-16T00:00:00Z,0,0
3372868164,2016-03-16T01:00:00Z,1,0.016667
3372868164,2016-03-16T02:00:00Z,1,0.016667
3372868164,2016-03-16T03:00:00Z,0,0
3372868164,2016-03-16T04:00:00Z,3,0.05
3372868164,2016-03-16T05:00:00Z,5,0.083333
3372868164,2016-03-16T06:00:00Z,2,0.033333
3372868164,2016-03-16T07:00:00Z,23,0.383333
3372868164,2016-03-16T08:00:00Z,24,0.4
3372868164,2016-03-16T09:00:00Z,68,1.133333
3372868164,2016-03-16T10:00:00Z,45,0.75
3372868164,2016-03-16T11:00:00Z,50,0.833333
3372868164,2016-03-16T12:00:00Z,20,0.333333
3372868164,2016-03-16T13:00:00Z,10,0.166667
3372868164,2016-03-16T14:00:00Z,24,0.4
3372868164,2016-03-16T15:00:00Z,15,0.25
3372868164,2016-03-16T16:00:00Z,16,0.266667
3372868164,2016-03-16T17:00:00Z,11,0.183333
3372868164,2016-03-16T18:00:00Z,3,0.05
3372868164,2016-03-16T19:00:00Z,21,0.35
3372868164,2016-03-16T20:00:00Z,9,0.15
3372868164,2016-03-16T21:00:00Z,5,0.083333
3372868164,2016-03-16T22:00:00Z,0,0
3372868164,2016-03-16T23:00:00Z,1,0.016667
3372868164,2016-03-17T00:00:00Z,0,0
3372868164,2016-03-17T01:00:00Z,1,0.016667
3372868164,2016-03-17T02:00:00Z,0,0
3372868164,2016-03-17T03:00:00Z,2,0.033333
3372868164,2016-03-17T04:00:00Z,1,0.016667
3372868164,2016-03-17T05:00:00Z,0,0
3372868164,2016-03-17T06:00:00Z,0,0
3372868164,2016-03-17T07:00:00Z,6,0.1
3372868164,2016-03-17T08:00:00Z,23,0.383333
3372868164,2016-03-17T09:00:00Z,71,1.183333
3372868164,2016-03-17T10:00:00Z,28,0.466667
3372868164,2016-03-17T11:00:00Z,29,0.483333
3372868164,2016-03-17T12:00:00Z,26,0.433333
3372868164,2016-03-17T13:00:00Z,8,0.133333
3372868164,2016-03-17T14:00:00Z,3,0.05
3372868164,2016-03-17T15:00:00Z,15,0.25
3372868164,2016-03-17T16:00:00Z,18,0.3
3372868164,2016-03-17T17:00:00Z,10,0.166667
3372868164,2016-03-17T18:00:00Z,9,0.15
3372868164,2016-03-17T19:00:00Z,17,0.283333
3372868164,2016-03-17T20:00:00Z,1,0.016667
3372868164,2016-03-17T21:00:00Z,2,0.033333
3372868164,2016-03-17T22:00:00Z,0,0
3372868164,2016-03-17T23:00:00Z,0,0
3372868164,2016-03-18T00:00:00Z,0,0
3372868164,2016-03-18T01:00:00Z,2,0.033333
3372868164,2016-03-18T02:00:00Z,0,0
3372868164,2016-03-18T03:00:00Z,0,0
3372868164,2016-03-18T04:00:00Z,1,0.016667
3372868164,2016-03-18T05:00:00Z,1,0.016667
3372868164,2016-03-18T06:00:00Z,9,0.15
3372868164,2016-03-18T07:00:00Z,5,0.083333
3372868164,2016-03-18T08:00:00Z,27,0.45
3372868164,2016-03-18T09:00:00Z,23,0.383333
3372868164,2016-03-18T10:00:00Z,21,0.35
3372868164,2016-03-18T11:00:00Z,40,0.666667
3372868164,2016-03-18T12:00:00Z,34,0.566667
3372868164,2016-03-18T13:00:00Z,30,0.5
3372868164,2016-03-18T14:00:00Z,35,0.583333
3372868164,2016-03-18T15:00:00Z,18,0.3
3372868164,2016-03-18T16:00:00Z,10,0.166667
3372868164,2016-03-18T17:00:00Z,12,0.2
3372868164,2016-03-18T18:00:00Z,8,0.133333
3372868164,2016-03-18T19:00:00Z,21,0.35
3372868164,2016-03-18T20:00:00Z,11,0.183333
3372868164,2016-03-18T21:00:00Z,8,0.133333
3372868164,2016-03-18T22:00:00Z,5,0.083333
3372868164,2016-03-18T23:00:00Z,0,0
3372868164,2016-03-19T00:00:00Z,0,0
3372868164,2016-03-19T01:00:00Z,0,0
3372868164,2016-03-19T02:00:00Z,2,0.033333
3372868164,2016-03-19T03:00:00Z,0,0
3372868164,2016-03-19T04:00:00Z,0,0
3372868164,2016-03-19T05:00:00Z,1,0.016667
3372868164,2016-03-19T06:00:00Z,0,0
3372868164,2016-03-19T07:00:00Z,3,0.05
3372868164,2016-03-19T08:00:00Z,7,0.116667
3372868164,2016-03-19T09:00:00Z,11,0.183333
3372868164,2016-03-19T10:00:00Z,33,0.55
3372868164,2016-03-19T11:00:00Z,29,0.483333
3372868164,2016-03-19T12:00:00Z,31,0.516667
3372868164,2016-03-19T13:00:00Z,13,0.216667
3372868164,2016-03-19T14:00:00Z,26,0.433333
3372868164,2016-03-19T15:00:00Z,38,0.633333
3372868164,2016-03-19T16:00:00Z,29,0.483333
3372868164,2016-03-19T17:00:00Z,21,0.35
3372868164,2016-03-19T18:00:00Z,29,0.483333
3372868164,2016-03-19T19:00:00Z,16,0.266667
3372868164,2016-03-19T20:00:00Z,1,0.016667
3372868164,2016-03-19T21:00:00Z,4,0.066667
3372868164,2016-03-19T22:00:00Z,0,0
3372868164,2016-03-19T23:00:00Z,0,0
3372868164,2016-03-20T00:00:00Z,0,0
3372868164,2016-03-20T01:00:00Z,2,0.033333
3372868164,2016-03-20T02:00:00Z,0,0
3372868164,2016-03-20T03:00:00Z,0,0
3372868164,2016-03-20T04:00:00Z,0,0
3372868164,2016-03-20T05:00:00Z,9,0.15
3372868164,2016-03-20T06:00:00Z,36,0.6
3372868164,2016-03-20T07:00:00Z,38,0.633333
3372868164,2016-03-20T08:00:00Z,7,0.116667
3372868164,2016-03-20T09:00:00Z,6,0.1
3372868164,2016-03-20T10:00:00Z,30,0.5
3372868164,2016-03-20T11:00:00Z,18,0.3
3372868164,2016-03-20T12:00:00Z,12,0.2
3372868164,2016-03-20T13:00:00Z,8,0.133333
3372868164,2016-03-20T14:00:00Z,60,1
3372868164,2016-03-20T15:00:00Z,19,0.316667
3372868164,2016-03-20T16:00:00Z,15,0.25
3372868164,2016-03-20T17:00:00Z,32,0.533333
3372868164,2016-03-20T18:00:00Z,35,0.583333
3372868164,2016-03-20T19:00:00Z,24,0.4
3372868164,2016-03-20T20:00:00Z,10,0.166667
3372868164,2016-03-20T21:00:00Z,26,0.433333
3372868164,2016-03-20T22:00:00Z,4,0.066667
3372868164,2016-03-20T23:00:00Z,1,0.016667
3372868164,2016-03-21T00:00:00Z,0,0
3372868164,2016-03-21T01:00:00Z,0,0
3372868164,2016-03-21T02:00:00Z,0,0
3372868164,2016-03-21T03:00:00Z,0,0
3372868164,2016-03-21T04:00:00Z,1,0.016667
3372868164,2016-03-21T05:00:00Z,4,0.066667
3372868164,2016-03-21T06:00:00Z,5,0.083333
3372868164,2016-03-21T07:00:00Z,10,0.166667
3372868164,2016-03-21T08:00:00Z,21,0.35
3372868164,2016-03-21T09:00:00Z,18,0.3
3372868164,2016-03-21T10:00:00Z,61,1.016667
3372868164,2016-03-21T11:00:00Z,93,1.55
3372868164,2016-03-21T12:00:00Z,24,0.4
3372868164,2016-03-21T13:00:00Z,12,0.2
3372868164,2016-03-21T14:00:00Z,23,0.383333
3372868164,2016-03-21T15:00:00Z,26,0.433333
3372868164,2016-03-21T16:00:00Z,8,0.133333
3372868164,2016-03-21T17:00:00Z,12,0.2
3372868164,2016-03-21T18:00:00Z,10,0.166667
3372868164,2016-03-21T19:00:00Z,27,0.45
3372868164,2016-03-21T20:00:00Z,18,0.3
3372868164,2016-03-21T21:00:00Z,0,0
3372868164,2016-03-21T22:00:00Z,4,0.066667
3372868164,2016-03-21T23:00:00Z,0,0
3372868164,2016-03-22T00:00:00Z,0,0
3372868164,2016-03-22T01:00:00Z,0,0
3372868164,2016-03-22T02:00:00Z,0,0
3372868164,2016-03-22T03:00:00Z,1,0.016667
3372868164,2016-03-22T04:00:00Z,0,0
3372868164,2016-03-22T05:00:00Z,1,0.016667
3372868164,2016-03-22T06:00:00Z,0,0
3372868164,2016-03-22T07:00:00Z,8,0.133333
3372868164,2016-03-22T08:00:00Z,4,0.066667
3372868164,2016-03-22T09:00:00Z,22,0.366667
3372868164,2016-03-22T10:00:00Z,24,0.4
3372868164,2016-03-22T11:00:00Z,23,0.383333
3372868164,2016-03-22T12:00:00Z,17,0.283333
3372868164,2016-03-22T13:00:00Z,7,0.116667
3372868164,2016-03-22T14:00:00Z,21,0.35
3372868164,2016-03-22T15:00:00Z,16,0.266667
3372868164,2016-03-22T16:00:00Z,13,0.216667
3372868164,2016-03-22T17:00:00Z,13,0.216667
3372868164,2016-03-22T18:00:00Z,41,0.683333
3372868164,2016-03-22T19:00:00Z,17,0.283333
3372868164,2016-03-22T20:00:00Z,13,0.216667
3372868164,2016-03-22T21:00:00Z,6,0.1
3372868164,2016-03-22T22:00:00Z,20,0.333333
3372868164,2016-03-22T23:00:00Z,2,0.033333
3372868164,2016-03-23T00:00:00Z,0,0
3372868164,2016-03-23T01:00:00Z,0,0
3372868164,2016-03-23T02:00:00Z,0,0
3372868164,2016-03-23T03:00:00Z,0,0
3372868164,2016-03-23T04:00:00Z,1,0.016667
3372868164,2016-03-23T05:00:00Z,1,0.016667
3372868164,2016-03-23T06:00:00Z,1,0.016667
3372868164,2016-03-23T07:00:00Z,1,0.016667
3372868164,2016-03-23T08:00:00Z,4,0.066667
3372868164,2016-03-23T09:00:00Z,7,0.116667
3372868164,2016-03-23T10:00:00Z,11,0.183333
3372868164,2016-03-23T11:00:00Z,49,0.816667
3372868164,2016-03-23T12:00:00Z,55,0.916667
3372868164,2016-03-23T13:00:00Z,13,0.216667
3372868164,2016-03-23T14:00:00Z,23,0.383333
3372868164,2016-03-23T15:00:00Z,21,0.35
3372868164,2016-03-23T16:00:00Z,21,0.35
3372868164,2016-03-23T17:00:00Z,24,0.4
3372868164,2016-03-23T18:00:00Z,27,0.45
3372868164,2016-03-23T19:00:00Z,12,0.2
3372868164,2016-03-23T20:00:00Z,13,0.216667
3372868164,2016-03-23T21:00:00Z,7,0.116667
3372868164,2016-03-23T22:00:00Z,2,0.033333
3372868164,2016-03-23T23:00:00Z,2,0.033333
3372868164,2016-03-24T00:00:00Z,0,0
3372868164,2016-03-24T01:00:00Z,0,0
3372868164,2016-03-24T02:00:00Z,0,0
3372868164,2016-03-24T03:00:00Z,1,0.016667
3372868164,2016-03-24T04:00:00Z,1,0.016667
3372868164,2016-03-24T05:00:00Z,7,0.116667
3372868164,2016-03-24T06:00:00Z,8,0.133333
3372868164,2016-03-24T07:00:00Z,78,1.3
3372868164,2016-03-24T08:00:00Z,24,0.4
3372868164,2016-03-24T09:00:00Z,31,0.516667
3372868164,2016-03-24T10:00:00Z,5,0.083333
3372868164,2016-03-24T11:00:00Z,28,0.466667
3372868164,2016-03-24T12:00:00Z,13,0.216667
3372868164,2016-03-24T13:00:00Z,8,0.133333
3372868164,2016-03-24T14:00:00Z,29,0.483333
3372868164,2016-03-24T15:00:00Z,31,0.516667
3372868164,2016-03-24T16:00:00Z,13,0.216667
3372868164,2016-03-24T17:00:00Z,11,0.183333
3372868164,2016-03-24T18:00:00Z,5,0.083333
3372868164,2016-03-24T19:00:00Z,23,0.383333
3372868164,2016-03-24T20:00:00Z,11,0.183333
3372868164,2016-03-24T21:00:00Z,13,0.216667
3372868164,2016-03-24T22:00:00Z,1,0.016667
3372868164,2016-03-24T23:00:00Z,0,0
3372868164,2016-03-25T00:00:00Z,0,0
3372868164,2016-03-25T01:00:00Z,0,0
3372868164,2016-03-25T02:00:00Z,1,0.016667
3372868164,2016-03-25T03:00:00Z,0,0
3372868164,2016-03-25T04:00:00Z,2,0.033333
3372868164,2016-03-25T05:00:00Z,0,0
3372868164,2016-03-25T06:00:00Z,2,0.033333
3372868164,2016-03-25T07:00:00Z,8,0.133333
3372868164,2016-03-25T08:00:00Z,23,0.383333
3372868164,2016-03-25T09:00:00Z,73,1.216667
3372868164,2016-03-25T10:00:00Z,21,0.35
3372868164,2016-03-25T11:00:00Z,6,0.1
3372868164,2016-03-25T12:00:00Z,19,0.316667
3372868164,2016-03-25T13:00:00Z,20,0.333333
3372868164,2016-03-25T14:00:00Z,39,0.65
3372868164,2016-03-25T15:00:00Z,29,0.483333
3372868164,2016-03-25T16:00:00Z,25,0.416667
3372868164,2016-03-25T17:00:00Z,18,0.3
3372868164,2016-03-25T18:00:00Z,10,0.166667
3372868164,2016-03-25T19:00:00Z,2,0.033333
3372868164,2016-03-25T20:00:00Z,3,0.05
3372868164,2016-03-25T21:00:00Z,14,0.233333
3372868164,2016-03-25T22:00:00Z,7,0.116667
3372868164,2016-03-25T23:00:00Z,0,0
3372868164,2016-03-26T00:00:00Z,0,0
3372868164,2016-03-26T01:00:00Z,0,0
3372868164,2016-03-26T02:00:00Z,0,0
3372868164,2016-03-26T03:00:00Z,2,0.033333
3372868164,2016-03-26T04:00:00Z,0,0
3372868164,2016-03-26T05:00:00Z,0,0
3372868164,2016-03-26T06:00:00Z,0,0
3372868164,2016-03-26T07:00:00Z,11,0.183333
3372868164,2016-03-26T08:00:00Z,29,0.483333
3372868164,2016-03-26T09:00:00Z,31,0.516667
3372868164,2016-03-26T10:00:00Z,30,0.5
3372868164,2016-03-26T11:00:00Z,35,0.583333
3372868164,2016-03-26T12:00:00Z,19,0.316667
3372868164,2016-03-26T13:00:00Z,11,0.183333
3372868164,2016-03-26T14:00:00Z,28,0.466667
3372868164,2016-03-26T15:00:00Z,21,0.35
3372868164,2016-03-26T16:00:00Z,19,0.316667
3372868164,2016-03-26T17:00:00Z,23,0.383333
3372868164,2016-03-26T18:00:00Z,5,0.083333
3372868164,2016-03-26T19:00:00Z,10,0.166667
3372868164,2016-03-26T20:00:00Z,15,0.25
3372868164,2016-03-26T21:00:00Z,5,0.083333
3372868164,2016-03-26T22:00:00Z,0,0
3372868164,2016-03-26T23:00:00Z,0,0
3372868164,2016-03-27T00:00:00Z,0,0
3372868164,2016-03-27T01:00:00Z,0,0
3372868164,2016-03-27T02:00:00Z,0,0
3372868164,2016-03-27T03:00:00Z,0,0
3372868164,2016-03-27T04:00:00Z,12,0.2
3372868164,2016-03-27T05:00:00Z,21,0.35
3372868164,2016-03-27T06:00:00Z,13,0.216667
3372868164,2016-03-27T07:00:00Z,23,0.383333
3372868164,2016-03-27T08:00:00Z,24,0.4
3372868164,2016-03-27T09:00:00Z,16,0.266667
3372868164,2016-03-27T10:00:00Z,4,0.066667
3372868164,2016-03-27T11:00:00Z,24,0.4
3372868164,2016-03-27T12:00:00Z,25,0.416667
3372868164,2016-03-27T13:00:00Z,34,0.566667
3372868164,2016-03-27T14:00:00Z,14,0.233333
3372868164,2016-03-27T15:00:00Z,29,0.483333
3372868164,2016-03-27T16:00:00Z,74,1.233333
3372868164,2016-03-27T17:00:00Z,34,0.566667
3372868164,2016-03-27T18:00:00Z,27,0.45
3372868164,2016-03-27T19:00:00Z,19,0.316667
3372868164,2016-03-27T20:00:00Z,6,0.1
3372868164,2016-03-27T21:00:00Z,0,0
3372868164,2016-03-27T22:00:00Z,0,0
3372868164,2016-03-27T23:00:00Z,1,0.016667
3372868164,2016-03-28T00:00:00Z,2,0.033333
3372868164,2016-03-28T01:00:00Z,0,0
3372868164,2016-03-28T02:00:00Z,3,0.05
3372868164,2016-03-28T03:00:00Z,1,0.016667
3372868164,2016-03-28T04:00:00Z,0,0
3372868164,2016-03-28T05:00:00Z,9,0.15
3372868164,2016-03-28T06:00:00Z,6,0.1
3372868164,2016-03-28T07:00:00Z,29,0.483333
3372868164,2016-03-28T08:00:00Z,32,0.533333
3372868164,2016-03-28T09:00:00Z,14,0.233333
3372868164,2016-03-28T10:00:00Z,9,0.15
3372868164,2016-03-28T11:00:00Z,27,0.45
3372868164,2016-03-28T12:00:00Z,20,0.333333
3372868164,2016-03-28T13:00:00Z,16,0.266667
3372868164,2016-03-28T14:00:00Z,21,0.35
3372868164,2016-03-28T15:00:00Z,21,0.35
3372868164,2016-03-28T16:00:00Z,19,0.316667
3372868164,2016-03-28T17:00:00Z,13,0.216667
3372868164,2016-03-28T18:00:00Z,35,0.583333
3372868164,2016-03-28T19:00:00Z,16,0.266667
3372868164,2016-03-28T20:00:00Z,15,0.25
3372868164,2016-03-28T21:00:00Z,0,0
3372868164,2016-03-28T22:00:00Z,5,0.083333
3372868164,2016-03-28T23:00:00Z,0,0
3372868164,2016-03-29T00:00:00Z,0,0
3372868164,2016-03-29T01:00:00Z,0,0
3372868164,2016-03-29T02:00:00Z,1,0.016667
3372868164,2016-03-29T03:00:00Z,0,0
3372868164,2016-03-29T04:00:00Z,1,0.016667
3372868164,2016-03-29T05:00:00Z,0,0
3372868164,2016-03-29T06:00:00Z,0,0
3372868164,2016-03-29T07:00:00Z,6,0.1
3372868164,2016-03-29T08:00:00Z,5,0.083333
3372868164,2016-03-29T09:00:00Z,22,0.366667
3372868164,2016-03-29T10:00:00Z,48,0.8
3372868164,2016-03-29T11:00:00Z,30,0.5
3372868164,2016-03-29T12:00:00Z,28,0.466667
3372868164,2016-03-29T13:00:00Z,30,0.5
3372868164,2016-03-29T14:00:00Z,11,0.183333
3372868164,2016-03-29T15:00:00Z,52,0.866667
3372868164,2016-03-29T16:00:00Z,35,0.583333
3372868164,2016-03-29T17:00:00Z,26,0.433333
3372868164,2016-03-29T18:00:00Z,12,0.2
3372868164,2016-03-29T19:00:00Z,4,0.066667
3372868164,2016-03-29T20:00:00Z,17,0.283333
3372868164,2016-03-29T21:00:00Z,4,0.066667
3372868164,2016-03-29T22:00:00Z,1,0.016667
3372868164,2016-03-29T23:00:00Z,1,0.016667
3372868164,2016-03-30T00:00:00Z,1,0.016667
3372868164,2016-03-30T01:00:00Z,0,0
3372868164,2016-03-30T02:00:00Z,3,0.05
3372868164,2016-03-30T03:00:00Z,0,0
3372868164,2016-03-30T04:00:00Z,0,0
3372868164,2016-03-30T05:00:00Z,1,0.016667
3372868164,2016-03-30T06:00:00Z,1,0.016667
3372868164,2016-03-30T07:00:00Z,7,0.116667
3372868164,2016-03-30T08:00:00Z,5,0.083333
3372868164,2016-03-30T09:00:00Z,27,0.45
3372868164,2016-03-30T10:00:00Z,51,0.85
3372868164,2016-03-30T11:00:00Z,85,1.416667
3372868164,2016-03-30T12:00:00Z,11,0.183333
3372868164,2016-03-30T13:00:00Z,8,0.133333
3372868164,2016-03-30T14:00:00Z,4,0.066667
3372868164,2016-03-30T15:00:00Z,2,0.033333
3372868164,2016-03-30T16:00:00Z,21,0.35
3372868164,2016-03-30T17:00:00Z,3,0.05
3372868164,2016-03-30T18:00:00Z,26,0.433333
3372868164,2016-03-30T19:00:00Z,5,0.083333
3372868164,2016-03-30T20:00:00Z,9,0.15
3372868164,2016-03-30T21:00:00Z,23,0.383333
3372868164,2016-03-30T22:00:00Z,7,0.116667
3372868164,2016-03-30T23:00:00Z,0,0
3372868164,2016-03-31T00:00:00Z,0,0
3372868164,2016-03-31T01:00:00Z,0,0
3372868164,2016-03-31T02:00:00Z,11,0.183333
3372868164,2016-03-31T03:00:00Z,15,0.25
3372868164,2016-03-31T04:00:00Z,4,0.066667
3372868164,2016-03-31T05:00:00Z,11,0.183333
3372868164,2016-03-31T06:00:00Z,5,0.083333
3372868164,2016-03-31T07:00:00Z,75,1.25
3372868164,2016-03-31T08:00:00Z,36,0.6
3372868164,2016-03-31T09:00:00Z,27,0.45
3372868164,2016-03-31T10:00:00Z,19,0.316667
3372868164,2016-03-31T11:00:00Z,15,0.25
3372868164,2016-03-31T12:00:00Z,17,0.283333
3372868164,2016-03-31T13:00:00Z,23,0.383333
3372868164,2016-03-31T14:00:00Z,40,0.666667
3372868164,2016-03-31T15:00:00Z,36,0.6
3372868164,2016-03-31T16:00:00Z,14,0.233333
3372868164,2016-03-31T17:00:00Z,26,0.433333
3372868164,2016-03-31T18:00:00Z,5,0.083333
3372868164,2016-03-31T19:00:00Z,12,0.2
3372868164,2016-03-31T20:00:00Z,22,0.366667
3372868164,2016-03-31T21:00:00Z,4,0.066667
3372868164,2016-03-31T22:00:00Z,1,0.016667
3372868164,2016-03-31T23:00:00Z,0,0
3372868164,2016-04-01T00:00:00Z,2,0.033333
3372868164,2016-04-01T01:00:00Z,0,0
3372868164,2016-04-01T02:00:00Z,0,0
3372868164,2016-04-01T03:00:00Z,0,0
3372868164,2016-04-01T04:00:00Z,0,0
3372868164,2016-04-01T05:00:00Z,0,0
3372868164,2016-04-01T06:00:00Z,3,0.05
3372868164,2016-04-01T07:00:00Z,5,0.083333
3372868164,2016-04-01T08:00:00Z,22,0.366667
3372868164,2016-04-01T09:00:00Z,20,0.333333
3372868164,2016-04-01T10:00:00Z,28,0.466667
3372868164,2016-04-01T11:00:00Z,35,0.583333
3372868164,2016-04-01T12:00:00Z,23,0.383333
3372868164,2016-04-01T13:00:00Z,31,0.516667
3372868164,2016-04-01T14:00:00Z,23,0.383333
3372868164,2016-04-01T15:00:00Z,14,0.233333
3372868164,2016-04-01T16:00:00Z,24,0.4
3372868164,2016-04-01T17:00:00Z,18,0.3
3372868164,2016-04-01T18:00:00Z,7,0.116667
3372868164,2016-04-01T19:00:00Z,14,0.233333
3372868164,2016-04-01T20:00:00Z,4,0.066667
3372868164,2016-04-01T21:00:00Z,8,0.133333
3372868164,2016-04-01T22:00:00Z,27,0.45
3372868164,2016-04-01T23:00:00Z,3,0.05
3372868164,2016-04-02T00:00:00Z,1,0.016667
3372868164,2016-04-02T01:00:00Z,0,0
3372868164,2016-04-02T02:00:00Z,0,0
3372868164,2016-04-02T03:00:00Z,1,0.016667
3372868164,2016-04-02T04:00:00Z,2,0.033333
3372868164,2016-04-02T05:00:00Z,0,0
3372868164,2016-04-02T06:00:00Z,0,0
3372868164,2016-04-02T07:00:00Z,0,0
3372868164,2016-04-02T08:00:00Z,4,0.066667
3372868164,2016-04-02T09:00:00Z,17,0.283333
3372868164,2016-04-02T10:00:00Z,43,0.716667
3372868164,2016-04-02T11:00:00Z,99,1.65
3372868164,2016-04-02T12:00:00Z,25,0.416667
3372868164,2016-04-02T13:00:00Z,52,0.866667
3372868164,2016-04-02T14:00:00Z,31,0.516667
3372868164,2016-04-02T15:00:00Z,14,0.233333
3372868164,2016-04-02T16:00:00Z,27,0.45
3372868164,2016-04-02T17:00:00Z,38,0.633333
3372868164,2016-04-02T18:00:00Z,31,0.516667
3372868164,2016-04-02T19:00:00Z,9,0.15
3372868164,2016-04-02T20:00:00Z,17,0.283333
3372868164,2016-04-02T21:00:00Z,0,0
3372868164,2016-04-02T22:00:00Z,4,0.066667
3372868164,2016-04-02T23:00:00Z,0,0
3372868164,2016-04-03T00:00:00Z,0,0
3372868164,2016-04-03T01:00:00Z,0,0
3372868164,2016-04-03T02:00:00Z,0,0
3372868164,2016-04-03T03:00:00Z,1,0.016667
3372868164,2016-04-03T04:00:00Z,1,0.016667
3372868164,2016-04-03T05:00:00Z,0,0
3372868164,2016-04-03T06:00:00Z,8,0.133333
3372868164,2016-04-03T07:00:00Z,31,0.516667
3372868164,2016-04-03T08:00:00Z,25,0.416667
3372868164,2016-04-03T09:00:00Z,11,0.183333
3372868164,2016-04-03T10:00:00Z,7,0.116667
3372868164,2016-04-03T11:00:00Z,20,0.333333
3372868164,2016-04-03T12:00:00Z,18,0.3
3372868164,2016-04-03T13:00:00Z,30,0.5
3372868164,2016-04-03T14:00:00Z,3,0.05
3372868164,2016-04-03T15:00:00Z,2,0.033333
3372868164,2016-04-03T16:00:00Z,24,0.4
3372868164,2016-04-03T17:00:00Z,25,0.416667
3372868164,2016-04-03T18:00:00Z,23,0.383333
3372868164,2016-04-03T19:00:00Z,37,0.616667
3372868164,2016-04-03T20:00:00Z,18,0.3
3372868164,2016-04-03T21:00:00Z,12,0.2
3372868164,2016-04-03T22:00:00Z,3,0.05
3372868164,2016-04-03T23:00:00Z,0,0
3372868164,2016-04-04T00:00:00Z,2,0.033333
3372868164,2016-04-04T01:00:00Z,0,0
3372868164,2016-04-04T02:00:00Z,2,0.033333
3372868164,2016-04-04T03:00:00Z,0,0
3372868164,2016-04-04T04:00:00Z,1,0.016667
3372868164,2016-04-04T05:00:00Z,6,0.1
3372868164,2016-04-04T06:00:00Z,8,0.133333
3372868164,2016-04-04T07:00:00Z,4,0.066667
3372868164,2016-04-04T08:00:00Z,26,0.433333
3372868164,2016-04-04T09:00:00Z,20,0.333333
3372868164,2016-04-04T10:00:00Z,98,1.633333
3372868164,2016-04-04T11:00:00Z,23,0.383333
3372868164,2016-04-04T12:00:00Z,6,0.1
3372868164,2016-04-04T13:00:00Z,4,0.066667
3372868164,2016-04-04T14:00:00Z,20,0.333333
3372868164,2016-04-04T15:00:00Z,0,0
3372868164,2016-04-04T16:00:00Z,5,0.083333
3372868164,2016-04-04T17:00:00Z,18,0.3
3372868164,2016-04-04T18:00:00Z,26,0.433333
3372868164,2016-04-04T19:00:00Z,13,0.216667
3372868164,2016-04-04T20:00:00Z,17,0.283333
3372868164,2016-04-04T21:00:00Z,6,0.1
3372868164,2016-04-04T22:00:00Z,2,0.033333
3372868164,2016-04-04T23:00:00Z,0,0
3372868164,2016-04-05T00:00:00Z,0,0
3372868164,2016-04-05T01:00:00Z,1,0.016667
3372868164,2016-04-05T02:00:00Z,0,0
3372868164,2016-04-05T03:00:00Z,1,0.016667
3372868164,2016-04-05T04:00:00Z,0,0
3372868164,2016-04-05T05:00:00Z,0,0
3372868164,2016-04-05T06:00:00Z,4,0.066667
3372868164,2016-04-05T07:00:00Z,1,0.016667
3372868164,2016-04-05T08:00:00Z,8,0.133333
3372868164,2016-04-05T09:00:00Z,11,0.183333
3372868164,2016-04-05T10:00:00Z,23,0.383333
3372868164,2016-04-05T11:00:00Z,46,0.766667
3372868164,2016-04-05T12:00:00Z,18,0.3
3372868164,2016-04-05T13:00:00Z,1,0.016667
3372868164,2016-04-05T14:00:00Z,16,0.266667
3372868164,2016-04-05T15:00:00Z,22,0.366667
3372868164,2016-04-05T16:00:00Z,16,0.266667
3372868164,2016-04-05T17:00:00Z,22,0.366667
3372868164,2016-04-05T18:00:00Z,14,0.233333
3372868164,2016-04-05T19:00:00Z,19,0.316667
3372868164,2016-04-05T20:00:00Z,11,0.183333
3372868164,2016-04-05T21:00:00Z,10,0.166667
3372868164,2016-04-05T22:00:00Z,4,0.066667
3372868164,2016-04-05T23:00:00Z,0,0
3372868164,2016-04-06T00:00:00Z,2,0.033333
3372868164,2016-04-06T01:00:00Z,2,0.033333
3372868164,2016-04-06T02:00:00Z,0,0
3372868164,2016-04-06T03:00:00Z,1,0.016667
3372868164,2016-04-06T04:00:00Z,0,0
3372868164,2016-04-06T05:00:00Z,1,0.016667
3372868164,2016-04-06T06:00:00Z,0,0
3372868164,2016-04-06T07:00:00Z,0,0
3372868164,2016-04-06T08:00:00Z,10,0.166667
3372868164,2016-04-06T09:00:00Z,8,0.133333
3372868164,2016-04-06T10:00:00Z,19,0.316667
3372868164,2016-04-06T11:00:00Z,17,0.283333
3372868164,2016-04-06T12:00:00Z,37,0.616667
3372868164,2016-04-06T13:00:00Z,89,1.483333
3372868164,2016-04-06T14:00:00Z,20,0.333333
3372868164,2016-04-06T15:00:00Z,30,0.5
3372868164,2016-04-06T16:00:00Z,38,0.633333
3372868164,2016-04-06T17:00:00Z,21,0.35
3372868164,2016-04-06T18:00:00Z,20,0.333333
3372868164,2016-04-06T19:00:00Z,16,0.266667
3372868164,2016-04-06T20:00:00Z,38,0.633333
3372868164,2016-04-06T21:00:00Z,8,0.133333
3372868164,2016-04-06T22:00:00Z,5,0.083333
3372868164,2016-04-06T23:00:00Z,2,0.033333
3372868164,2016-04-07T00:00:00Z,1,0.016667
3372868164,2016-04-07T01:00:00Z,1,0.016667
3372868164,2016-04-07T02:00:00Z,0,0
3372868164,2016-04-07T03:00:00Z,0,0
3372868164,2016-04-07T04:00:00Z,0,0
3372868164,2016-04-07T05:00:00Z,10,0.166667
3372868164,2016-04-07T06:00:00Z,9,0.15
3372868164,2016-04-07T07:00:00Z,12,0.2
3372868164,2016-04-07T08:00:00Z,25,0.416667
3372868164,2016-04-07T09:00:00Z,51,0.85
3372868164,2016-04-07T10:00:00Z,71,1.183333
3372868164,2016-04-07T11:00:00Z,29,0.483333
3372868164,2016-04-07T12:00:00Z,26,0.433333
3372868164,2016-04-07T13:00:00Z,21,0.35
3372868164,2016-04-07T14:00:00Z,20,0.333333
3372868164,2016-04-07T15:00:00Z,26,0.433333
3372868164,2016-04-07T16:00:00Z,35,0.583333
3372868164,2016-04-07T17:00:00Z,3,0.05
3372868164,2016-04-07T18:00:00Z,17,0.283333
3372868164,2016-04-07T19:00:00Z,4,0.066667
3372868164,2016-04-07T20:00:00Z,24,0.4
3372868164,2016-04-07T21:00:00Z,3,0.05
3372868164,2016-04-07T22:00:00Z,4,0.066667
3372868164,2016-04-07T23:00:00Z,0,0
3372868164,2016-04-08T00:00:00Z,1,0.016667
3372868164,2016-04-08T01:00:00Z,0,0
3372868164,2016-04-08T02:00:00Z,0,0
3372868164,2016-04-08T03:00:00Z,0,0
3372868164,2016-04-08T04:00:00Z,0,0
3372868164,2016-04-08T05:00:00Z,0,0
3372868164,2016-04-08T06:00:00Z,5,0.083333
3372868164,2016-04-08T07:00:00Z,3,0.05
3372868164,2016-04-08T08:00:00Z,18,0.3
3372868164,2016-04-08T09:00:00Z,28,0.466667
3372868164,2016-04-08T10:00:00Z,24,0.4
3372868164,2016-04-08T11:00:00Z,33,0.55
3372868164,2016-04-08T12:00:00Z,39,0.65
3372868164,2016-04-08T13:00:00Z,34,0.566667
3372868164,2016-04-08T14:00:00Z,2,0.033333
3372868164,2016-04-08T15:00:00Z,17,0.283333
3372868164,2016-04-08T16:00:00Z,15,0.25
3372868164,2016-04-08T17:00:00Z,21,0.35
3372868164,2016-04-08T18:00:00Z,6,0.1
3372868164,2016-04-08T19:00:00Z,15,0.25
3372868164,2016-04-08T20:00:00Z,5,0.083333
3372868164,2016-04-08T21:00:00Z,13,0.216667
3372868164,2016-04-08T22:00:00Z,3,0.05
3372868164,2016-04-08T23:00:00Z,0,0
3372868164,2016-04-09T00:00:00Z,0,0
3372868164,2016-04-09T01:00:00Z,2,0.033333
3372868164,2016-04-09T02:00:00Z,0,0
3372868164,2016-04-09T03:00:00Z,0,0
3372868164,2016-04-09T04:00:00Z,0,0
3372868164,2016-04-09T05:00:00Z,0,0
3372868164,2016-04-09T06:00:00Z,0,0
3372868164,2016-04-09T07:00:00Z,17,0.283333
3372868164,2016-04-09T08:00:00Z,35,0.583333
3372868164,2016-04-09T09:00:00Z,23,0.383333
3372868164,2016-04-09T10:00:00Z,29,0.483333
3372868164,2016-04-09T11:00:00Z,50,0.833333
3372868164,2016-04-09T12:00:00Z,24,0.4
3372868164,2016-04-09T13:00:00Z,76,1.266667
3372868164,2016-04-09T14:00:00Z,21,0.35
3372868164,2016-04-09T15:00:00Z,21,0.35
3372868164,2016-04-09T16:00:00Z,27,0.45
3372868164,2016-04-09T17:00:00Z,37,0.616667
3372868164,2016-04-09T18:00:00Z,23,0.383333
3372868164,2016-04-09T19:00:00Z,31,0.516667
3372868164,2016-04-09T20:00:00Z,8,0.133333
3372868164,2016-04-09T21:00:00Z,0,0
3372868164,2016-04-09T22:00:00Z,4,0.066667
3372868164,2016-04-09T23:00:00Z,1,0.016667
3372868164,2016-04-10T00:00:00Z,1,0.016667
3372868164,2016-04-10T01:00:00Z,0,0
3372868164,2016-04-10T02:00:00Z,0,0
3372868164,2016-04-10T03:00:00Z,1,0.016667
3372868164,2016-04-10T04:00:00Z,1,0.016667
3372868164,2016-04-10T05:00:00Z,0,0
3372868164,2016-04-10T06:00:00Z,6,0.1
3372868164,2016-04-10T07:00:00Z,24,0.4
3372868164,2016-04-10T08:00:00Z,26,0.433333
3372868164,2016-04-10T09:00:00Z,6,0.1
3372868164,2016-04-10T10:00:00Z,7,0.116667
3372868164,2016-04-10T11:00:00Z,17,0.283333
3372868164,2016-04-10T12:00:00Z,17,0.283333
3372868164,2016-04-10T13:00:00Z,97,1.616667
3372868164,2016-04-10T14:00:00Z,21,0.35
3977333714,2016-03-12T00:00:00Z,0,0
3977333714,2016-03-12T01:00:00Z,0,0
3977333714,2016-03-12T02:00:00Z,0,0
3977333714,2016-03-12T03:00:00Z,0,0
3977333714,2016-03-12T04:00:00Z,0,0
3977333714,2016-03-12T05:00:00Z,0,0
3977333714,2016-03-12T06:00:00Z,0,0
3977333714,2016-03-12T07:00:00Z,0,0
3977333714,2016-03-12T08:00:00Z,0,0
3977333714,2016-03-12T09:00:00Z,0,0
3977333714,2016-03-12T10:00:00Z,0,0
3977333714,2016-03-12T11:00:00Z,0,0
3977333714,2016-03-12T12:00:00Z,0,0
3977333714,2016-03-12T13:00:00Z,0,0
3977333714,2016-03-12T14:00:00Z,0,0
3977333714,2016-03-12T15:00:00Z,5,0.083333
3977333714,2016-03-12T16:00:00Z,3,0.05
3977333714,2016-03-12T17:00:00Z,5,0.083333
3977333714,2016-03-12T18:00:00Z,70,1.166667
3977333714,2016-03-12T19:00:00Z,106,1.766667
3977333714,2016-03-12T20:00:00Z,29,0.483333
3977333714,2016-03-12T21:00:00Z,17,0.283333
3977333714,2016-03-12T22:00:00Z,2,0.033333
3977333714,2016-03-12T23:00:00Z,2,0.033333
3977333714,2016-03-13T00:00:00Z,10,0.166667
3977333714,2016-03-13T01:00:00Z,1,0.016667
3977333714,2016-03-13T02:00:00Z,1,0.016667
3977333714,2016-03-13T03:00:00Z,0,0
3977333714,2016-03-13T04:00:00Z,0,0
3977333714,2016-03-13T05:00:00Z,0,0
3977333714,2016-03-13T06:00:00Z,0,0
3977333714,2016-03-13T07:00:00Z,0,0
3977333714,2016-03-13T08:00:00Z,2,0.033333
3977333714,2016-03-13T09:00:00Z,17,0.283333
3977333714,2016-03-13T10:00:00Z,8,0.133333
3977333714,2016-03-13T11:00:00Z,11,0.183333
3977333714,2016-03-13T12:00:00Z,15,0.25
3977333714,2016-03-13T13:00:00Z,48,0.8
3977333714,2016-03-13T14:00:00Z,15,0.25
3977333714,2016-03-13T15:00:00Z,7,0.116667
3977333714,2016-03-13T16:00:00Z,14,0.233333
3977333714,2016-03-13T17:00:00Z,15,0.25
3977333714,2016-03-13T18:00:00Z,3,0.05
3977333714,2016-03-13T19:00:00Z,0,0
3977333714,2016-03-13T20:00:00Z,18,0.3
3977333714,2016-03-13T21:00:00Z,3,0.05
3977333714,2016-03-13T22:00:00Z,5,0.083333
3977333714,2016-03-13T23:00:00Z,5,0.083333
3977333714,2016-03-14T00:00:00Z,10,0.166667
3977333714,2016-03-14T01:00:00Z,0,0
3977333714,2016-03-14T02:00:00Z,0,0
3977333714,2016-03-14T03:00:00Z,0,0
3977333714,2016-03-14T04:00:00Z,1,0.016667
3977333714,2016-03-14T05:00:00Z,0,0
3977333714,2016-03-14T06:00:00Z,0,0
3977333714,2016-03-14T07:00:00Z,0,0
3977333714,2016-03-14T08:00:00Z,6,0.1
3977333714,2016-03-14T09:00:00Z,1,0.016667
3977333714,2016-03-14T10:00:00Z,3,0.05
3977333714,2016-03-14T11:00:00Z,2,0.033333
3977333714,2016-03-14T12:00:00Z,11,0.183333
3977333714,2016-03-14T13:00:00Z,11,0.183333
3977333714,2016-03-14T14:00:00Z,21,0.35
3977333714,2016-03-14T15:00:00Z,24,0.4
3977333714,2016-03-14T16:00:00Z,6,0.1
3977333714,2016-03-14T17:00:00Z,9,0.15
3977333714,2016-03-14T18:00:00Z,2,0.033333
3977333714,2016-03-14T19:00:00Z,6,0.1
3977333714,2016-03-14T20:00:00Z,2,0.033333
3977333714,2016-03-14T21:00:00Z,1,0.016667
3977333714,2016-03-14T22:00:00Z,6,0.1
3977333714,2016-03-14T23:00:00Z,4,0.066667
3977333714,2016-03-15T00:00:00Z,0,0
3977333714,2016-03-15T01:00:00Z,0,0
3977333714,2016-03-15T02:00:00Z,0,0
3977333714,2016-03-15T03:00:00Z,1,0.016667
3977333714,2016-03-15T04:00:00Z,1,0.016667
3977333714,2016-03-15T05:00:00Z,0,0
3977333714,2016-03-15T06:00:00Z,4,0.066667
3977333714,2016-03-15T07:00:00Z,0,0
3977333714,2016-03-15T08:00:00Z,0,0
3977333714,2016-03-15T09:00:00Z,28,0.466667
3977333714,2016-03-15T10:00:00Z,14,0.233333
3977333714,2016-03-15T11:00:00Z,4,0.066667
3977333714,2016-03-15T12:00:00Z,7,0.116667
3977333714,2016-03-15T13:00:00Z,23,0.383333
3977333714,2016-03-15T14:00:00Z,17,0.283333
3977333714,2016-03-15T15:00:00Z,19,0.316667
3977333714,2016-03-15T16:00:00Z,21,0.35
3977333714,2016-03-15T17:00:00Z,28,0.466667
3977333714,2016-03-15T18:00:00Z,36,0.6
3977333714,2016-03-15T19:00:00Z,45,0.75
3977333714,2016-03-15T20:00:00Z,111,1.85
3977333714,2016-03-15T21:00:00Z,83,1.383333
3977333714,2016-03-15T22:00:00Z,23,0.383333
3977333714,2016-03-15T23:00:00Z,5,0.083333
3977333714,2016-03-16T00:00:00Z,1,0.016667
3977333714,2016-03-16T01:00:00Z,0,0
3977333714,2016-03-16T02:00:00Z,0,0
3977333714,2016-03-16T03:00:00Z,0,0
3977333714,2016-03-16T04:00:00Z,0,0
3977333714,2016-03-16T05:00:00Z,29,0.483333
3977333714,2016-03-16T06:00:00Z,46,0.766667
3977333714,2016-03-16T07:00:00Z,39,0.65
3977333714,2016-03-16T08:00:00Z,109,1.816667
3977333714,2016-03-16T09:00:00Z,28,0.466667
3977333714,2016-03-16T10:00:00Z,2,0.033333
3977333714,2016-03-16T11:00:00Z,6,0.1
3977333714,2016-03-16T12:00:00Z,30,0.5
3977333714,2016-03-16T13:00:00Z,11,0.183333
3977333714,2016-03-16T14:00:00Z,5,0.083333
3977333714,2016-03-16T15:00:00Z,7,0.116667
3977333714,2016-03-16T16:00:00Z,5,0.083333
3977333714,2016-03-16T17:00:00Z,1,0.016667
3977333714,2016-03-16T18:00:00Z,4,0.066667
3977333714,2016-03-16T19:00:00Z,26,0.433333
3977333714,2016-03-16T20:00:00Z,112,1.866667
3977333714,2016-03-16T21:00:00Z,35,0.583333
3977333714,2016-03-16T22:00:00Z,24,0.4
3977333714,2016-03-16T23:00:00Z,2,0.033333
3977333714,2016-03-17T00:00:00Z,2,0.033333
3977333714,2016-03-17T01:00:00Z,0,0
3977333714,2016-03-17T02:00:00Z,0,0
3977333714,2016-03-17T03:00:00Z,0,0
3977333714,2016-03-17T04:00:00Z,0,0
3977333714,2016-03-17T05:00:00Z,0,0
3977333714,2016-03-17T06:00:00Z,0,0
3977333714,2016-03-17T07:00:00Z,0,0
3977333714,2016-03-17T08:00:00Z,12,0.2
3977333714,2016-03-17T09:00:00Z,36,0.6
3977333714,2016-03-17T10:00:00Z,13,0.216667
3977333714,2016-03-17T11:00:00Z,10,0.166667
3977333714,2016-03-17T12:00:00Z,7,0.116667
3977333714,2016-03-17T13:00:00Z,15,0.25
3977333714,2016-03-17T14:00:00Z,18,0.3
3977333714,2016-03-17T15:00:00Z,33,0.55
3977333714,2016-03-17T16:00:00Z,17,0.283333
3977333714,2016-03-17T17:00:00Z,17,0.283333
3977333714,2016-03-17T18:00:00Z,11,0.183333
3977333714,2016-03-17T19:00:00Z,0,0
3977333714,2016-03-17T20:00:00Z,37,0.616667
3977333714,2016-03-17T21:00:00Z,112,1.866667
3977333714,2016-03-17T22:00:00Z,46,0.766667
3977333714,2016-03-17T23:00:00Z,0,0
3977333714,2016-03-18T00:00:00Z,0,0
3977333714,2016-03-18T01:00:00Z,0,0
3977333714,2016-03-18T02:00:00Z,0,0
3977333714,2016-03-18T03:00:00Z,0,0
3977333714,2016-03-18T04:00:00Z,0,0
3977333714,2016-03-18T05:00:00Z,0,0
3977333714,2016-03-18T06:00:00Z,0,0
3977333714,2016-03-18T07:00:00Z,5,0.083333
3977333714,2016-03-18T08:00:00Z,2,0.033333
3977333714,2016-03-18T09:00:00Z,18,0.3
3977333714,2016-03-18T10:00:00Z,25,0.416667
3977333714,2016-03-18T11:00:00Z,16,0.266667
3977333714,2016-03-18T12:00:00Z,15,0.25
3977333714,2016-03-18T13:00:00Z,9,0.15
3977333714,2016-03-18T14:00:00Z,6,0.1
3977333714,2016-03-18T15:00:00Z,27,0.45
3977333714,2016-03-18T16:00:00Z,16,0.266667
3977333714,2016-03-18T17:00:00Z,9,0.15
3977333714,2016-03-18T18:00:00Z,55,0.916667
3977333714,2016-03-18T19:00:00Z,110,1.833333
3977333714,2016-03-18T20:00:00Z,10,0.166667
3977333714,2016-03-18T21:00:00Z,24,0.4
3977333714,2016-03-18T22:00:00Z,18,0.3
3977333714,2016-03-18T23:00:00Z,0,0
3977333714,2016-03-19T00:00:00Z,0,0
3977333714,2016-03-19T01:00:00Z,0,0
3977333714,2016-03-19T02:00:00Z,0,0
3977333714,2016-03-19T03:00:00Z,0,0
3977333714,2016-03-19T04:00:00Z,0,0
3977333714,2016-03-19T05:00:00Z,0,0
3977333714,2016-03-19T06:00:00Z,0,0
3977333714,2016-03-19T07:00:00Z,0,0
3977333714,2016-03-19T08:00:00Z,6,0.1
3977333714,2016-03-19T09:00:00Z,6,0.1
3977333714,2016-03-19T10:00:00Z,18,0.3
3977333714,2016-03-19T11:00:00Z,16,0.266667
3977333714,2016-03-19T12:00:00Z,19,0.316667
3977333714,2016-03-19T13:00:00Z,3,0.05
3977333714,2016-03-19T14:00:00Z,10,0.166667
3977333714,2016-03-19T15:00:00Z,7,0.116667
3977333714,2016-03-19T16:00:00Z,6,0.1
3977333714,2016-03-19T17:00:00Z,0,0
3977333714,2016-03-19T18:00:00Z,0,0
3977333714,2016-03-19T19:00:00Z,0,0
3977333714,2016-03-19T20:00:00Z,0,0
3977333714,2016-03-19T21:00:00Z,0,0
3977333714,2016-03-19T22:00:00Z,0,0
3977333714,2016-03-19T23:00:00Z,0,0
3977333714,2016-03-20T00:00:00Z,0,0
3977333714,2016-03-20T01:00:00Z,0,0
3977333714,2016-03-20T02:00:00Z,0,0
3977333714,2016-03-20T03:00:00Z,0,0
3977333714,2016-03-20T04:00:00Z,0,0
3977333714,2016-03-20T05:00:00Z,0,0
3977333714,2016-03-20T06:00:00Z,0,0
3977333714,2016-03-20T07:00:00Z,0,0
3977333714,2016-03-20T08:00:00Z,0,0
3977333714,2016-03-20T09:00:00Z,0,0
3977333714,2016-03-20T10:00:00Z,0,0
3977333714,2016-03-20T11:00:00Z,0,0
3977333714,2016-03-20T12:00:00Z,0,0
3977333714,2016-03-20T13:00:00Z,0,0
3977333714,2016-03-20T14:00:00Z,0,0
3977333714,2016-03-20T15:00:00Z,0,0
3977333714,2016-03-20T16:00:00Z,0,0
3977333714,2016-03-20T17:00:00Z,0,0
3977333714,2016-03-20T18:00:00Z,0,0
3977333714,2016-03-20T19:00:00Z,0,0
3977333714,2016-03-20T20:00:00Z,0,0
3977333714,2016-03-20T21:00:00Z,0,0
3977333714,2016-03-20T22:00:00Z,0,0
3977333714,2016-03-20T23:00:00Z,0,0
3977333714,2016-03-21T00:00:00Z,0,0
3977333714,2016-03-21T01:00:00Z,0,0
3977333714,2016-03-21T02:00:00Z,0,0
3977333714,2016-03-21T03:00:00Z,0,0
3977333714,2016-03-21T04:00:00Z,0,0
3977333714,2016-03-21T05:00:00Z,0,0
3977333714,2016-03-21T06:00:00Z,0,0
3977333714,2016-03-21T07:00:00Z,0,0
3977333714,2016-03-21T08:00:00Z,0,0
3977333714,2016-03-21T09:00:00Z,0,0
3977333714,2016-03-21T10:00:00Z,0,0
3977333714,2016-03-21T11:00:00Z,0,0
3977333714,2016-03-21T12:00:00Z,0,0
3977333714,2016-03-21T13:00:00Z,0,0
3977333714,2016-03-21T14:00:00Z,0,0
3977333714,2016-03-21T15:00:00Z,0,0
3977333714,2016-03-21T16:00:00Z,0,0
3977333714,2016-03-21T17:00:00Z,0,0
3977333714,2016-03-21T18:00:00Z,0,0
3977333714,2016-03-21T19:00:00Z,0,0
3977333714,2016-03-21T20:00:00Z,0,0
3977333714,2016-03-21T21:00:00Z,0,0
3977333714,2016-03-21T22:00:00Z,0,0
3977333714,2016-03-21T23:00:00Z,0,0
3977333714,2016-03-22T00:00:00Z,0,0
3977333714,2016-03-22T01:00:00Z,0,0
3977333714,2016-03-22T02:00:00Z,0,0
3977333714,2016-03-22T03:00:00Z,0,0
3977333714,2016-03-22T04:00:00Z,0,0
3977333714,2016-03-22T05:00:00Z,0,0
3977333714,2016-03-22T06:00:00Z,0,0
3977333714,2016-03-22T07:00:00Z,0,0
3977333714,2016-03-22T08:00:00Z,0,0
3977333714,2016-03-22T09:00:00Z,0,0
3977333714,2016-03-22T10:00:00Z,0,0
3977333714,2016-03-22T11:00:00Z,0,0
3977333714,2016-03-22T12:00:00Z,0,0
3977333714,2016-03-22T13:00:00Z,0,0
3977333714,2016-03-22T14:00:00Z,0,0
3977333714,2016-03-22T15:00:00Z,0,0
3977333714,2016-03-22T16:00:00Z,0,0
3977333714,2016-03-22T17:00:00Z,0,0
3977333714,2016-03-22T18:00:00Z,0,0
3977333714,2016-03-22T19:00:00Z,0,0
3977333714,2016-03-22T20:00:00Z,0,0
3977333714,2016-03-22T21:00:00Z,0,0
3977333714,2016-03-22T22:00:00Z,0,0
3977333714,2016-03-22T23:00:00Z,0,0
3977333714,2016-03-23T00:00:00Z,0,0
3977333714,2016-03-23T01:00:00Z,0,0
3977333714,2016-03-23T02:00:00Z,0,0
3977333714,2016-03-23T03:00:00Z,0,0
3977333714,2016-03-23T04:00:00Z,0,0
3977333714,2016-03-23T05:00:00Z,0,0
3977333714,2016-03-23T06:00:00Z,0,0
3977333714,2016-03-23T07:00:00Z,0,0
3977333714,2016-03-23T08:00:00Z,0,0
3977333714,2016-03-23T09:00:00Z,0,0
3977333714,2016-03-23T10:00:00Z,0,0
3977333714,2016-03-23T11:00:00Z,0,0
3977333714,2016-03-23T12:00:00Z,0,0
3977333714,2016-03-23T13:00:00Z,0,0
3977333714,2016-03-23T14:00:00Z,0,0
3977333714,2016-03-23T15:00:00Z,0,0
3977333714,2016-03-23T16:00:00Z,0,0
3977333714,2016-03-23T17:00:00Z,0,0
3977333714,2016-03-23T18:00:00Z,0,0
3977333714,2016-03-23T19:00:00Z,0,0
3977333714,2016-03-23T20:00:00Z,0,0
3977333714,2016-03-23T21:00:00Z,0,0
3977333714,2016-03-23T22:00:00Z,0,0
3977333714,2016-03-23T23:00:00Z,0,0
3977333714,2016-03-24T00:00:00Z,0,0
3977333714,2016-03-24T01:00:00Z,0,0
3977333714,2016-03-24T02:00:00Z,0,0
3977333714,2016-03-24T03:00:00Z,0,0
3977333714,2016-03-24T04:00:00Z,0,0
3977333714,2016-03-24T05:00:00Z,0,0
3977333714,2016-03-24T06:00:00Z,0,0
3977333714,2016-03-24T07:00:00Z,0,0
3977333714,2016-03-24T08:00:00Z,0,0
3977333714,2016-03-24T09:00:00Z,0,0
3977333714,2016-03-24T10:00:00Z,0,0
3977333714,2016-03-24T11:00:00Z,0,0
3977333714,2016-03-24T12:00:00Z,0,0
3977333714,2016-03-24T13:00:00Z,0,0
3977333714,2016-03-24T14:00:00Z,0,0
3977333714,2016-03-24T15:00:00Z,0,0
3977333714,2016-03-24T16:00:00Z,0,0
3977333714,2016-03-24T17:00:00Z,0,0
3977333714,2016-03-24T18:00:00Z,0,0
3977333714,2016-03-24T19:00:00Z,0,0
3977333714,2016-03-24T20:00:00Z,0,0
3977333714,2016-03-24T21:00:00Z,0,0
3977333714,2016-03-24T22:00:00Z,0,0
3977333714,2016-03-24T23:00:00Z,0,0
3977333714,2016-03-25T00:00:00Z,0,0
3977333714,2016-03-25T01:00:00Z,0,0
3977333714,2016-03-25T02:00:00Z,0,0
3977333714,2016-03-25T03:00:00Z,0,0
3977333714,2016-03-25T04:00:00Z,0,0
3977333714,2016-03-25T05:00:00Z,0,0
3977333714,2016-03-25T06:00:00Z,0,0
3977333714,2016-03-25T07:00:00Z,0,0
3977333714,2016-03-25T08:00:00Z,0,0
3977333714,2016-03-25T09:00:00Z,0,0
3977333714,2016-03-25T10:00:00Z,0,0
3977333714,2016-03-25T11:00:00Z,0,0
3977333714,2016-03-25T12:00:00Z,0,0
3977333714,2016-03-25T13:00:00Z,0,0
3977333714,2016-03-25T14:00:00Z,0,0
3977333714,2016-03-25T15:00:00Z,0,0
3977333714,2016-03-25T16:00:00Z,0,0
3977333714,2016-03-25T17:00:00Z,0,0
3977333714,2016-03-25T18:00:00Z,0,0
3977333714,2016-03-25T19:00:00Z,0,0
3977333714,2016-03-25T20:00:00Z,0,0
3977333714,2016-03-25T21:00:00Z,0,0
3977333714,2016-03-25T22:00:00Z,0,0
3977333714,2016-03-25T23:00:00Z,0,0
3977333714,2016-03-26T00:00:00Z,0,0
3977333714,2016-03-26T01:00:00Z,0,0
3977333714,2016-03-26T02:00:00Z,0,0
3977333714,2016-03-26T03:00:00Z,0,0
3977333714,2016-03-26T04:00:00Z,0,0
3977333714,2016-03-26T05:00:00Z,0,0
3977333714,2016-03-26T06:00:00Z,0,0
3977333714,2016-03-26T07:00:00Z,0,0
3977333714,2016-03-26T08:00:00Z,0,0
3977333714,2016-03-26T09:00:00Z,0,0
3977333714,2016-03-26T10:00:00Z,0,0
3977333714,2016-03-26T11:00:00Z,0,0
3977333714,2016-03-26T12:00:00Z,0,0
3977333714,2016-03-26T13:00:00Z,0,0
3977333714,2016-03-26T14:00:00Z,0,0
3977333714,2016-03-26T15:00:00Z,0,0
3977333714,2016-03-26T16:00:00Z,0,0
3977333714,2016-03-26T17:00:00Z,0,0
3977333714,2016-03-26T18:00:00Z,0,0
3977333714,2016-03-26T19:00:00Z,0,0
3977333714,2016-03-26T20:00:00Z,0,0
3977333714,2016-03-26T21:00:00Z,0,0
3977333714,2016-03-26T22:00:00Z,0,0
3977333714,2016-03-26T23:00:00Z,0,0
3977333714,2016-03-27T00:00:00Z,0,0
3977333714,2016-03-27T01:00:00Z,0,0
3977333714,2016-03-27T02:00:00Z,0,0
3977333714,2016-03-27T03:00:00Z,0,0
3977333714,2016-03-27T04:00:00Z,0,0
3977333714,2016-03-27T05:00:00Z,0,0
3977333714,2016-03-27T06:00:00Z,0,0
3977333714,2016-03-27T07:00:00Z,0,0
3977333714,2016-03-27T08:00:00Z,0,0
3977333714,2016-03-27T09:00:00Z,0,0
3977333714,2016-03-27T10:00:00Z,0,0
3977333714,2016-03-27T11:00:00Z,0,0
3977333714,2016-03-27T12:00:00Z,0,0
3977333714,2016-03-27T13:00:00Z,0,0
3977333714,2016-03-27T14:00:00Z,0,0
3977333714,2016-03-27T15:00:00Z,0,0
3977333714,2016-03-27T16:00:00Z,0,0
3977333714,2016-03-27T17:00:00Z,0,0
3977333714,2016-03-27T18:00:00Z,0,0
3977333714,2016-03-27T19:00:00Z,0,0
3977333714,2016-03-27T20:00:00Z,0,0
3977333714,2016-03-27T21:00:00Z,0,0
3977333714,2016-03-27T22:00:00Z,0,0
3977333714,2016-03-27T23:00:00Z,0,0
3977333714,2016-03-28T00:00:00Z,0,0
3977333714,2016-03-28T01:00:00Z,0,0
3977333714,2016-03-28T02:00:00Z,0,0
3977333714,2016-03-28T03:00:00Z,0,0
3977333714,2016-03-28T04:00:00Z,0,0
3977333714,2016-03-28T05:00:00Z,0,0
3977333714,2016-03-28T06:00:00Z,0,0
3977333714,2016-03-28T07:00:00Z,0,0
3977333714,2016-03-28T08:00:00Z,0,0
3977333714,2016-03-28T09:00:00Z,0,0
3977333714,2016-03-28T10:00:00Z,0,0
3977333714,2016-03-28T11:00:00Z,0,0
3977333714,2016-03-28T12:00:00Z,0,0
3977333714,2016-03-28T13:00:00Z,0,0
3977333714,2016-03-28T14:00:00Z,0,0
3977333714,2016-03-28T15:00:00Z,0,0
3977333714,2016-03-28T16:00:00Z,0,0
3977333714,2016-03-28T17:00:00Z,0,0
3977333714,2016-03-28T18:00:00Z,0,0
3977333714,2016-03-28T19:00:00Z,0,0
3977333714,2016-03-28T20:00:00Z,0,0
3977333714,2016-03-28T21:00:00Z,0,0
3977333714,2016-03-28T22:00:00Z,0,0
3977333714,2016-03-28T23:00:00Z,0,0
3977333714,2016-03-29T00:00:00Z,0,0
3977333714,2016-03-29T01:00:00Z,0,0
3977333714,2016-03-29T02:00:00Z,0,0
3977333714,2016-03-29T03:00:00Z,0,0
3977333714,2016-03-29T04:00:00Z,0,0
3977333714,2016-03-29T05:00:00Z,0,0
3977333714,2016-03-29T06:00:00Z,0,0
3977333714,2016-03-29T07:00:00Z,0,0
3977333714,2016-03-29T08:00:00Z,0,0
3977333714,2016-03-29T09:00:00Z,0,0
3977333714,2016-03-29T10:00:00Z,0,0
3977333714,2016-03-29T11:00:00Z,0,0
3977333714,2016-03-29T12:00:00Z,0,0
3977333714,2016-03-29T13:00:00Z,0,0
3977333714,2016-03-29T14:00:00Z,0,0
3977333714,2016-03-29T15:00:00Z,0,0
3977333714,2016-03-29T16:00:00Z,0,0
3977333714,2016-03-29T17:00:00Z,0,0
3977333714,2016-03-29T18:00:00Z,0,0
3977333714,2016-03-29T19:00:00Z,0,0
3977333714,2016-03-29T20:00:00Z,0,0
3977333714,2016-03-29T21:00:00Z,0,0
3977333714,2016-03-29T22:00:00Z,0,0
3977333714,2016-03-29T23:00:00Z,0,0
3977333714,2016-03-30T00:00:00Z,0,0
3977333714,2016-03-30T01:00:00Z,0,0
3977333714,2016-03-30T02:00:00Z,0,0
3977333714,2016-03-30T03:00:00Z,0,0
3977333714,2016-03-30T04:00:00Z,0,0
3977333714,2016-03-30T05:00:00Z,0,0
3977333714,2016-03-30T06:00:00Z,0,0
3977333714,2016-03-30T07:00:00Z,0,0
3977333714,2016-03-30T08:00:00Z,0,0
3977333714,2016-03-30T09:00:00Z,0,0
3977333714,2016-03-30T10:00:00Z,0,0
3977333714,2016-03-30T11:00:00Z,0,0
3977333714,2016-03-30T12:00:00Z,0,0
3977333714,2016-03-30T13:00:00Z,0,0
3977333714,2016-03-30T14:00:00Z,0,0
3977333714,2016-03-30T15:00:00Z,0,0
3977333714,2016-03-30T16:00:00Z,0,0
3977333714,2016-03-30T17:00:00Z,0,0
3977333714,2016-03-30T18:00:00Z,0,0
3977333714,2016-03-30T19:00:00Z,0,0
3977333714,2016-03-30T20:00:00Z,0,0
3977333714,2016-03-30T21:00:00Z,0,0
3977333714,2016-03-30T22:00:00Z,0,0
3977333714,2016-03-30T23:00:00Z,0,0
3977333714,2016-03-31T00:00:00Z,0,0
3977333714,2016-03-31T01:00:00Z,0,0
3977333714,2016-03-31T02:00:00Z,0,0
3977333714,2016-03-31T03:00:00Z,0,0
3977333714,2016-03-31T04:00:00Z,0,0
3977333714,2016-03-31T05:00:00Z,0,0
3977333714,2016-03-31T06:00:00Z,0,0
3977333714,2016-03-31T07:00:00Z,0,0
3977333714,2016-03-31T08:00:00Z,0,0
3977333714,2016-03-31T09:00:00Z,0,0
3977333714,2016-03-31T10:00:00Z,0,0
3977333714,2016-03-31T11:00:00Z,0,0
3977333714,2016-03-31T12:00:00Z,0,0
3977333714,2016-03-31T13:00:00Z,0,0
3977333714,2016-03-31T14:00:00Z,0,0
3977333714,2016-03-31T15:00:00Z,0,0
3977333714,2016-03-31T16:00:00Z,0,0
3977333714,2016-03-31T17:00:00Z,0,0
3977333714,2016-03-31T18:00:00Z,0,0
3977333714,2016-03-31T19:00:00Z,16,0.266667
3977333714,2016-03-31T20:00:00Z,1,0.016667
3977333714,2016-03-31T21:00:00Z,19,0.316667
3977333714,2016-03-31T22:00:00Z,3,0.05
3977333714,2016-03-31T23:00:00Z,2,0.033333
3977333714,2016-04-01T00:00:00Z,4,0.066667
3977333714,2016-04-01T01:00:00Z,3,0.05
3977333714,2016-04-01T02:00:00Z,5,0.083333
3977333714,2016-04-01T03:00:00Z,0,0
3977333714,2016-04-01T04:00:00Z,0,0
3977333714,2016-04-01T05:00:00Z,0,0
3977333714,2016-04-01T06:00:00Z,0,0
3977333714,2016-04-01T07:00:00Z,0,0
3977333714,2016-04-01T08:00:00Z,0,0
3977333714,2016-04-01T09:00:00Z,8,0.133333
3977333714,2016-04-01T10:00:00Z,9,0.15
3977333714,2016-04-01T11:00:00Z,3,0.05
3977333714,2016-04-01T12:00:00Z,19,0.316667
3977333714,2016-04-01T13:00:00Z,25,0.416667
3977333714,2016-04-01T14:00:00Z,21,0.35
3977333714,2016-04-01T15:00:00Z,6,0.1
3977333714,2016-04-01T16:00:00Z,15,0.25
3977333714,2016-04-01T17:00:00Z,10,0.166667
3977333714,2016-04-01T18:00:00Z,7,0.116667
3977333714,2016-04-01T19:00:00Z,2,0.033333
3977333714,2016-04-01T20:00:00Z,2,0.033333
3977333714,2016-04-01T21:00:00Z,9,0.15
3977333714,2016-04-01T22:00:00Z,4,0.066667
3977333714,2016-04-01T23:00:00Z,16,0.266667
3977333714,2016-04-02T00:00:00Z,6,0.1
3977333714,2016-04-02T01:00:00Z,1,0.016667
3977333714,2016-04-02T02:00:00Z,8,0.133333
3977333714,2016-04-02T03:00:00Z,0,0
3977333714,2016-04-02T04:00:00Z,0,0
3977333714,2016-04-02T05:00:00Z,0,0
3977333714,2016-04-02T06:00:00Z,0,0
3977333714,2016-04-02T07:00:00Z,6,0.1
3977333714,2016-04-02T08:00:00Z,17,0.283333
3977333714,2016-04-02T09:00:00Z,5,0.083333
3977333714,2016-04-02T10:00:00Z,6,0.1
3977333714,2016-04-02T11:00:00Z,14,0.233333
3977333714,2016-04-02T12:00:00Z,17,0.283333
3977333714,2016-04-02T13:00:00Z,23,0.383333
3977333714,2016-04-02T14:00:00Z,12,0.2
3977333714,2016-04-02T15:00:00Z,33,0.55
3977333714,2016-04-02T16:00:00Z,46,0.766667
3977333714,2016-04-02T17:00:00Z,29,0.483333
3977333714,2016-04-02T18:00:00Z,13,0.216667
3977333714,2016-04-02T19:00:00Z,26,0.433333
3977333714,2016-04-02T20:00:00Z,32,0.533333
3977333714,2016-04-02T21:00:00Z,9,0.15
3977333714,2016-04-02T22:00:00Z,11,0.183333
3977333714,2016-04-02T23:00:00Z,0,0
3977333714,2016-04-03T00:00:00Z,1,0.016667
3977333714,2016-04-03T01:00:00Z,0,0
3977333714,2016-04-03T02:00:00Z,0,0
3977333714,2016-04-03T03:00:00Z,0,0
3977333714,2016-04-03T04:00:00Z,0,0
3977333714,2016-04-03T05:00:00Z,0,0
3977333714,2016-04-03T06:00:00Z,6,0.1
3977333714,2016-04-03T07:00:00Z,5,0.083333
3977333714,2016-04-03T08:00:00Z,20,0.333333
3977333714,2016-04-03T09:00:00Z,13,0.216667
3977333714,2016-04-03T10:00:00Z,30,0.5
3977333714,2016-04-03T11:00:00Z,14,0.233333
3977333714,2016-04-03T12:00:00Z,13,0.216667
3977333714,2016-04-03T13:00:00Z,31,0.516667
3977333714,2016-04-03T14:00:00Z,14,0.233333
3977333714,2016-04-03T15:00:00Z,23,0.383333
3977333714,2016-04-03T16:00:00Z,22,0.366667
3977333714,2016-04-03T17:00:00Z,17,0.283333
3977333714,2016-04-03T18:00:00Z,34,0.566667
3977333714,2016-04-03T19:00:00Z,17,0.283333
3977333714,2016-04-03T20:00:00Z,118,1.966667
3977333714,2016-04-03T21:00:00Z,21,0.35
3977333714,2016-04-03T22:00:00Z,13,0.216667
3977333714,2016-04-03T23:00:00Z,1,0.016667
3977333714,2016-04-04T00:00:00Z,8,0.133333
3977333714,2016-04-04T01:00:00Z,1,0.016667
3977333714,2016-04-04T02:00:00Z,0,0
3977333714,2016-04-04T03:00:00Z,0,0
3977333714,2016-04-04T04:00:00Z,1,0.016667
3977333714,2016-04-04T05:00:00Z,0,0
3977333714,2016-04-04T06:00:00Z,0,0
3977333714,2016-04-04T07:00:00Z,0,0
3977333714,2016-04-04T08:00:00Z,37,0.616667
3977333714,2016-04-04T09:00:00Z,38,0.633333
3977333714,2016-04-04T10:00:00Z,12,0.2
3977333714,2016-04-04T11:00:00Z,19,0.316667
3977333714,2016-04-04T12:00:00Z,37,0.616667
3977333714,2016-04-04T13:00:00Z,9,0.15
3977333714,2016-04-04T14:00:00Z,8,0.133333
3977333714,2016-04-04T15:00:00Z,4,0.066667
3977333714,2016-04-04T16:00:00Z,45,0.75
3977333714,2016-04-04T17:00:00Z,67,1.116667
3977333714,2016-04-04T18:00:00Z,15,0.25
3977333714,2016-04-04T19:00:00Z,19,0.316667
3977333714,2016-04-04T20:00:00Z,47,0.783333
3977333714,2016-04-04T21:00:00Z,45,0.75
3977333714,2016-04-04T22:00:00Z,15,0.25
3977333714,2016-04-04T23:00:00Z,4,0.066667
3977333714,2016-04-05T00:00:00Z,0,0
3977333714,2016-04-05T01:00:00Z,0,0
3977333714,2016-04-05T02:00:00Z,0,0
3977333714,2016-04-05T03:00:00Z,0,0
3977333714,2016-04-05T04:00:00Z,0,0
3977333714,2016-04-05T05:00:00Z,0,0
3977333714,2016-04-05T06:00:00Z,0,0
3977333714,2016-04-05T07:00:00Z,0,0
3977333714,2016-04-05T08:00:00Z,14,0.233333
3977333714,2016-04-05T09:00:00Z,24,0.4
3977333714,2016-04-05T10:00:00Z,37,0.616667
3977333714,2016-04-05T11:00:00Z,11,0.183333
3977333714,2016-04-05T12:00:00Z,31,0.516667
3977333714,2016-04-05T13:00:00Z,38,0.633333
3977333714,2016-04-05T14:00:00Z,27,0.45
3977333714,2016-04-05T15:00:00Z,22,0.366667
3977333714,2016-04-05T16:00:00Z,7,0.116667
3977333714,2016-04-05T17:00:00Z,79,1.316667
3977333714,2016-04-05T18:00:00Z,40,0.666667
3977333714,2016-04-05T19:00:00Z,4,0.066667
3977333714,2016-04-05T20:00:00Z,18,0.3
3977333714,2016-04-05T21:00:00Z,40,0.666667
3977333714,2016-04-05T22:00:00Z,39,0.65
3977333714,2016-04-05T23:00:00Z,2,0.033333
3977333714,2016-04-06T00:00:00Z,0,0
3977333714,2016-04-06T01:00:00Z,0,0
3977333714,2016-04-06T02:00:00Z,0,0
3977333714,2016-04-06T03:00:00Z,0,0
3977333714,2016-04-06T04:00:00Z,0,0
3977333714,2016-04-06T05:00:00Z,0,0
3977333714,2016-04-06T06:00:00Z,0,0
3977333714,2016-04-06T07:00:00Z,22,0.366667
3977333714,2016-04-06T08:00:00Z,40,0.666667
3977333714,2016-04-06T09:00:00Z,42,0.7
3977333714,2016-04-06T10:00:00Z,41,0.683333
3977333714,2016-04-06T11:00:00Z,25,0.416667
3977333714,2016-04-06T12:00:00Z,37,0.616667
3977333714,2016-04-06T13:00:00Z,73,1.216667
3977333714,2016-04-06T14:00:00Z,13,0.216667
3977333714,2016-04-06T15:00:00Z,8,0.133333
3977333714,2016-04-06T16:00:00Z,31,0.516667
3977333714,2016-04-06T17:00:00Z,7,0.116667
3977333714,2016-04-06T18:00:00Z,0,0
3977333714,2016-04-06T19:00:00Z,42,0.7
3977333714,2016-04-06T20:00:00Z,3,0.05
3977333714,2016-04-06T21:00:00Z,13,0.216667
3977333714,2016-04-06T22:00:00Z,36,0.6
3977333714,2016-04-06T23:00:00Z,60,1
3977333714,2016-04-07T00:00:00Z,13,0.216667
3977333714,2016-04-07T01:00:00Z,0,0
3977333714,2016-04-07T02:00:00Z,0,0
3977333714,2016-04-07T03:00:00Z,0,0
3977333714,2016-04-07T04:00:00Z,1,0.016667
3977333714,2016-04-07T05:00:00Z,0,0
3977333714,2016-04-07T06:00:00Z,1,0.016667
3977333714,2016-04-07T07:00:00Z,6,0.1
3977333714,2016-04-07T08:00:00Z,1,0.016667
3977333714,2016-04-07T09:00:00Z,4,0.066667
3977333714,2016-04-07T10:00:00Z,6,0.1
3977333714,2016-04-07T11:00:00Z,0,0
3977333714,2016-04-07T12:00:00Z,4,0.066667
3977333714,2016-04-07T13:00:00Z,18,0.3
3977333714,2016-04-07T14:00:00Z,19,0.316667
3977333714,2016-04-07T15:00:00Z,4,0.066667
3977333714,2016-04-07T16:00:00Z,8,0.133333
3977333714,2016-04-07T17:00:00Z,2,0.033333
3977333714,2016-04-07T18:00:00Z,3,0.05
3977333714,2016-04-07T19:00:00Z,75,1.25
3977333714,2016-04-07T20:00:00Z,106,1.766667
3977333714,2016-04-07T21:00:00Z,29,0.483333
3977333714,2016-04-07T22:00:00Z,0,0
3977333714,2016-04-07T23:00:00Z,1,0.016667
3977333714,2016-04-08T00:00:00Z,5,0.083333
3977333714,2016-04-08T01:00:00Z,0,0
3977333714,2016-04-08T02:00:00Z,0,0
3977333714,2016-04-08T03:00:00Z,0,0
3977333714,2016-04-08T04:00:00Z,0,0
3977333714,2016-04-08T05:00:00Z,0,0
3977333714,2016-04-08T06:00:00Z,0,0
3977333714,2016-04-08T07:00:00Z,1,0.016667
3977333714,2016-04-08T08:00:00Z,3,0.05
3977333714,2016-04-08T09:00:00Z,6,0.1
3977333714,2016-04-08T10:00:00Z,10,0.166667
3977333714,2016-04-08T11:00:00Z,9,0.15
3977333714,2016-04-08T12:00:00Z,13,0.216667
3977333714,2016-04-08T13:00:00Z,102,1.7
3977333714,2016-04-08T14:00:00Z,108,1.8
3977333714,2016-04-08T15:00:00Z,15,0.25
3977333714,2016-04-08T16:00:00Z,32,0.533333
3977333714,2016-04-08T17:00:00Z,10,0.166667
3977333714,2016-04-08T18:00:00Z,3,0.05
3977333714,2016-04-08T19:00:00Z,16,0.266667
3977333714,2016-04-08T20:00:00Z,20,0.333333
3977333714,2016-04-08T21:00:00Z,22,0.366667
3977333714,2016-04-08T22:00:00Z,0,0
3977333714,2016-04-08T23:00:00Z,1,0.016667
3977333714,2016-04-09T00:00:00Z,0,0
3977333714,2016-04-09T01:00:00Z,6,0.1
3977333714,2016-04-09T02:00:00Z,0,0
3977333714,2016-04-09T03:00:00Z,0,0
3977333714,2016-04-09T04:00:00Z,0,0
3977333714,2016-04-09T05:00:00Z,0,0
3977333714,2016-04-09T06:00:00Z,1,0.016667
3977333714,2016-04-09T07:00:00Z,3,0.05
3977333714,2016-04-09T08:00:00Z,26,0.433333
3977333714,2016-04-09T09:00:00Z,44,0.733333
3977333714,2016-04-09T10:00:00Z,46,0.766667
3977333714,2016-04-09T11:00:00Z,18,0.3
3977333714,2016-04-09T12:00:00Z,19,0.316667
3977333714,2016-04-09T13:00:00Z,1,0.016667
3977333714,2016-04-09T14:00:00Z,2,0.033333
3977333714,2016-04-09T15:00:00Z,3,0.05
3977333714,2016-04-09T16:00:00Z,18,0.3
3977333714,2016-04-09T17:00:00Z,13,0.216667
3977333714,2016-04-09T18:00:00Z,2,0.033333
3977333714,2016-04-09T19:00:00Z,63,1.05
3977333714,2016-04-09T20:00:00Z,132,2.2
3977333714,2016-04-09T21:00:00Z,23,0.383333
3977333714,2016-04-09T22:00:00Z,9,0.15
3977333714,2016-04-09T23:00:00Z,2,0.033333
3977333714,2016-04-10T00:00:00Z,5,0.083333
3977333714,2016-04-10T01:00:00Z,1,0.016667
3977333714,2016-04-10T02:00:00Z,2,0.033333
3977333714,2016-04-10T03:00:00Z,0,0
3977333714,2016-04-10T04:00:00Z,0,0
3977333714,2016-04-10T05:00:00Z,0,0
3977333714,2016-04-10T06:00:00Z,1,0.016667
3977333714,2016-04-10T07:00:00Z,0,0
3977333714,2016-04-10T08:00:00Z,1,0.016667
3977333714,2016-04-10T09:00:00Z,3,0.05
3977333714,2016-04-10T10:00:00Z,1,0.016667
3977333714,2016-04-10T11:00:00Z,4,0.066667
3977333714,2016-04-10T12:00:00Z,3,0.05
3977333714,2016-04-10T13:00:00Z,1,0.016667
3977333714,2016-04-10T14:00:00Z,4,0.066667
3977333714,2016-04-10T15:00:00Z,5,0.083333
3977333714,2016-04-10T16:00:00Z,4,0.066667
3977333714,2016-04-10T17:00:00Z,14,0.233333
3977333714,2016-04-10T18:00:00Z,17,0.283333
3977333714,2016-04-10T19:00:00Z,9,0.15
3977333714,2016-04-10T20:00:00Z,3,0.05
3977333714,2016-04-10T21:00:00Z,6,0.1
3977333714,2016-04-10T22:00:00Z,10,0.166667
3977333714,2016-04-10T23:00:00Z,66,1.1
3977333714,2016-04-11T00:00:00Z,10,0.166667
3977333714,2016-04-11T01:00:00Z,6,0.1
3977333714,2016-04-11T02:00:00Z,5,0.083333
3977333714,2016-04-11T03:00:00Z,0,0
3977333714,2016-04-11T04:00:00Z,0,0
3977333714,2016-04-11T05:00:00Z,0,0
3977333714,2016-04-11T06:00:00Z,0,0
3977333714,2016-04-11T07:00:00Z,0,0
3977333714,2016-04-11T08:00:00Z,1,0.016667
3977333714,2016-04-11T09:00:00Z,6,0.1
3977333714,2016-04-11T10:00:00Z,3,0.05
3977333714,2016-04-11T11:00:00Z,11,0.183333
3977333714,2016-04-11T12:00:00Z,12,0.2
3977333714,2016-04-11T13:00:00Z,12,0.2
3977333714,2016-04-11T14:00:00Z,2,0.033333
3977333714,2016-04-11T15:00:00Z,9,0.15
3977333714,2016-04-11T16:00:00Z,5,0.083333
3977333714,2016-04-11T17:00:00Z,15,0.25
3977333714,2016-04-11T18:00:00Z,16,0.266667
3977333714,2016-04-11T19:00:00Z,0,0
3977333714,2016-04-11T20:00:00Z,13,0.216667
3977333714,2016-04-11T21:00:00Z,2,0.033333
3977333714,2016-04-11T22:00:00Z,0,0
3977333714,2016-04-11T23:00:00Z,6,0.1
3977333714,2016-04-12T00:00:00Z,16,0.266667
3977333714,2016-04-12T01:00:00Z,0,0
3977333714,2016-04-12T02:00:00Z,0,0
4020332650,2016-03-12T00:00:00Z,0,0
4020332650,2016-03-12T01:00:00Z,0,0
4020332650,2016-03-12T02:00:00Z,10,0.166667
4020332650,2016-03-12T03:00:00Z,11,0.183333
4020332650,2016-03-12T04:00:00Z,11,0.183333
4020332650,2016-03-12T05:00:00Z,1,0.016667
4020332650,2016-03-12T06:00:00Z,3,0.05
4020332650,2016-03-12T07:00:00Z,0,0
4020332650,2016-03-12T08:00:00Z,2,0.033333
4020332650,2016-03-12T09:00:00Z,1,0.016667
4020332650,2016-03-12T10:00:00Z,0,0
4020332650,2016-03-12T11:00:00Z,10,0.166667
4020332650,2016-03-12T12:00:00Z,4,0.066667
4020332650,2016-03-12T13:00:00Z,17,0.283333
4020332650,2016-03-12T14:00:00Z,22,0.366667
4020332650,2016-03-12T15:00:00Z,36,0.6
4020332650,2016-03-12T16:00:00Z,36,0.6
4020332650,2016-03-12T17:00:00Z,17,0.283333
4020332650,2016-03-12T18:00:00Z,20,0.333333
4020332650,2016-03-12T19:00:00Z,21,0.35
4020332650,2016-03-12T20:00:00Z,7,0.116667
4020332650,2016-03-12T21:00:00Z,12,0.2
4020332650,2016-03-12T22:00:00Z,13,0.216667
4020332650,2016-03-12T23:00:00Z,0,0
4020332650,2016-03-13T00:00:00Z,1,0.016667
4020332650,2016-03-13T01:00:00Z,7,0.116667
4020332650,2016-03-13T02:00:00Z,0,0
4020332650,2016-03-13T03:00:00Z,5,0.083333
4020332650,2016-03-13T04:00:00Z,0,0
4020332650,2016-03-13T05:00:00Z,0,0
4020332650,2016-03-13T06:00:00Z,1,0.016667
4020332650,2016-03-13T07:00:00Z,0,0
4020332650,2016-03-13T08:00:00Z,0,0
4020332650,2016-03-13T09:00:00Z,11,0.183333
4020332650,2016-03-13T10:00:00Z,13,0.216667
4020332650,2016-03-13T11:00:00Z,6,0.1
4020332650,2016-03-13T12:00:00Z,16,0.266667
4020332650,2016-03-13T13:00:00Z,2,0.033333
4020332650,2016-03-13T14:00:00Z,0,0
4020332650,2016-03-13T15:00:00Z,9,0.15
4020332650,2016-03-13T16:00:00Z,17,0.283333
4020332650,2016-03-13T17:00:00Z,0,0
4020332650,2016-03-13T18:00:00Z,0,0
4020332650,2016-03-13T19:00:00Z,0,0
4020332650,2016-03-13T20:00:00Z,0,0
4020332650,2016-03-13T21:00:00Z,0,0
4020332650,2016-03-13T22:00:00Z,22,0.366667
4020332650,2016-03-13T23:00:00Z,26,0.433333
4020332650,2016-03-14T00:00:00Z,3,0.05
4020332650,2016-03-14T01:00:00Z,0,0
4020332650,2016-03-14T02:00:00Z,0,0
4020332650,2016-03-14T03:00:00Z,0,0
4020332650,2016-03-14T04:00:00Z,3,0.05
4020332650,2016-03-14T05:00:00Z,6,0.1
4020332650,2016-03-14T06:00:00Z,0,0
4020332650,2016-03-14T07:00:00Z,8,0.133333
4020332650,2016-03-14T08:00:00Z,0,0
4020332650,2016-03-14T09:00:00Z,6,0.1
4020332650,2016-03-14T10:00:00Z,7,0.116667
4020332650,2016-03-14T11:00:00Z,4,0.066667
4020332650,2016-03-14T12:00:00Z,8,0.133333
4020332650,2016-03-14T13:00:00Z,23,0.383333
4020332650,2016-03-14T14:00:00Z,5,0.083333
4020332650,2016-03-14T15:00:00Z,0,0
4020332650,2016-03-14T16:00:00Z,0,0
4020332650,2016-03-14T17:00:00Z,0,0
4020332650,2016-03-14T18:00:00Z,0,0
4020332650,2016-03-14T19:00:00Z,13,0.216667
4020332650,2016-03-14T20:00:00Z,31,0.516667
4020332650,2016-03-14T21:00:00Z,3,0.05
4020332650,2016-03-14T22:00:00Z,14,0.233333
4020332650,2016-03-14T23:00:00Z,11,0.183333
4020332650,2016-03-15T00:00:00Z,15,0.25
4020332650,2016-03-15T01:00:00Z,6,0.1
4020332650,2016-03-15T02:00:00Z,3,0.05
4020332650,2016-03-15T03:00:00Z,0,0
4020332650,2016-03-15T04:00:00Z,0,0
4020332650,2016-03-15T05:00:00Z,0,0
4020332650,2016-03-15T06:00:00Z,1,0.016667
4020332650,2016-03-15T07:00:00Z,2,0.033333
4020332650,2016-03-15T08:00:00Z,0,0
4020332650,2016-03-15T09:00:00Z,1,0.016667
4020332650,2016-03-15T10:00:00Z,15,0.25
4020332650,2016-03-15T11:00:00Z,1,0.016667
4020332650,2016-03-15T12:00:00Z,3,0.05
4020332650,2016-03-15T13:00:00Z,8,0.133333
4020332650,2016-03-15T14:00:00Z,15,0.25
4020332650,2016-03-15T15:00:00Z,5,0.083333
4020332650,2016-03-15T16:00:00Z,5,0.083333
4020332650,2016-03-15T17:00:00Z,26,0.433333
4020332650,2016-03-15T18:00:00Z,47,0.783333
4020332650,2016-03-15T19:00:00Z,19,0.316667
4020332650,2016-03-15T20:00:00Z,16,0.266667
4020332650,2016-03-15T21:00:00Z,14,0.233333
4020332650,2016-03-15T22:00:00Z,25,0.416667
4020332650,2016-03-15T23:00:00Z,8,0.133333
4020332650,2016-03-16T00:00:00Z,26,0.433333
4020332650,2016-03-16T01:00:00Z,28,0.466667
4020332650,2016-03-16T02:00:00Z,1,0.016667
4020332650,2016-03-16T03:00:00Z,0,0
4020332650,2016-03-16T04:00:00Z,0,0
4020332650,2016-03-16T05:00:00Z,0,0
4020332650,2016-03-16T06:00:00Z,0,0
4020332650,2016-03-16T07:00:00Z,0,0
4020332650,2016-03-16T08:00:00Z,2,0.033333
4020332650,2016-03-16T09:00:00Z,0,0
4020332650,2016-03-16T10:00:00Z,11,0.183333
4020332650,2016-03-16T11:00:00Z,17,0.283333
4020332650,2016-03-16T12:00:00Z,34,0.566667
4020332650,2016-03-16T13:00:00Z,7,0.116667
4020332650,2016-03-16T14:00:00Z,19,0.316667
4020332650,2016-03-16T15:00:00Z,19,0.316667
4020332650,2016-03-16T16:00:00Z,31,0.516667
4020332650,2016-03-16T17:00:00Z,10,0.166667
4020332650,2016-03-16T18:00:00Z,26,0.433333
4020332650,2016-03-16T19:00:00Z,10,0.166667
4020332650,2016-03-16T20:00:00Z,95,1.583333
4020332650,2016-03-16T21:00:00Z,47,0.783333
4020332650,2016-03-16T22:00:00Z,6,0.1
4020332650,2016-03-16T23:00:00Z,23,0.383333
4020332650,2016-03-17T00:00:00Z,5,0.083333
4020332650,2016-03-17T01:00:00Z,0,0
4020332650,2016-03-17T02:00:00Z,0,0
4020332650,2016-03-17T03:00:00Z,1,0.016667
4020332650,2016-03-17T04:00:00Z,1,0.016667
4020332650,2016-03-17T05:00:00Z,2,0.033333
4020332650,2016-03-17T06:00:00Z,0,0
4020332650,2016-03-17T07:00:00Z,7,0.116667
4020332650,2016-03-17T08:00:00Z,8,0.133333
4020332650,2016-03-17T09:00:00Z,1,0.016667
4020332650,2016-03-17T10:00:00Z,0,0
4020332650,2016-03-17T11:00:00Z,9,0.15
4020332650,2016-03-17T12:00:00Z,10,0.166667
4020332650,2016-03-17T13:00:00Z,3,0.05
4020332650,2016-03-17T14:00:00Z,0,0
4020332650,2016-03-17T15:00:00Z,0,0
4020332650,2016-03-17T16:00:00Z,0,0
4020332650,2016-03-17T17:00:00Z,0,0
4020332650,2016-03-17T18:00:00Z,0,0
4020332650,2016-03-17T19:00:00Z,0,0
4020332650,2016-03-17T20:00:00Z,0,0
4020332650,2016-03-17T21:00:00Z,0,0
4020332650,2016-03-17T22:00:00Z,0,0
4020332650,2016-03-17T23:00:00Z,0,0
4020332650,2016-03-18T00:00:00Z,0,0
4020332650,2016-03-18T01:00:00Z,0,0
4020332650,2016-03-18T02:00:00Z,0,0
4020332650,2016-03-18T03:00:00Z,0,0
4020332650,2016-03-18T04:00:00Z,0,0
4020332650,2016-03-18T05:00:00Z,0,0
4020332650,2016-03-18T06:00:00Z,0,0
4020332650,2016-03-18T07:00:00Z,0,0
4020332650,2016-03-18T08:00:00Z,0,0
4020332650,2016-03-18T09:00:00Z,0,0
4020332650,2016-03-18T10:00:00Z,0,0
4020332650,2016-03-18T11:00:00Z,0,0
4020332650,2016-03-18T12:00:00Z,0,0
4020332650,2016-03-18T13:00:00Z,0,0
4020332650,2016-03-18T14:00:00Z,0,0
4020332650,2016-03-18T15:00:00Z,0,0
4020332650,2016-03-18T16:00:00Z,0,0
4020332650,2016-03-18T17:00:00Z,0,0
4020332650,2016-03-18T18:00:00Z,0,0
4020332650,2016-03-18T19:00:00Z,0,0
4020332650,2016-03-18T20:00:00Z,0,0
4020332650,2016-03-18T21:00:00Z,0,0
4020332650,2016-03-18T22:00:00Z,0,0
4020332650,2016-03-18T23:00:00Z,0,0
4020332650,2016-03-19T00:00:00Z,0,0
4020332650,2016-03-19T01:00:00Z,0,0
4020332650,2016-03-19T02:00:00Z,0,0
4020332650,2016-03-19T03:00:00Z,0,0
4020332650,2016-03-19T04:00:00Z,0,0
4020332650,2016-03-19T05:00:00Z,0,0
4020332650,2016-03-19T06:00:00Z,0,0
4020332650,2016-03-19T07:00:00Z,0,0
4020332650,2016-03-19T08:00:00Z,0,0
4020332650,2016-03-19T09:00:00Z,0,0
4020332650,2016-03-19T10:00:00Z,0,0
4020332650,2016-03-19T11:00:00Z,0,0
4020332650,2016-03-19T12:00:00Z,0,0
4020332650,2016-03-19T13:00:00Z,0,0
4020332650,2016-03-19T14:00:00Z,0,0
4020332650,2016-03-19T15:00:00Z,0,0
4020332650,2016-03-19T16:00:00Z,0,0
4020332650,2016-03-19T17:00:00Z,0,0
4020332650,2016-03-19T18:00:00Z,0,0
4020332650,2016-03-19T19:00:00Z,0,0
4020332650,2016-03-19T20:00:00Z,0,0
4020332650,2016-03-19T21:00:00Z,0,0
4020332650,2016-03-19T22:00:00Z,0,0
4020332650,2016-03-19T23:00:00Z,0,0
4020332650,2016-03-20T00:00:00Z,0,0
4020332650,2016-03-20T01:00:00Z,0,0
4020332650,2016-03-20T02:00:00Z,0,0
4020332650,2016-03-20T03:00:00Z,0,0
4020332650,2016-03-20T04:00:00Z,0,0
4020332650,2016-03-20T05:00:00Z,0,0
4020332650,2016-03-20T06:00:00Z,0,0
4020332650,2016-03-20T07:00:00Z,0,0
4020332650,2016-03-20T08:00:00Z,0,0
4020332650,2016-03-20T09:00:00Z,0,0
4020332650,2016-03-20T10:00:00Z,0,0
4020332650,2016-03-20T11:00:00Z,0,0
4020332650,2016-03-20T12:00:00Z,0,0
4020332650,2016-03-20T13:00:00Z,0,0
4020332650,2016-03-20T14:00:00Z,0,0
4020332650,2016-03-20T15:00:00Z,0,0
4020332650,2016-03-20T16:00:00Z,0,0
4020332650,2016-03-20T17:00:00Z,0,0
4020332650,2016-03-20T18:00:00Z,0,0
4020332650,2016-03-20T19:00:00Z,0,0
4020332650,2016-03-20T20:00:00Z,0,0
4020332650,2016-03-20T21:00:00Z,0,0
4020332650,2016-03-20T22:00:00Z,0,0
4020332650,2016-03-20T23:00:00Z,0,0
4020332650,2016-03-21T00:00:00Z,0,0
4020332650,2016-03-21T01:00:00Z,0,0
4020332650,2016-03-21T02:00:00Z,0,0
4020332650,2016-03-21T03:00:00Z,0,0
4020332650,2016-03-21T04:00:00Z,0,0
4020332650,2016-03-21T05:00:00Z,0,0
4020332650,2016-03-21T06:00:00Z,0,0
4020332650,2016-03-21T07:00:00Z,0,0
4020332650,2016-03-21T08:00:00Z,0,0
4020332650,2016-03-21T09:00:00Z,0,0
4020332650,2016-03-21T10:00:00Z,0,0
4020332650,2016-03-21T11:00:00Z,0,0
4020332650,2016-03-21T12:00:00Z,0,0
4020332650,2016-03-21T13:00:00Z,0,0
4020332650,2016-03-21T14:00:00Z,0,0
4020332650,2016-03-21T15:00:00Z,0,0
4020332650,2016-03-21T16:00:00Z,0,0
4020332650,2016-03-21T17:00:00Z,0,0
4020332650,2016-03-21T18:00:00Z,0,0
4020332650,2016-03-21T19:00:00Z,0,0
4020332650,2016-03-21T20:00:00Z,0,0
4020332650,2016-03-21T21:00:00Z,0,0
4020332650,2016-03-21T22:00:00Z,0,0
4020332650,2016-03-21T23:00:00Z,0,0
4020332650,2016-03-22T00:00:00Z,0,0
4020332650,2016-03-22T01:00:00Z,0,0
4020332650,2016-03-22T02:00:00Z,0,0
4020332650,2016-03-22T03:00:00Z,0,0
4020332650,2016-03-22T04:00:00Z,0,0
4020332650,2016-03-22T05:00:00Z,0,0
4020332650,2016-03-22T06:00:00Z,0,0
4020332650,2016-03-22T07:00:00Z,0,0
4020332650,2016-03-22T08:00:00Z,0,0
4020332650,2016-03-22T09:00:00Z,0,0
4020332650,2016-03-22T10:00:00Z,0,0
4020332650,2016-03-22T11:00:00Z,0,0
4020332650,2016-03-22T12:00:00Z,0,0
4020332650,2016-03-22T13:00:00Z,0,0
4020332650,2016-03-22T14:00:00Z,0,0
4020332650,2016-03-22T15:00:00Z,0,0
4020332650,2016-03-22T16:00:00Z,0,0
4020332650,2016-03-22T17:00:00Z,0,0
4020332650,2016-03-22T18:00:00Z,0,0
4020332650,2016-03-22T19:00:00Z,0,0
4020332650,2016-03-22T20:00:00Z,0,0
4020332650,2016-03-22T21:00:00Z,0,0
4020332650,2016-03-22T22:00:00Z,0,0
4020332650,2016-03-22T23:00:00Z,0,0
4020332650,2016-03-23T00:00:00Z,0,0
4020332650,2016-03-23T01:00:00Z,0,0
4020332650,2016-03-23T02:00:00Z,0,0
4020332650,2016-03-23T03:00:00Z,0,0
4020332650,2016-03-23T04:00:00Z,0,0
4020332650,2016-03-23T05:00:00Z,0,0
4020332650,2016-03-23T06:00:00Z,0,0
4020332650,2016-03-23T07:00:00Z,0,0
4020332650,2016-03-23T08:00:00Z,0,0
4020332650,2016-03-23T09:00:00Z,0,0
4020332650,2016-03-23T10:00:00Z,0,0
4020332650,2016-03-23T11:00:00Z,0,0
4020332650,2016-03-23T12:00:00Z,0,0
4020332650,2016-03-23T13:00:00Z,0,0
4020332650,2016-03-23T14:00:00Z,0,0
4020332650,2016-03-23T15:00:00Z,0,0
4020332650,2016-03-23T16:00:00Z,0,0
4020332650,2016-03-23T17:00:00Z,0,0
4020332650,2016-03-23T18:00:00Z,0,0
4020332650,2016-03-23T19:00:00Z,0,0
4020332650,2016-03-23T20:00:00Z,0,0
4020332650,2016-03-23T21:00:00Z,0,0
4020332650,2016-03-23T22:00:00Z,0,0
4020332650,2016-03-23T23:00:00Z,0,0
4020332650,2016-03-24T00:00:00Z,0,0
4020332650,2016-03-24T01:00:00Z,0,0
4020332650,2016-03-24T02:00:00Z,0,0
4020332650,2016-03-24T03:00:00Z,0,0
4020332650,2016-03-24T04:00:00Z,0,0
4020332650,2016-03-24T05:00:00Z,0,0
4020332650,2016-03-24T06:00:00Z,0,0
4020332650,2016-03-24T07:00:00Z,0,0
4020332650,2016-03-24T08:00:00Z,0,0
4020332650,2016-03-24T09:00:00Z,0,0
4020332650,2016-03-24T10:00:00Z,0,0
4020332650,2016-03-24T11:00:00Z,0,0
4020332650,2016-03-24T12:00:00Z,0,0
4020332650,2016-03-24T13:00:00Z,0,0
4020332650,2016-03-24T14:00:00Z,0,0
4020332650,2016-03-24T15:00:00Z,0,0
4020332650,2016-03-24T16:00:00Z,0,0
4020332650,2016-03-24T17:00:00Z,0,0
4020332650,2016-03-24T18:00:00Z,0,0
4020332650,2016-03-24T19:00:00Z,0,0
4020332650,2016-03-24T20:00:00Z,0,0
4020332650,2016-03-24T21:00:00Z,0,0
4020332650,2016-03-24T22:00:00Z,0,0
4020332650,2016-03-24T23:00:00Z,0,0
4020332650,2016-03-25T00:00:00Z,0,0
4020332650,2016-03-25T01:00:00Z,0,0
4020332650,2016-03-25T02:00:00Z,0,0
4020332650,2016-03-25T03:00:00Z,0,0
4020332650,2016-03-25T04:00:00Z,0,0
4020332650,2016-03-25T05:00:00Z,0,0
4020332650,2016-03-25T06:00:00Z,0,0
4020332650,2016-03-25T07:00:00Z,0,0
4020332650,2016-03-25T08:00:00Z,0,0
4020332650,2016-03-25T09:00:00Z,0,0
4020332650,2016-03-25T10:00:00Z,0,0
4020332650,2016-03-25T11:00:00Z,0,0
4020332650,2016-03-25T12:00:00Z,0,0
4020332650,2016-03-25T13:00:00Z,0,0
4020332650,2016-03-25T14:00:00Z,0,0
4020332650,2016-03-25T15:00:00Z,0,0
4020332650,2016-03-25T16:00:00Z,0,0
4020332650,2016-03-25T17:00:00Z,0,0
4020332650,2016-03-25T18:00:00Z,0,0
4020332650,2016-03-25T19:00:00Z,0,0
4020332650,2016-03-25T20:00:00Z,0,0
4020332650,2016-03-25T21:00:00Z,0,0
4020332650,2016-03-25T22:00:00Z,0,0
4020332650,2016-03-25T23:00:00Z,0,0
4020332650,2016-03-26T00:00:00Z,0,0
4020332650,2016-03-26T01:00:00Z,0,0
4020332650,2016-03-26T02:00:00Z,0,0
4020332650,2016-03-26T03:00:00Z,0,0
4020332650,2016-03-26T04:00:00Z,0,0
4020332650,2016-03-26T05:00:00Z,0,0
4020332650,2016-03-26T06:00:00Z,0,0
4020332650,2016-03-26T07:00:00Z,0,0
4020332650,2016-03-26T08:00:00Z,0,0
4020332650,2016-03-26T09:00:00Z,0,0
4020332650,2016-03-26T10:00:00Z,0,0
4020332650,2016-03-26T11:00:00Z,0,0
4020332650,2016-03-26T12:00:00Z,0,0
4020332650,2016-03-26T13:00:00Z,0,0
4020332650,2016-03-26T14:00:00Z,0,0
4020332650,2016-03-26T15:00:00Z,0,0
4020332650,2016-03-26T16:00:00Z,0,0
4020332650,2016-03-26T17:00:00Z,0,0
4020332650,2016-03-26T18:00:00Z,0,0
4020332650,2016-03-26T19:00:00Z,0,0
4020332650,2016-03-26T20:00:00Z,0,0
4020332650,2016-03-26T21:00:00Z,0,0
4020332650,2016-03-26T22:00:00Z,0,0
4020332650,2016-03-26T23:00:00Z,0,0
4020332650,2016-03-27T00:00:00Z,0,0
4020332650,2016-03-27T01:00:00Z,0,0
4020332650,2016-03-27T02:00:00Z,0,0
4020332650,2016-03-27T03:00:00Z,0,0
4020332650,2016-03-27T04:00:00Z,0,0
4020332650,2016-03-27T05:00:00Z,0,0
4020332650,2016-03-27T06:00:00Z,0,0
4020332650,2016-03-27T07:00:00Z,0,0
4020332650,2016-03-27T08:00:00Z,0,0
4020332650,2016-03-27T09:00:00Z,0,0
4020332650,2016-03-27T10:00:00Z,0,0
4020332650,2016-03-27T11:00:00Z,0,0
4020332650,2016-03-27T12:00:00Z,0,0
4020332650,2016-03-27T13:00:00Z,0,0
4020332650,2016-03-27T14:00:00Z,0,0
4020332650,2016-03-27T15:00:00Z,0,0
4020332650,2016-03-27T16:00:00Z,0,0
4020332650,2016-03-27T17:00:00Z,0,0
4020332650,2016-03-27T18:00:00Z,0,0
4020332650,2016-03-27T19:00:00Z,0,0
4020332650,2016-03-27T20:00:00Z,0,0
4020332650,2016-03-27T21:00:00Z,0,0
4020332650,2016-03-27T22:00:00Z,0,0
4020332650,2016-03-27T23:00:00Z,0,0
4020332650,2016-03-28T00:00:00Z,0,0
4020332650,2016-03-28T01:00:00Z,0,0
4020332650,2016-03-28T02:00:00Z,0,0
4020332650,2016-03-28T03:00:00Z,0,0
4020332650,2016-03-28T04:00:00Z,0,0
4020332650,2016-03-28T05:00:00Z,0,0
4020332650,2016-03-28T06:00:00Z,0,0
4020332650,2016-03-28T07:00:00Z,0,0
4020332650,2016-03-28T08:00:00Z,0,0
4020332650,2016-03-28T09:00:00Z,0,0
4020332650,2016-03-28T10:00:00Z,0,0
4020332650,2016-03-28T11:00:00Z,0,0
4020332650,2016-03-28T12:00:00Z,0,0
4020332650,2016-03-28T13:00:00Z,0,0
4020332650,2016-03-28T14:00:00Z,0,0
4020332650,2016-03-28T15:00:00Z,0,0
4020332650,2016-03-28T16:00:00Z,0,0
4020332650,2016-03-28T17:00:00Z,126,2.1
4020332650,2016-03-28T18:00:00Z,86,1.433333
4020332650,2016-03-28T19:00:00Z,24,0.4
4020332650,2016-03-28T20:00:00Z,6,0.1
4020332650,2016-03-28T21:00:00Z,7,0.116667
4020332650,2016-03-28T22:00:00Z,8,0.133333
4020332650,2016-03-28T23:00:00Z,1,0.016667
4020332650,2016-03-29T00:00:00Z,0,0
4020332650,2016-03-29T01:00:00Z,0,0
4020332650,2016-03-29T02:00:00Z,0,0
4020332650,2016-03-29T03:00:00Z,9,0.15
4020332650,2016-03-29T04:00:00Z,0,0
4020332650,2016-03-29T05:00:00Z,0,0
4020332650,2016-03-29T06:00:00Z,2,0.033333
4020332650,2016-03-29T07:00:00Z,0,0
4020332650,2016-03-29T08:00:00Z,0,0
4020332650,2016-03-29T09:00:00Z,6,0.1
4020332650,2016-03-29T10:00:00Z,5,0.083333
4020332650,2016-03-29T11:00:00Z,6,0.1
4020332650,2016-03-29T12:00:00Z,15,0.25
4020332650,2016-03-29T13:00:00Z,10,0.166667
4020332650,2016-03-29T14:00:00Z,2,0.033333
4020332650,2016-03-29T15:00:00Z,18,0.3
4020332650,2016-03-29T16:00:00Z,6,0.1
4020332650,2016-03-29T17:00:00Z,5,0.083333
4020332650,2016-03-29T18:00:00Z,22,0.366667
4020332650,2016-03-29T19:00:00Z,19,0.316667
4020332650,2016-03-29T20:00:00Z,10,0.166667
4020332650,2016-03-29T21:00:00Z,7,0.116667
4020332650,2016-03-29T22:00:00Z,31,0.516667
4020332650,2016-03-29T23:00:00Z,14,0.233333
4020332650,2016-03-30T00:00:00Z,26,0.433333
4020332650,2016-03-30T01:00:00Z,7,0.116667
4020332650,2016-03-30T02:00:00Z,3,0.05
4020332650,2016-03-30T03:00:00Z,2,0.033333
4020332650,2016-03-30T04:00:00Z,0,0
4020332650,2016-03-30T05:00:00Z,0,0
4020332650,2016-03-30T06:00:00Z,5,0.083333
4020332650,2016-03-30T07:00:00Z,1,0.016667
4020332650,2016-03-30T08:00:00Z,0,0
4020332650,2016-03-30T09:00:00Z,0,0
4020332650,2016-03-30T10:00:00Z,12,0.2
4020332650,2016-03-30T11:00:00Z,3,0.05
4020332650,2016-03-30T12:00:00Z,2,0.033333
4020332650,2016-03-30T13:00:00Z,12,0.2
4020332650,2016-03-30T14:00:00Z,30,0.5
4020332650,2016-03-30T15:00:00Z,19,0.316667
4020332650,2016-03-30T16:00:00Z,22,0.366667
4020332650,2016-03-30T17:00:00Z,14,0.233333
4020332650,2016-03-30T18:00:00Z,34,0.566667
4020332650,2016-03-30T19:00:00Z,26,0.433333
4020332650,2016-03-30T20:00:00Z,7,0.116667
4020332650,2016-03-30T21:00:00Z,5,0.083333
4020332650,2016-03-30T22:00:00Z,13,0.216667
4020332650,2016-03-30T23:00:00Z,15,0.25
4020332650,2016-03-31T00:00:00Z,8,0.133333
4020332650,2016-03-31T01:00:00Z,4,0.066667
4020332650,2016-03-31T02:00:00Z,11,0.183333
4020332650,2016-03-31T03:00:00Z,0,0
4020332650,2016-03-31T04:00:00Z,0,0
4020332650,2016-03-31T05:00:00Z,2,0.033333
4020332650,2016-03-31T06:00:00Z,0,0
4020332650,2016-03-31T07:00:00Z,5,0.083333
4020332650,2016-03-31T08:00:00Z,3,0.05
4020332650,2016-03-31T09:00:00Z,2,0.033333
4020332650,2016-03-31T10:00:00Z,9,0.15
4020332650,2016-03-31T11:00:00Z,13,0.216667
4020332650,2016-03-31T12:00:00Z,110,1.833333
4020332650,2016-03-31T13:00:00Z,47,0.783333
4020332650,2016-03-31T14:00:00Z,25,0.416667
4020332650,2016-03-31T15:00:00Z,28,0.466667
4020332650,2016-03-31T16:00:00Z,32,0.533333
4020332650,2016-03-31T17:00:00Z,17,0.283333
4020332650,2016-03-31T18:00:00Z,15,0.25
4020332650,2016-03-31T19:00:00Z,12,0.2
4020332650,2016-03-31T20:00:00Z,13,0.216667
4020332650,2016-03-31T21:00:00Z,5,0.083333
4020332650,2016-03-31T22:00:00Z,7,0.116667
4020332650,2016-03-31T23:00:00Z,13,0.216667
4020332650,2016-04-01T00:00:00Z,3,0.05
4020332650,2016-04-01T01:00:00Z,2,0.033333
4020332650,2016-04-01T02:00:00Z,0,0
4020332650,2016-04-01T03:00:00Z,0,0
4020332650,2016-04-01T04:00:00Z,0,0
4020332650,2016-04-01T05:00:00Z,1,0.016667
4020332650,2016-04-01T06:00:00Z,0,0
4020332650,2016-04-01T07:00:00Z,0,0
4020332650,2016-04-01T08:00:00Z,4,0.066667
4020332650,2016-04-01T09:00:00Z,0,0
4020332650,2016-04-01T10:00:00Z,6,0.1
4020332650,2016-04-01T11:00:00Z,21,0.35
4020332650,2016-04-01T12:00:00Z,10,0.166667
4020332650,2016-04-01T13:00:00Z,46,0.766667
4020332650,2016-04-01T14:00:00Z,7,0.116667
4020332650,2016-04-01T15:00:00Z,40,0.666667
4020332650,2016-04-01T16:00:00Z,23,0.383333
4020332650,2016-04-01T17:00:00Z,28,0.466667
4020332650,2016-04-01T18:00:00Z,42,0.7
4020332650,2016-04-01T19:00:00Z,21,0.35
4020332650,2016-04-01T20:00:00Z,19,0.316667
4020332650,2016-04-01T21:00:00Z,8,0.133333
4020332650,2016-04-01T22:00:00Z,7,0.116667
4020332650,2016-04-01T23:00:00Z,1,0.016667
4020332650,2016-04-02T00:00:00Z,0,0
4020332650,2016-04-02T01:00:00Z,0,0
4020332650,2016-04-02T02:00:00Z,0,0
4020332650,2016-04-02T03:00:00Z,0,0
4020332650,2016-04-02T04:00:00Z,0,0
4020332650,2016-04-02T05:00:00Z,6,0.1
4020332650,2016-04-02T06:00:00Z,0,0
4020332650,2016-04-02T07:00:00Z,0,0
4020332650,2016-04-02T08:00:00Z,3,0.05
4020332650,2016-04-02T09:00:00Z,0,0
4020332650,2016-04-02T10:00:00Z,0,0
4020332650,2016-04-02T11:00:00Z,14,0.233333
4020332650,2016-04-02T12:00:00Z,12,0.2
4020332650,2016-04-02T13:00:00Z,55,0.916667
4020332650,2016-04-02T14:00:00Z,45,0.75
4020332650,2016-04-02T15:00:00Z,21,0.35
4020332650,2016-04-02T16:00:00Z,11,0.183333
4020332650,2016-04-02T17:00:00Z,0,0
4020332650,2016-04-02T18:00:00Z,0,0
4020332650,2016-04-02T19:00:00Z,1,0.016667
4020332650,2016-04-02T20:00:00Z,0,0
4020332650,2016-04-02T21:00:00Z,12,0.2
4020332650,2016-04-02T22:00:00Z,12,0.2
4020332650,2016-04-02T23:00:00Z,9,0.15
4020332650,2016-04-03T00:00:00Z,19,0.316667
4020332650,2016-04-03T01:00:00Z,18,0.3
4020332650,2016-04-03T02:00:00Z,3,0.05
4020332650,2016-04-03T03:00:00Z,0,0
4020332650,2016-04-03T04:00:00Z,0,0
4020332650,2016-04-03T05:00:00Z,1,0.016667
4020332650,2016-04-03T06:00:00Z,0,0
4020332650,2016-04-03T07:00:00Z,0,0
4020332650,2016-04-03T08:00:00Z,4,0.066667
4020332650,2016-04-03T09:00:00Z,0,0
4020332650,2016-04-03T10:00:00Z,13,0.216667
4020332650,2016-04-03T11:00:00Z,14,0.233333
4020332650,2016-04-03T12:00:00Z,9,0.15
4020332650,2016-04-03T13:00:00Z,8,0.133333
4020332650,2016-04-03T14:00:00Z,26,0.433333
4020332650,2016-04-03T15:00:00Z,17,0.283333
4020332650,2016-04-03T16:00:00Z,14,0.233333
4020332650,2016-04-03T17:00:00Z,12,0.2
4020332650,2016-04-03T18:00:00Z,22,0.366667
4020332650,2016-04-03T19:00:00Z,28,0.466667
4020332650,2016-04-03T20:00:00Z,10,0.166667
4020332650,2016-04-03T21:00:00Z,11,0.183333
4020332650,2016-04-03T22:00:00Z,10,0.166667
4020332650,2016-04-03T23:00:00Z,26,0.433333
4020332650,2016-04-04T00:00:00Z,20,0.333333
4020332650,2016-04-04T01:00:00Z,0,0
4020332650,2016-04-04T02:00:00Z,0,0
4020332650,2016-04-04T03:00:00Z,0,0
4020332650,2016-04-04T04:00:00Z,0,0
4020332650,2016-04-04T05:00:00Z,0,0
4020332650,2016-04-04T06:00:00Z,1,0.016667
4020332650,2016-04-04T07:00:00Z,0,0
4020332650,2016-04-04T08:00:00Z,1,0.016667
4020332650,2016-04-04T09:00:00Z,10,0.166667
4020332650,2016-04-04T10:00:00Z,16,0.266667
4020332650,2016-04-04T11:00:00Z,9,0.15
4020332650,2016-04-04T12:00:00Z,8,0.133333
4020332650,2016-04-04T13:00:00Z,10,0.166667
4020332650,2016-04-04T14:00:00Z,8,0.133333
4020332650,2016-04-04T15:00:00Z,16,0.266667
4020332650,2016-04-04T16:00:00Z,63,1.05
4020332650,2016-04-04T17:00:00Z,60,1
4020332650,2016-04-04T18:00:00Z,23,0.383333
4020332650,2016-04-04T19:00:00Z,4,0.066667
4020332650,2016-04-04T20:00:00Z,0,0
4020332650,2016-04-04T21:00:00Z,0,0
4020332650,2016-04-04T22:00:00Z,0,0
4020332650,2016-04-04T23:00:00Z,0,0
4020332650,2016-04-05T00:00:00Z,0,0
4020332650,2016-04-05T01:00:00Z,0,0
4020332650,2016-04-05T02:00:00Z,0,0
4020332650,2016-04-05T03:00:00Z,0,0
4020332650,2016-04-05T04:00:00Z,0,0
4020332650,2016-04-05T05:00:00Z,0,0
4020332650,2016-04-05T06:00:00Z,0,0
4020332650,2016-04-05T07:00:00Z,0,0
4020332650,2016-04-05T08:00:00Z,0,0
4020332650,2016-04-05T09:00:00Z,0,0
4020332650,2016-04-05T10:00:00Z,0,0
4020332650,2016-04-05T11:00:00Z,0,0
4020332650,2016-04-05T12:00:00Z,0,0
4020332650,2016-04-05T13:00:00Z,0,0
4020332650,2016-04-05T14:00:00Z,0,0
4020332650,2016-04-05T15:00:00Z,17,0.283333
4020332650,2016-04-05T16:00:00Z,40,0.666667
4020332650,2016-04-05T17:00:00Z,12,0.2
4020332650,2016-04-05T18:00:00Z,42,0.7
4020332650,2016-04-05T19:00:00Z,33,0.55
4020332650,2016-04-05T20:00:00Z,38,0.633333
4020332650,2016-04-05T21:00:00Z,9,0.15
4020332650,2016-04-05T22:00:00Z,17,0.283333
4020332650,2016-04-05T23:00:00Z,16,0.266667
4020332650,2016-04-06T00:00:00Z,31,0.516667
4020332650,2016-04-06T01:00:00Z,6,0.1
4020332650,2016-04-06T02:00:00Z,7,0.116667
4020332650,2016-04-06T03:00:00Z,0,0
4020332650,2016-04-06T04:00:00Z,0,0
4020332650,2016-04-06T05:00:00Z,0,0
4020332650,2016-04-06T06:00:00Z,0,0
4020332650,2016-04-06T07:00:00Z,6,0.1
4020332650,2016-04-06T08:00:00Z,0,0
4020332650,2016-04-06T09:00:00Z,2,0.033333
4020332650,2016-04-06T10:00:00Z,10,0.166667
4020332650,2016-04-06T11:00:00Z,7,0.116667
4020332650,2016-04-06T12:00:00Z,16,0.266667
4020332650,2016-04-06T13:00:00Z,20,0.333333
4020332650,2016-04-06T14:00:00Z,12,0.2
4020332650,2016-04-06T15:00:00Z,26,0.433333
4020332650,2016-04-06T16:00:00Z,3,0.05
4020332650,2016-04-06T17:00:00Z,30,0.5
4020332650,2016-04-06T18:00:00Z,30,0.5
4020332650,2016-04-06T19:00:00Z,12,0.2
4020332650,2016-04-06T20:00:00Z,25,0.416667
4020332650,2016-04-06T21:00:00Z,5,0.083333
4020332650,2016-04-06T22:00:00Z,15,0.25
4020332650,2016-04-06T23:00:00Z,0,0
4020332650,2016-04-07T00:00:00Z,0,0
4020332650,2016-04-07T01:00:00Z,0,0
4020332650,2016-04-07T02:00:00Z,0,0
4020332650,2016-04-07T03:00:00Z,0,0
4020332650,2016-04-07T04:00:00Z,0,0
4020332650,2016-04-07T05:00:00Z,0,0
4020332650,2016-04-07T06:00:00Z,0,0
4020332650,2016-04-07T07:00:00Z,0,0
4020332650,2016-04-07T08:00:00Z,0,0
4020332650,2016-04-07T09:00:00Z,0,0
4020332650,2016-04-07T10:00:00Z,7,0.116667
4020332650,2016-04-07T11:00:00Z,22,0.366667
4020332650,2016-04-07T12:00:00Z,15,0.25
4020332650,2016-04-07T13:00:00Z,17,0.283333
4020332650,2016-04-07T14:00:00Z,32,0.533333
4020332650,2016-04-07T15:00:00Z,17,0.283333
4020332650,2016-04-07T16:00:00Z,17,0.283333
4020332650,2016-04-07T17:00:00Z,24,0.4
4020332650,2016-04-07T18:00:00Z,23,0.383333
4020332650,2016-04-07T19:00:00Z,31,0.516667
4020332650,2016-04-07T20:00:00Z,40,0.666667
4020332650,2016-04-07T21:00:00Z,12,0.2
4020332650,2016-04-07T22:00:00Z,0,0
4020332650,2016-04-07T23:00:00Z,0,0
4020332650,2016-04-08T00:00:00Z,1,0.016667
4020332650,2016-04-08T01:00:00Z,0,0
4020332650,2016-04-08T02:00:00Z,0,0
4020332650,2016-04-08T03:00:00Z,0,0
4020332650,2016-04-08T04:00:00Z,0,0
4020332650,2016-04-08T05:00:00Z,27,0.45
4020332650,2016-04-08T06:00:00Z,10,0.166667
4020332650,2016-04-08T07:00:00Z,27,0.45
4020332650,2016-04-08T08:00:00Z,44,0.733333
4020332650,2016-04-08T09:00:00Z,6,0.1
4020332650,2016-04-08T10:00:00Z,3,0.05
4020332650,2016-04-08T11:00:00Z,5,0.083333
4020332650,2016-04-08T12:00:00Z,8,0.133333
4020332650,2016-04-08T13:00:00Z,28,0.466667
4020332650,2016-04-08T14:00:00Z,6,0.1
4020332650,2016-04-08T15:00:00Z,41,0.683333
4020332650,2016-04-08T16:00:00Z,30,0.5
4020332650,2016-04-08T17:00:00Z,72,1.2
4020332650,2016-04-08T18:00:00Z,25,0.416667
4020332650,2016-04-08T19:00:00Z,29,0.483333
4020332650,2016-04-08T20:00:00Z,2,0.033333
4020332650,2016-04-08T21:00:00Z,0,0
4020332650,2016-04-08T22:00:00Z,0,0
4020332650,2016-04-08T23:00:00Z,0,0
4020332650,2016-04-09T00:00:00Z,0,0
4020332650,2016-04-09T01:00:00Z,0,0
4020332650,2016-04-09T02:00:00Z,0,0
4020332650,2016-04-09T03:00:00Z,0,0
4020332650,2016-04-09T04:00:00Z,0,0
4020332650,2016-04-09T05:00:00Z,0,0
4020332650,2016-04-09T06:00:00Z,0,0
4020332650,2016-04-09T07:00:00Z,0,0
4020332650,2016-04-09T08:00:00Z,0,0
4020332650,2016-04-09T09:00:00Z,0,0
4020332650,2016-04-09T10:00:00Z,0,0
4020332650,2016-04-09T11:00:00Z,7,0.116667
4020332650,2016-04-09T12:00:00Z,18,0.3
4020332650,2016-04-09T13:00:00Z,16,0.266667
4020332650,2016-04-09T14:00:00Z,12,0.2
4020332650,2016-04-09T15:00:00Z,39,0.65
4020332650,2016-04-09T16:00:00Z,36,0.6
4020332650,2016-04-09T17:00:00Z,47,0.783333
4020332650,2016-04-09T18:00:00Z,58,0.966667
4020332650,2016-04-09T19:00:00Z,22,0.366667
4020332650,2016-04-09T20:00:00Z,20,0.333333
4020332650,2016-04-09T21:00:00Z,30,0.5
4020332650,2016-04-09T22:00:00Z,2,0.033333
4020332650,2016-04-09T23:00:00Z,0,0
4020332650,2016-04-10T00:00:00Z,0,0
4020332650,2016-04-10T01:00:00Z,0,0
4020332650,2016-04-10T02:00:00Z,0,0
4020332650,2016-04-10T03:00:00Z,0,0
4020332650,2016-04-10T04:00:00Z,0,0
4020332650,2016-04-10T05:00:00Z,0,0
4020332650,2016-04-10T06:00:00Z,0,0
4020332650,2016-04-10T07:00:00Z,0,0
4020332650,2016-04-10T08:00:00Z,9,0.15
4020332650,2016-04-10T09:00:00Z,25,0.416667
4020332650,2016-04-10T10:00:00Z,58,0.966667
4020332650,2016-04-10T11:00:00Z,20,0.333333
4020332650,2016-04-10T12:00:00Z,20,0.333333
4020332650,2016-04-10T13:00:00Z,31,0.516667
4020332650,2016-04-10T14:00:00Z,16,0.266667
4020332650,2016-04-10T15:00:00Z,14,0.233333
4020332650,2016-04-10T16:00:00Z,0,0
4020332650,2016-04-10T17:00:00Z,0,0
4020332650,2016-04-10T18:00:00Z,0,0
4020332650,2016-04-10T19:00:00Z,0,0
4020332650,2016-04-10T20:00:00Z,0,0
4020332650,2016-04-10T21:00:00Z,4,0.066667
4020332650,2016-04-10T22:00:00Z,8,0.133333
4020332650,2016-04-10T23:00:00Z,0,0
4020332650,2016-04-11T00:00:00Z,0,0
4020332650,2016-04-11T01:00:00Z,0,0
4020332650,2016-04-11T02:00:00Z,0,0
4020332650,2016-04-11T03:00:00Z,5,0.083333
4020332650,2016-04-11T04:00:00Z,0,0
4020332650,2016-04-11T05:00:00Z,0,0
4020332650,2016-04-11T06:00:00Z,0,0
4020332650,2016-04-11T07:00:00Z,7,0.116667
4020332650,2016-04-11T08:00:00Z,1,0.016667
4020332650,2016-04-11T09:00:00Z,10,0.166667
4020332650,2016-04-11T10:00:00Z,0,0
4020332650,2016-04-11T11:00:00Z,0,0
4020332650,2016-04-11T12:00:00Z,0,0
4020332650,2016-04-11T13:00:00Z,0,0
4020332650,2016-04-11T14:00:00Z,0,0
4020332650,2016-04-11T15:00:00Z,0,0
4020332650,2016-04-11T16:00:00Z,0,0
4020332650,2016-04-11T17:00:00Z,18,0.3
4020332650,2016-04-11T18:00:00Z,18,0.3
4020332650,2016-04-11T19:00:00Z,17,0.283333
4020332650,2016-04-11T20:00:00Z,31,0.516667
4020332650,2016-04-11T21:00:00Z,7,0.116667
4020332650,2016-04-11T22:00:00Z,0,0
4020332650,2016-04-11T23:00:00Z,0,0
4020332650,2016-04-12T00:00:00Z,0,0
4020332650,2016-04-12T01:00:00Z,0,0
4020332650,2016-04-12T02:00:00Z,0,0
4020332650,2016-04-12T03:00:00Z,0,0
4020332650,2016-04-12T04:00:00Z,1,0.016667
4057192912,2016-03-12T00:00:00Z,0,0
4057192912,2016-03-12T01:00:00Z,0,0
4057192912,2016-03-12T02:00:00Z,0,0
4057192912,2016-03-12T03:00:00Z,0,0
4057192912,2016-03-12T04:00:00Z,0,0
4057192912,2016-03-12T05:00:00Z,0,0
4057192912,2016-03-12T06:00:00Z,0,0
4057192912,2016-03-12T07:00:00Z,0,0
4057192912,2016-03-12T08:00:00Z,0,0
4057192912,2016-03-12T09:00:00Z,0,0
4057192912,2016-03-12T10:00:00Z,0,0
4057192912,2016-03-12T11:00:00Z,0,0
4057192912,2016-03-12T12:00:00Z,0,0
4057192912,2016-03-12T13:00:00Z,0,0
4057192912,2016-03-12T14:00:00Z,0,0
4057192912,2016-03-12T15:00:00Z,0,0
4057192912,2016-03-12T16:00:00Z,0,0
4057192912,2016-03-12T17:00:00Z,0,0
4057192912,2016-03-12T18:00:00Z,0,0
4057192912,2016-03-12T19:00:00Z,0,0
4057192912,2016-03-12T20:00:00Z,0,0
4057192912,2016-03-12T21:00:00Z,0,0
4057192912,2016-03-12T22:00:00Z,0,0
4057192912,2016-03-12T23:00:00Z,0,0
4057192912,2016-03-13T00:00:00Z,0,0
4057192912,2016-03-13T01:00:00Z,0,0
4057192912,2016-03-13T02:00:00Z,0,0
4057192912,2016-03-13T03:00:00Z,0,0
4057192912,2016-03-13T04:00:00Z,0,0
4057192912,2016-03-13T05:00:00Z,0,0
4057192912,2016-03-13T06:00:00Z,0,0
4057192912,2016-03-13T07:00:00Z,0,0
4057192912,2016-03-13T08:00:00Z,0,0
4057192912,2016-03-13T09:00:00Z,0,0
4057192912,2016-03-13T10:00:00Z,0,0
4057192912,2016-03-13T11:00:00Z,0,0
4057192912,2016-03-13T12:00:00Z,0,0
4057192912,2016-03-13T13:00:00Z,0,0
4057192912,2016-03-13T14:00:00Z,0,0
4057192912,2016-03-13T15:00:00Z,0,0
4057192912,2016-03-13T16:00:00Z,0,0
4057192912,2016-03-13T17:00:00Z,0,0
4057192912,2016-03-13T18:00:00Z,0,0
4057192912,2016-03-13T19:00:00Z,0,0
4057192912,2016-03-13T20:00:00Z,0,0
4057192912,2016-03-13T21:00:00Z,0,0
4057192912,2016-03-13T22:00:00Z,0,0
4057192912,2016-03-13T23:00:00Z,0,0
4057192912,2016-03-14T00:00:00Z,0,0
4057192912,2016-03-14T01:00:00Z,0,0
4057192912,2016-03-14T02:00:00Z,0,0
4057192912,2016-03-14T03:00:00Z,0,0
4057192912,2016-03-14T04:00:00Z,0,0
4057192912,2016-03-14T05:00:00Z,82,1.366667
4057192912,2016-03-14T06:00:00Z,39,0.65
4057192912,2016-03-14T07:00:00Z,11,0.183333
4057192912,2016-03-14T08:00:00Z,2,0.033333
4057192912,2016-03-14T09:00:00Z,9,0.15
4057192912,2016-03-14T10:00:00Z,9,0.15
4057192912,2016-03-14T11:00:00Z,13,0.216667
4057192912,2016-03-14T12:00:00Z,8,0.133333
4057192912,2016-03-14T13:00:00Z,7,0.116667
4057192912,2016-03-14T14:00:00Z,9,0.15
4057192912,2016-03-14T15:00:00Z,4,0.066667
4057192912,2016-03-14T16:00:00Z,11,0.183333
4057192912,2016-03-14T17:00:00Z,3,0.05
4057192912,2016-03-14T18:00:00Z,16,0.266667
4057192912,2016-03-14T19:00:00Z,8,0.133333
4057192912,2016-03-14T20:00:00Z,7,0.116667
4057192912,2016-03-14T21:00:00Z,0,0
4057192912,2016-03-14T22:00:00Z,1,0.016667
4057192912,2016-03-14T23:00:00Z,0,0
4057192912,2016-03-15T00:00:00Z,0,0
4057192912,2016-03-15T01:00:00Z,0,0
4057192912,2016-03-15T02:00:00Z,0,0
4057192912,2016-03-15T03:00:00Z,0,0
4057192912,2016-03-15T04:00:00Z,0,0
4057192912,2016-03-15T05:00:00Z,0,0
4057192912,2016-03-15T06:00:00Z,0,0
4057192912,2016-03-15T07:00:00Z,0,0
4057192912,2016-03-15T08:00:00Z,0,0
4057192912,2016-03-15T09:00:00Z,0,0
4057192912,2016-03-15T10:00:00Z,0,0
4057192912,2016-03-15T11:00:00Z,0,0
4057192912,2016-03-15T12:00:00Z,0,0
4057192912,2016-03-15T13:00:00Z,0,0
4057192912,2016-03-15T14:00:00Z,0,0
4057192912,2016-03-15T15:00:00Z,0,0
4057192912,2016-03-15T16:00:00Z,0,0
4057192912,2016-03-15T17:00:00Z,0,0
4057192912,2016-03-15T18:00:00Z,0,0
4057192912,2016-03-15T19:00:00Z,0,0
4057192912,2016-03-15T20:00:00Z,0,0
4057192912,2016-03-15T21:00:00Z,0,0
4057192912,2016-03-15T22:00:00Z,0,0
4057192912,2016-03-15T23:00:00Z,0,0
4057192912,2016-03-16T00:00:00Z,0,0
4057192912,2016-03-16T01:00:00Z,0,0
4057192912,2016-03-16T02:00:00Z,0,0
4057192912,2016-03-16T03:00:00Z,0,0
4057192912,2016-03-16T04:00:00Z,0,0
4057192912,2016-03-16T05:00:00Z,0,0
4057192912,2016-03-16T06:00:00Z,23,0.383333
4057192912,2016-03-16T07:00:00Z,47,0.783333
4057192912,2016-03-16T08:00:00Z,1,0.016667
4057192912,2016-03-16T09:00:00Z,0,0
4057192912,2016-03-16T10:00:00Z,0,0
4057192912,2016-03-16T11:00:00Z,0,0
4057192912,2016-03-16T12:00:00Z,0,0
4057192912,2016-03-16T13:00:00Z,0,0
4057192912,2016-03-16T14:00:00Z,0,0
4057192912,2016-03-16T15:00:00Z,0,0
4057192912,2016-03-16T16:00:00Z,0,0
4057192912,2016-03-16T17:00:00Z,0,0
4057192912,2016-03-16T18:00:00Z,0,0
4057192912,2016-03-16T19:00:00Z,0,0
4057192912,2016-03-16T20:00:00Z,0,0
4057192912,2016-03-16T21:00:00Z,0,0
4057192912,2016-03-16T22:00:00Z,0,0
4057192912,2016-03-16T23:00:00Z,0,0
4057192912,2016-03-17T00:00:00Z,0,0
4057192912,2016-03-17T01:00:00Z,0,0
4057192912,2016-03-17T02:00:00Z,0,0
4057192912,2016-03-17T03:00:00Z,0,0
4057192912,2016-03-17T04:00:00Z,0,0
4057192912,2016-03-17T05:00:00Z,0,0
4057192912,2016-03-17T06:00:00Z,0,0
4057192912,2016-03-17T07:00:00Z,0,0
4057192912,2016-03-17T08:00:00Z,0,0
4057192912,2016-03-17T09:00:00Z,0,0
4057192912,2016-03-17T10:00:00Z,0,0
4057192912,2016-03-17T11:00:00Z,0,0
4057192912,2016-03-17T12:00:00Z,0,0
4057192912,2016-03-17T13:00:00Z,0,0
4057192912,2016-03-17T14:00:00Z,0,0
4057192912,2016-03-17T15:00:00Z,0,0
4057192912,2016-03-17T16:00:00Z,0,0
4057192912,2016-03-17T17:00:00Z,0,0
4057192912,2016-03-17T18:00:00Z,0,0
4057192912,2016-03-17T19:00:00Z,0,0
4057192912,2016-03-17T20:00:00Z,0,0
4057192912,2016-03-17T21:00:00Z,0,0
4057192912,2016-03-17T22:00:00Z,0,0
4057192912,2016-03-17T23:00:00Z,0,0
4057192912,2016-03-18T00:00:00Z,0,0
4057192912,2016-03-18T01:00:00Z,0,0
4057192912,2016-03-18T02:00:00Z,0,0
4057192912,2016-03-18T03:00:00Z,0,0
4057192912,2016-03-18T04:00:00Z,0,0
4057192912,2016-03-18T05:00:00Z,0,0
4057192912,2016-03-18T06:00:00Z,6,0.1
4057192912,2016-03-18T07:00:00Z,25,0.416667
4057192912,2016-03-18T08:00:00Z,2,0.033333
4057192912,2016-03-18T09:00:00Z,0,0
4057192912,2016-03-18T10:00:00Z,0,0
4057192912,2016-03-18T11:00:00Z,0,0
4057192912,2016-03-18T12:00:00Z,1,0.016667
4057192912,2016-03-18T13:00:00Z,0,0
4057192912,2016-03-18T14:00:00Z,0,0
4057192912,2016-03-18T15:00:00Z,0,0
4057192912,2016-03-18T16:00:00Z,0,0
4057192912,2016-03-18T17:00:00Z,0,0
4057192912,2016-03-18T18:00:00Z,0,0
4057192912,2016-03-18T19:00:00Z,0,0
4057192912,2016-03-18T20:00:00Z,0,0
4057192912,2016-03-18T21:00:00Z,0,0
4057192912,2016-03-18T22:00:00Z,0,0
4057192912,2016-03-18T23:00:00Z,0,0
4057192912,2016-03-19T00:00:00Z,0,0
4057192912,2016-03-19T01:00:00Z,0,0
4057192912,2016-03-19T02:00:00Z,0,0
4057192912,2016-03-19T03:00:00Z,0,0
4057192912,2016-03-19T04:00:00Z,0,0
4057192912,2016-03-19T05:00:00Z,0,0
4057192912,2016-03-19T06:00:00Z,0,0
4057192912,2016-03-19T07:00:00Z,0,0
4057192912,2016-03-19T08:00:00Z,0,0
4057192912,2016-03-19T09:00:00Z,0,0
4057192912,2016-03-19T10:00:00Z,0,0
4057192912,2016-03-19T11:00:00Z,0,0
4057192912,2016-03-19T12:00:00Z,0,0
4057192912,2016-03-19T13:00:00Z,0,0
4057192912,2016-03-19T14:00:00Z,0,0
4057192912,2016-03-19T15:00:00Z,0,0
4057192912,2016-03-19T16:00:00Z,0,0
4057192912,2016-03-19T17:00:00Z,0,0
4057192912,2016-03-19T18:00:00Z,0,0
4057192912,2016-03-19T19:00:00Z,0,0
4057192912,2016-03-19T20:00:00Z,0,0
4057192912,2016-03-19T21:00:00Z,0,0
4057192912,2016-03-19T22:00:00Z,0,0
4057192912,2016-03-19T23:00:00Z,0,0
4057192912,2016-03-20T00:00:00Z,0,0
4057192912,2016-03-20T01:00:00Z,0,0
4057192912,2016-03-20T02:00:00Z,0,0
4057192912,2016-03-20T03:00:00Z,0,0
4057192912,2016-03-20T04:00:00Z,0,0
4057192912,2016-03-20T05:00:00Z,0,0
4057192912,2016-03-20T06:00:00Z,0,0
4057192912,2016-03-20T07:00:00Z,0,0
4057192912,2016-03-20T08:00:00Z,0,0
4057192912,2016-03-20T09:00:00Z,0,0
4057192912,2016-03-20T10:00:00Z,0,0
4057192912,2016-03-20T11:00:00Z,0,0
4057192912,2016-03-20T12:00:00Z,0,0
4057192912,2016-03-20T13:00:00Z,0,0
4057192912,2016-03-20T14:00:00Z,0,0
4057192912,2016-03-20T15:00:00Z,0,0
4057192912,2016-03-20T16:00:00Z,0,0
4057192912,2016-03-20T17:00:00Z,0,0
4057192912,2016-03-20T18:00:00Z,0,0
4057192912,2016-03-20T19:00:00Z,0,0
4057192912,2016-03-20T20:00:00Z,0,0
4057192912,2016-03-20T21:00:00Z,2,0.033333
4057192912,2016-03-20T22:00:00Z,0,0
4057192912,2016-03-20T23:00:00Z,0,0
4057192912,2016-03-21T00:00:00Z,0,0
4057192912,2016-03-21T01:00:00Z,0,0
4057192912,2016-03-21T02:00:00Z,0,0
4057192912,2016-03-21T03:00:00Z,0,0
4057192912,2016-03-21T04:00:00Z,0,0
4057192912,2016-03-21T05:00:00Z,0,0
4057192912,2016-03-21T06:00:00Z,0,0
4057192912,2016-03-21T07:00:00Z,0,0
4057192912,2016-03-21T08:00:00Z,5,0.083333
4057192912,2016-03-21T09:00:00Z,6,0.1
4057192912,2016-03-21T10:00:00Z,0,0
4057192912,2016-03-21T11:00:00Z,9,0.15
4057192912,2016-03-21T12:00:00Z,0,0
4057192912,2016-03-21T13:00:00Z,5,0.083333
4057192912,2016-03-21T14:00:00Z,5,0.083333
4057192912,2016-03-21T15:00:00Z,0,0
4057192912,2016-03-21T16:00:00Z,9,0.15
4057192912,2016-03-21T17:00:00Z,0,0
4057192912,2016-03-21T18:00:00Z,7,0.116667
4057192912,2016-03-21T19:00:00Z,0,0
4057192912,2016-03-21T20:00:00Z,0,0
4057192912,2016-03-21T21:00:00Z,0,0
4057192912,2016-03-21T22:00:00Z,0,0
4057192912,2016-03-21T23:00:00Z,0,0
4057192912,2016-03-22T00:00:00Z,0,0
4057192912,2016-03-22T01:00:00Z,0,0
4057192912,2016-03-22T02:00:00Z,0,0
4057192912,2016-03-22T03:00:00Z,0,0
4057192912,2016-03-22T04:00:00Z,0,0
4057192912,2016-03-22T05:00:00Z,0,0
4057192912,2016-03-22T06:00:00Z,0,0
4057192912,2016-03-22T07:00:00Z,24,0.4
4057192912,2016-03-22T08:00:00Z,9,0.15
4057192912,2016-03-22T09:00:00Z,15,0.25
4057192912,2016-03-22T10:00:00Z,16,0.266667
4057192912,2016-03-22T11:00:00Z,14,0.233333
4057192912,2016-03-22T12:00:00Z,6,0.1
4057192912,2016-03-22T13:00:00Z,12,0.2
4057192912,2016-03-22T14:00:00Z,11,0.183333
4057192912,2016-03-22T15:00:00Z,3,0.05
4057192912,2016-03-22T16:00:00Z,16,0.266667
4057192912,2016-03-22T17:00:00Z,2,0.033333
4057192912,2016-03-22T18:00:00Z,18,0.3
4057192912,2016-03-22T19:00:00Z,9,0.15
4057192912,2016-03-22T20:00:00Z,14,0.233333
4057192912,2016-03-22T21:00:00Z,0,0
4057192912,2016-03-22T22:00:00Z,0,0
4057192912,2016-03-22T23:00:00Z,0,0
4057192912,2016-03-23T00:00:00Z,0,0
4057192912,2016-03-23T01:00:00Z,0,0
4057192912,2016-03-23T02:00:00Z,0,0
4057192912,2016-03-23T03:00:00Z,0,0
4057192912,2016-03-23T04:00:00Z,0,0
4057192912,2016-03-23T05:00:00Z,0,0
4057192912,2016-03-23T06:00:00Z,18,0.3
4057192912,2016-03-23T07:00:00Z,14,0.233333
4057192912,2016-03-23T08:00:00Z,14,0.233333
4057192912,2016-03-23T09:00:00Z,11,0.183333
4057192912,2016-03-23T10:00:00Z,3,0.05
4057192912,2016-03-23T11:00:00Z,52,0.866667
4057192912,2016-03-23T12:00:00Z,8,0.133333
4057192912,2016-03-23T13:00:00Z,16,0.266667
4057192912,2016-03-23T14:00:00Z,11,0.183333
4057192912,2016-03-23T15:00:00Z,3,0.05
4057192912,2016-03-23T16:00:00Z,12,0.2
4057192912,2016-03-23T17:00:00Z,7,0.116667
4057192912,2016-03-23T18:00:00Z,22,0.366667
4057192912,2016-03-23T19:00:00Z,23,0.383333
4057192912,2016-03-23T20:00:00Z,11,0.183333
4057192912,2016-03-23T21:00:00Z,0,0
4057192912,2016-03-23T22:00:00Z,0,0
4057192912,2016-03-23T23:00:00Z,0,0
4057192912,2016-03-24T00:00:00Z,0,0
4057192912,2016-03-24T01:00:00Z,0,0
4057192912,2016-03-24T02:00:00Z,0,0
4057192912,2016-03-24T03:00:00Z,0,0
4057192912,2016-03-24T04:00:00Z,0,0
4057192912,2016-03-24T05:00:00Z,0,0
4057192912,2016-03-24T06:00:00Z,0,0
4057192912,2016-03-24T07:00:00Z,0,0
4057192912,2016-03-24T08:00:00Z,0,0
4057192912,2016-03-24T09:00:00Z,0,0
4057192912,2016-03-24T10:00:00Z,0,0
4057192912,2016-03-24T11:00:00Z,0,0
4057192912,2016-03-24T12:00:00Z,0,0
4057192912,2016-03-24T13:00:00Z,0,0
4057192912,2016-03-24T14:00:00Z,0,0
4057192912,2016-03-24T15:00:00Z,0,0
4057192912,2016-03-24T16:00:00Z,1,0.016667
4057192912,2016-03-24T17:00:00Z,0,0
4057192912,2016-03-24T18:00:00Z,0,0
4057192912,2016-03-24T19:00:00Z,0,0
4057192912,2016-03-24T20:00:00Z,0,0
4057192912,2016-03-24T21:00:00Z,0,0
4057192912,2016-03-24T22:00:00Z,0,0
4057192912,2016-03-24T23:00:00Z,0,0
4057192912,2016-03-25T00:00:00Z,0,0
4057192912,2016-03-25T01:00:00Z,0,0
4057192912,2016-03-25T02:00:00Z,0,0
4057192912,2016-03-25T03:00:00Z,0,0
4057192912,2016-03-25T04:00:00Z,0,0
4057192912,2016-03-25T05:00:00Z,0,0
4057192912,2016-03-25T06:00:00Z,0,0
4057192912,2016-03-25T07:00:00Z,0,0
4057192912,2016-03-25T08:00:00Z,0,0
4057192912,2016-03-25T09:00:00Z,0,0
4057192912,2016-03-25T10:00:00Z,0,0
4057192912,2016-03-25T11:00:00Z,0,0
4057192912,2016-03-25T12:00:00Z,0,0
4057192912,2016-03-25T13:00:00Z,0,0
4057192912,2016-03-25T14:00:00Z,0,0
4057192912,2016-03-25T15:00:00Z,0,0
4057192912,2016-03-25T16:00:00Z,0,0
4057192912,2016-03-25T17:00:00Z,0,0
4057192912,2016-03-25T18:00:00Z,0,0
4057192912,2016-03-25T19:00:00Z,0,0
4057192912,2016-03-25T20:00:00Z,0,0
4057192912,2016-03-25T21:00:00Z,0,0
4057192912,2016-03-25T22:00:00Z,0,0
4057192912,2016-03-25T23:00:00Z,0,0
4057192912,2016-03-26T00:00:00Z,0,0
4057192912,2016-03-26T01:00:00Z,0,0
4057192912,2016-03-26T02:00:00Z,0,0
4057192912,2016-03-26T03:00:00Z,0,0
4057192912,2016-03-26T04:00:00Z,0,0
4057192912,2016-03-26T05:00:00Z,0,0
4057192912,2016-03-26T06:00:00Z,0,0
4057192912,2016-03-26T07:00:00Z,0,0
4057192912,2016-03-26T08:00:00Z,0,0
4057192912,2016-03-26T09:00:00Z,0,0
4057192912,2016-03-26T10:00:00Z,0,0
4057192912,2016-03-26T11:00:00Z,0,0
4057192912,2016-03-26T12:00:00Z,0,0
4057192912,2016-03-26T13:00:00Z,0,0
4057192912,2016-03-26T14:00:00Z,0,0
4057192912,2016-03-26T15:00:00Z,0,0
4057192912,2016-03-26T16:00:00Z,0,0
4057192912,2016-03-26T17:00:00Z,0,0
4057192912,2016-03-26T18:00:00Z,0,0
4057192912,2016-03-26T19:00:00Z,0,0
4057192912,2016-03-26T20:00:00Z,0,0
4057192912,2016-03-26T21:00:00Z,0,0
4057192912,2016-03-26T22:00:00Z,0,0
4057192912,2016-03-26T23:00:00Z,0,0
4057192912,2016-03-27T00:00:00Z,0,0
4057192912,2016-03-27T01:00:00Z,0,0
4057192912,2016-03-27T02:00:00Z,0,0
4057192912,2016-03-27T03:00:00Z,0,0
4057192912,2016-03-27T04:00:00Z,0,0
4057192912,2016-03-27T05:00:00Z,0,0
4057192912,2016-03-27T06:00:00Z,0,0
4057192912,2016-03-27T07:00:00Z,0,0
4057192912,2016-03-27T08:00:00Z,0,0
4057192912,2016-03-27T09:00:00Z,0,0
4057192912,2016-03-27T10:00:00Z,0,0
4057192912,2016-03-27T11:00:00Z,0,0
4057192912,2016-03-27T12:00:00Z,0,0
4057192912,2016-03-27T13:00:00Z,14,0.233333
4057192912,2016-03-27T14:00:00Z,28,0.466667
4057192912,2016-03-27T15:00:00Z,2,0.033333
4057192912,2016-03-27T16:00:00Z,8,0.133333
4057192912,2016-03-27T17:00:00Z,4,0.066667
4057192912,2016-03-27T18:00:00Z,8,0.133333
4057192912,2016-03-27T19:00:00Z,6,0.1
4057192912,2016-03-27T20:00:00Z,10,0.166667
4057192912,2016-03-27T21:00:00Z,6,0.1
4057192912,2016-03-27T22:00:00Z,0,0
4057192912,2016-03-27T23:00:00Z,0,0
4057192912,2016-03-28T00:00:00Z,0,0
4057192912,2016-03-28T01:00:00Z,0,0
4057192912,2016-03-28T02:00:00Z,0,0
4057192912,2016-03-28T03:00:00Z,0,0
4057192912,2016-03-28T04:00:00Z,0,0
4057192912,2016-03-28T05:00:00Z,0,0
4057192912,2016-03-28T06:00:00Z,0,0
4057192912,2016-03-28T07:00:00Z,0,0
4057192912,2016-03-28T08:00:00Z,0,0
4057192912,2016-03-28T09:00:00Z,0,0
4057192912,2016-03-28T10:00:00Z,0,0
4057192912,2016-03-28T11:00:00Z,0,0
4057192912,2016-03-28T12:00:00Z,0,0
4057192912,2016-03-28T13:00:00Z,0,0
4057192912,2016-03-28T14:00:00Z,0,0
4057192912,2016-03-28T15:00:00Z,0,0
4057192912,2016-03-28T16:00:00Z,0,0
4057192912,2016-03-28T17:00:00Z,0,0
4057192912,2016-03-28T18:00:00Z,1,0.016667
4057192912,2016-03-28T19:00:00Z,0,0
4057192912,2016-03-28T20:00:00Z,0,0
4057192912,2016-03-28T21:00:00Z,0,0
4057192912,2016-03-28T22:00:00Z,0,0
4057192912,2016-03-28T23:00:00Z,0,0
4057192912,2016-03-29T00:00:00Z,0,0
4057192912,2016-03-29T01:00:00Z,0,0
4057192912,2016-03-29T02:00:00Z,0,0
4057192912,2016-03-29T03:00:00Z,0,0
4057192912,2016-03-29T04:00:00Z,0,0
4057192912,2016-03-29T05:00:00Z,0,0
4057192912,2016-03-29T06:00:00Z,0,0
4057192912,2016-03-29T07:00:00Z,25,0.416667
4057192912,2016-03-29T08:00:00Z,4,0.066667
4057192912,2016-03-29T09:00:00Z,19,0.316667
4057192912,2016-03-29T10:00:00Z,11,0.183333
4057192912,2016-03-29T11:00:00Z,4,0.066667
4057192912,2016-03-29T12:00:00Z,12,0.2
4057192912,2016-03-29T13:00:00Z,14,0.233333
4057192912,2016-03-29T14:00:00Z,5,0.083333
4057192912,2016-03-29T15:00:00Z,7,0.116667
4057192912,2016-03-29T16:00:00Z,13,0.216667
4057192912,2016-03-29T17:00:00Z,7,0.116667
4057192912,2016-03-29T18:00:00Z,23,0.383333
4057192912,2016-03-29T19:00:00Z,6,0.1
4057192912,2016-03-29T20:00:00Z,5,0.083333
4057192912,2016-03-29T21:00:00Z,0,0
4057192912,2016-03-29T22:00:00Z,0,0
4057192912,2016-03-29T23:00:00Z,5,0.083333
4057192912,2016-03-30T00:00:00Z,7,0.116667
4057192912,2016-03-30T01:00:00Z,0,0
4057192912,2016-03-30T02:00:00Z,0,0
4057192912,2016-03-30T03:00:00Z,0,0
4057192912,2016-03-30T04:00:00Z,0,0
4057192912,2016-03-30T05:00:00Z,0,0
4057192912,2016-03-30T06:00:00Z,2,0.033333
4057192912,2016-03-30T07:00:00Z,2,0.033333
4057192912,2016-03-30T08:00:00Z,5,0.083333
4057192912,2016-03-30T09:00:00Z,11,0.183333
4057192912,2016-03-30T10:00:00Z,8,0.133333
4057192912,2016-03-30T11:00:00Z,18,0.3
4057192912,2016-03-30T12:00:00Z,7,0.116667
4057192912,2016-03-30T13:00:00Z,12,0.2
4057192912,2016-03-30T14:00:00Z,10,0.166667
4057192912,2016-03-30T15:00:00Z,3,0.05
4057192912,2016-03-30T16:00:00Z,7,0.116667
4057192912,2016-03-30T17:00:00Z,12,0.2
4057192912,2016-03-30T18:00:00Z,10,0.166667
4057192912,2016-03-30T19:00:00Z,1,0.016667
4057192912,2016-03-30T20:00:00Z,12,0.2
4057192912,2016-03-30T21:00:00Z,0,0
4057192912,2016-03-30T22:00:00Z,15,0.25
4057192912,2016-03-30T23:00:00Z,3,0.05
4057192912,2016-03-31T00:00:00Z,0,0
4057192912,2016-03-31T01:00:00Z,0,0
4057192912,2016-03-31T02:00:00Z,0,0
4057192912,2016-03-31T03:00:00Z,0,0
4057192912,2016-03-31T04:00:00Z,0,0
4057192912,2016-03-31T05:00:00Z,0,0
4057192912,2016-03-31T06:00:00Z,0,0
4057192912,2016-03-31T07:00:00Z,0,0
4057192912,2016-03-31T08:00:00Z,0,0
4057192912,2016-03-31T09:00:00Z,0,0
4057192912,2016-03-31T10:00:00Z,0,0
4057192912,2016-03-31T11:00:00Z,0,0
4057192912,2016-03-31T12:00:00Z,0,0
4057192912,2016-03-31T13:00:00Z,0,0
4057192912,2016-03-31T14:00:00Z,0,0
4057192912,2016-03-31T15:00:00Z,0,0
4057192912,2016-03-31T16:00:00Z,0,0
4057192912,2016-03-31T17:00:00Z,0,0
4057192912,2016-03-31T18:00:00Z,0,0
4057192912,2016-03-31T19:00:00Z,0,0
4057192912,2016-03-31T20:00:00Z,0,0
4057192912,2016-03-31T21:00:00Z,0,0
4057192912,2016-03-31T22:00:00Z,0,0
4057192912,2016-03-31T23:00:00Z,0,0
4057192912,2016-04-01T00:00:00Z,0,0
4057192912,2016-04-01T01:00:00Z,0,0
4057192912,2016-04-01T02:00:00Z,0,0
4057192912,2016-04-01T03:00:00Z,0,0
4057192912,2016-04-01T04:00:00Z,0,0
4057192912,2016-04-01T05:00:00Z,0,0
4057192912,2016-04-01T06:00:00Z,0,0
4057192912,2016-04-01T07:00:00Z,0,0
4057192912,2016-04-01T08:00:00Z,0,0
4057192912,2016-04-01T09:00:00Z,0,0
4057192912,2016-04-01T10:00:00Z,0,0
4057192912,2016-04-01T11:00:00Z,0,0
4057192912,2016-04-01T12:00:00Z,0,0
4057192912,2016-04-01T13:00:00Z,0,0
4057192912,2016-04-01T14:00:00Z,0,0
4057192912,2016-04-01T15:00:00Z,0,0
4057192912,2016-04-01T16:00:00Z,0,0
4057192912,2016-04-01T17:00:00Z,0,0
4057192912,2016-04-01T18:00:00Z,0,0
4057192912,2016-04-01T19:00:00Z,0,0
4057192912,2016-04-01T20:00:00Z,0,0
4057192912,2016-04-01T21:00:00Z,0,0
4057192912,2016-04-01T22:00:00Z,0,0
4057192912,2016-04-01T23:00:00Z,0,0
4057192912,2016-04-02T00:00:00Z,0,0
4057192912,2016-04-02T01:00:00Z,0,0
4057192912,2016-04-02T02:00:00Z,0,0
4057192912,2016-04-02T03:00:00Z,0,0
4057192912,2016-04-02T04:00:00Z,0,0
4057192912,2016-04-02T05:00:00Z,0,0
4057192912,2016-04-02T06:00:00Z,0,0
4057192912,2016-04-02T07:00:00Z,0,0
4057192912,2016-04-02T08:00:00Z,0,0
4057192912,2016-04-02T09:00:00Z,0,0
4057192912,2016-04-02T10:00:00Z,0,0
4057192912,2016-04-02T11:00:00Z,0,0
4057192912,2016-04-02T12:00:00Z,0,0
4057192912,2016-04-02T13:00:00Z,0,0
4057192912,2016-04-02T14:00:00Z,0,0
4057192912,2016-04-02T15:00:00Z,0,0
4057192912,2016-04-02T16:00:00Z,0,0
4057192912,2016-04-02T17:00:00Z,0,0
4057192912,2016-04-02T18:00:00Z,0,0
4057192912,2016-04-02T19:00:00Z,0,0
4057192912,2016-04-02T20:00:00Z,0,0
4057192912,2016-04-02T21:00:00Z,0,0
4057192912,2016-04-02T22:00:00Z,0,0
4057192912,2016-04-02T23:00:00Z,0,0
4057192912,2016-04-03T00:00:00Z,0,0
4057192912,2016-04-03T01:00:00Z,0,0
4057192912,2016-04-03T02:00:00Z,0,0
4057192912,2016-04-03T03:00:00Z,0,0
4057192912,2016-04-03T04:00:00Z,0,0
4057192912,2016-04-03T05:00:00Z,0,0
4057192912,2016-04-03T06:00:00Z,0,0
4057192912,2016-04-03T07:00:00Z,0,0
4057192912,2016-04-03T08:00:00Z,0,0
4057192912,2016-04-03T09:00:00Z,0,0
4057192912,2016-04-03T10:00:00Z,0,0
4057192912,2016-04-03T11:00:00Z,0,0
4057192912,2016-04-03T12:00:00Z,0,0
4057192912,2016-04-03T13:00:00Z,0,0
4057192912,2016-04-03T14:00:00Z,0,0
4057192912,2016-04-03T15:00:00Z,0,0
4057192912,2016-04-03T16:00:00Z,0,0
4057192912,2016-04-03T17:00:00Z,0,0
4057192912,2016-04-03T18:00:00Z,0,0
4057192912,2016-04-03T19:00:00Z,0,0
4057192912,2016-04-03T20:00:00Z,0,0
4057192912,2016-04-03T21:00:00Z,0,0
4057192912,2016-04-03T22:00:00Z,0,0
4057192912,2016-04-03T23:00:00Z,0,0
4057192912,2016-04-04T00:00:00Z,0,0
4057192912,2016-04-04T01:00:00Z,0,0
4057192912,2016-04-04T02:00:00Z,0,0
4057192912,2016-04-04T03:00:00Z,0,0
4057192912,2016-04-04T04:00:00Z,0,0
4057192912,2016-04-04T05:00:00Z,0,0
4057192912,2016-04-04T06:00:00Z,0,0
4057192912,2016-04-04T07:00:00Z,0,0
4057192912,2016-04-04T08:00:00Z,0,0
4057192912,2016-04-04T09:00:00Z,0,0
4057192912,2016-04-04T10:00:00Z,0,0
4057192912,2016-04-04T11:00:00Z,0,0
4057192912,2016-04-04T12:00:00Z,0,0
4057192912,2016-04-04T13:00:00Z,0,0
4057192912,2016-04-04T14:00:00Z,0,0
4057192912,2016-04-04T15:00:00Z,0,0
4057192912,2016-04-04T16:00:00Z,0,0
4057192912,2016-04-04T17:00:00Z,0,0
4057192912,2016-04-04T18:00:00Z,0,0
4057192912,2016-04-04T19:00:00Z,0,0
4057192912,2016-04-04T20:00:00Z,0,0
4057192912,2016-04-04T21:00:00Z,0,0
4057192912,2016-04-04T22:00:00Z,0,0
4057192912,2016-04-04T23:00:00Z,0,0
4057192912,2016-04-05T00:00:00Z,0,0
4057192912,2016-04-05T01:00:00Z,0,0
4057192912,2016-04-05T02:00:00Z,0,0
4057192912,2016-04-05T03:00:00Z,0,0
4057192912,2016-04-05T04:00:00Z,0,0
4057192912,2016-04-05T05:00:00Z,0,0
4057192912,2016-04-05T06:00:00Z,0,0
4057192912,2016-04-05T07:00:00Z,0,0
4057192912,2016-04-05T08:00:00Z,0,0
4057192912,2016-04-05T09:00:00Z,0,0
4057192912,2016-04-05T10:00:00Z,0,0
4057192912,2016-04-05T11:00:00Z,0,0
4057192912,2016-04-05T12:00:00Z,0,0
4057192912,2016-04-05T13:00:00Z,0,0
4057192912,2016-04-05T14:00:00Z,0,0
4057192912,2016-04-05T15:00:00Z,0,0
4057192912,2016-04-05T16:00:00Z,0,0
4057192912,2016-04-05T17:00:00Z,0,0
4057192912,2016-04-05T18:00:00Z,0,0
4057192912,2016-04-05T19:00:00Z,0,0
4057192912,2016-04-05T20:00:00Z,0,0
4057192912,2016-04-05T21:00:00Z,0,0
4057192912,2016-04-05T22:00:00Z,0,0
4057192912,2016-04-05T23:00:00Z,0,0
4057192912,2016-04-06T00:00:00Z,0,0
4057192912,2016-04-06T01:00:00Z,0,0
4057192912,2016-04-06T02:00:00Z,0,0
4057192912,2016-04-06T03:00:00Z,0,0
4057192912,2016-04-06T04:00:00Z,0,0
4057192912,2016-04-06T05:00:00Z,0,0
4057192912,2016-04-06T06:00:00Z,0,0
4057192912,2016-04-06T07:00:00Z,0,0
4057192912,2016-04-06T08:00:00Z,0,0
4057192912,2016-04-06T09:00:00Z,0,0
4057192912,2016-04-06T10:00:00Z,0,0
4057192912,2016-04-06T11:00:00Z,0,0
4057192912,2016-04-06T12:00:00Z,0,0
4057192912,2016-04-06T13:00:00Z,0,0
4057192912,2016-04-06T14:00:00Z,0,0
4057192912,2016-04-06T15:00:00Z,2,0.033333
4057192912,2016-04-06T16:00:00Z,0,0
4057192912,2016-04-06T17:00:00Z,0,0
4057192912,2016-04-06T18:00:00Z,0,0
4057192912,2016-04-06T19:00:00Z,0,0
4057192912,2016-04-06T20:00:00Z,0,0
4057192912,2016-04-06T21:00:00Z,0,0
4057192912,2016-04-06T22:00:00Z,0,0
4057192912,2016-04-06T23:00:00Z,0,0
4057192912,2016-04-07T00:00:00Z,0,0
4057192912,2016-04-07T01:00:00Z,0,0
4057192912,2016-04-07T02:00:00Z,0,0
4057192912,2016-04-07T03:00:00Z,0,0
4057192912,2016-04-07T04:00:00Z,0,0
4057192912,2016-04-07T05:00:00Z,0,0
4057192912,2016-04-07T06:00:00Z,0,0
4057192912,2016-04-07T07:00:00Z,0,0
4057192912,2016-04-07T08:00:00Z,0,0
4057192912,2016-04-07T09:00:00Z,0,0
4057192912,2016-04-07T10:00:00Z,0,0
4057192912,2016-04-07T11:00:00Z,0,0
4057192912,2016-04-07T12:00:00Z,0,0
4057192912,2016-04-07T13:00:00Z,0,0
4057192912,2016-04-07T14:00:00Z,0,0
4057192912,2016-04-07T15:00:00Z,0,0
4057192912,2016-04-07T16:00:00Z,0,0
4057192912,2016-04-07T17:00:00Z,0,0
4057192912,2016-04-07T18:00:00Z,1,0.016667
4057192912,2016-04-07T19:00:00Z,0,0
4057192912,2016-04-07T20:00:00Z,0,0
4057192912,2016-04-07T21:00:00Z,0,0
4057192912,2016-04-07T22:00:00Z,0,0
4057192912,2016-04-07T23:00:00Z,0,0
4057192912,2016-04-08T00:00:00Z,0,0
4057192912,2016-04-08T01:00:00Z,0,0
4057192912,2016-04-08T02:00:00Z,0,0
4057192912,2016-04-08T03:00:00Z,0,0
4057192912,2016-04-08T04:00:00Z,0,0
4057192912,2016-04-08T05:00:00Z,0,0
4057192912,2016-04-08T06:00:00Z,0,0
4057192912,2016-04-08T07:00:00Z,0,0
4057192912,2016-04-08T08:00:00Z,0,0
4057192912,2016-04-08T09:00:00Z,0,0
4057192912,2016-04-08T10:00:00Z,0,0
4057192912,2016-04-08T11:00:00Z,0,0
4057192912,2016-04-08T12:00:00Z,6,0.1
4057192912,2016-04-08T13:00:00Z,77,1.283333
4057192912,2016-04-08T14:00:00Z,117,1.95
4057192912,2016-04-08T15:00:00Z,70,1.166667
4057192912,2016-04-08T16:00:00Z,0,0
4057192912,2016-04-08T17:00:00Z,0,0
4057192912,2016-04-08T18:00:00Z,1,0.016667
4057192912,2016-04-08T19:00:00Z,0,0
4057192912,2016-04-08T20:00:00Z,0,0
4057192912,2016-04-08T21:00:00Z,0,0
4057192912,2016-04-08T22:00:00Z,0,0
4057192912,2016-04-08T23:00:00Z,0,0
4057192912,2016-04-09T00:00:00Z,0,0
4057192912,2016-04-09T01:00:00Z,0,0
4057192912,2016-04-09T02:00:00Z,0,0
4057192912,2016-04-09T03:00:00Z,0,0
4057192912,2016-04-09T04:00:00Z,0,0
4057192912,2016-04-09T05:00:00Z,0,0
4057192912,2016-04-09T06:00:00Z,0,0
4057192912,2016-04-09T07:00:00Z,0,0
4057192912,2016-04-09T08:00:00Z,0,0
4057192912,2016-04-09T09:00:00Z,0,0
4057192912,2016-04-09T10:00:00Z,0,0
4057192912,2016-04-09T11:00:00Z,0,0
4057192912,2016-04-09T12:00:00Z,0,0
4057192912,2016-04-09T13:00:00Z,0,0
4057192912,2016-04-09T14:00:00Z,0,0
4057192912,2016-04-09T15:00:00Z,0,0
4057192912,2016-04-09T16:00:00Z,0,0
4057192912,2016-04-09T17:00:00Z,0,0
4057192912,2016-04-09T18:00:00Z,16,0.266667
4057192912,2016-04-09T19:00:00Z,8,0.133333
4057192912,2016-04-09T20:00:00Z,10,0.166667
4057192912,2016-04-09T21:00:00Z,20,0.333333
4057192912,2016-04-09T22:00:00Z,6,0.1
4057192912,2016-04-09T23:00:00Z,0,0
4057192912,2016-04-10T00:00:00Z,0,0
4057192912,2016-04-10T01:00:00Z,0,0
4057192912,2016-04-10T02:00:00Z,0,0
4057192912,2016-04-10T03:00:00Z,0,0
4057192912,2016-04-10T04:00:00Z,0,0
4057192912,2016-04-10T05:00:00Z,0,0
4057192912,2016-04-10T06:00:00Z,0,0
4057192912,2016-04-10T07:00:00Z,0,0
4057192912,2016-04-10T08:00:00Z,0,0
4057192912,2016-04-10T09:00:00Z,10,0.166667
4057192912,2016-04-10T10:00:00Z,15,0.25
4057192912,2016-04-10T11:00:00Z,10,0.166667
4057192912,2016-04-10T12:00:00Z,16,0.266667
4057192912,2016-04-10T13:00:00Z,8,0.133333
4057192912,2016-04-10T14:00:00Z,17,0.283333
4057192912,2016-04-10T15:00:00Z,42,0.7
4057192912,2016-04-10T16:00:00Z,7,0.116667
4057192912,2016-04-10T17:00:00Z,0,0
4057192912,2016-04-10T18:00:00Z,0,0
4057192912,2016-04-10T19:00:00Z,0,0
4057192912,2016-04-10T20:00:00Z,0,0
4057192912,2016-04-10T21:00:00Z,0,0
4057192912,2016-04-10T22:00:00Z,0,0
4057192912,2016-04-10T23:00:00Z,0,0
4057192912,2016-04-11T00:00:00Z,0,0
4057192912,2016-04-11T01:00:00Z,0,0
4057192912,2016-04-11T02:00:00Z,0,0
4057192912,2016-04-11T03:00:00Z,0,0
4057192912,2016-04-11T04:00:00Z,0,0
4057192912,2016-04-11T05:00:00Z,0,0
4057192912,2016-04-11T06:00:00Z,6,0.1
4057192912,2016-04-11T07:00:00Z,43,0.716667
4057192912,2016-04-11T08:00:00Z,13,0.216667
4057192912,2016-04-11T09:00:00Z,15,0.25
4057192912,2016-04-11T10:00:00Z,5,0.083333
4057192912,2016-04-11T11:00:00Z,15,0.25
4057192912,2016-04-11T12:00:00Z,10,0.166667
4057192912,2016-04-11T13:00:00Z,17,0.283333
4057192912,2016-04-11T14:00:00Z,7,0.116667
4057192912,2016-04-11T15:00:00Z,3,0.05
4057192912,2016-04-11T16:00:00Z,14,0.233333
4057192912,2016-04-11T17:00:00Z,8,0.133333
4057192912,2016-04-11T18:00:00Z,20,0.333333
4057192912,2016-04-11T19:00:00Z,1,0.016667
4057192912,2016-04-11T20:00:00Z,1,0.016667
4057192912,2016-04-11T21:00:00Z,8,0.133333
4057192912,2016-04-11T22:00:00Z,2,0.033333
4057192912,2016-04-11T23:00:00Z,5,0.083333
4057192912,2016-04-12T00:00:00Z,1,0.016667
4057192912,2016-04-12T01:00:00Z,0,0
4057192912,2016-04-12T02:00:00Z,0,0
4057192912,2016-04-12T03:00:00Z,8,0.133333
4057192912,2016-04-12T04:00:00Z,0,0
4057192912,2016-04-12T05:00:00Z,0,0
4319703577,2016-03-12T00:00:00Z,1,0.016667
4319703577,2016-03-12T01:00:00Z,0,0
4319703577,2016-03-12T02:00:00Z,0,0
4319703577,2016-03-12T03:00:00Z,0,0
4319703577,2016-03-12T04:00:00Z,1,0.016667
4319703577,2016-03-12T05:00:00Z,0,0
4319703577,2016-03-12T06:00:00Z,0,0
4319703577,2016-03-12T07:00:00Z,0,0
4319703577,2016-03-12T08:00:00Z,11,0.183333
4319703577,2016-03-12T09:00:00Z,17,0.283333
4319703577,2016-03-12T10:00:00Z,6,0.1
4319703577,2016-03-12T11:00:00Z,35,0.583333
4319703577,2016-03-12T12:00:00Z,34,0.566667
4319703577,2016-03-12T13:00:00Z,12,0.2
4319703577,2016-03-12T14:00:00Z,6,0.1
4319703577,2016-03-12T15:00:00Z,12,0.2
4319703577,2016-03-12T16:00:00Z,22,0.366667
4319703577,2016-03-12T17:00:00Z,20,0.333333
4319703577,2016-03-12T18:00:00Z,19,0.316667
4319703577,2016-03-12T19:00:00Z,43,0.716667
4319703577,2016-03-12T20:00:00Z,31,0.516667
4319703577,2016-03-12T21:00:00Z,17,0.283333
4319703577,2016-03-12T22:00:00Z,0,0
4319703577,2016-03-12T23:00:00Z,10,0.166667
4319703577,2016-03-13T00:00:00Z,1,0.016667
4319703577,2016-03-13T01:00:00Z,0,0
4319703577,2016-03-13T02:00:00Z,0,0
4319703577,2016-03-13T03:00:00Z,1,0.016667
4319703577,2016-03-13T04:00:00Z,0,0
4319703577,2016-03-13T05:00:00Z,0,0
4319703577,2016-03-13T06:00:00Z,17,0.283333
4319703577,2016-03-13T07:00:00Z,28,0.466667
4319703577,2016-03-13T08:00:00Z,13,0.216667
4319703577,2016-03-13T09:00:00Z,60,1
4319703577,2016-03-13T10:00:00Z,37,0.616667
4319703577,2016-03-13T11:00:00Z,17,0.283333
4319703577,2016-03-13T12:00:00Z,5,0.083333
4319703577,2016-03-13T13:00:00Z,32,0.533333
4319703577,2016-03-13T14:00:00Z,31,0.516667
4319703577,2016-03-13T15:00:00Z,25,0.416667
4319703577,2016-03-13T16:00:00Z,6,0.1
4319703577,2016-03-13T17:00:00Z,34,0.566667
4319703577,2016-03-13T18:00:00Z,3,0.05
4319703577,2016-03-13T19:00:00Z,0,0
4319703577,2016-03-13T20:00:00Z,0,0
4319703577,2016-03-13T21:00:00Z,1,0.016667
4319703577,2016-03-13T22:00:00Z,0,0
4319703577,2016-03-13T23:00:00Z,0,0
4319703577,2016-03-14T00:00:00Z,0,0
4319703577,2016-03-14T01:00:00Z,0,0
4319703577,2016-03-14T02:00:00Z,0,0
4319703577,2016-03-14T03:00:00Z,0,0
4319703577,2016-03-14T04:00:00Z,0,0
4319703577,2016-03-14T05:00:00Z,0,0
4319703577,2016-03-14T06:00:00Z,0,0
4319703577,2016-03-14T07:00:00Z,0,0
4319703577,2016-03-14T08:00:00Z,0,0
4319703577,2016-03-14T09:00:00Z,46,0.766667
4319703577,2016-03-14T10:00:00Z,33,0.55
4319703577,2016-03-14T11:00:00Z,40,0.666667
4319703577,2016-03-14T12:00:00Z,14,0.233333
4319703577,2016-03-14T13:00:00Z,29,0.483333
4319703577,2016-03-14T14:00:00Z,24,0.4
4319703577,2016-03-14T15:00:00Z,6,0.1
4319703577,2016-03-14T16:00:00Z,35,0.583333
4319703577,2016-03-14T17:00:00Z,31,0.516667
4319703577,2016-03-14T18:00:00Z,30,0.5
4319703577,2016-03-14T19:00:00Z,39,0.65
4319703577,2016-03-14T20:00:00Z,31,0.516667
4319703577,2016-03-14T21:00:00Z,13,0.216667
4319703577,2016-03-14T22:00:00Z,5,0.083333
4319703577,2016-03-14T23:00:00Z,0,0
4319703577,2016-03-15T00:00:00Z,1,0.016667
4319703577,2016-03-15T01:00:00Z,0,0
4319703577,2016-03-15T02:00:00Z,0,0
4319703577,2016-03-15T03:00:00Z,0,0
4319703577,2016-03-15T04:00:00Z,0,0
4319703577,2016-03-15T05:00:00Z,1,0.016667
4319703577,2016-03-15T06:00:00Z,0,0
4319703577,2016-03-15T07:00:00Z,15,0.25
4319703577,2016-03-15T08:00:00Z,7,0.116667
4319703577,2016-03-15T09:00:00Z,43,0.716667
4319703577,2016-03-15T10:00:00Z,40,0.666667
4319703577,2016-03-15T11:00:00Z,38,0.633333
4319703577,2016-03-15T12:00:00Z,14,0.233333
4319703577,2016-03-15T13:00:00Z,27,0.45
4319703577,2016-03-15T14:00:00Z,23,0.383333
4319703577,2016-03-15T15:00:00Z,24,0.4
4319703577,2016-03-15T16:00:00Z,11,0.183333
4319703577,2016-03-15T17:00:00Z,6,0.1
4319703577,2016-03-15T18:00:00Z,4,0.066667
4319703577,2016-03-15T19:00:00Z,25,0.416667
4319703577,2016-03-15T20:00:00Z,0,0
4319703577,2016-03-15T21:00:00Z,0,0
4319703577,2016-03-15T22:00:00Z,15,0.25
4319703577,2016-03-15T23:00:00Z,0,0
4319703577,2016-03-16T00:00:00Z,1,0.016667
4319703577,2016-03-16T01:00:00Z,0,0
4319703577,2016-03-16T02:00:00Z,0,0
4319703577,2016-03-16T03:00:00Z,1,0.016667
4319703577,2016-03-16T04:00:00Z,1,0.016667
4319703577,2016-03-16T05:00:00Z,1,0.016667
4319703577,2016-03-16T06:00:00Z,0,0
4319703577,2016-03-16T07:00:00Z,0,0
4319703577,2016-03-16T08:00:00Z,16,0.266667
4319703577,2016-03-16T09:00:00Z,0,0
4319703577,2016-03-16T10:00:00Z,43,0.716667
4319703577,2016-03-16T11:00:00Z,51,0.85
4319703577,2016-03-16T12:00:00Z,68,1.133333
4319703577,2016-03-16T13:00:00Z,24,0.4
4319703577,2016-03-16T14:00:00Z,25,0.416667
4319703577,2016-03-16T15:00:00Z,18,0.3
4319703577,2016-03-16T16:00:00Z,13,0.216667
4319703577,2016-03-16T17:00:00Z,14,0.233333
4319703577,2016-03-16T18:00:00Z,14,0.233333
4319703577,2016-03-16T19:00:00Z,43,0.716667
4319703577,2016-03-16T20:00:00Z,8,0.133333
4319703577,2016-03-16T21:00:00Z,7,0.116667
4319703577,2016-03-16T22:00:00Z,10,0.166667
4319703577,2016-03-16T23:00:00Z,0,0
4319703577,2016-03-17T00:00:00Z,1,0.016667
4319703577,2016-03-17T01:00:00Z,0,0
4319703577,2016-03-17T02:00:00Z,0,0
4319703577,2016-03-17T03:00:00Z,0,0
4319703577,2016-03-17T04:00:00Z,1,0.016667
4319703577,2016-03-17T05:00:00Z,1,0.016667
4319703577,2016-03-17T06:00:00Z,1,0.016667
4319703577,2016-03-17T07:00:00Z,0,0
4319703577,2016-03-17T08:00:00Z,12,0.2
4319703577,2016-03-17T09:00:00Z,10,0.166667
4319703577,2016-03-17T10:00:00Z,44,0.733333
4319703577,2016-03-17T11:00:00Z,22,0.366667
4319703577,2016-03-17T12:00:00Z,29,0.483333
4319703577,2016-03-17T13:00:00Z,17,0.283333
4319703577,2016-03-17T14:00:00Z,35,0.583333
4319703577,2016-03-17T15:00:00Z,12,0.2
4319703577,2016-03-17T16:00:00Z,15,0.25
4319703577,2016-03-17T17:00:00Z,17,0.283333
4319703577,2016-03-17T18:00:00Z,20,0.333333
4319703577,2016-03-17T19:00:00Z,33,0.55
4319703577,2016-03-17T20:00:00Z,15,0.25
4319703577,2016-03-17T21:00:00Z,7,0.116667
4319703577,2016-03-17T22:00:00Z,21,0.35
4319703577,2016-03-17T23:00:00Z,0,0
4319703577,2016-03-18T00:00:00Z,0,0
4319703577,2016-03-18T01:00:00Z,0,0
4319703577,2016-03-18T02:00:00Z,1,0.016667
4319703577,2016-03-18T03:00:00Z,1,0.016667
4319703577,2016-03-18T04:00:00Z,0,0
4319703577,2016-03-18T05:00:00Z,1,0.016667
4319703577,2016-03-18T06:00:00Z,1,0.016667
4319703577,2016-03-18T07:00:00Z,0,0
4319703577,2016-03-18T08:00:00Z,15,0.25
4319703577,2016-03-18T09:00:00Z,14,0.233333
4319703577,2016-03-18T10:00:00Z,57,0.95
4319703577,2016-03-18T11:00:00Z,25,0.416667
4319703577,2016-03-18T12:00:00Z,39,0.65
4319703577,2016-03-18T13:00:00Z,10,0.166667
4319703577,2016-03-18T14:00:00Z,17,0.283333
4319703577,2016-03-18T15:00:00Z,14,0.233333
4319703577,2016-03-18T16:00:00Z,0,0
4319703577,2016-03-18T17:00:00Z,0,0
4319703577,2016-03-18T18:00:00Z,16,0.266667
4319703577,2016-03-18T19:00:00Z,31,0.516667
4319703577,2016-03-18T20:00:00Z,14,0.233333
4319703577,2016-03-18T21:00:00Z,8,0.133333
4319703577,2016-03-18T22:00:00Z,1,0.016667
4319703577,2016-03-18T23:00:00Z,16,0.266667
4319703577,2016-03-19T00:00:00Z,0,0
4319703577,2016-03-19T01:00:00Z,0,0
4319703577,2016-03-19T02:00:00Z,1,0.016667
4319703577,2016-03-19T03:00:00Z,0,0
4319703577,2016-03-19T04:00:00Z,1,0.016667
4319703577,2016-03-19T05:00:00Z,0,0
4319703577,2016-03-19T06:00:00Z,0,0
4319703577,2016-03-19T07:00:00Z,32,0.533333
4319703577,2016-03-19T08:00:00Z,19,0.316667
4319703577,2016-03-19T09:00:00Z,10,0.166667
4319703577,2016-03-19T10:00:00Z,10,0.166667
4319703577,2016-03-19T11:00:00Z,24,0.4
4319703577,2016-03-19T12:00:00Z,11,0.183333
4319703577,2016-03-19T13:00:00Z,13,0.216667
4319703577,2016-03-19T14:00:00Z,3,0.05
4319703577,2016-03-19T15:00:00Z,9,0.15
4319703577,2016-03-19T16:00:00Z,16,0.266667
4319703577,2016-03-19T17:00:00Z,10,0.166667
4319703577,2016-03-19T18:00:00Z,20,0.333333
4319703577,2016-03-19T19:00:00Z,32,0.533333
4319703577,2016-03-19T20:00:00Z,24,0.4
4319703577,2016-03-19T21:00:00Z,5,0.083333
4319703577,2016-03-19T22:00:00Z,17,0.283333
4319703577,2016-03-19T23:00:00Z,0,0
4319703577,2016-03-20T00:00:00Z,3,0.05
4319703577,2016-03-20T01:00:00Z,1,0.016667
4319703577,2016-03-20T02:00:00Z,0,0
4319703577,2016-03-20T03:00:00Z,0,0
4319703577,2016-03-20T04:00:00Z,2,0.033333
4319703577,2016-03-20T05:00:00Z,0,0
4319703577,2016-03-20T06:00:00Z,1,0.016667
4319703577,2016-03-20T07:00:00Z,23,0.383333
4319703577,2016-03-20T08:00:00Z,26,0.433333
4319703577,2016-03-20T09:00:00Z,10,0.166667
4319703577,2016-03-20T10:00:00Z,14,0.233333
4319703577,2016-03-20T11:00:00Z,25,0.416667
4319703577,2016-03-20T12:00:00Z,28,0.466667
4319703577,2016-03-20T13:00:00Z,5,0.083333
4319703577,2016-03-20T14:00:00Z,11,0.183333
4319703577,2016-03-20T15:00:00Z,13,0.216667
4319703577,2016-03-20T16:00:00Z,17,0.283333
4319703577,2016-03-20T17:00:00Z,0,0
4319703577,2016-03-20T18:00:00Z,0,0
4319703577,2016-03-20T19:00:00Z,0,0
4319703577,2016-03-20T20:00:00Z,0,0
4319703577,2016-03-20T21:00:00Z,0,0
4319703577,2016-03-20T22:00:00Z,12,0.2
4319703577,2016-03-20T23:00:00Z,0,0
4319703577,2016-03-21T00:00:00Z,0,0
4319703577,2016-03-21T01:00:00Z,1,0.016667
4319703577,2016-03-21T02:00:00Z,1,0.016667
4319703577,2016-03-21T03:00:00Z,0,0
4319703577,2016-03-21T04:00:00Z,3,0.05
4319703577,2016-03-21T05:00:00Z,1,0.016667
4319703577,2016-03-21T06:00:00Z,3,0.05
4319703577,2016-03-21T07:00:00Z,1,0.016667
4319703577,2016-03-21T08:00:00Z,14,0.233333
4319703577,2016-03-21T09:00:00Z,25,0.416667
4319703577,2016-03-21T10:00:00Z,36,0.6
4319703577,2016-03-21T11:00:00Z,19,0.316667
4319703577,2016-03-21T12:00:00Z,25,0.416667
4319703577,2016-03-21T13:00:00Z,11,0.183333
4319703577,2016-03-21T14:00:00Z,36,0.6
4319703577,2016-03-21T15:00:00Z,20,0.333333
4319703577,2016-03-21T16:00:00Z,4,0.066667
4319703577,2016-03-21T17:00:00Z,32,0.533333
4319703577,2016-03-21T18:00:00Z,25,0.416667
4319703577,2016-03-21T19:00:00Z,39,0.65
4319703577,2016-03-21T20:00:00Z,0,0
4319703577,2016-03-21T21:00:00Z,0,0
4319703577,2016-03-21T22:00:00Z,0,0
4319703577,2016-03-21T23:00:00Z,0,0
4319703577,2016-03-22T00:00:00Z,0,0
4319703577,2016-03-22T01:00:00Z,0,0
4319703577,2016-03-22T02:00:00Z,0,0
4319703577,2016-03-22T03:00:00Z,0,0
4319703577,2016-03-22T04:00:00Z,0,0
4319703577,2016-03-22T05:00:00Z,0,0
4319703577,2016-03-22T06:00:00Z,0,0
4319703577,2016-03-22T07:00:00Z,2,0.033333
4319703577,2016-03-22T08:00:00Z,15,0.25
4319703577,2016-03-22T09:00:00Z,3,0.05
4319703577,2016-03-22T10:00:00Z,42,0.7
4319703577,2016-03-22T11:00:00Z,25,0.416667
4319703577,2016-03-22T12:00:00Z,28,0.466667
4319703577,2016-03-22T13:00:00Z,11,0.183333
4319703577,2016-03-22T14:00:00Z,22,0.366667
4319703577,2016-03-22T15:00:00Z,7,0.116667
4319703577,2016-03-22T16:00:00Z,21,0.35
4319703577,2016-03-22T17:00:00Z,13,0.216667
4319703577,2016-03-22T18:00:00Z,19,0.316667
4319703577,2016-03-22T19:00:00Z,51,0.85
4319703577,2016-03-22T20:00:00Z,22,0.366667
4319703577,2016-03-22T21:00:00Z,17,0.283333
4319703577,2016-03-22T22:00:00Z,11,0.183333
4319703577,2016-03-22T23:00:00Z,0,0
4319703577,2016-03-23T00:00:00Z,1,0.016667
4319703577,2016-03-23T01:00:00Z,0,0
4319703577,2016-03-23T02:00:00Z,0,0
4319703577,2016-03-23T03:00:00Z,0,0
4319703577,2016-03-23T04:00:00Z,0,0
4319703577,2016-03-23T05:00:00Z,0,0
4319703577,2016-03-23T06:00:00Z,0,0
4319703577,2016-03-23T07:00:00Z,0,0
4319703577,2016-03-23T08:00:00Z,16,0.266667
4319703577,2016-03-23T09:00:00Z,5,0.083333
4319703577,2016-03-23T10:00:00Z,45,0.75
4319703577,2016-03-23T11:00:00Z,47,0.783333
4319703577,2016-03-23T12:00:00Z,40,0.666667
4319703577,2016-03-23T13:00:00Z,13,0.216667
4319703577,2016-03-23T14:00:00Z,23,0.383333
4319703577,2016-03-23T15:00:00Z,36,0.6
4319703577,2016-03-23T16:00:00Z,12,0.2
4319703577,2016-03-23T17:00:00Z,32,0.533333
4319703577,2016-03-23T18:00:00Z,18,0.3
4319703577,2016-03-23T19:00:00Z,41,0.683333
4319703577,2016-03-23T20:00:00Z,3,0.05
4319703577,2016-03-23T21:00:00Z,0,0
4319703577,2016-03-23T22:00:00Z,4,0.066667
4319703577,2016-03-23T23:00:00Z,8,0.133333
4319703577,2016-03-24T00:00:00Z,0,0
4319703577,2016-03-24T01:00:00Z,2,0.033333
4319703577,2016-03-24T02:00:00Z,0,0
4319703577,2016-03-24T03:00:00Z,0,0
4319703577,2016-03-24T04:00:00Z,0,0
4319703577,2016-03-24T05:00:00Z,1,0.016667
4319703577,2016-03-24T06:00:00Z,1,0.016667
4319703577,2016-03-24T07:00:00Z,7,0.116667
4319703577,2016-03-24T08:00:00Z,19,0.316667
4319703577,2016-03-24T09:00:00Z,9,0.15
4319703577,2016-03-24T10:00:00Z,40,0.666667
4319703577,2016-03-24T11:00:00Z,20,0.333333
4319703577,2016-03-24T12:00:00Z,44,0.733333
4319703577,2016-03-24T13:00:00Z,16,0.266667
4319703577,2016-03-24T14:00:00Z,26,0.433333
4319703577,2016-03-24T15:00:00Z,15,0.25
4319703577,2016-03-24T16:00:00Z,29,0.483333
4319703577,2016-03-24T17:00:00Z,36,0.6
4319703577,2016-03-24T18:00:00Z,43,0.716667
4319703577,2016-03-24T19:00:00Z,52,0.866667
4319703577,2016-03-24T20:00:00Z,13,0.216667
4319703577,2016-03-24T21:00:00Z,6,0.1
4319703577,2016-03-24T22:00:00Z,19,0.316667
4319703577,2016-03-24T23:00:00Z,3,0.05
4319703577,2016-03-25T00:00:00Z,1,0.016667
4319703577,2016-03-25T01:00:00Z,0,0
4319703577,2016-03-25T02:00:00Z,2,0.033333
4319703577,2016-03-25T03:00:00Z,2,0.033333
4319703577,2016-03-25T04:00:00Z,1,0.016667
4319703577,2016-03-25T05:00:00Z,1,0.016667
4319703577,2016-03-25T06:00:00Z,0,0
4319703577,2016-03-25T07:00:00Z,3,0.05
4319703577,2016-03-25T08:00:00Z,17,0.283333
4319703577,2016-03-25T09:00:00Z,17,0.283333
4319703577,2016-03-25T10:00:00Z,51,0.85
4319703577,2016-03-25T11:00:00Z,28,0.466667
4319703577,2016-03-25T12:00:00Z,29,0.483333
4319703577,2016-03-25T13:00:00Z,11,0.183333
4319703577,2016-03-25T14:00:00Z,41,0.683333
4319703577,2016-03-25T15:00:00Z,6,0.1
4319703577,2016-03-25T16:00:00Z,17,0.283333
4319703577,2016-03-25T17:00:00Z,10,0.166667
4319703577,2016-03-25T18:00:00Z,3,0.05
4319703577,2016-03-25T19:00:00Z,73,1.216667
4319703577,2016-03-25T20:00:00Z,30,0.5
4319703577,2016-03-25T21:00:00Z,10,0.166667
4319703577,2016-03-25T22:00:00Z,9,0.15
4319703577,2016-03-25T23:00:00Z,2,0.033333
4319703577,2016-03-26T00:00:00Z,0,0
4319703577,2016-03-26T01:00:00Z,0,0
4319703577,2016-03-26T02:00:00Z,0,0
4319703577,2016-03-26T03:00:00Z,0,0
4319703577,2016-03-26T04:00:00Z,1,0.016667
4319703577,2016-03-26T05:00:00Z,2,0.033333
4319703577,2016-03-26T06:00:00Z,0,0
4319703577,2016-03-26T07:00:00Z,0,0
4319703577,2016-03-26T08:00:00Z,2,0.033333
4319703577,2016-03-26T09:00:00Z,21,0.35
4319703577,2016-03-26T10:00:00Z,2,0.033333
4319703577,2016-03-26T11:00:00Z,13,0.216667
4319703577,2016-03-26T12:00:00Z,21,0.35
4319703577,2016-03-26T13:00:00Z,11,0.183333
4319703577,2016-03-26T14:00:00Z,10,0.166667
4319703577,2016-03-26T15:00:00Z,35,0.583333
4319703577,2016-03-26T16:00:00Z,10,0.166667
4319703577,2016-03-26T17:00:00Z,13,0.216667
4319703577,2016-03-26T18:00:00Z,16,0.266667
4319703577,2016-03-26T19:00:00Z,21,0.35
4319703577,2016-03-26T20:00:00Z,20,0.333333
4319703577,2016-03-26T21:00:00Z,27,0.45
4319703577,2016-03-26T22:00:00Z,20,0.333333
4319703577,2016-03-26T23:00:00Z,22,0.366667
4319703577,2016-03-27T00:00:00Z,7,0.116667
4319703577,2016-03-27T01:00:00Z,1,0.016667
4319703577,2016-03-27T02:00:00Z,0,0
4319703577,2016-03-27T03:00:00Z,1,0.016667
4319703577,2016-03-27T04:00:00Z,0,0
4319703577,2016-03-27T05:00:00Z,0,0
4319703577,2016-03-27T06:00:00Z,0,0
4319703577,2016-03-27T07:00:00Z,0,0
4319703577,2016-03-27T08:00:00Z,1,0.016667
4319703577,2016-03-27T09:00:00Z,8,0.133333
4319703577,2016-03-27T10:00:00Z,7,0.116667
4319703577,2016-03-27T11:00:00Z,15,0.25
4319703577,2016-03-27T12:00:00Z,36,0.6
4319703577,2016-03-27T13:00:00Z,17,0.283333
4319703577,2016-03-27T14:00:00Z,28,0.466667
4319703577,2016-03-27T15:00:00Z,6,0.1
4319703577,2016-03-27T16:00:00Z,0,0
4319703577,2016-03-27T17:00:00Z,0,0
4319703577,2016-03-27T18:00:00Z,0,0
4319703577,2016-03-27T19:00:00Z,0,0
4319703577,2016-03-27T20:00:00Z,0,0
4319703577,2016-03-27T21:00:00Z,0,0
4319703577,2016-03-27T22:00:00Z,19,0.316667
4319703577,2016-03-27T23:00:00Z,0,0
4319703577,2016-03-28T00:00:00Z,0,0
4319703577,2016-03-28T01:00:00Z,1,0.016667
4319703577,2016-03-28T02:00:00Z,0,0
4319703577,2016-03-28T03:00:00Z,0,0
4319703577,2016-03-28T04:00:00Z,2,0.033333
4319703577,2016-03-28T05:00:00Z,0,0
4319703577,2016-03-28T06:00:00Z,0,0
4319703577,2016-03-28T07:00:00Z,0,0
4319703577,2016-03-28T08:00:00Z,17,0.283333
4319703577,2016-03-28T09:00:00Z,10,0.166667
4319703577,2016-03-28T10:00:00Z,40,0.666667
4319703577,2016-03-28T11:00:00Z,34,0.566667
4319703577,2016-03-28T12:00:00Z,22,0.366667
4319703577,2016-03-28T13:00:00Z,12,0.2
4319703577,2016-03-28T14:00:00Z,25,0.416667
4319703577,2016-03-28T15:00:00Z,30,0.5
4319703577,2016-03-28T16:00:00Z,11,0.183333
4319703577,2016-03-28T17:00:00Z,39,0.65
4319703577,2016-03-28T18:00:00Z,45,0.75
4319703577,2016-03-28T19:00:00Z,68,1.133333
4319703577,2016-03-28T20:00:00Z,12,0.2
4319703577,2016-03-28T21:00:00Z,3,0.05
4319703577,2016-03-28T22:00:00Z,32,0.533333
4319703577,2016-03-28T23:00:00Z,5,0.083333
4319703577,2016-03-29T00:00:00Z,2,0.033333
4319703577,2016-03-29T01:00:00Z,0,0
4319703577,2016-03-29T02:00:00Z,0,0
4319703577,2016-03-29T03:00:00Z,0,0
4319703577,2016-03-29T04:00:00Z,0,0
4319703577,2016-03-29T05:00:00Z,6,0.1
4319703577,2016-03-29T06:00:00Z,43,0.716667
4319703577,2016-03-29T07:00:00Z,18,0.3
4319703577,2016-03-29T08:00:00Z,5,0.083333
4319703577,2016-03-29T09:00:00Z,5,0.083333
4319703577,2016-03-29T10:00:00Z,0,0
4319703577,2016-03-29T11:00:00Z,4,0.066667
4319703577,2016-03-29T12:00:00Z,16,0.266667
4319703577,2016-03-29T13:00:00Z,19,0.316667
4319703577,2016-03-29T14:00:00Z,26,0.433333
4319703577,2016-03-29T15:00:00Z,14,0.233333
4319703577,2016-03-29T16:00:00Z,2,0.033333
4319703577,2016-03-29T17:00:00Z,6,0.1
4319703577,2016-03-29T18:00:00Z,23,0.383333
4319703577,2016-03-29T19:00:00Z,0,0
4319703577,2016-03-29T20:00:00Z,7,0.116667
4319703577,2016-03-29T21:00:00Z,25,0.416667
4319703577,2016-03-29T22:00:00Z,3,0.05
4319703577,2016-03-29T23:00:00Z,0,0
4319703577,2016-03-30T00:00:00Z,0,0
4319703577,2016-03-30T01:00:00Z,0,0
4319703577,2016-03-30T02:00:00Z,0,0
4319703577,2016-03-30T03:00:00Z,1,0.016667
4319703577,2016-03-30T04:00:00Z,4,0.066667
4319703577,2016-03-30T05:00:00Z,0,0
4319703577,2016-03-30T06:00:00Z,1,0.016667
4319703577,2016-03-30T07:00:00Z,0,0
4319703577,2016-03-30T08:00:00Z,14,0.233333
4319703577,2016-03-30T09:00:00Z,8,0.133333
4319703577,2016-03-30T10:00:00Z,48,0.8
4319703577,2016-03-30T11:00:00Z,43,0.716667
4319703577,2016-03-30T12:00:00Z,37,0.616667
4319703577,2016-03-30T13:00:00Z,16,0.266667
4319703577,2016-03-30T14:00:00Z,22,0.366667
4319703577,2016-03-30T15:00:00Z,4,0.066667
4319703577,2016-03-30T16:00:00Z,4,0.066667
4319703577,2016-03-30T17:00:00Z,4,0.066667
4319703577,2016-03-30T18:00:00Z,18,0.3
4319703577,2016-03-30T19:00:00Z,22,0.366667
4319703577,2016-03-30T20:00:00Z,26,0.433333
4319703577,2016-03-30T21:00:00Z,8,0.133333
4319703577,2016-03-30T22:00:00Z,0,0
4319703577,2016-03-30T23:00:00Z,0,0
4319703577,2016-03-31T00:00:00Z,0,0
4319703577,2016-03-31T01:00:00Z,0,0
4319703577,2016-03-31T02:00:00Z,0,0
4319703577,2016-03-31T03:00:00Z,0,0
4319703577,2016-03-31T04:00:00Z,0,0
4319703577,2016-03-31T05:00:00Z,0,0
4319703577,2016-03-31T06:00:00Z,0,0
4319703577,2016-03-31T07:00:00Z,0,0
4319703577,2016-03-31T08:00:00Z,18,0.3
4319703577,2016-03-31T09:00:00Z,4,0.066667
4319703577,2016-03-31T10:00:00Z,22,0.366667
4319703577,2016-03-31T11:00:00Z,21,0.35
4319703577,2016-03-31T12:00:00Z,30,0.5
4319703577,2016-03-31T13:00:00Z,13,0.216667
4319703577,2016-03-31T14:00:00Z,2,0.033333
4319703577,2016-03-31T15:00:00Z,8,0.133333
4319703577,2016-03-31T16:00:00Z,2,0.033333
4319703577,2016-03-31T17:00:00Z,45,0.75
4319703577,2016-03-31T18:00:00Z,21,0.35
4319703577,2016-03-31T19:00:00Z,48,0.8
4319703577,2016-03-31T20:00:00Z,23,0.383333
4319703577,2016-03-31T21:00:00Z,11,0.183333
4319703577,2016-03-31T22:00:00Z,18,0.3
4319703577,2016-03-31T23:00:00Z,7,0.116667
4319703577,2016-04-01T00:00:00Z,0,0
4319703577,2016-04-01T01:00:00Z,0,0
4319703577,2016-04-01T02:00:00Z,0,0
4319703577,2016-04-01T03:00:00Z,1,0.016667
4319703577,2016-04-01T04:00:00Z,0,0
4319703577,2016-04-01T05:00:00Z,13,0.216667
4319703577,2016-04-01T06:00:00Z,5,0.083333
4319703577,2016-04-01T07:00:00Z,0,0
4319703577,2016-04-01T08:00:00Z,18,0.3
4319703577,2016-04-01T09:00:00Z,33,0.55
4319703577,2016-04-01T10:00:00Z,59,0.983333
4319703577,2016-04-01T11:00:00Z,17,0.283333
4319703577,2016-04-01T12:00:00Z,20,0.333333
4319703577,2016-04-01T13:00:00Z,3,0.05
4319703577,2016-04-01T14:00:00Z,18,0.3
4319703577,2016-04-01T15:00:00Z,25,0.416667
4319703577,2016-04-01T16:00:00Z,5,0.083333
4319703577,2016-04-01T17:00:00Z,1,0.016667
4319703577,2016-04-01T18:00:00Z,12,0.2
4319703577,2016-04-01T19:00:00Z,72,1.2
4319703577,2016-04-01T20:00:00Z,21,0.35
4319703577,2016-04-01T21:00:00Z,14,0.233333
4319703577,2016-04-01T22:00:00Z,13,0.216667
4319703577,2016-04-01T23:00:00Z,0,0
4319703577,2016-04-02T00:00:00Z,0,0
4319703577,2016-04-02T01:00:00Z,0,0
4319703577,2016-04-02T02:00:00Z,0,0
4319703577,2016-04-02T03:00:00Z,1,0.016667
4319703577,2016-04-02T04:00:00Z,0,0
4319703577,2016-04-02T05:00:00Z,1,0.016667
4319703577,2016-04-02T06:00:00Z,0,0
4319703577,2016-04-02T07:00:00Z,0,0
4319703577,2016-04-02T08:00:00Z,13,0.216667
4319703577,2016-04-02T09:00:00Z,0,0
4319703577,2016-04-02T10:00:00Z,24,0.4
4319703577,2016-04-02T11:00:00Z,8,0.133333
4319703577,2016-04-02T12:00:00Z,0,0
4319703577,2016-04-02T13:00:00Z,11,0.183333
4319703577,2016-04-02T14:00:00Z,17,0.283333
4319703577,2016-04-02T15:00:00Z,19,0.316667
4319703577,2016-04-02T16:00:00Z,68,1.133333
4319703577,2016-04-02T17:00:00Z,8,0.133333
4319703577,2016-04-02T18:00:00Z,27,0.45
4319703577,2016-04-02T19:00:00Z,40,0.666667
4319703577,2016-04-02T20:00:00Z,40,0.666667
4319703577,2016-04-02T21:00:00Z,18,0.3
4319703577,2016-04-02T22:00:00Z,15,0.25
4319703577,2016-04-02T23:00:00Z,0,0
4319703577,2016-04-03T00:00:00Z,0,0
4319703577,2016-04-03T01:00:00Z,0,0
4319703577,2016-04-03T02:00:00Z,0,0
4319703577,2016-04-03T03:00:00Z,2,0.033333
4319703577,2016-04-03T04:00:00Z,0,0
4319703577,2016-04-03T05:00:00Z,0,0
4319703577,2016-04-03T06:00:00Z,0,0
4319703577,2016-04-03T07:00:00Z,0,0
4319703577,2016-04-03T08:00:00Z,0,0
4319703577,2016-04-03T09:00:00Z,15,0.25
4319703577,2016-04-03T10:00:00Z,4,0.066667
4319703577,2016-04-03T11:00:00Z,68,1.133333
4319703577,2016-04-03T12:00:00Z,37,0.616667
4319703577,2016-04-03T13:00:00Z,29,0.483333
4319703577,2016-04-03T14:00:00Z,25,0.416667
4319703577,2016-04-03T15:00:00Z,23,0.383333
4319703577,2016-04-03T16:00:00Z,12,0.2
4319703577,2016-04-03T17:00:00Z,12,0.2
4319703577,2016-04-03T18:00:00Z,12,0.2
4319703577,2016-04-03T19:00:00Z,49,0.816667
4319703577,2016-04-03T20:00:00Z,41,0.683333
4319703577,2016-04-03T21:00:00Z,27,0.45
4319703577,2016-04-03T22:00:00Z,11,0.183333
4319703577,2016-04-03T23:00:00Z,0,0
4319703577,2016-04-04T00:00:00Z,0,0
4319703577,2016-04-04T01:00:00Z,1,0.016667
4319703577,2016-04-04T02:00:00Z,0,0
4319703577,2016-04-04T03:00:00Z,0,0
4319703577,2016-04-04T04:00:00Z,0,0
4319703577,2016-04-04T05:00:00Z,1,0.016667
4319703577,2016-04-04T06:00:00Z,0,0
4319703577,2016-04-04T07:00:00Z,26,0.433333
4319703577,2016-04-04T08:00:00Z,7,0.116667
4319703577,2016-04-04T09:00:00Z,2,0.033333
4319703577,2016-04-04T10:00:00Z,55,0.916667
4319703577,2016-04-04T11:00:00Z,27,0.45
4319703577,2016-04-04T12:00:00Z,31,0.516667
4319703577,2016-04-04T13:00:00Z,8,0.133333
4319703577,2016-04-04T14:00:00Z,32,0.533333
4319703577,2016-04-04T15:00:00Z,33,0.55
4319703577,2016-04-04T16:00:00Z,5,0.083333
4319703577,2016-04-04T17:00:00Z,50,0.833333
4319703577,2016-04-04T18:00:00Z,52,0.866667
4319703577,2016-04-04T19:00:00Z,48,0.8
4319703577,2016-04-04T20:00:00Z,14,0.233333
4319703577,2016-04-04T21:00:00Z,2,0.033333
4319703577,2016-04-04T22:00:00Z,11,0.183333
4319703577,2016-04-04T23:00:00Z,1,0.016667
4319703577,2016-04-05T00:00:00Z,0,0
4319703577,2016-04-05T01:00:00Z,0,0
4319703577,2016-04-05T02:00:00Z,0,0
4319703577,2016-04-05T03:00:00Z,0,0
4319703577,2016-04-05T04:00:00Z,1,0.016667
4319703577,2016-04-05T05:00:00Z,0,0
4319703577,2016-04-05T06:00:00Z,1,0.016667
4319703577,2016-04-05T07:00:00Z,0,0
4319703577,2016-04-05T08:00:00Z,20,0.333333
4319703577,2016-04-05T09:00:00Z,1,0.016667
4319703577,2016-04-05T10:00:00Z,54,0.9
4319703577,2016-04-05T11:00:00Z,31,0.516667
4319703577,2016-04-05T12:00:00Z,45,0.75
4319703577,2016-04-05T13:00:00Z,12,0.2
4319703577,2016-04-05T14:00:00Z,29,0.483333
4319703577,2016-04-05T15:00:00Z,14,0.233333
4319703577,2016-04-05T16:00:00Z,41,0.683333
4319703577,2016-04-05T17:00:00Z,10,0.166667
4319703577,2016-04-05T18:00:00Z,7,0.116667
4319703577,2016-04-05T19:00:00Z,38,0.633333
4319703577,2016-04-05T20:00:00Z,15,0.25
4319703577,2016-04-05T21:00:00Z,8,0.133333
4319703577,2016-04-05T22:00:00Z,19,0.316667
4319703577,2016-04-05T23:00:00Z,2,0.033333
4319703577,2016-04-06T00:00:00Z,0,0
4319703577,2016-04-06T01:00:00Z,1,0.016667
4319703577,2016-04-06T02:00:00Z,0,0
4319703577,2016-04-06T03:00:00Z,8,0.133333
4319703577,2016-04-06T04:00:00Z,1,0.016667
4319703577,2016-04-06T05:00:00Z,1,0.016667
4319703577,2016-04-06T06:00:00Z,1,0.016667
4319703577,2016-04-06T07:00:00Z,0,0
4319703577,2016-04-06T08:00:00Z,18,0.3
4319703577,2016-04-06T09:00:00Z,8,0.133333
4319703577,2016-04-06T10:00:00Z,55,0.916667
4319703577,2016-04-06T11:00:00Z,48,0.8
4319703577,2016-04-06T12:00:00Z,69,1.15
4319703577,2016-04-06T13:00:00Z,9,0.15
4319703577,2016-04-06T14:00:00Z,36,0.6
4319703577,2016-04-06T15:00:00Z,32,0.533333
4319703577,2016-04-06T16:00:00Z,7,0.116667
4319703577,2016-04-06T17:00:00Z,18,0.3
4319703577,2016-04-06T18:00:00Z,21,0.35
4319703577,2016-04-06T19:00:00Z,61,1.016667
4319703577,2016-04-06T20:00:00Z,14,0.233333
4319703577,2016-04-06T21:00:00Z,8,0.133333
4319703577,2016-04-06T22:00:00Z,16,0.266667
4319703577,2016-04-06T23:00:00Z,2,0.033333
4319703577,2016-04-07T00:00:00Z,0,0
4319703577,2016-04-07T01:00:00Z,0,0
4319703577,2016-04-07T02:00:00Z,0,0
4319703577,2016-04-07T03:00:00Z,0,0
4319703577,2016-04-07T04:00:00Z,0,0
4319703577,2016-04-07T05:00:00Z,0,0
4319703577,2016-04-07T06:00:00Z,0,0
4319703577,2016-04-07T07:00:00Z,0,0
4319703577,2016-04-07T08:00:00Z,12,0.2
4319703577,2016-04-07T09:00:00Z,21,0.35
4319703577,2016-04-07T10:00:00Z,64,1.066667
4319703577,2016-04-07T11:00:00Z,26,0.433333
4319703577,2016-04-07T12:00:00Z,41,0.683333
4319703577,2016-04-07T13:00:00Z,14,0.233333
4319703577,2016-04-07T14:00:00Z,29,0.483333
4319703577,2016-04-07T15:00:00Z,28,0.466667
4319703577,2016-04-07T16:00:00Z,23,0.383333
4319703577,2016-04-07T17:00:00Z,14,0.233333
4319703577,2016-04-07T18:00:00Z,10,0.166667
4319703577,2016-04-07T19:00:00Z,31,0.516667
4319703577,2016-04-07T20:00:00Z,18,0.3
4319703577,2016-04-07T21:00:00Z,8,0.133333
4319703577,2016-04-07T22:00:00Z,8,0.133333
4319703577,2016-04-07T23:00:00Z,0,0
4319703577,2016-04-08T00:00:00Z,0,0
4319703577,2016-04-08T01:00:00Z,0,0
4319703577,2016-04-08T02:00:00Z,0,0
4319703577,2016-04-08T03:00:00Z,0,0
4319703577,2016-04-08T04:00:00Z,0,0
4319703577,2016-04-08T05:00:00Z,0,0
4319703577,2016-04-08T06:00:00Z,0,0
4319703577,2016-04-08T07:00:00Z,12,0.2
4319703577,2016-04-08T08:00:00Z,24,0.4
4319703577,2016-04-08T09:00:00Z,29,0.483333
4319703577,2016-04-08T10:00:00Z,28,0.466667
4319703577,2016-04-08T11:00:00Z,20,0.333333
4319703577,2016-04-08T12:00:00Z,32,0.533333
4319703577,2016-04-08T13:00:00Z,7,0.116667
4319703577,2016-04-08T14:00:00Z,32,0.533333
4319703577,2016-04-08T15:00:00Z,42,0.7
4319703577,2016-04-08T16:00:00Z,6,0.1
4319703577,2016-04-08T17:00:00Z,10,0.166667
4319703577,2016-04-08T18:00:00Z,7,0.116667
4319703577,2016-04-08T19:00:00Z,25,0.416667
4319703577,2016-04-08T20:00:00Z,12,0.2
4319703577,2016-04-08T21:00:00Z,2,0.033333
4319703577,2016-04-08T22:00:00Z,5,0.083333
4445114986,2016-03-12T00:00:00Z,16,0.266667
4445114986,2016-03-12T01:00:00Z,0,0
4445114986,2016-03-12T02:00:00Z,2,0.033333
4445114986,2016-03-12T03:00:00Z,0,0
4445114986,2016-03-12T04:00:00Z,0,0
4445114986,2016-03-12T05:00:00Z,0,0
4445114986,2016-03-12T06:00:00Z,7,0.116667
4445114986,2016-03-12T07:00:00Z,0,0
4445114986,2016-03-12T08:00:00Z,0,0
4445114986,2016-03-12T09:00:00Z,1,0.016667
4445114986,2016-03-12T10:00:00Z,0,0
4445114986,2016-03-12T11:00:00Z,1,0.016667
4445114986,2016-03-12T12:00:00Z,22,0.366667
4445114986,2016-03-12T13:00:00Z,16,0.266667
4445114986,2016-03-12T14:00:00Z,9,0.15
4445114986,2016-03-12T15:00:00Z,27,0.45
4445114986,2016-03-12T16:00:00Z,13,0.216667
4445114986,2016-03-12T17:00:00Z,33,0.55
4445114986,2016-03-12T18:00:00Z,6,0.1
4445114986,2016-03-12T19:00:00Z,11,0.183333
4445114986,2016-03-12T20:00:00Z,6,0.1
4445114986,2016-03-12T21:00:00Z,13,0.216667
4445114986,2016-03-12T22:00:00Z,16,0.266667
4445114986,2016-03-12T23:00:00Z,23,0.383333
4445114986,2016-03-13T00:00:00Z,0,0
4445114986,2016-03-13T01:00:00Z,1,0.016667
4445114986,2016-03-13T02:00:00Z,0,0
4445114986,2016-03-13T03:00:00Z,0,0
4445114986,2016-03-13T04:00:00Z,0,0
4445114986,2016-03-13T05:00:00Z,0,0
4445114986,2016-03-13T06:00:00Z,0,0
4445114986,2016-03-13T07:00:00Z,7,0.116667
4445114986,2016-03-13T08:00:00Z,0,0
4445114986,2016-03-13T09:00:00Z,26,0.433333
4445114986,2016-03-13T10:00:00Z,12,0.2
4445114986,2016-03-13T11:00:00Z,27,0.45
4445114986,2016-03-13T12:00:00Z,18,0.3
4445114986,2016-03-13T13:00:00Z,13,0.216667
4445114986,2016-03-13T14:00:00Z,5,0.083333
4445114986,2016-03-13T15:00:00Z,23,0.383333
4445114986,2016-03-13T16:00:00Z,33,0.55
4445114986,2016-03-13T17:00:00Z,20,0.333333
4445114986,2016-03-13T18:00:00Z,27,0.45
4445114986,2016-03-13T19:00:00Z,28,0.466667
4445114986,2016-03-13T20:00:00Z,12,0.2
4445114986,2016-03-13T21:00:00Z,13,0.216667
4445114986,2016-03-13T22:00:00Z,11,0.183333
4445114986,2016-03-13T23:00:00Z,24,0.4
4445114986,2016-03-14T00:00:00Z,0,0
4445114986,2016-03-14T01:00:00Z,0,0
4445114986,2016-03-14T02:00:00Z,0,0
4445114986,2016-03-14T03:00:00Z,0,0
4445114986,2016-03-14T04:00:00Z,0,0
4445114986,2016-03-14T05:00:00Z,0,0
4445114986,2016-03-14T06:00:00Z,0,0
4445114986,2016-03-14T07:00:00Z,0,0
4445114986,2016-03-14T08:00:00Z,0,0
4445114986,2016-03-14T09:00:00Z,0,0
4445114986,2016-03-14T10:00:00Z,0,0
4445114986,2016-03-14T11:00:00Z,0,0
4445114986,2016-03-14T12:00:00Z,0,0
4445114986,2016-03-14T13:00:00Z,1,0.016667
4445114986,2016-03-14T14:00:00Z,0,0
4445114986,2016-03-14T15:00:00Z,0,0
4445114986,2016-03-14T16:00:00Z,74,1.233333
4445114986,2016-03-14T17:00:00Z,15,0.25
4445114986,2016-03-14T18:00:00Z,9,0.15
4445114986,2016-03-14T19:00:00Z,23,0.383333
4445114986,2016-03-14T20:00:00Z,92,1.533333
4445114986,2016-03-14T21:00:00Z,38,0.633333
4445114986,2016-03-14T22:00:00Z,0,0
4445114986,2016-03-14T23:00:00Z,11,0.183333
4445114986,2016-03-15T00:00:00Z,3,0.05
4445114986,2016-03-15T01:00:00Z,1,0.016667
4445114986,2016-03-15T02:00:00Z,2,0.033333
4445114986,2016-03-15T03:00:00Z,0,0
4445114986,2016-03-15T04:00:00Z,6,0.1
4445114986,2016-03-15T05:00:00Z,0,0
4445114986,2016-03-15T06:00:00Z,4,0.066667
4445114986,2016-03-15T07:00:00Z,0,0
4445114986,2016-03-15T08:00:00Z,1,0.016667
4445114986,2016-03-15T09:00:00Z,0,0
4445114986,2016-03-15T10:00:00Z,2,0.033333
4445114986,2016-03-15T11:00:00Z,1,0.016667
4445114986,2016-03-15T12:00:00Z,10,0.166667
4445114986,2016-03-15T13:00:00Z,31,0.516667
4445114986,2016-03-15T14:00:00Z,11,0.183333
4445114986,2016-03-15T15:00:00Z,12,0.2
4445114986,2016-03-15T16:00:00Z,9,0.15
4445114986,2016-03-15T17:00:00Z,12,0.2
4445114986,2016-03-15T18:00:00Z,36,0.6
4445114986,2016-03-15T19:00:00Z,44,0.733333
4445114986,2016-03-15T20:00:00Z,19,0.316667
4445114986,2016-03-15T21:00:00Z,13,0.216667
4445114986,2016-03-15T22:00:00Z,20,0.333333
4445114986,2016-03-15T23:00:00Z,21,0.35
4445114986,2016-03-16T00:00:00Z,0,0
4445114986,2016-03-16T01:00:00Z,4,0.066667
4445114986,2016-03-16T02:00:00Z,5,0.083333
4445114986,2016-03-16T03:00:00Z,0,0
4445114986,2016-03-16T04:00:00Z,3,0.05
4445114986,2016-03-16T05:00:00Z,0,0
4445114986,2016-03-16T06:00:00Z,0,0
4445114986,2016-03-16T07:00:00Z,9,0.15
4445114986,2016-03-16T08:00:00Z,5,0.083333
4445114986,2016-03-16T09:00:00Z,1,0.016667
4445114986,2016-03-16T10:00:00Z,0,0
4445114986,2016-03-16T11:00:00Z,1,0.016667
4445114986,2016-03-16T12:00:00Z,17,0.283333
4445114986,2016-03-16T13:00:00Z,22,0.366667
4445114986,2016-03-16T14:00:00Z,21,0.35
4445114986,2016-03-16T15:00:00Z,16,0.266667
4445114986,2016-03-16T16:00:00Z,24,0.4
4445114986,2016-03-16T17:00:00Z,26,0.433333
4445114986,2016-03-16T18:00:00Z,8,0.133333
4445114986,2016-03-16T19:00:00Z,15,0.25
4445114986,2016-03-16T20:00:00Z,38,0.633333
4445114986,2016-03-16T21:00:00Z,18,0.3
4445114986,2016-03-16T22:00:00Z,18,0.3
4445114986,2016-03-16T23:00:00Z,12,0.2
4445114986,2016-03-17T00:00:00Z,1,0.016667
4445114986,2016-03-17T01:00:00Z,0,0
4445114986,2016-03-17T02:00:00Z,3,0.05
4445114986,2016-03-17T03:00:00Z,6,0.1
4445114986,2016-03-17T04:00:00Z,2,0.033333
4445114986,2016-03-17T05:00:00Z,0,0
4445114986,2016-03-17T06:00:00Z,3,0.05
4445114986,2016-03-17T07:00:00Z,1,0.016667
4445114986,2016-03-17T08:00:00Z,0,0
4445114986,2016-03-17T09:00:00Z,1,0.016667
4445114986,2016-03-17T10:00:00Z,2,0.033333
4445114986,2016-03-17T11:00:00Z,0,0
4445114986,2016-03-17T12:00:00Z,16,0.266667
4445114986,2016-03-17T13:00:00Z,26,0.433333
4445114986,2016-03-17T14:00:00Z,36,0.6
4445114986,2016-03-17T15:00:00Z,19,0.316667
4445114986,2016-03-17T16:00:00Z,21,0.35
4445114986,2016-03-17T17:00:00Z,22,0.366667
4445114986,2016-03-17T18:00:00Z,14,0.233333
4445114986,2016-03-17T19:00:00Z,126,2.1
4445114986,2016-03-17T20:00:00Z,5,0.083333
4445114986,2016-03-17T21:00:00Z,0,0
4445114986,2016-03-17T22:00:00Z,0,0
4445114986,2016-03-17T23:00:00Z,0,0
4445114986,2016-03-18T00:00:00Z,0,0
4445114986,2016-03-18T01:00:00Z,1,0.016667
4445114986,2016-03-18T02:00:00Z,0,0
4445114986,2016-03-18T03:00:00Z,0,0
4445114986,2016-03-18T04:00:00Z,0,0
4445114986,2016-03-18T05:00:00Z,0,0
4445114986,2016-03-18T06:00:00Z,0,0
4445114986,2016-03-18T07:00:00Z,0,0
4445114986,2016-03-18T08:00:00Z,0,0
4445114986,2016-03-18T09:00:00Z,0,0
4445114986,2016-03-18T10:00:00Z,0,0
4445114986,2016-03-18T11:00:00Z,0,0
4445114986,2016-03-18T12:00:00Z,15,0.25
4445114986,2016-03-18T13:00:00Z,23,0.383333
4445114986,2016-03-18T14:00:00Z,9,0.15
4445114986,2016-03-18T15:00:00Z,21,0.35
4445114986,2016-03-18T16:00:00Z,17,0.283333
4445114986,2016-03-18T17:00:00Z,24,0.4
4445114986,2016-03-18T18:00:00Z,1,0.016667
4445114986,2016-03-18T19:00:00Z,26,0.433333
4445114986,2016-03-18T20:00:00Z,15,0.25
4445114986,2016-03-18T21:00:00Z,21,0.35
4445114986,2016-03-18T22:00:00Z,8,0.133333
4445114986,2016-03-18T23:00:00Z,18,0.3
4445114986,2016-03-19T00:00:00Z,7,0.116667
4445114986,2016-03-19T01:00:00Z,13,0.216667
4445114986,2016-03-19T02:00:00Z,9,0.15
4445114986,2016-03-19T03:00:00Z,14,0.233333
4445114986,2016-03-19T04:00:00Z,3,0.05
4445114986,2016-03-19T05:00:00Z,5,0.083333
4445114986,2016-03-19T06:00:00Z,13,0.216667
4445114986,2016-03-19T07:00:00Z,14,0.233333
4445114986,2016-03-19T08:00:00Z,1,0.016667
4445114986,2016-03-19T09:00:00Z,3,0.05
4445114986,2016-03-19T10:00:00Z,11,0.183333
4445114986,2016-03-19T11:00:00Z,15,0.25
4445114986,2016-03-19T12:00:00Z,16,0.266667
4445114986,2016-03-19T13:00:00Z,5,0.083333
4445114986,2016-03-19T14:00:00Z,0,0
4445114986,2016-03-19T15:00:00Z,0,0
4445114986,2016-03-19T16:00:00Z,8,0.133333
4445114986,2016-03-19T17:00:00Z,25,0.416667
4445114986,2016-03-19T18:00:00Z,21,0.35
4445114986,2016-03-19T19:00:00Z,1,0.016667
4445114986,2016-03-19T20:00:00Z,6,0.1
4445114986,2016-03-19T21:00:00Z,8,0.133333
4445114986,2016-03-19T22:00:00Z,12,0.2
4445114986,2016-03-19T23:00:00Z,13,0.216667
4445114986,2016-03-20T00:00:00Z,4,0.066667
4445114986,2016-03-20T01:00:00Z,3,0.05
4445114986,2016-03-20T02:00:00Z,2,0.033333
4445114986,2016-03-20T03:00:00Z,0,0
4445114986,2016-03-20T04:00:00Z,0,0
4445114986,2016-03-20T05:00:00Z,4,0.066667
4445114986,2016-03-20T06:00:00Z,3,0.05
4445114986,2016-03-20T07:00:00Z,1,0.016667
4445114986,2016-03-20T08:00:00Z,1,0.016667
4445114986,2016-03-20T09:00:00Z,1,0.016667
4445114986,2016-03-20T10:00:00Z,0,0
4445114986,2016-03-20T11:00:00Z,0,0
4445114986,2016-03-20T12:00:00Z,13,0.216667
4445114986,2016-03-20T13:00:00Z,12,0.2
4445114986,2016-03-20T14:00:00Z,17,0.283333
4445114986,2016-03-20T15:00:00Z,18,0.3
4445114986,2016-03-20T16:00:00Z,24,0.4
4445114986,2016-03-20T17:00:00Z,14,0.233333
4445114986,2016-03-20T18:00:00Z,17,0.283333
4445114986,2016-03-20T19:00:00Z,16,0.266667
4445114986,2016-03-20T20:00:00Z,21,0.35
4445114986,2016-03-20T21:00:00Z,27,0.45
4445114986,2016-03-20T22:00:00Z,9,0.15
4445114986,2016-03-20T23:00:00Z,13,0.216667
4445114986,2016-03-21T00:00:00Z,0,0
4445114986,2016-03-21T01:00:00Z,6,0.1
4445114986,2016-03-21T02:00:00Z,3,0.05
4445114986,2016-03-21T03:00:00Z,1,0.016667
4445114986,2016-03-21T04:00:00Z,0,0
4445114986,2016-03-21T05:00:00Z,1,0.016667
4445114986,2016-03-21T06:00:00Z,10,0.166667
4445114986,2016-03-21T07:00:00Z,0,0
4445114986,2016-03-21T08:00:00Z,4,0.066667
4445114986,2016-03-21T09:00:00Z,0,0
4445114986,2016-03-21T10:00:00Z,2,0.033333
4445114986,2016-03-21T11:00:00Z,6,0.1
4445114986,2016-03-21T12:00:00Z,26,0.433333
4445114986,2016-03-21T13:00:00Z,7,0.116667
4445114986,2016-03-21T14:00:00Z,34,0.566667
4445114986,2016-03-21T15:00:00Z,20,0.333333
4445114986,2016-03-21T16:00:00Z,10,0.166667
4445114986,2016-03-21T17:00:00Z,14,0.233333
4445114986,2016-03-21T18:00:00Z,2,0.033333
4445114986,2016-03-21T19:00:00Z,5,0.083333
4445114986,2016-03-21T20:00:00Z,109,1.816667
4445114986,2016-03-21T21:00:00Z,27,0.45
4445114986,2016-03-21T22:00:00Z,5,0.083333
4445114986,2016-03-21T23:00:00Z,21,0.35
4445114986,2016-03-22T00:00:00Z,12,0.2
4445114986,2016-03-22T01:00:00Z,3,0.05
4445114986,2016-03-22T02:00:00Z,1,0.016667
4445114986,2016-03-22T03:00:00Z,0,0
4445114986,2016-03-22T04:00:00Z,1,0.016667
4445114986,2016-03-22T05:00:00Z,0,0
4445114986,2016-03-22T06:00:00Z,4,0.066667
4445114986,2016-03-22T07:00:00Z,1,0.016667
4445114986,2016-03-22T08:00:00Z,1,0.016667
4445114986,2016-03-22T09:00:00Z,0,0
4445114986,2016-03-22T10:00:00Z,2,0.033333
4445114986,2016-03-22T11:00:00Z,14,0.233333
4445114986,2016-03-22T12:00:00Z,17,0.283333
4445114986,2016-03-22T13:00:00Z,7,0.116667
4445114986,2016-03-22T14:00:00Z,18,0.3
4445114986,2016-03-22T15:00:00Z,14,0.233333
4445114986,2016-03-22T16:00:00Z,8,0.133333
4445114986,2016-03-22T17:00:00Z,16,0.266667
4445114986,2016-03-22T18:00:00Z,20,0.333333
4445114986,2016-03-22T19:00:00Z,12,0.2
4445114986,2016-03-22T20:00:00Z,3,0.05
4445114986,2016-03-22T21:00:00Z,9,0.15
4445114986,2016-03-22T22:00:00Z,28,0.466667
4445114986,2016-03-22T23:00:00Z,0,0
4445114986,2016-03-23T00:00:00Z,0,0
4445114986,2016-03-23T01:00:00Z,0,0
4445114986,2016-03-23T02:00:00Z,0,0
4445114986,2016-03-23T03:00:00Z,0,0
4445114986,2016-03-23T04:00:00Z,0,0
4445114986,2016-03-23T05:00:00Z,0,0
4445114986,2016-03-23T06:00:00Z,0,0
4445114986,2016-03-23T07:00:00Z,0,0
4445114986,2016-03-23T08:00:00Z,0,0
4445114986,2016-03-23T09:00:00Z,4,0.066667
4445114986,2016-03-23T10:00:00Z,31,0.516667
4445114986,2016-03-23T11:00:00Z,10,0.166667
4445114986,2016-03-23T12:00:00Z,18,0.3
4445114986,2016-03-23T13:00:00Z,18,0.3
4445114986,2016-03-23T14:00:00Z,15,0.25
4445114986,2016-03-23T15:00:00Z,14,0.233333
4445114986,2016-03-23T16:00:00Z,26,0.433333
4445114986,2016-03-23T17:00:00Z,5,0.083333
4445114986,2016-03-23T18:00:00Z,22,0.366667
4445114986,2016-03-23T19:00:00Z,28,0.466667
4445114986,2016-03-23T20:00:00Z,20,0.333333
4445114986,2016-03-23T21:00:00Z,23,0.383333
4445114986,2016-03-23T22:00:00Z,13,0.216667
4445114986,2016-03-23T23:00:00Z,11,0.183333
4445114986,2016-03-24T00:00:00Z,0,0
4445114986,2016-03-24T01:00:00Z,0,0
4445114986,2016-03-24T02:00:00Z,0,0
4445114986,2016-03-24T03:00:00Z,0,0
4445114986,2016-03-24T04:00:00Z,0,0
4445114986,2016-03-24T05:00:00Z,0,0
4445114986,2016-03-24T06:00:00Z,8,0.133333
4445114986,2016-03-24T07:00:00Z,2,0.033333
4445114986,2016-03-24T08:00:00Z,9,0.15
4445114986,2016-03-24T09:00:00Z,0,0
4445114986,2016-03-24T10:00:00Z,1,0.016667
4445114986,2016-03-24T11:00:00Z,0,0
4445114986,2016-03-24T12:00:00Z,17,0.283333
4445114986,2016-03-24T13:00:00Z,11,0.183333
4445114986,2016-03-24T14:00:00Z,9,0.15
4445114986,2016-03-24T15:00:00Z,7,0.116667
4445114986,2016-03-24T16:00:00Z,17,0.283333
4445114986,2016-03-24T17:00:00Z,33,0.55
4445114986,2016-03-24T18:00:00Z,10,0.166667
4445114986,2016-03-24T19:00:00Z,0,0
4445114986,2016-03-24T20:00:00Z,1,0.016667
4445114986,2016-03-24T21:00:00Z,7,0.116667
4445114986,2016-03-24T22:00:00Z,15,0.25
4445114986,2016-03-24T23:00:00Z,7,0.116667
4445114986,2016-03-25T00:00:00Z,7,0.116667
4445114986,2016-03-25T01:00:00Z,4,0.066667
4445114986,2016-03-25T02:00:00Z,0,0
4445114986,2016-03-25T03:00:00Z,2,0.033333
4445114986,2016-03-25T04:00:00Z,1,0.016667
4445114986,2016-03-25T05:00:00Z,0,0
4445114986,2016-03-25T06:00:00Z,0,0
4445114986,2016-03-25T07:00:00Z,1,0.016667
4445114986,2016-03-25T08:00:00Z,5,0.083333
4445114986,2016-03-25T09:00:00Z,0,0
4445114986,2016-03-25T10:00:00Z,4,0.066667
4445114986,2016-03-25T11:00:00Z,7,0.116667
4445114986,2016-03-25T12:00:00Z,37,0.616667
4445114986,2016-03-25T13:00:00Z,18,0.3
4445114986,2016-03-25T14:00:00Z,21,0.35
4445114986,2016-03-25T15:00:00Z,32,0.533333
4445114986,2016-03-25T16:00:00Z,14,0.233333
4445114986,2016-03-25T17:00:00Z,11,0.183333
4445114986,2016-03-25T18:00:00Z,24,0.4
4445114986,2016-03-25T19:00:00Z,9,0.15
4445114986,2016-03-25T20:00:00Z,14,0.233333
4445114986,2016-03-25T21:00:00Z,27,0.45
4445114986,2016-03-25T22:00:00Z,20,0.333333
4445114986,2016-03-25T23:00:00Z,15,0.25
4445114986,2016-03-26T00:00:00Z,0,0
4445114986,2016-03-26T01:00:00Z,3,0.05
4445114986,2016-03-26T02:00:00Z,0,0
4445114986,2016-03-26T03:00:00Z,0,0
4445114986,2016-03-26T04:00:00Z,0,0
4445114986,2016-03-26T05:00:00Z,0,0
4445114986,2016-03-26T06:00:00Z,0,0
4445114986,2016-03-26T07:00:00Z,0,0
4445114986,2016-03-26T08:00:00Z,0,0
4445114986,2016-03-26T09:00:00Z,30,0.5
4445114986,2016-03-26T10:00:00Z,12,0.2
4445114986,2016-03-26T11:00:00Z,8,0.133333
4445114986,2016-03-26T12:00:00Z,20,0.333333
4445114986,2016-03-26T13:00:00Z,10,0.166667
4445114986,2016-03-26T14:00:00Z,17,0.283333
4445114986,2016-03-26T15:00:00Z,19,0.316667
4445114986,2016-03-26T16:00:00Z,38,0.633333
4445114986,2016-03-26T17:00:00Z,32,0.533333
4445114986,2016-03-26T18:00:00Z,6,0.1
4445114986,2016-03-26T19:00:00Z,29,0.483333
4445114986,2016-03-26T20:00:00Z,14,0.233333
4445114986,2016-03-26T21:00:00Z,17,0.283333
4445114986,2016-03-26T22:00:00Z,21,0.35
4445114986,2016-03-26T23:00:00Z,9,0.15
4445114986,2016-03-27T00:00:00Z,20,0.333333
4445114986,2016-03-27T01:00:00Z,6,0.1
4445114986,2016-03-27T02:00:00Z,0,0
4445114986,2016-03-27T03:00:00Z,0,0
4445114986,2016-03-27T04:00:00Z,1,0.016667
4445114986,2016-03-27T05:00:00Z,0,0
4445114986,2016-03-27T06:00:00Z,0,0
4445114986,2016-03-27T07:00:00Z,3,0.05
4445114986,2016-03-27T08:00:00Z,4,0.066667
4445114986,2016-03-27T09:00:00Z,27,0.45
4445114986,2016-03-27T10:00:00Z,32,0.533333
4445114986,2016-03-27T11:00:00Z,36,0.6
4445114986,2016-03-27T12:00:00Z,20,0.333333
4445114986,2016-03-27T13:00:00Z,11,0.183333
4445114986,2016-03-27T14:00:00Z,12,0.2
4445114986,2016-03-27T15:00:00Z,9,0.15
4445114986,2016-03-27T16:00:00Z,13,0.216667
4445114986,2016-03-27T17:00:00Z,18,0.3
4445114986,2016-03-27T18:00:00Z,14,0.233333
4445114986,2016-03-27T19:00:00Z,17,0.283333
4445114986,2016-03-27T20:00:00Z,8,0.133333
4445114986,2016-03-27T21:00:00Z,3,0.05
4445114986,2016-03-27T22:00:00Z,19,0.316667
4445114986,2016-03-27T23:00:00Z,0,0
4445114986,2016-03-28T00:00:00Z,0,0
4445114986,2016-03-28T01:00:00Z,1,0.016667
4445114986,2016-03-28T02:00:00Z,0,0
4445114986,2016-03-28T03:00:00Z,0,0
4445114986,2016-03-28T04:00:00Z,0,0
4445114986,2016-03-28T05:00:00Z,0,0
4445114986,2016-03-28T06:00:00Z,4,0.066667
4445114986,2016-03-28T07:00:00Z,5,0.083333
4445114986,2016-03-28T08:00:00Z,0,0
4445114986,2016-03-28T09:00:00Z,0,0
4445114986,2016-03-28T10:00:00Z,4,0.066667
4445114986,2016-03-28T11:00:00Z,20,0.333333
4445114986,2016-03-28T12:00:00Z,19,0.316667
4445114986,2016-03-28T13:00:00Z,11,0.183333
4445114986,2016-03-28T14:00:00Z,24,0.4
4445114986,2016-03-28T15:00:00Z,11,0.183333
4445114986,2016-03-28T16:00:00Z,0,0
4445114986,2016-03-28T17:00:00Z,3,0.05
4445114986,2016-03-28T18:00:00Z,12,0.2
4445114986,2016-03-28T19:00:00Z,10,0.166667
4445114986,2016-03-28T20:00:00Z,13,0.216667
4445114986,2016-03-28T21:00:00Z,19,0.316667
4445114986,2016-03-28T22:00:00Z,3,0.05
4445114986,2016-03-28T23:00:00Z,14,0.233333
4445114986,2016-03-29T00:00:00Z,5,0.083333
4445114986,2016-03-29T01:00:00Z,5,0.083333
4445114986,2016-03-29T02:00:00Z,0,0
4445114986,2016-03-29T03:00:00Z,0,0
4445114986,2016-03-29T04:00:00Z,0,0
4445114986,2016-03-29T05:00:00Z,2,0.033333
4445114986,2016-03-29T06:00:00Z,0,0
4445114986,2016-03-29T07:00:00Z,4,0.066667
4445114986,2016-03-29T08:00:00Z,0,0
4445114986,2016-03-29T09:00:00Z,0,0
4445114986,2016-03-29T10:00:00Z,4,0.066667
4445114986,2016-03-29T11:00:00Z,14,0.233333
4445114986,2016-03-29T12:00:00Z,8,0.133333
4445114986,2016-03-29T13:00:00Z,27,0.45
4445114986,2016-03-29T14:00:00Z,11,0.183333
4445114986,2016-03-29T15:00:00Z,24,0.4
4445114986,2016-03-29T16:00:00Z,2,0.033333
4445114986,2016-03-29T17:00:00Z,1,0.016667
4445114986,2016-03-29T18:00:00Z,0,0
4445114986,2016-03-29T19:00:00Z,11,0.183333
4445114986,2016-03-29T20:00:00Z,12,0.2
4445114986,2016-03-29T21:00:00Z,19,0.316667
4445114986,2016-03-29T22:00:00Z,6,0.1
4445114986,2016-03-29T23:00:00Z,0,0
4445114986,2016-03-30T00:00:00Z,0,0
4445114986,2016-03-30T01:00:00Z,0,0
4445114986,2016-03-30T02:00:00Z,0,0
4445114986,2016-03-30T03:00:00Z,0,0
4445114986,2016-03-30T04:00:00Z,0,0
4445114986,2016-03-30T05:00:00Z,0,0
4445114986,2016-03-30T06:00:00Z,0,0
4445114986,2016-03-30T07:00:00Z,0,0
4445114986,2016-03-30T08:00:00Z,0,0
4445114986,2016-03-30T09:00:00Z,0,0
4445114986,2016-03-30T10:00:00Z,0,0
4445114986,2016-03-30T11:00:00Z,21,0.35
4445114986,2016-03-30T12:00:00Z,20,0.333333
4445114986,2016-03-30T13:00:00Z,24,0.4
4445114986,2016-03-30T14:00:00Z,14,0.233333
4445114986,2016-03-30T15:00:00Z,25,0.416667
4445114986,2016-03-30T16:00:00Z,0,0
4445114986,2016-03-30T17:00:00Z,1,0.016667
4445114986,2016-03-30T18:00:00Z,4,0.066667
4445114986,2016-03-30T19:00:00Z,4,0.066667
4445114986,2016-03-30T20:00:00Z,8,0.133333
4445114986,2016-03-30T21:00:00Z,34,0.566667
4445114986,2016-03-30T22:00:00Z,8,0.133333
4445114986,2016-03-30T23:00:00Z,0,0
4445114986,2016-03-31T00:00:00Z,0,0
4445114986,2016-03-31T01:00:00Z,1,0.016667
4445114986,2016-03-31T02:00:00Z,0,0
4445114986,2016-03-31T03:00:00Z,0,0
4445114986,2016-03-31T04:00:00Z,0,0
4445114986,2016-03-31T05:00:00Z,1,0.016667
4445114986,2016-03-31T06:00:00Z,2,0.033333
4445114986,2016-03-31T07:00:00Z,13,0.216667
4445114986,2016-03-31T08:00:00Z,1,0.016667
4445114986,2016-03-31T09:00:00Z,0,0
4445114986,2016-03-31T10:00:00Z,1,0.016667
4445114986,2016-03-31T11:00:00Z,12,0.2
4445114986,2016-03-31T12:00:00Z,16,0.266667
4445114986,2016-03-31T13:00:00Z,16,0.266667
4445114986,2016-03-31T14:00:00Z,16,0.266667
4445114986,2016-03-31T15:00:00Z,6,0.1
4445114986,2016-03-31T16:00:00Z,8,0.133333
4445114986,2016-03-31T17:00:00Z,7,0.116667
4445114986,2016-03-31T18:00:00Z,29,0.483333
4445114986,2016-03-31T19:00:00Z,31,0.516667
4445114986,2016-03-31T20:00:00Z,21,0.35
4445114986,2016-03-31T21:00:00Z,16,0.266667
4445114986,2016-03-31T22:00:00Z,9,0.15
4445114986,2016-03-31T23:00:00Z,32,0.533333
4445114986,2016-04-01T00:00:00Z,0,0
4445114986,2016-04-01T01:00:00Z,0,0
4445114986,2016-04-01T02:00:00Z,3,0.05
4445114986,2016-04-01T03:00:00Z,0,0
4445114986,2016-04-01T04:00:00Z,3,0.05
4445114986,2016-04-01T05:00:00Z,0,0
4445114986,2016-04-01T06:00:00Z,1,0.016667
4445114986,2016-04-01T07:00:00Z,0,0
4445114986,2016-04-01T08:00:00Z,24,0.4
4445114986,2016-04-01T09:00:00Z,11,0.183333
4445114986,2016-04-01T10:00:00Z,7,0.116667
4445114986,2016-04-01T11:00:00Z,2,0.033333
4445114986,2016-04-01T12:00:00Z,6,0.1
4445114986,2016-04-01T13:00:00Z,20,0.333333
4445114986,2016-04-01T14:00:00Z,29,0.483333
4445114986,2016-04-01T15:00:00Z,9,0.15
4445114986,2016-04-01T16:00:00Z,3,0.05
4445114986,2016-04-01T17:00:00Z,11,0.183333
4445114986,2016-04-01T18:00:00Z,2,0.033333
4445114986,2016-04-01T19:00:00Z,12,0.2
4445114986,2016-04-01T20:00:00Z,13,0.216667
4445114986,2016-04-01T21:00:00Z,13,0.216667
4445114986,2016-04-01T22:00:00Z,27,0.45
4445114986,2016-04-01T23:00:00Z,9,0.15
4445114986,2016-04-02T00:00:00Z,12,0.2
4445114986,2016-04-02T01:00:00Z,0,0
4445114986,2016-04-02T02:00:00Z,0,0
4445114986,2016-04-02T03:00:00Z,1,0.016667
4445114986,2016-04-02T04:00:00Z,0,0
4445114986,2016-04-02T05:00:00Z,0,0
4445114986,2016-04-02T06:00:00Z,0,0
4445114986,2016-04-02T07:00:00Z,1,0.016667
4445114986,2016-04-02T08:00:00Z,2,0.033333
4445114986,2016-04-02T09:00:00Z,30,0.5
4445114986,2016-04-02T10:00:00Z,11,0.183333
4445114986,2016-04-02T11:00:00Z,6,0.1
4445114986,2016-04-02T12:00:00Z,19,0.316667
4445114986,2016-04-02T13:00:00Z,11,0.183333
4445114986,2016-04-02T14:00:00Z,0,0
4445114986,2016-04-02T15:00:00Z,22,0.366667
4445114986,2016-04-02T16:00:00Z,33,0.55
4445114986,2016-04-02T17:00:00Z,20,0.333333
4445114986,2016-04-02T18:00:00Z,11,0.183333
4445114986,2016-04-02T19:00:00Z,30,0.5
4445114986,2016-04-02T20:00:00Z,18,0.3
4445114986,2016-04-02T21:00:00Z,12,0.2
4445114986,2016-04-02T22:00:00Z,18,0.3
4445114986,2016-04-02T23:00:00Z,16,0.266667
4445114986,2016-04-03T00:00:00Z,1,0.016667
4445114986,2016-04-03T01:00:00Z,0,0
4445114986,2016-04-03T02:00:00Z,0,0
4445114986,2016-04-03T03:00:00Z,0,0
4445114986,2016-04-03T04:00:00Z,0,0
4445114986,2016-04-03T05:00:00Z,0,0
4445114986,2016-04-03T06:00:00Z,0,0
4445114986,2016-04-03T07:00:00Z,0,0
4445114986,2016-04-03T08:00:00Z,0,0
4445114986,2016-04-03T09:00:00Z,0,0
4445114986,2016-04-03T10:00:00Z,0,0
4445114986,2016-04-03T11:00:00Z,0,0
4445114986,2016-04-03T12:00:00Z,12,0.2
4445114986,2016-04-03T13:00:00Z,31,0.516667
4445114986,2016-04-03T14:00:00Z,11,0.183333
4445114986,2016-04-03T15:00:00Z,28,0.466667
4445114986,2016-04-03T16:00:00Z,7,0.116667
4445114986,2016-04-03T17:00:00Z,26,0.433333
4445114986,2016-04-03T18:00:00Z,9,0.15
4445114986,2016-04-03T19:00:00Z,18,0.3
4445114986,2016-04-03T20:00:00Z,5,0.083333
4445114986,2016-04-03T21:00:00Z,9,0.15
4445114986,2016-04-03T22:00:00Z,0,0
4445114986,2016-04-03T23:00:00Z,14,0.233333
4445114986,2016-04-04T00:00:00Z,0,0
4445114986,2016-04-04T01:00:00Z,0,0
4445114986,2016-04-04T02:00:00Z,0,0
4445114986,2016-04-04T03:00:00Z,0,0
4445114986,2016-04-04T04:00:00Z,0,0
4445114986,2016-04-04T05:00:00Z,0,0
4445114986,2016-04-04T06:00:00Z,0,0
4445114986,2016-04-04T07:00:00Z,0,0
4445114986,2016-04-04T08:00:00Z,0,0
4445114986,2016-04-04T09:00:00Z,0,0
4445114986,2016-04-04T10:00:00Z,0,0
4445114986,2016-04-04T11:00:00Z,0,0
4445114986,2016-04-04T12:00:00Z,0,0
4445114986,2016-04-04T13:00:00Z,5,0.083333
4445114986,2016-04-04T14:00:00Z,22,0.366667
4445114986,2016-04-04T15:00:00Z,1,0.016667
4445114986,2016-04-04T16:00:00Z,2,0.033333
4445114986,2016-04-04T17:00:00Z,13,0.216667
4445114986,2016-04-04T18:00:00Z,23,0.383333
4445114986,2016-04-04T19:00:00Z,18,0.3
4445114986,2016-04-04T20:00:00Z,3,0.05
4445114986,2016-04-04T21:00:00Z,13,0.216667
4445114986,2016-04-04T22:00:00Z,3,0.05
4445114986,2016-04-04T23:00:00Z,7,0.116667
4445114986,2016-04-05T00:00:00Z,13,0.216667
4445114986,2016-04-05T01:00:00Z,4,0.066667
4445114986,2016-04-05T02:00:00Z,2,0.033333
4445114986,2016-04-05T03:00:00Z,0,0
4445114986,2016-04-05T04:00:00Z,0,0
4445114986,2016-04-05T05:00:00Z,4,0.066667
4445114986,2016-04-05T06:00:00Z,2,0.033333
4445114986,2016-04-05T07:00:00Z,1,0.016667
4445114986,2016-04-05T08:00:00Z,0,0
4445114986,2016-04-05T09:00:00Z,1,0.016667
4445114986,2016-04-05T10:00:00Z,8,0.133333
4445114986,2016-04-05T11:00:00Z,16,0.266667
4445114986,2016-04-05T12:00:00Z,22,0.366667
4445114986,2016-04-05T13:00:00Z,15,0.25
4445114986,2016-04-05T14:00:00Z,20,0.333333
4445114986,2016-04-05T15:00:00Z,18,0.3
4445114986,2016-04-05T16:00:00Z,3,0.05
4445114986,2016-04-05T17:00:00Z,0,0
4445114986,2016-04-05T18:00:00Z,23,0.383333
4445114986,2016-04-05T19:00:00Z,25,0.416667
4445114986,2016-04-05T20:00:00Z,25,0.416667
4445114986,2016-04-05T21:00:00Z,12,0.2
4445114986,2016-04-05T22:00:00Z,15,0.25
4445114986,2016-04-05T23:00:00Z,21,0.35
4445114986,2016-04-06T00:00:00Z,15,0.25
4445114986,2016-04-06T01:00:00Z,0,0
4445114986,2016-04-06T02:00:00Z,6,0.1
4445114986,2016-04-06T03:00:00Z,1,0.016667
4445114986,2016-04-06T04:00:00Z,3,0.05
4445114986,2016-04-06T05:00:00Z,1,0.016667
4445114986,2016-04-06T06:00:00Z,0,0
4445114986,2016-04-06T07:00:00Z,0,0
4445114986,2016-04-06T08:00:00Z,0,0
4445114986,2016-04-06T09:00:00Z,0,0
4445114986,2016-04-06T10:00:00Z,1,0.016667
4445114986,2016-04-06T11:00:00Z,9,0.15
4445114986,2016-04-06T12:00:00Z,29,0.483333
4445114986,2016-04-06T13:00:00Z,17,0.283333
4445114986,2016-04-06T14:00:00Z,8,0.133333
4445114986,2016-04-06T15:00:00Z,23,0.383333
4445114986,2016-04-06T16:00:00Z,9,0.15
4445114986,2016-04-06T17:00:00Z,100,1.666667
4445114986,2016-04-06T18:00:00Z,13,0.216667
4445114986,2016-04-06T19:00:00Z,14,0.233333
4445114986,2016-04-06T20:00:00Z,13,0.216667
4445114986,2016-04-06T21:00:00Z,5,0.083333
4445114986,2016-04-06T22:00:00Z,13,0.216667
4445114986,2016-04-06T23:00:00Z,23,0.383333
4445114986,2016-04-07T00:00:00Z,10,0.166667
4445114986,2016-04-07T01:00:00Z,3,0.05
4445114986,2016-04-07T02:00:00Z,1,0.016667
4445114986,2016-04-07T03:00:00Z,0,0
4445114986,2016-04-07T04:00:00Z,2,0.033333
4445114986,2016-04-07T05:00:00Z,3,0.05
4445114986,2016-04-07T06:00:00Z,0,0
4445114986,2016-04-07T07:00:00Z,0,0
4445114986,2016-04-07T08:00:00Z,0,0
4445114986,2016-04-07T09:00:00Z,2,0.033333
4445114986,2016-04-07T10:00:00Z,7,0.116667
4445114986,2016-04-07T11:00:00Z,10,0.166667
4445114986,2016-04-07T12:00:00Z,17,0.283333
4445114986,2016-04-07T13:00:00Z,27,0.45
4445114986,2016-04-07T14:00:00Z,3,0.05
4445114986,2016-04-07T15:00:00Z,13,0.216667
4445114986,2016-04-07T16:00:00Z,13,0.216667
4445114986,2016-04-07T17:00:00Z,88,1.466667
4445114986,2016-04-07T18:00:00Z,11,0.183333
4445114986,2016-04-07T19:00:00Z,1,0.016667
4445114986,2016-04-07T20:00:00Z,8,0.133333
4445114986,2016-04-07T21:00:00Z,13,0.216667
4445114986,2016-04-07T22:00:00Z,32,0.533333
4445114986,2016-04-07T23:00:00Z,18,0.3
4445114986,2016-04-08T00:00:00Z,1,0.016667
4445114986,2016-04-08T01:00:00Z,3,0.05
4445114986,2016-04-08T02:00:00Z,0,0
4445114986,2016-04-08T03:00:00Z,0,0
4445114986,2016-04-08T04:00:00Z,0,0
4445114986,2016-04-08T05:00:00Z,2,0.033333
4445114986,2016-04-08T06:00:00Z,0,0
4445114986,2016-04-08T07:00:00Z,16,0.266667
4445114986,2016-04-08T08:00:00Z,6,0.1
4445114986,2016-04-08T09:00:00Z,2,0.033333
4445114986,2016-04-08T10:00:00Z,3,0.05
4445114986,2016-04-08T11:00:00Z,12,0.2
4445114986,2016-04-08T12:00:00Z,16,0.266667
4445114986,2016-04-08T13:00:00Z,16,0.266667
4445114986,2016-04-08T14:00:00Z,33,0.55
4445114986,2016-04-08T15:00:00Z,26,0.433333
4445114986,2016-04-08T16:00:00Z,23,0.383333
4445114986,2016-04-08T17:00:00Z,36,0.6
4445114986,2016-04-08T18:00:00Z,20,0.333333
4445114986,2016-04-08T19:00:00Z,13,0.216667
4445114986,2016-04-08T20:00:00Z,7,0.116667
4445114986,2016-04-08T21:00:00Z,5,0.083333
4445114986,2016-04-08T22:00:00Z,15,0.25
4445114986,2016-04-08T23:00:00Z,11,0.183333
4445114986,2016-04-09T00:00:00Z,4,0.066667
4445114986,2016-04-09T01:00:00Z,13,0.216667
4445114986,2016-04-09T02:00:00Z,0,0
4445114986,2016-04-09T03:00:00Z,1,0.016667
4445114986,2016-04-09T04:00:00Z,0,0
4445114986,2016-04-09T05:00:00Z,1,0.016667
4445114986,2016-04-09T06:00:00Z,1,0.016667
4445114986,2016-04-09T07:00:00Z,4,0.066667
4445114986,2016-04-09T08:00:00Z,2,0.033333
4445114986,2016-04-09T09:00:00Z,0,0
4445114986,2016-04-09T10:00:00Z,1,0.016667
4445114986,2016-04-09T11:00:00Z,0,0
4445114986,2016-04-09T12:00:00Z,9,0.15
4445114986,2016-04-09T13:00:00Z,44,0.733333
4445114986,2016-04-09T14:00:00Z,19,0.316667
4445114986,2016-04-09T15:00:00Z,12,0.2
4445114986,2016-04-09T16:00:00Z,15,0.25
4445114986,2016-04-09T17:00:00Z,13,0.216667
4445114986,2016-04-09T18:00:00Z,15,0.25
4445114986,2016-04-09T19:00:00Z,13,0.216667
4445114986,2016-04-09T20:00:00Z,26,0.433333
4445114986,2016-04-09T21:00:00Z,14,0.233333
4445114986,2016-04-09T22:00:00Z,9,0.15
4445114986,2016-04-09T23:00:00Z,23,0.383333
4445114986,2016-04-10T00:00:00Z,30,0.5
4445114986,2016-04-10T01:00:00Z,16,0.266667
4445114986,2016-04-10T02:00:00Z,8,0.133333
4445114986,2016-04-10T03:00:00Z,0,0
4445114986,2016-04-10T04:00:00Z,0,0
4445114986,2016-04-10T05:00:00Z,0,0
4445114986,2016-04-10T06:00:00Z,1,0.016667
4445114986,2016-04-10T07:00:00Z,7,0.116667
4445114986,2016-04-10T08:00:00Z,2,0.033333
4445114986,2016-04-10T09:00:00Z,3,0.05
4445114986,2016-04-10T10:00:00Z,6,0.1
4445114986,2016-04-10T11:00:00Z,10,0.166667
4445114986,2016-04-10T12:00:00Z,23,0.383333
4445114986,2016-04-10T13:00:00Z,32,0.533333
4445114986,2016-04-10T14:00:00Z,19,0.316667
4445114986,2016-04-10T15:00:00Z,44,0.733333
4445114986,2016-04-10T16:00:00Z,19,0.316667
4445114986,2016-04-10T17:00:00Z,10,0.166667
4445114986,2016-04-10T18:00:00Z,11,0.183333
4445114986,2016-04-10T19:00:00Z,0,0
4445114986,2016-04-10T20:00:00Z,7,0.116667
4445114986,2016-04-10T21:00:00Z,21,0.35
4445114986,2016-04-10T22:00:00Z,14,0.233333
4445114986,2016-04-10T23:00:00Z,33,0.55
4445114986,2016-04-11T00:00:00Z,7,0.116667
4445114986,2016-04-11T01:00:00Z,5,0.083333
4445114986,2016-04-11T02:00:00Z,6,0.1
4445114986,2016-04-11T03:00:00Z,0,0
4445114986,2016-04-11T04:00:00Z,0,0
4445114986,2016-04-11T05:00:00Z,0,0
4445114986,2016-04-11T06:00:00Z,0,0
4445114986,2016-04-11T07:00:00Z,4,0.066667
4445114986,2016-04-11T08:00:00Z,1,0.016667
4445114986,2016-04-11T09:00:00Z,0,0
4445114986,2016-04-11T10:00:00Z,1,0.016667
4445114986,2016-04-11T11:00:00Z,4,0.066667
4445114986,2016-04-11T12:00:00Z,7,0.116667
4445114986,2016-04-11T13:00:00Z,23,0.383333
4445114986,2016-04-11T14:00:00Z,9,0.15
4445114986,2016-04-11T15:00:00Z,14,0.233333
4445114986,2016-04-11T16:00:00Z,14,0.233333
4445114986,2016-04-11T17:00:00Z,34,0.566667
4445114986,2016-04-11T18:00:00Z,83,1.383333
4445114986,2016-04-11T19:00:00Z,19,0.316667
4445114986,2016-04-11T20:00:00Z,20,0.333333
4445114986,2016-04-11T21:00:00Z,12,0.2
4445114986,2016-04-11T22:00:00Z,2,0.033333
4445114986,2016-04-11T23:00:00Z,9,0.15
4445114986,2016-04-12T00:00:00Z,0,0
4445114986,2016-04-12T01:00:00Z,7,0.116667
4445114986,2016-04-12T02:00:00Z,0,0
4445114986,2016-04-12T03:00:00Z,1,0.016667
4445114986,2016-04-12T04:00:00Z,2,0.033333
4445114986,2016-04-12T05:00:00Z,0,0
4445114986,2016-04-12T06:00:00Z,0,0
4445114986,2016-04-12T07:00:00Z,5,0.083333
4445114986,2016-04-12T08:00:00Z,5,0.083333
4445114986,2016-04-12T09:00:00Z,0,0
4558609924,2016-03-12T00:00:00Z,14,0.233333
4558609924,2016-03-12T01:00:00Z,2,0.033333
4558609924,2016-03-12T02:00:00Z,0,0
4558609924,2016-03-12T03:00:00Z,0,0
4558609924,2016-03-12T04:00:00Z,0,0
4558609924,2016-03-12T05:00:00Z,0,0
4558609924,2016-03-12T06:00:00Z,0,0
4558609924,2016-03-12T07:00:00Z,0,0
4558609924,2016-03-12T08:00:00Z,0,0
4558609924,2016-03-12T09:00:00Z,0,0
4558609924,2016-03-12T10:00:00Z,18,0.3
4558609924,2016-03-12T11:00:00Z,33,0.55
4558609924,2016-03-12T12:00:00Z,39,0.65
4558609924,2016-03-12T13:00:00Z,39,0.65
4558609924,2016-03-12T14:00:00Z,32,0.533333
4558609924,2016-03-12T15:00:00Z,31,0.516667
4558609924,2016-03-12T16:00:00Z,14,0.233333
4558609924,2016-03-12T17:00:00Z,4,0.066667
4558609924,2016-03-12T18:00:00Z,8,0.133333
4558609924,2016-03-12T19:00:00Z,17,0.283333
4558609924,2016-03-12T20:00:00Z,18,0.3
4558609924,2016-03-12T21:00:00Z,13,0.216667
4558609924,2016-03-12T22:00:00Z,14,0.233333
4558609924,2016-03-12T23:00:00Z,4,0.066667
4558609924,2016-03-13T00:00:00Z,2,0.033333
4558609924,2016-03-13T01:00:00Z,0,0
4558609924,2016-03-13T02:00:00Z,0,0
4558609924,2016-03-13T03:00:00Z,0,0
4558609924,2016-03-13T04:00:00Z,0,0
4558609924,2016-03-13T05:00:00Z,0,0
4558609924,2016-03-13T06:00:00Z,0,0
4558609924,2016-03-13T07:00:00Z,0,0
4558609924,2016-03-13T08:00:00Z,0,0
4558609924,2016-03-13T09:00:00Z,17,0.283333
4558609924,2016-03-13T10:00:00Z,11,0.183333
4558609924,2016-03-13T11:00:00Z,5,0.083333
4558609924,2016-03-13T12:00:00Z,4,0.066667
4558609924,2016-03-13T13:00:00Z,12,0.2
4558609924,2016-03-13T14:00:00Z,0,0
4558609924,2016-03-13T15:00:00Z,5,0.083333
4558609924,2016-03-13T16:00:00Z,11,0.183333
4558609924,2016-03-13T17:00:00Z,11,0.183333
4558609924,2016-03-13T18:00:00Z,10,0.166667
4558609924,2016-03-13T19:00:00Z,12,0.2
4558609924,2016-03-13T20:00:00Z,22,0.366667
4558609924,2016-03-13T21:00:00Z,16,0.266667
4558609924,2016-03-13T22:00:00Z,16,0.266667
4558609924,2016-03-13T23:00:00Z,1,0.016667
4558609924,2016-03-14T00:00:00Z,0,0
4558609924,2016-03-14T01:00:00Z,0,0
4558609924,2016-03-14T02:00:00Z,0,0
4558609924,2016-03-14T03:00:00Z,0,0
4558609924,2016-03-14T04:00:00Z,0,0
4558609924,2016-03-14T05:00:00Z,0,0
4558609924,2016-03-14T06:00:00Z,0,0
4558609924,2016-03-14T07:00:00Z,0,0
4558609924,2016-03-14T08:00:00Z,0,0
4558609924,2016-03-14T09:00:00Z,0,0
4558609924,2016-03-14T10:00:00Z,0,0
4558609924,2016-03-14T11:00:00Z,0,0
4558609924,2016-03-14T12:00:00Z,0,0
4558609924,2016-03-14T13:00:00Z,0,0
4558609924,2016-03-14T14:00:00Z,7,0.116667
4558609924,2016-03-14T15:00:00Z,2,0.033333
4558609924,2016-03-14T16:00:00Z,4,0.066667
4558609924,2016-03-14T17:00:00Z,0,0
4558609924,2016-03-14T18:00:00Z,5,0.083333
4558609924,2016-03-14T19:00:00Z,40,0.666667
4558609924,2016-03-14T20:00:00Z,1,0.016667
4558609924,2016-03-14T21:00:00Z,0,0
4558609924,2016-03-14T22:00:00Z,0,0
4558609924,2016-03-14T23:00:00Z,0,0
4558609924,2016-03-15T00:00:00Z,0,0
4558609924,2016-03-15T01:00:00Z,0,0
4558609924,2016-03-15T02:00:00Z,0,0
4558609924,2016-03-15T03:00:00Z,0,0
4558609924,2016-03-15T04:00:00Z,0,0
4558609924,2016-03-15T05:00:00Z,0,0
4558609924,2016-03-15T06:00:00Z,0,0
4558609924,2016-03-15T07:00:00Z,0,0
4558609924,2016-03-15T08:00:00Z,0,0
4558609924,2016-03-15T09:00:00Z,0,0
4558609924,2016-03-15T10:00:00Z,31,0.516667
4558609924,2016-03-15T11:00:00Z,28,0.466667
4558609924,2016-03-15T12:00:00Z,38,0.633333
4558609924,2016-03-15T13:00:00Z,16,0.266667
4558609924,2016-03-15T14:00:00Z,21,0.35
4558609924,2016-03-15T15:00:00Z,7,0.116667
4558609924,2016-03-15T16:00:00Z,0,0
4558609924,2016-03-15T17:00:00Z,2,0.033333
4558609924,2016-03-15T18:00:00Z,0,0
4558609924,2016-03-15T19:00:00Z,10,0.166667
4558609924,2016-03-15T20:00:00Z,4,0.066667
4558609924,2016-03-15T21:00:00Z,22,0.366667
4558609924,2016-03-15T22:00:00Z,9,0.15
4558609924,2016-03-15T23:00:00Z,0,0
4558609924,2016-03-16T00:00:00Z,7,0.116667
4558609924,2016-03-16T01:00:00Z,2,0.033333
4558609924,2016-03-16T02:00:00Z,0,0
4558609924,2016-03-16T03:00:00Z,0,0
4558609924,2016-03-16T04:00:00Z,0,0
4558609924,2016-03-16T05:00:00Z,0,0
4558609924,2016-03-16T06:00:00Z,0,0
4558609924,2016-03-16T07:00:00Z,0,0
4558609924,2016-03-16T08:00:00Z,0,0
4558609924,2016-03-16T09:00:00Z,0,0
4558609924,2016-03-16T10:00:00Z,0,0
4558609924,2016-03-16T11:00:00Z,25,0.416667
4558609924,2016-03-16T12:00:00Z,4,0.066667
4558609924,2016-03-16T13:00:00Z,24,0.4
4558609924,2016-03-16T14:00:00Z,24,0.4
4558609924,2016-03-16T15:00:00Z,52,0.866667
4558609924,2016-03-16T16:00:00Z,24,0.4
4558609924,2016-03-16T17:00:00Z,0,0
4558609924,2016-03-16T18:00:00Z,0,0
4558609924,2016-03-16T19:00:00Z,0,0
4558609924,2016-03-16T20:00:00Z,0,0
4558609924,2016-03-16T21:00:00Z,0,0
4558609924,2016-03-16T22:00:00Z,0,0
4558609924,2016-03-16T23:00:00Z,0,0
4558609924,2016-03-17T00:00:00Z,0,0
4558609924,2016-03-17T01:00:00Z,0,0
4558609924,2016-03-17T02:00:00Z,0,0
4558609924,2016-03-17T03:00:00Z,0,0
4558609924,2016-03-17T04:00:00Z,0,0
4558609924,2016-03-17T05:00:00Z,0,0
4558609924,2016-03-17T06:00:00Z,0,0
4558609924,2016-03-17T07:00:00Z,0,0
4558609924,2016-03-17T08:00:00Z,29,0.483333
4558609924,2016-03-17T09:00:00Z,56,0.933333
4558609924,2016-03-17T10:00:00Z,21,0.35
4558609924,2016-03-17T11:00:00Z,13,0.216667
4558609924,2016-03-17T12:00:00Z,34,0.566667
4558609924,2016-03-17T13:00:00Z,15,0.25
4558609924,2016-03-17T14:00:00Z,11,0.183333
4558609924,2016-03-17T15:00:00Z,21,0.35
4558609924,2016-03-17T16:00:00Z,1,0.016667
4558609924,2016-03-17T17:00:00Z,0,0
4558609924,2016-03-17T18:00:00Z,0,0
4558609924,2016-03-17T19:00:00Z,14,0.233333
4558609924,2016-03-17T20:00:00Z,14,0.233333
4558609924,2016-03-17T21:00:00Z,4,0.066667
4558609924,2016-03-17T22:00:00Z,5,0.083333
4558609924,2016-03-17T23:00:00Z,9,0.15
4558609924,2016-03-18T00:00:00Z,0,0
4558609924,2016-03-18T01:00:00Z,0,0
4558609924,2016-03-18T02:00:00Z,0,0
4558609924,2016-03-18T03:00:00Z,0,0
4558609924,2016-03-18T04:00:00Z,0,0
4558609924,2016-03-18T05:00:00Z,0,0
4558609924,2016-03-18T06:00:00Z,0,0
4558609924,2016-03-18T07:00:00Z,0,0
4558609924,2016-03-18T08:00:00Z,0,0
4558609924,2016-03-18T09:00:00Z,0,0
4558609924,2016-03-18T10:00:00Z,20,0.333333
4558609924,2016-03-18T11:00:00Z,29,0.483333
4558609924,2016-03-18T12:00:00Z,26,0.433333
4558609924,2016-03-18T13:00:00Z,2,0.033333
4558609924,2016-03-18T14:00:00Z,0,0
4558609924,2016-03-18T15:00:00Z,0,0
4558609924,2016-03-18T16:00:00Z,11,0.183333
4558609924,2016-03-18T17:00:00Z,29,0.483333
4558609924,2016-03-18T18:00:00Z,33,0.55
4558609924,2016-03-18T19:00:00Z,3,0.05
4558609924,2016-03-18T20:00:00Z,4,0.066667
4558609924,2016-03-18T21:00:00Z,3,0.05
4558609924,2016-03-18T22:00:00Z,14,0.233333
4558609924,2016-03-18T23:00:00Z,2,0.033333
4558609924,2016-03-19T00:00:00Z,0,0
4558609924,2016-03-19T01:00:00Z,0,0
4558609924,2016-03-19T02:00:00Z,0,0
4558609924,2016-03-19T03:00:00Z,0,0
4558609924,2016-03-19T04:00:00Z,0,0
4558609924,2016-03-19T05:00:00Z,0,0
4558609924,2016-03-19T06:00:00Z,0,0
4558609924,2016-03-19T07:00:00Z,0,0
4558609924,2016-03-19T08:00:00Z,0,0
4558609924,2016-03-19T09:00:00Z,0,0
4558609924,2016-03-19T10:00:00Z,0,0
4558609924,2016-03-19T11:00:00Z,0,0
4558609924,2016-03-19T12:00:00Z,0,0
4558609924,2016-03-19T13:00:00Z,0,0
4558609924,2016-03-19T14:00:00Z,0,0
4558609924,2016-03-19T15:00:00Z,0,0
4558609924,2016-03-19T16:00:00Z,0,0
4558609924,2016-03-19T17:00:00Z,0,0
4558609924,2016-03-19T18:00:00Z,0,0
4558609924,2016-03-19T19:00:00Z,0,0
4558609924,2016-03-19T20:00:00Z,0,0
4558609924,2016-03-19T21:00:00Z,0,0
4558609924,2016-03-19T22:00:00Z,0,0
4558609924,2016-03-19T23:00:00Z,0,0
4558609924,2016-03-20T00:00:00Z,0,0
4558609924,2016-03-20T01:00:00Z,0,0
4558609924,2016-03-20T02:00:00Z,0,0
4558609924,2016-03-20T03:00:00Z,2,0.033333
4558609924,2016-03-20T04:00:00Z,0,0
4558609924,2016-03-20T05:00:00Z,0,0
4558609924,2016-03-20T06:00:00Z,0,0
4558609924,2016-03-20T07:00:00Z,0,0
4558609924,2016-03-20T08:00:00Z,0,0
4558609924,2016-03-20T09:00:00Z,0,0
4558609924,2016-03-20T10:00:00Z,3,0.05
4558609924,2016-03-20T11:00:00Z,25,0.416667
4558609924,2016-03-20T12:00:00Z,37,0.616667
4558609924,2016-03-20T13:00:00Z,35,0.583333
4558609924,2016-03-20T14:00:00Z,50,0.833333
4558609924,2016-03-20T15:00:00Z,7,0.116667
4558609924,2016-03-20T16:00:00Z,0,0
4558609924,2016-03-20T17:00:00Z,0,0
4558609924,2016-03-20T18:00:00Z,0,0
4558609924,2016-03-20T19:00:00Z,0,0
4558609924,2016-03-20T20:00:00Z,0,0
4558609924,2016-03-20T21:00:00Z,0,0
4558609924,2016-03-20T22:00:00Z,0,0
4558609924,2016-03-20T23:00:00Z,0,0
4558609924,2016-03-21T00:00:00Z,0,0
4558609924,2016-03-21T01:00:00Z,0,0
4558609924,2016-03-21T02:00:00Z,0,0
4558609924,2016-03-21T03:00:00Z,0,0
4558609924,2016-03-21T04:00:00Z,0,0
4558609924,2016-03-21T05:00:00Z,0,0
4558609924,2016-03-21T06:00:00Z,0,0
4558609924,2016-03-21T07:00:00Z,0,0
4558609924,2016-03-21T08:00:00Z,0,0
4558609924,2016-03-21T09:00:00Z,0,0
4558609924,2016-03-21T10:00:00Z,0,0
4558609924,2016-03-21T11:00:00Z,0,0
4558609924,2016-03-21T12:00:00Z,0,0
4558609924,2016-03-21T13:00:00Z,0,0
4558609924,2016-03-21T14:00:00Z,0,0
4558609924,2016-03-21T15:00:00Z,0,0
4558609924,2016-03-21T16:00:00Z,0,0
4558609924,2016-03-21T17:00:00Z,0,0
4558609924,2016-03-21T18:00:00Z,0,0
4558609924,2016-03-21T19:00:00Z,0,0
4558609924,2016-03-21T20:00:00Z,0,0
4558609924,2016-03-21T21:00:00Z,0,0
4558609924,2016-03-21T22:00:00Z,0,0
4558609924,2016-03-21T23:00:00Z,0,0
4558609924,2016-03-22T00:00:00Z,0,0
4558609924,2016-03-22T01:00:00Z,0,0
4558609924,2016-03-22T02:00:00Z,0,0
4558609924,2016-03-22T03:00:00Z,0,0
4558609924,2016-03-22T04:00:00Z,0,0
4558609924,2016-03-22T05:00:00Z,0,0
4558609924,2016-03-22T06:00:00Z,0,0
4558609924,2016-03-22T07:00:00Z,0,0
4558609924,2016-03-22T08:00:00Z,0,0
4558609924,2016-03-22T09:00:00Z,0,0
4558609924,2016-03-22T10:00:00Z,0,0
4558609924,2016-03-22T11:00:00Z,0,0
4558609924,2016-03-22T12:00:00Z,0,0
4558609924,2016-03-22T13:00:00Z,0,0
4558609924,2016-03-22T14:00:00Z,0,0
4558609924,2016-03-22T15:00:00Z,0,0
4558609924,2016-03-22T16:00:00Z,0,0
4558609924,2016-03-22T17:00:00Z,0,0
4558609924,2016-03-22T18:00:00Z,0,0
4558609924,2016-03-22T19:00:00Z,0,0
4558609924,2016-03-22T20:00:00Z,0,0
4558609924,2016-03-22T21:00:00Z,0,0
4558609924,2016-03-22T22:00:00Z,0,0
4558609924,2016-03-22T23:00:00Z,0,0
4558609924,2016-03-23T00:00:00Z,0,0
4558609924,2016-03-23T01:00:00Z,0,0
4558609924,2016-03-23T02:00:00Z,0,0
4558609924,2016-03-23T03:00:00Z,0,0
4558609924,2016-03-23T04:00:00Z,0,0
4558609924,2016-03-23T05:00:00Z,0,0
4558609924,2016-03-23T06:00:00Z,0,0
4558609924,2016-03-23T07:00:00Z,0,0
4558609924,2016-03-23T08:00:00Z,0,0
4558609924,2016-03-23T09:00:00Z,0,0
4558609924,2016-03-23T10:00:00Z,0,0
4558609924,2016-03-23T11:00:00Z,0,0
4558609924,2016-03-23T12:00:00Z,0,0
4558609924,2016-03-23T13:00:00Z,0,0
4558609924,2016-03-23T14:00:00Z,0,0
4558609924,2016-03-23T15:00:00Z,0,0
4558609924,2016-03-23T16:00:00Z,0,0
4558609924,2016-03-23T17:00:00Z,0,0
4558609924,2016-03-23T18:00:00Z,0,0
4558609924,2016-03-23T19:00:00Z,0,0
4558609924,2016-03-23T20:00:00Z,0,0
4558609924,2016-03-23T21:00:00Z,0,0
4558609924,2016-03-23T22:00:00Z,0,0
4558609924,2016-03-23T23:00:00Z,0,0
4558609924,2016-03-24T00:00:00Z,0,0
4558609924,2016-03-24T01:00:00Z,0,0
4558609924,2016-03-24T02:00:00Z,0,0
4558609924,2016-03-24T03:00:00Z,0,0
4558609924,2016-03-24T04:00:00Z,0,0
4558609924,2016-03-24T05:00:00Z,0,0
4558609924,2016-03-24T06:00:00Z,0,0
4558609924,2016-03-24T07:00:00Z,0,0
4558609924,2016-03-24T08:00:00Z,0,0
4558609924,2016-03-24T09:00:00Z,9,0.15
4558609924,2016-03-24T10:00:00Z,41,0.683333
4558609924,2016-03-24T11:00:00Z,55,0.916667
4558609924,2016-03-24T12:00:00Z,69,1.15
4558609924,2016-03-24T13:00:00Z,13,0.216667
4558609924,2016-03-24T14:00:00Z,12,0.2
4558609924,2016-03-24T15:00:00Z,1,0.016667
4558609924,2016-03-24T16:00:00Z,0,0
4558609924,2016-03-24T17:00:00Z,0,0
4558609924,2016-03-24T18:00:00Z,0,0
4558609924,2016-03-24T19:00:00Z,0,0
4558609924,2016-03-24T20:00:00Z,0,0
4558609924,2016-03-24T21:00:00Z,0,0
4558609924,2016-03-24T22:00:00Z,0,0
4558609924,2016-03-24T23:00:00Z,0,0
4558609924,2016-03-25T00:00:00Z,0,0
4558609924,2016-03-25T01:00:00Z,0,0
4558609924,2016-03-25T02:00:00Z,0,0
4558609924,2016-03-25T03:00:00Z,0,0
4558609924,2016-03-25T04:00:00Z,0,0
4558609924,2016-03-25T05:00:00Z,0,0
4558609924,2016-03-25T06:00:00Z,0,0
4558609924,2016-03-25T07:00:00Z,0,0
4558609924,2016-03-25T08:00:00Z,0,0
4558609924,2016-03-25T09:00:00Z,0,0
4558609924,2016-03-25T10:00:00Z,0,0
4558609924,2016-03-25T11:00:00Z,0,0
4558609924,2016-03-25T12:00:00Z,0,0
4558609924,2016-03-25T13:00:00Z,0,0
4558609924,2016-03-25T14:00:00Z,9,0.15
4558609924,2016-03-25T15:00:00Z,47,0.783333
4558609924,2016-03-25T16:00:00Z,33,0.55
4558609924,2016-03-25T17:00:00Z,27,0.45
4558609924,2016-03-25T18:00:00Z,9,0.15
4558609924,2016-03-25T19:00:00Z,8,0.133333
4558609924,2016-03-25T20:00:00Z,1,0.016667
4558609924,2016-03-25T21:00:00Z,0,0
4558609924,2016-03-25T22:00:00Z,0,0
4558609924,2016-03-25T23:00:00Z,0,0
4558609924,2016-03-26T00:00:00Z,0,0
4558609924,2016-03-26T01:00:00Z,0,0
4558609924,2016-03-26T02:00:00Z,0,0
4558609924,2016-03-26T03:00:00Z,0,0
4558609924,2016-03-26T04:00:00Z,0,0
4558609924,2016-03-26T05:00:00Z,0,0
4558609924,2016-03-26T06:00:00Z,0,0
4558609924,2016-03-26T07:00:00Z,0,0
4558609924,2016-03-26T08:00:00Z,0,0
4558609924,2016-03-26T09:00:00Z,0,0
4558609924,2016-03-26T10:00:00Z,10,0.166667
4558609924,2016-03-26T11:00:00Z,0,0
4558609924,2016-03-26T12:00:00Z,9,0.15
4558609924,2016-03-26T13:00:00Z,4,0.066667
4558609924,2016-03-26T14:00:00Z,0,0
4558609924,2016-03-26T15:00:00Z,38,0.633333
4558609924,2016-03-26T16:00:00Z,25,0.416667
4558609924,2016-03-26T17:00:00Z,32,0.533333
4558609924,2016-03-26T18:00:00Z,15,0.25
4558609924,2016-03-26T19:00:00Z,17,0.283333
4558609924,2016-03-26T20:00:00Z,16,0.266667
4558609924,2016-03-26T21:00:00Z,0,0
4558609924,2016-03-26T22:00:00Z,15,0.25
4558609924,2016-03-26T23:00:00Z,5,0.083333
4558609924,2016-03-27T00:00:00Z,1,0.016667
4558609924,2016-03-27T01:00:00Z,0,0
4558609924,2016-03-27T02:00:00Z,0,0
4558609924,2016-03-27T03:00:00Z,0,0
4558609924,2016-03-27T04:00:00Z,0,0
4558609924,2016-03-27T05:00:00Z,0,0
4558609924,2016-03-27T06:00:00Z,0,0
4558609924,2016-03-27T07:00:00Z,0,0
4558609924,2016-03-27T08:00:00Z,0,0
4558609924,2016-03-27T09:00:00Z,1,0.016667
4558609924,2016-03-27T10:00:00Z,29,0.483333
4558609924,2016-03-27T11:00:00Z,28,0.466667
4558609924,2016-03-27T12:00:00Z,36,0.6
4558609924,2016-03-27T13:00:00Z,23,0.383333
4558609924,2016-03-27T14:00:00Z,33,0.55
4558609924,2016-03-27T15:00:00Z,20,0.333333
4558609924,2016-03-27T16:00:00Z,31,0.516667
4558609924,2016-03-27T17:00:00Z,27,0.45
4558609924,2016-03-27T18:00:00Z,34,0.566667
4558609924,2016-03-27T19:00:00Z,21,0.35
4558609924,2016-03-27T20:00:00Z,22,0.366667
4558609924,2016-03-27T21:00:00Z,39,0.65
4558609924,2016-03-27T22:00:00Z,13,0.216667
4558609924,2016-03-27T23:00:00Z,0,0
4558609924,2016-03-28T00:00:00Z,0,0
4558609924,2016-03-28T01:00:00Z,0,0
4558609924,2016-03-28T02:00:00Z,0,0
4558609924,2016-03-28T03:00:00Z,0,0
4558609924,2016-03-28T04:00:00Z,0,0
4558609924,2016-03-28T05:00:00Z,0,0
4558609924,2016-03-28T06:00:00Z,0,0
4558609924,2016-03-28T07:00:00Z,0,0
4558609924,2016-03-28T08:00:00Z,0,0
4558609924,2016-03-28T09:00:00Z,19,0.316667
4558609924,2016-03-28T10:00:00Z,31,0.516667
4558609924,2016-03-28T11:00:00Z,26,0.433333
4558609924,2016-03-28T12:00:00Z,18,0.3
4558609924,2016-03-28T13:00:00Z,22,0.366667
4558609924,2016-03-28T14:00:00Z,18,0.3
4558609924,2016-03-28T15:00:00Z,17,0.283333
4558609924,2016-03-28T16:00:00Z,20,0.333333
4558609924,2016-03-28T17:00:00Z,44,0.733333
4558609924,2016-03-28T18:00:00Z,37,0.616667
4558609924,2016-03-28T19:00:00Z,19,0.316667
4558609924,2016-03-28T20:00:00Z,30,0.5
4558609924,2016-03-28T21:00:00Z,23,0.383333
4558609924,2016-03-28T22:00:00Z,22,0.366667
4558609924,2016-03-28T23:00:00Z,17,0.283333
4558609924,2016-03-29T00:00:00Z,8,0.133333
4558609924,2016-03-29T01:00:00Z,0,0
4558609924,2016-03-29T02:00:00Z,0,0
4558609924,2016-03-29T03:00:00Z,0,0
4558609924,2016-03-29T04:00:00Z,0,0
4558609924,2016-03-29T05:00:00Z,0,0
4558609924,2016-03-29T06:00:00Z,0,0
4558609924,2016-03-29T07:00:00Z,0,0
4558609924,2016-03-29T08:00:00Z,0,0
4558609924,2016-03-29T09:00:00Z,4,0.066667
4558609924,2016-03-29T10:00:00Z,25,0.416667
4558609924,2016-03-29T11:00:00Z,12,0.2
4558609924,2016-03-29T12:00:00Z,19,0.316667
4558609924,2016-03-29T13:00:00Z,15,0.25
4558609924,2016-03-29T14:00:00Z,26,0.433333
4558609924,2016-03-29T15:00:00Z,21,0.35
4558609924,2016-03-29T16:00:00Z,36,0.6
4558609924,2016-03-29T17:00:00Z,34,0.566667
4558609924,2016-03-29T18:00:00Z,7,0.116667
4558609924,2016-03-29T19:00:00Z,13,0.216667
4558609924,2016-03-29T20:00:00Z,44,0.733333
4558609924,2016-03-29T21:00:00Z,44,0.733333
4558609924,2016-03-29T22:00:00Z,28,0.466667
4558609924,2016-03-29T23:00:00Z,13,0.216667
4558609924,2016-03-30T00:00:00Z,3,0.05
4558609924,2016-03-30T01:00:00Z,0,0
4558609924,2016-03-30T02:00:00Z,0,0
4558609924,2016-03-30T03:00:00Z,0,0
4558609924,2016-03-30T04:00:00Z,0,0
4558609924,2016-03-30T05:00:00Z,0,0
4558609924,2016-03-30T06:00:00Z,0,0
4558609924,2016-03-30T07:00:00Z,1,0.016667
4558609924,2016-03-30T08:00:00Z,13,0.216667
4558609924,2016-03-30T09:00:00Z,0,0
4558609924,2016-03-30T10:00:00Z,10,0.166667
4558609924,2016-03-30T11:00:00Z,13,0.216667
4558609924,2016-03-30T12:00:00Z,3,0.05
4558609924,2016-03-30T13:00:00Z,26,0.433333
4558609924,2016-03-30T14:00:00Z,40,0.666667
4558609924,2016-03-30T15:00:00Z,19,0.316667
4558609924,2016-03-30T16:00:00Z,19,0.316667
4558609924,2016-03-30T17:00:00Z,29,0.483333
4558609924,2016-03-30T18:00:00Z,34,0.566667
4558609924,2016-03-30T19:00:00Z,12,0.2
4558609924,2016-03-30T20:00:00Z,15,0.25
4558609924,2016-03-30T21:00:00Z,1,0.016667
4558609924,2016-03-30T22:00:00Z,19,0.316667
4558609924,2016-03-30T23:00:00Z,5,0.083333
4558609924,2016-03-31T00:00:00Z,0,0
4558609924,2016-03-31T01:00:00Z,0,0
4558609924,2016-03-31T02:00:00Z,0,0
4558609924,2016-03-31T03:00:00Z,1,0.016667
4558609924,2016-03-31T04:00:00Z,0,0
4558609924,2016-03-31T05:00:00Z,0,0
4558609924,2016-03-31T06:00:00Z,0,0
4558609924,2016-03-31T07:00:00Z,0,0
4558609924,2016-03-31T08:00:00Z,0,0
4558609924,2016-03-31T09:00:00Z,27,0.45
4558609924,2016-03-31T10:00:00Z,20,0.333333
4558609924,2016-03-31T11:00:00Z,31,0.516667
4558609924,2016-03-31T12:00:00Z,30,0.5
4558609924,2016-03-31T13:00:00Z,17,0.283333
4558609924,2016-03-31T14:00:00Z,14,0.233333
4558609924,2016-03-31T15:00:00Z,16,0.266667
4558609924,2016-03-31T16:00:00Z,12,0.2
4558609924,2016-03-31T17:00:00Z,22,0.366667
4558609924,2016-03-31T18:00:00Z,20,0.333333
4558609924,2016-03-31T19:00:00Z,26,0.433333
4558609924,2016-03-31T20:00:00Z,33,0.55
4558609924,2016-03-31T21:00:00Z,23,0.383333
4558609924,2016-03-31T22:00:00Z,10,0.166667
4558609924,2016-03-31T23:00:00Z,5,0.083333
4558609924,2016-04-01T00:00:00Z,0,0
4558609924,2016-04-01T01:00:00Z,0,0
4558609924,2016-04-01T02:00:00Z,0,0
4558609924,2016-04-01T03:00:00Z,0,0
4558609924,2016-04-01T04:00:00Z,0,0
4558609924,2016-04-01T05:00:00Z,0,0
4558609924,2016-04-01T06:00:00Z,0,0
4558609924,2016-04-01T07:00:00Z,0,0
4558609924,2016-04-01T08:00:00Z,0,0
4558609924,2016-04-01T09:00:00Z,0,0
4558609924,2016-04-01T10:00:00Z,3,0.05
4558609924,2016-04-01T11:00:00Z,18,0.3
4558609924,2016-04-01T12:00:00Z,19,0.316667
4558609924,2016-04-01T13:00:00Z,6,0.1
4558609924,2016-04-01T14:00:00Z,10,0.166667
4558609924,2016-04-01T15:00:00Z,17,0.283333
4558609924,2016-04-01T16:00:00Z,26,0.433333
4558609924,2016-04-01T17:00:00Z,18,0.3
4558609924,2016-04-01T18:00:00Z,16,0.266667
4558609924,2016-04-01T19:00:00Z,29,0.483333
4558609924,2016-04-01T20:00:00Z,38,0.633333
4558609924,2016-04-01T21:00:00Z,9,0.15
4558609924,2016-04-01T22:00:00Z,20,0.333333
4558609924,2016-04-01T23:00:00Z,29,0.483333
4558609924,2016-04-02T00:00:00Z,15,0.25
4558609924,2016-04-02T01:00:00Z,3,0.05
4558609924,2016-04-02T02:00:00Z,0,0
4558609924,2016-04-02T03:00:00Z,0,0
4558609924,2016-04-02T04:00:00Z,0,0
4558609924,2016-04-02T05:00:00Z,0,0
4558609924,2016-04-02T06:00:00Z,0,0
4558609924,2016-04-02T07:00:00Z,0,0
4558609924,2016-04-02T08:00:00Z,0,0
4558609924,2016-04-02T09:00:00Z,14,0.233333
4558609924,2016-04-02T10:00:00Z,17,0.283333
4558609924,2016-04-02T11:00:00Z,4,0.066667
4558609924,2016-04-02T12:00:00Z,1,0.016667
4558609924,2016-04-02T13:00:00Z,23,0.383333
4558609924,2016-04-02T14:00:00Z,2,0.033333
4558609924,2016-04-02T15:00:00Z,2,0.033333
4558609924,2016-04-02T16:00:00Z,24,0.4
4558609924,2016-04-02T17:00:00Z,19,0.316667
4558609924,2016-04-02T18:00:00Z,15,0.25
4558609924,2016-04-02T19:00:00Z,8,0.133333
4558609924,2016-04-02T20:00:00Z,16,0.266667
4558609924,2016-04-02T21:00:00Z,5,0.083333
4558609924,2016-04-02T22:00:00Z,5,0.083333
4558609924,2016-04-02T23:00:00Z,0,0
4558609924,2016-04-03T00:00:00Z,0,0
4558609924,2016-04-03T01:00:00Z,0,0
4558609924,2016-04-03T02:00:00Z,0,0
4558609924,2016-04-03T03:00:00Z,1,0.016667
4558609924,2016-04-03T04:00:00Z,0,0
4558609924,2016-04-03T05:00:00Z,0,0
4558609924,2016-04-03T06:00:00Z,0,0
4558609924,2016-04-03T07:00:00Z,0,0
4558609924,2016-04-03T08:00:00Z,0,0
4558609924,2016-04-03T09:00:00Z,26,0.433333
4558609924,2016-04-03T10:00:00Z,30,0.5
4558609924,2016-04-03T11:00:00Z,13,0.216667
4558609924,2016-04-03T12:00:00Z,9,0.15
4558609924,2016-04-03T13:00:00Z,0,0
4558609924,2016-04-03T14:00:00Z,17,0.283333
4558609924,2016-04-03T15:00:00Z,22,0.366667
4558609924,2016-04-03T16:00:00Z,19,0.316667
4558609924,2016-04-03T17:00:00Z,42,0.7
4558609924,2016-04-03T18:00:00Z,15,0.25
4558609924,2016-04-03T19:00:00Z,11,0.183333
4558609924,2016-04-03T20:00:00Z,15,0.25
4558609924,2016-04-03T21:00:00Z,33,0.55
4558609924,2016-04-03T22:00:00Z,10,0.166667
4558609924,2016-04-03T23:00:00Z,23,0.383333
4558609924,2016-04-04T00:00:00Z,2,0.033333
4558609924,2016-04-04T01:00:00Z,1,0.016667
4558609924,2016-04-04T02:00:00Z,0,0
4558609924,2016-04-04T03:00:00Z,0,0
4558609924,2016-04-04T04:00:00Z,0,0
4558609924,2016-04-04T05:00:00Z,0,0
4558609924,2016-04-04T06:00:00Z,0,0
4558609924,2016-04-04T07:00:00Z,0,0
4558609924,2016-04-04T08:00:00Z,1,0.016667
4558609924,2016-04-04T09:00:00Z,38,0.633333
4558609924,2016-04-04T10:00:00Z,37,0.616667
4558609924,2016-04-04T11:00:00Z,44,0.733333
4558609924,2016-04-04T12:00:00Z,42,0.7
4558609924,2016-04-04T13:00:00Z,39,0.65
4558609924,2016-04-04T14:00:00Z,22,0.366667
4558609924,2016-04-04T15:00:00Z,7,0.116667
4558609924,2016-04-04T16:00:00Z,37,0.616667
4558609924,2016-04-04T17:00:00Z,18,0.3
4558609924,2016-04-04T18:00:00Z,26,0.433333
4558609924,2016-04-04T19:00:00Z,10,0.166667
4558609924,2016-04-04T20:00:00Z,16,0.266667
4558609924,2016-04-04T21:00:00Z,14,0.233333
4558609924,2016-04-04T22:00:00Z,2,0.033333
4558609924,2016-04-04T23:00:00Z,11,0.183333
4558609924,2016-04-05T00:00:00Z,0,0
4558609924,2016-04-05T01:00:00Z,0,0
4558609924,2016-04-05T02:00:00Z,0,0
4558609924,2016-04-05T03:00:00Z,0,0
4558609924,2016-04-05T04:00:00Z,0,0
4558609924,2016-04-05T05:00:00Z,0,0
4558609924,2016-04-05T06:00:00Z,0,0
4558609924,2016-04-05T07:00:00Z,0,0
4558609924,2016-04-05T08:00:00Z,0,0
4558609924,2016-04-05T09:00:00Z,19,0.316667
4558609924,2016-04-05T10:00:00Z,11,0.183333
4558609924,2016-04-05T11:00:00Z,8,0.133333
4558609924,2016-04-05T12:00:00Z,15,0.25
4558609924,2016-04-05T13:00:00Z,15,0.25
4558609924,2016-04-05T14:00:00Z,10,0.166667
4558609924,2016-04-05T15:00:00Z,14,0.233333
4558609924,2016-04-05T16:00:00Z,6,0.1
4558609924,2016-04-05T17:00:00Z,9,0.15
4558609924,2016-04-05T18:00:00Z,116,1.933333
4558609924,2016-04-05T19:00:00Z,27,0.45
4558609924,2016-04-05T20:00:00Z,18,0.3
4558609924,2016-04-05T21:00:00Z,11,0.183333
4558609924,2016-04-05T22:00:00Z,6,0.1
4558609924,2016-04-05T23:00:00Z,0,0
4558609924,2016-04-06T00:00:00Z,0,0
4558609924,2016-04-06T01:00:00Z,0,0
4558609924,2016-04-06T02:00:00Z,0,0
4558609924,2016-04-06T03:00:00Z,0,0
4558609924,2016-04-06T04:00:00Z,0,0
4558609924,2016-04-06T05:00:00Z,0,0
4558609924,2016-04-06T06:00:00Z,0,0
4558609924,2016-04-06T07:00:00Z,0,0
4558609924,2016-04-06T08:00:00Z,11,0.183333
4558609924,2016-04-06T09:00:00Z,16,0.266667
4558609924,2016-04-06T10:00:00Z,17,0.283333
4558609924,2016-04-06T11:00:00Z,40,0.666667
4558609924,2016-04-06T12:00:00Z,15,0.25
4558609924,2016-04-06T13:00:00Z,5,0.083333
4558609924,2016-04-06T14:00:00Z,9,0.15
4558609924,2016-04-06T15:00:00Z,18,0.3
4558609924,2016-04-06T16:00:00Z,29,0.483333
4558609924,2016-04-06T17:00:00Z,43,0.716667
4558609924,2016-04-06T18:00:00Z,12,0.2
4558609924,2016-04-06T19:00:00Z,8,0.133333
4558609924,2016-04-06T20:00:00Z,20,0.333333
4558609924,2016-04-06T21:00:00Z,0,0
4558609924,2016-04-06T22:00:00Z,12,0.2
4558609924,2016-04-06T23:00:00Z,4,0.066667
4558609924,2016-04-07T00:00:00Z,0,0
4558609924,2016-04-07T01:00:00Z,0,0
4558609924,2016-04-07T02:00:00Z,0,0
4558609924,2016-04-07T03:00:00Z,0,0
4558609924,2016-04-07T04:00:00Z,0,0
4558609924,2016-04-07T05:00:00Z,0,0
4558609924,2016-04-07T06:00:00Z,0,0
4558609924,2016-04-07T07:00:00Z,0,0
4558609924,2016-04-07T08:00:00Z,15,0.25
4558609924,2016-04-07T09:00:00Z,48,0.8
4558609924,2016-04-07T10:00:00Z,10,0.166667
4558609924,2016-04-07T11:00:00Z,15,0.25
4558609924,2016-04-07T12:00:00Z,30,0.5
4558609924,2016-04-07T13:00:00Z,31,0.516667
4558609924,2016-04-07T14:00:00Z,15,0.25
4558609924,2016-04-07T15:00:00Z,18,0.3
4558609924,2016-04-07T16:00:00Z,14,0.233333
4558609924,2016-04-07T17:00:00Z,14,0.233333
4558609924,2016-04-07T18:00:00Z,35,0.583333
4558609924,2016-04-07T19:00:00Z,87,1.45
4558609924,2016-04-07T20:00:00Z,25,0.416667
4558609924,2016-04-07T21:00:00Z,21,0.35
4558609924,2016-04-07T22:00:00Z,15,0.25
4558609924,2016-04-07T23:00:00Z,8,0.133333
4558609924,2016-04-08T00:00:00Z,4,0.066667
4558609924,2016-04-08T01:00:00Z,0,0
4558609924,2016-04-08T02:00:00Z,0,0
4558609924,2016-04-08T03:00:00Z,0,0
4558609924,2016-04-08T04:00:00Z,0,0
4558609924,2016-04-08T05:00:00Z,0,0
4558609924,2016-04-08T06:00:00Z,0,0
4558609924,2016-04-08T07:00:00Z,11,0.183333
4558609924,2016-04-08T08:00:00Z,26,0.433333
4558609924,2016-04-08T09:00:00Z,10,0.166667
4558609924,2016-04-08T10:00:00Z,19,0.316667
4558609924,2016-04-08T11:00:00Z,25,0.416667
4558609924,2016-04-08T12:00:00Z,27,0.45
4558609924,2016-04-08T13:00:00Z,16,0.266667
4558609924,2016-04-08T14:00:00Z,13,0.216667
4558609924,2016-04-08T15:00:00Z,15,0.25
4558609924,2016-04-08T16:00:00Z,7,0.116667
4558609924,2016-04-08T17:00:00Z,2,0.033333
4558609924,2016-04-08T18:00:00Z,10,0.166667
4558609924,2016-04-08T19:00:00Z,21,0.35
4558609924,2016-04-08T20:00:00Z,23,0.383333
4558609924,2016-04-08T21:00:00Z,2,0.033333
4558609924,2016-04-08T22:00:00Z,10,0.166667
4558609924,2016-04-08T23:00:00Z,0,0
4558609924,2016-04-09T00:00:00Z,0,0
4558609924,2016-04-09T01:00:00Z,0,0
4558609924,2016-04-09T02:00:00Z,0,0
4558609924,2016-04-09T03:00:00Z,0,0
4558609924,2016-04-09T04:00:00Z,0,0
4558609924,2016-04-09T05:00:00Z,0,0
4558609924,2016-04-09T06:00:00Z,3,0.05
4558609924,2016-04-09T07:00:00Z,11,0.183333
4558609924,2016-04-09T08:00:00Z,9,0.15
4558609924,2016-04-09T09:00:00Z,10,0.166667
4558609924,2016-04-09T10:00:00Z,9,0.15
4558609924,2016-04-09T11:00:00Z,26,0.433333
4558609924,2016-04-09T12:00:00Z,3,0.05
4558609924,2016-04-09T13:00:00Z,18,0.3
4558609924,2016-04-09T14:00:00Z,13,0.216667
4558609924,2016-04-09T15:00:00Z,19,0.316667
4558609924,2016-04-09T16:00:00Z,24,0.4
4558609924,2016-04-09T17:00:00Z,44,0.733333
4558609924,2016-04-09T18:00:00Z,26,0.433333
4558609924,2016-04-09T19:00:00Z,22,0.366667
4558609924,2016-04-09T20:00:00Z,23,0.383333
4558609924,2016-04-09T21:00:00Z,5,0.083333
4558609924,2016-04-09T22:00:00Z,1,0.016667
4558609924,2016-04-09T23:00:00Z,10,0.166667
4558609924,2016-04-10T00:00:00Z,0,0
4558609924,2016-04-10T01:00:00Z,0,0
4558609924,2016-04-10T02:00:00Z,0,0
4558609924,2016-04-10T03:00:00Z,0,0
4558609924,2016-04-10T04:00:00Z,0,0
4558609924,2016-04-10T05:00:00Z,0,0
4558609924,2016-04-10T06:00:00Z,0,0
4558609924,2016-04-10T07:00:00Z,7,0.116667
4558609924,2016-04-10T08:00:00Z,17,0.283333
4558609924,2016-04-10T09:00:00Z,11,0.183333
4558609924,2016-04-10T10:00:00Z,8,0.133333
4558609924,2016-04-10T11:00:00Z,44,0.733333
4558609924,2016-04-10T12:00:00Z,29,0.483333
4558609924,2016-04-10T13:00:00Z,1,0.016667
4558609924,2016-04-10T14:00:00Z,11,0.183333
4558609924,2016-04-10T15:00:00Z,27,0.45
4558609924,2016-04-10T16:00:00Z,17,0.283333
4558609924,2016-04-10T17:00:00Z,19,0.316667
4558609924,2016-04-10T18:00:00Z,19,0.316667
4558609924,2016-04-10T19:00:00Z,42,0.7
4558609924,2016-04-10T20:00:00Z,14,0.233333
4558609924,2016-04-10T21:00:00Z,17,0.283333
4558609924,2016-04-10T22:00:00Z,7,0.116667
4558609924,2016-04-10T23:00:00Z,0,0
4558609924,2016-04-11T00:00:00Z,0,0
4558609924,2016-04-11T01:00:00Z,0,0
4558609924,2016-04-11T02:00:00Z,0,0
4558609924,2016-04-11T03:00:00Z,0,0
4558609924,2016-04-11T04:00:00Z,0,0
4558609924,2016-04-11T05:00:00Z,0,0
4558609924,2016-04-11T06:00:00Z,15,0.25
4558609924,2016-04-11T07:00:00Z,47,0.783333
4558609924,2016-04-11T08:00:00Z,14,0.233333
4558609924,2016-04-11T09:00:00Z,15,0.25
4558609924,2016-04-11T10:00:00Z,31,0.516667
4558609924,2016-04-11T11:00:00Z,27,0.45
4558609924,2016-04-11T12:00:00Z,31,0.516667
4558609924,2016-04-11T13:00:00Z,33,0.55
4558609924,2016-04-11T14:00:00Z,13,0.216667
4558609924,2016-04-11T15:00:00Z,43,0.716667
4558609924,2016-04-11T16:00:00Z,15,0.25
4558609924,2016-04-11T17:00:00Z,11,0.183333
4558609924,2016-04-11T18:00:00Z,12,0.2
4558609924,2016-04-11T19:00:00Z,0,0
4558609924,2016-04-11T20:00:00Z,1,0.016667
4558609924,2016-04-11T21:00:00Z,0,0
4558609924,2016-04-11T22:00:00Z,0,0
4558609924,2016-04-11T23:00:00Z,0,0
4558609924,2016-04-12T00:00:00Z,0,0
4558609924,2016-04-12T01:00:00Z,0,0
4558609924,2016-04-12T02:00:00Z,0,0
4558609924,2016-04-12T03:00:00Z,0,0
4558609924,2016-04-12T04:00:00Z,0,0
4558609924,2016-04-12T05:00:00Z,0,0
4558609924,2016-04-12T06:00:00Z,7,0.116667
4558609924,2016-04-12T07:00:00Z,11,0.183333
4558609924,2016-04-12T08:00:00Z,12,0.2
4558609924,2016-04-12T09:00:00Z,31,0.516667
4702921684,2016-03-12T00:00:00Z,0,0
4702921684,2016-03-12T01:00:00Z,0,0
4702921684,2016-03-12T02:00:00Z,0,0
4702921684,2016-03-12T03:00:00Z,0,0
4702921684,2016-03-12T04:00:00Z,0,0
4702921684,2016-03-12T05:00:00Z,0,0
4702921684,2016-03-12T06:00:00Z,17,0.283333
4702921684,2016-03-12T07:00:00Z,16,0.266667
4702921684,2016-03-12T08:00:00Z,4,0.066667
4702921684,2016-03-12T09:00:00Z,28,0.466667
4702921684,2016-03-12T10:00:00Z,42,0.7
4702921684,2016-03-12T11:00:00Z,88,1.466667
4702921684,2016-03-12T12:00:00Z,24,0.4
4702921684,2016-03-12T13:00:00Z,43,0.716667
4702921684,2016-03-12T14:00:00Z,23,0.383333
4702921684,2016-03-12T15:00:00Z,51,0.85
4702921684,2016-03-12T16:00:00Z,31,0.516667
4702921684,2016-03-12T17:00:00Z,29,0.483333
4702921684,2016-03-12T18:00:00Z,24,0.4
4702921684,2016-03-12T19:00:00Z,31,0.516667
4702921684,2016-03-12T20:00:00Z,29,0.483333
4702921684,2016-03-12T21:00:00Z,22,0.366667
4702921684,2016-03-12T22:00:00Z,7,0.116667
4702921684,2016-03-12T23:00:00Z,0,0
4702921684,2016-03-13T00:00:00Z,0,0
4702921684,2016-03-13T01:00:00Z,0,0
4702921684,2016-03-13T02:00:00Z,0,0
4702921684,2016-03-13T03:00:00Z,0,0
4702921684,2016-03-13T04:00:00Z,0,0
4702921684,2016-03-13T05:00:00Z,0,0
4702921684,2016-03-13T06:00:00Z,0,0
4702921684,2016-03-13T07:00:00Z,0,0
4702921684,2016-03-13T08:00:00Z,0,0
4702921684,2016-03-13T09:00:00Z,0,0
4702921684,2016-03-13T10:00:00Z,0,0
4702921684,2016-03-13T11:00:00Z,0,0
4702921684,2016-03-13T12:00:00Z,27,0.45
4702921684,2016-03-13T13:00:00Z,94,1.566667
4702921684,2016-03-13T14:00:00Z,84,1.4
4702921684,2016-03-13T15:00:00Z,67,1.116667
4702921684,2016-03-13T16:00:00Z,23,0.383333
4702921684,2016-03-13T17:00:00Z,35,0.583333
4702921684,2016-03-13T18:00:00Z,8,0.133333
4702921684,2016-03-13T19:00:00Z,18,0.3
4702921684,2016-03-13T20:00:00Z,10,0.166667
4702921684,2016-03-13T21:00:00Z,7,0.116667
4702921684,2016-03-13T22:00:00Z,6,0.1
4702921684,2016-03-13T23:00:00Z,1,0.016667
4702921684,2016-03-14T00:00:00Z,1,0.016667
4702921684,2016-03-14T01:00:00Z,0,0
4702921684,2016-03-14T02:00:00Z,0,0
4702921684,2016-03-14T03:00:00Z,0,0
4702921684,2016-03-14T04:00:00Z,0,0
4702921684,2016-03-14T05:00:00Z,0,0
4702921684,2016-03-14T06:00:00Z,28,0.466667
4702921684,2016-03-14T07:00:00Z,10,0.166667
4702921684,2016-03-14T08:00:00Z,8,0.133333
4702921684,2016-03-14T09:00:00Z,15,0.25
4702921684,2016-03-14T10:00:00Z,13,0.216667
4702921684,2016-03-14T11:00:00Z,10,0.166667
4702921684,2016-03-14T12:00:00Z,18,0.3
4702921684,2016-03-14T13:00:00Z,15,0.25
4702921684,2016-03-14T14:00:00Z,10,0.166667
4702921684,2016-03-14T15:00:00Z,12,0.2
4702921684,2016-03-14T16:00:00Z,16,0.266667
4702921684,2016-03-14T17:00:00Z,18,0.3
4702921684,2016-03-14T18:00:00Z,35,0.583333
4702921684,2016-03-14T19:00:00Z,42,0.7
4702921684,2016-03-14T20:00:00Z,34,0.566667
4702921684,2016-03-14T21:00:00Z,4,0.066667
4702921684,2016-03-14T22:00:00Z,6,0.1
4702921684,2016-03-14T23:00:00Z,0,0
4702921684,2016-03-15T00:00:00Z,0,0
4702921684,2016-03-15T01:00:00Z,0,0
4702921684,2016-03-15T02:00:00Z,0,0
4702921684,2016-03-15T03:00:00Z,0,0
4702921684,2016-03-15T04:00:00Z,0,0
4702921684,2016-03-15T05:00:00Z,1,0.016667
4702921684,2016-03-15T06:00:00Z,28,0.466667
4702921684,2016-03-15T07:00:00Z,14,0.233333
4702921684,2016-03-15T08:00:00Z,12,0.2
4702921684,2016-03-15T09:00:00Z,27,0.45
4702921684,2016-03-15T10:00:00Z,11,0.183333
4702921684,2016-03-15T11:00:00Z,12,0.2
4702921684,2016-03-15T12:00:00Z,10,0.166667
4702921684,2016-03-15T13:00:00Z,9,0.15
4702921684,2016-03-15T14:00:00Z,2,0.033333
4702921684,2016-03-15T15:00:00Z,8,0.133333
4702921684,2016-03-15T16:00:00Z,12,0.2
4702921684,2016-03-15T17:00:00Z,18,0.3
4702921684,2016-03-15T18:00:00Z,27,0.45
4702921684,2016-03-15T19:00:00Z,34,0.566667
4702921684,2016-03-15T20:00:00Z,31,0.516667
4702921684,2016-03-15T21:00:00Z,38,0.633333
4702921684,2016-03-15T22:00:00Z,1,0.016667
4702921684,2016-03-15T23:00:00Z,0,0
4702921684,2016-03-16T00:00:00Z,0,0
4702921684,2016-03-16T01:00:00Z,0,0
4702921684,2016-03-16T02:00:00Z,0,0
4702921684,2016-03-16T03:00:00Z,0,0
4702921684,2016-03-16T04:00:00Z,0,0
4702921684,2016-03-16T05:00:00Z,0,0
4702921684,2016-03-16T06:00:00Z,17,0.283333
4702921684,2016-03-16T07:00:00Z,7,0.116667
4702921684,2016-03-16T08:00:00Z,9,0.15
4702921684,2016-03-16T09:00:00Z,12,0.2
4702921684,2016-03-16T10:00:00Z,12,0.2
4702921684,2016-03-16T11:00:00Z,25,0.416667
4702921684,2016-03-16T12:00:00Z,9,0.15
4702921684,2016-03-16T13:00:00Z,6,0.1
4702921684,2016-03-16T14:00:00Z,7,0.116667
4702921684,2016-03-16T15:00:00Z,7,0.116667
4702921684,2016-03-16T16:00:00Z,3,0.05
4702921684,2016-03-16T17:00:00Z,15,0.25
4702921684,2016-03-16T18:00:00Z,31,0.516667
4702921684,2016-03-16T19:00:00Z,26,0.433333
4702921684,2016-03-16T20:00:00Z,32,0.533333
4702921684,2016-03-16T21:00:00Z,10,0.166667
4702921684,2016-03-16T22:00:00Z,3,0.05
4702921684,2016-03-16T23:00:00Z,0,0
4702921684,2016-03-17T00:00:00Z,0,0
4702921684,2016-03-17T01:00:00Z,0,0
4702921684,2016-03-17T02:00:00Z,0,0
4702921684,2016-03-17T03:00:00Z,0,0
4702921684,2016-03-17T04:00:00Z,0,0
4702921684,2016-03-17T05:00:00Z,0,0
4702921684,2016-03-17T06:00:00Z,36,0.6
4702921684,2016-03-17T07:00:00Z,7,0.116667
4702921684,2016-03-17T08:00:00Z,6,0.1
4702921684,2016-03-17T09:00:00Z,27,0.45
4702921684,2016-03-17T10:00:00Z,5,0.083333
4702921684,2016-03-17T11:00:00Z,2,0.033333
4702921684,2016-03-17T12:00:00Z,10,0.166667
4702921684,2016-03-17T13:00:00Z,9,0.15
4702921684,2016-03-17T14:00:00Z,11,0.183333
4702921684,2016-03-17T15:00:00Z,10,0.166667
4702921684,2016-03-17T16:00:00Z,6,0.1
4702921684,2016-03-17T17:00:00Z,34,0.566667
4702921684,2016-03-17T18:00:00Z,23,0.383333
4702921684,2016-03-17T19:00:00Z,12,0.2
4702921684,2016-03-17T20:00:00Z,31,0.516667
4702921684,2016-03-17T21:00:00Z,26,0.433333
4702921684,2016-03-17T22:00:00Z,10,0.166667
4702921684,2016-03-17T23:00:00Z,0,0
4702921684,2016-03-18T00:00:00Z,0,0
4702921684,2016-03-18T01:00:00Z,0,0
4702921684,2016-03-18T02:00:00Z,0,0
4702921684,2016-03-18T03:00:00Z,0,0
4702921684,2016-03-18T04:00:00Z,0,0
4702921684,2016-03-18T05:00:00Z,0,0
4702921684,2016-03-18T06:00:00Z,34,0.566667
4702921684,2016-03-18T07:00:00Z,20,0.333333
4702921684,2016-03-18T08:00:00Z,7,0.116667
4702921684,2016-03-18T09:00:00Z,6,0.1
4702921684,2016-03-18T10:00:00Z,6,0.1
4702921684,2016-03-18T11:00:00Z,9,0.15
4702921684,2016-03-18T12:00:00Z,21,0.35
4702921684,2016-03-18T13:00:00Z,31,0.516667
4702921684,2016-03-18T14:00:00Z,5,0.083333
4702921684,2016-03-18T15:00:00Z,10,0.166667
4702921684,2016-03-18T16:00:00Z,7,0.116667
4702921684,2016-03-18T17:00:00Z,44,0.733333
4702921684,2016-03-18T18:00:00Z,10,0.166667
4702921684,2016-03-18T19:00:00Z,0,0
4702921684,2016-03-18T20:00:00Z,0,0
4702921684,2016-03-18T21:00:00Z,0,0
4702921684,2016-03-18T22:00:00Z,0,0
4702921684,2016-03-18T23:00:00Z,0,0
4702921684,2016-03-19T00:00:00Z,0,0
4702921684,2016-03-19T01:00:00Z,0,0
4702921684,2016-03-19T02:00:00Z,0,0
4702921684,2016-03-19T03:00:00Z,0,0
4702921684,2016-03-19T04:00:00Z,0,0
4702921684,2016-03-19T05:00:00Z,0,0
4702921684,2016-03-19T06:00:00Z,0,0
4702921684,2016-03-19T07:00:00Z,0,0
4702921684,2016-03-19T08:00:00Z,0,0
4702921684,2016-03-19T09:00:00Z,0,0
4702921684,2016-03-19T10:00:00Z,0,0
4702921684,2016-03-19T11:00:00Z,0,0
4702921684,2016-03-19T12:00:00Z,0,0
4702921684,2016-03-19T13:00:00Z,0,0
4702921684,2016-03-19T14:00:00Z,0,0
4702921684,2016-03-19T15:00:00Z,0,0
4702921684,2016-03-19T16:00:00Z,0,0
4702921684,2016-03-19T17:00:00Z,1,0.016667
4702921684,2016-03-19T18:00:00Z,0,0
4702921684,2016-03-19T19:00:00Z,0,0
4702921684,2016-03-19T20:00:00Z,0,0
4702921684,2016-03-19T21:00:00Z,0,0
4702921684,2016-03-19T22:00:00Z,0,0
4702921684,2016-03-19T23:00:00Z,0,0
4702921684,2016-03-20T00:00:00Z,0,0
4702921684,2016-03-20T01:00:00Z,0,0
4702921684,2016-03-20T02:00:00Z,0,0
4702921684,2016-03-20T03:00:00Z,0,0
4702921684,2016-03-20T04:00:00Z,0,0
4702921684,2016-03-20T05:00:00Z,0,0
4702921684,2016-03-20T06:00:00Z,0,0
4702921684,2016-03-20T07:00:00Z,0,0
4702921684,2016-03-20T08:00:00Z,0,0
4702921684,2016-03-20T09:00:00Z,0,0
4702921684,2016-03-20T10:00:00Z,0,0
4702921684,2016-03-20T11:00:00Z,0,0
4702921684,2016-03-20T12:00:00Z,0,0
4702921684,2016-03-20T13:00:00Z,0,0
4702921684,2016-03-20T14:00:00Z,0,0
4702921684,2016-03-20T15:00:00Z,0,0
4702921684,2016-03-20T16:00:00Z,0,0
4702921684,2016-03-20T17:00:00Z,0,0
4702921684,2016-03-20T18:00:00Z,0,0
4702921684,2016-03-20T19:00:00Z,0,0
4702921684,2016-03-20T20:00:00Z,0,0
4702921684,2016-03-20T21:00:00Z,0,0
4702921684,2016-03-20T22:00:00Z,0,0
4702921684,2016-03-20T23:00:00Z,0,0
4702921684,2016-03-21T00:00:00Z,0,0
4702921684,2016-03-21T01:00:00Z,0,0
4702921684,2016-03-21T02:00:00Z,0,0
4702921684,2016-03-21T03:00:00Z,0,0
4702921684,2016-03-21T04:00:00Z,0,0
4702921684,2016-03-21T05:00:00Z,0,0
4702921684,2016-03-21T06:00:00Z,6,0.1
4702921684,2016-03-21T07:00:00Z,6,0.1
4702921684,2016-03-21T08:00:00Z,0,0
4702921684,2016-03-21T09:00:00Z,0,0
4702921684,2016-03-21T10:00:00Z,0,0
4702921684,2016-03-21T11:00:00Z,0,0
4702921684,2016-03-21T12:00:00Z,0,0
4702921684,2016-03-21T13:00:00Z,4,0.066667
4702921684,2016-03-21T14:00:00Z,8,0.133333
4702921684,2016-03-21T15:00:00Z,3,0.05
4702921684,2016-03-21T16:00:00Z,6,0.1
4702921684,2016-03-21T17:00:00Z,14,0.233333
4702921684,2016-03-21T18:00:00Z,19,0.316667
4702921684,2016-03-21T19:00:00Z,0,0
4702921684,2016-03-21T20:00:00Z,24,0.4
4702921684,2016-03-21T21:00:00Z,13,0.216667
4702921684,2016-03-21T22:00:00Z,10,0.166667
4702921684,2016-03-21T23:00:00Z,0,0
4702921684,2016-03-22T00:00:00Z,0,0
4702921684,2016-03-22T01:00:00Z,1,0.016667
4702921684,2016-03-22T02:00:00Z,1,0.016667
4702921684,2016-03-22T03:00:00Z,1,0.016667
4702921684,2016-03-22T04:00:00Z,1,0.016667
4702921684,2016-03-22T05:00:00Z,0,0
4702921684,2016-03-22T06:00:00Z,24,0.4
4702921684,2016-03-22T07:00:00Z,9,0.15
4702921684,2016-03-22T08:00:00Z,5,0.083333
4702921684,2016-03-22T09:00:00Z,19,0.316667
4702921684,2016-03-22T10:00:00Z,12,0.2
4702921684,2016-03-22T11:00:00Z,5,0.083333
4702921684,2016-03-22T12:00:00Z,27,0.45
4702921684,2016-03-22T13:00:00Z,7,0.116667
4702921684,2016-03-22T14:00:00Z,10,0.166667
4702921684,2016-03-22T15:00:00Z,4,0.066667
4702921684,2016-03-22T16:00:00Z,12,0.2
4702921684,2016-03-22T17:00:00Z,33,0.55
4702921684,2016-03-22T18:00:00Z,31,0.516667
4702921684,2016-03-22T19:00:00Z,55,0.916667
4702921684,2016-03-22T20:00:00Z,27,0.45
4702921684,2016-03-22T21:00:00Z,32,0.533333
4702921684,2016-03-22T22:00:00Z,16,0.266667
4702921684,2016-03-22T23:00:00Z,0,0
4702921684,2016-03-23T00:00:00Z,0,0
4702921684,2016-03-23T01:00:00Z,0,0
4702921684,2016-03-23T02:00:00Z,0,0
4702921684,2016-03-23T03:00:00Z,0,0
4702921684,2016-03-23T04:00:00Z,0,0
4702921684,2016-03-23T05:00:00Z,0,0
4702921684,2016-03-23T06:00:00Z,29,0.483333
4702921684,2016-03-23T07:00:00Z,12,0.2
4702921684,2016-03-23T08:00:00Z,3,0.05
4702921684,2016-03-23T09:00:00Z,11,0.183333
4702921684,2016-03-23T10:00:00Z,6,0.1
4702921684,2016-03-23T11:00:00Z,21,0.35
4702921684,2016-03-23T12:00:00Z,8,0.133333
4702921684,2016-03-23T13:00:00Z,8,0.133333
4702921684,2016-03-23T14:00:00Z,8,0.133333
4702921684,2016-03-23T15:00:00Z,6,0.1
4702921684,2016-03-23T16:00:00Z,18,0.3
4702921684,2016-03-23T17:00:00Z,22,0.366667
4702921684,2016-03-23T18:00:00Z,22,0.366667
4702921684,2016-03-23T19:00:00Z,25,0.416667
4702921684,2016-03-23T20:00:00Z,16,0.266667
4702921684,2016-03-23T21:00:00Z,18,0.3
4702921684,2016-03-23T22:00:00Z,16,0.266667
4702921684,2016-03-23T23:00:00Z,0,0
4702921684,2016-03-24T00:00:00Z,0,0
4702921684,2016-03-24T01:00:00Z,0,0
4702921684,2016-03-24T02:00:00Z,0,0
4702921684,2016-03-24T03:00:00Z,0,0
4702921684,2016-03-24T04:00:00Z,1,0.016667
4702921684,2016-03-24T05:00:00Z,2,0.033333
4702921684,2016-03-24T06:00:00Z,24,0.4
4702921684,2016-03-24T07:00:00Z,6,0.1
4702921684,2016-03-24T08:00:00Z,6,0.1
4702921684,2016-03-24T09:00:00Z,19,0.316667
4702921684,2016-03-24T10:00:00Z,13,0.216667
4702921684,2016-03-24T11:00:00Z,1,0.016667
4702921684,2016-03-24T12:00:00Z,33,0.55
4702921684,2016-03-24T13:00:00Z,3,0.05
4702921684,2016-03-24T14:00:00Z,10,0.166667
4702921684,2016-03-24T15:00:00Z,2,0.033333
4702921684,2016-03-24T16:00:00Z,10,0.166667
4702921684,2016-03-24T17:00:00Z,35,0.583333
4702921684,2016-03-24T18:00:00Z,24,0.4
4702921684,2016-03-24T19:00:00Z,32,0.533333
4702921684,2016-03-24T20:00:00Z,22,0.366667
4702921684,2016-03-24T21:00:00Z,33,0.55
4702921684,2016-03-24T22:00:00Z,3,0.05
4702921684,2016-03-24T23:00:00Z,0,0
4702921684,2016-03-25T00:00:00Z,0,0
4702921684,2016-03-25T01:00:00Z,0,0
4702921684,2016-03-25T02:00:00Z,0,0
4702921684,2016-03-25T03:00:00Z,0,0
4702921684,2016-03-25T04:00:00Z,0,0
4702921684,2016-03-25T05:00:00Z,1,0.016667
4702921684,2016-03-25T06:00:00Z,22,0.366667
4702921684,2016-03-25T07:00:00Z,22,0.366667
4702921684,2016-03-25T08:00:00Z,3,0.05
4702921684,2016-03-25T09:00:00Z,10,0.166667
4702921684,2016-03-25T10:00:00Z,6,0.1
4702921684,2016-03-25T11:00:00Z,2,0.033333
4702921684,2016-03-25T12:00:00Z,13,0.216667
4702921684,2016-03-25T13:00:00Z,7,0.116667
4702921684,2016-03-25T14:00:00Z,8,0.133333
4702921684,2016-03-25T15:00:00Z,7,0.116667
4702921684,2016-03-25T16:00:00Z,8,0.133333
4702921684,2016-03-25T17:00:00Z,42,0.7
4702921684,2016-03-25T18:00:00Z,27,0.45
4702921684,2016-03-25T19:00:00Z,24,0.4
4702921684,2016-03-25T20:00:00Z,13,0.216667
4702921684,2016-03-25T21:00:00Z,17,0.283333
4702921684,2016-03-25T22:00:00Z,11,0.183333
4702921684,2016-03-25T23:00:00Z,0,0
4702921684,2016-03-26T00:00:00Z,0,0
4702921684,2016-03-26T01:00:00Z,0,0
4702921684,2016-03-26T02:00:00Z,0,0
4702921684,2016-03-26T03:00:00Z,0,0
4702921684,2016-03-26T04:00:00Z,0,0
4702921684,2016-03-26T05:00:00Z,0,0
4702921684,2016-03-26T06:00:00Z,1,0.016667
4702921684,2016-03-26T07:00:00Z,27,0.45
4702921684,2016-03-26T08:00:00Z,14,0.233333
4702921684,2016-03-26T09:00:00Z,28,0.466667
4702921684,2016-03-26T10:00:00Z,70,1.166667
4702921684,2016-03-26T11:00:00Z,66,1.1
4702921684,2016-03-26T12:00:00Z,82,1.366667
4702921684,2016-03-26T13:00:00Z,37,0.616667
4702921684,2016-03-26T14:00:00Z,45,0.75
4702921684,2016-03-26T15:00:00Z,23,0.383333
4702921684,2016-03-26T16:00:00Z,29,0.483333
4702921684,2016-03-26T17:00:00Z,11,0.183333
4702921684,2016-03-26T18:00:00Z,24,0.4
4702921684,2016-03-26T19:00:00Z,26,0.433333
4702921684,2016-03-26T20:00:00Z,26,0.433333
4702921684,2016-03-26T21:00:00Z,42,0.7
4702921684,2016-03-26T22:00:00Z,15,0.25
4702921684,2016-03-26T23:00:00Z,0,0
4702921684,2016-03-27T00:00:00Z,0,0
4702921684,2016-03-27T01:00:00Z,0,0
4702921684,2016-03-27T02:00:00Z,0,0
4702921684,2016-03-27T03:00:00Z,0,0
4702921684,2016-03-27T04:00:00Z,0,0
4702921684,2016-03-27T05:00:00Z,1,0.016667
4702921684,2016-03-27T06:00:00Z,0,0
4702921684,2016-03-27T07:00:00Z,24,0.4
4702921684,2016-03-27T08:00:00Z,11,0.183333
4702921684,2016-03-27T09:00:00Z,55,0.916667
4702921684,2016-03-27T10:00:00Z,12,0.2
4702921684,2016-03-27T11:00:00Z,14,0.233333
4702921684,2016-03-27T12:00:00Z,67,1.116667
4702921684,2016-03-27T13:00:00Z,64,1.066667
4702921684,2016-03-27T14:00:00Z,52,0.866667
4702921684,2016-03-27T15:00:00Z,89,1.483333
4702921684,2016-03-27T16:00:00Z,10,0.166667
4702921684,2016-03-27T17:00:00Z,31,0.516667
4702921684,2016-03-27T18:00:00Z,21,0.35
4702921684,2016-03-27T19:00:00Z,0,0
4702921684,2016-03-27T20:00:00Z,11,0.183333
4702921684,2016-03-27T21:00:00Z,4,0.066667
4702921684,2016-03-27T22:00:00Z,0,0
4702921684,2016-03-27T23:00:00Z,0,0
4702921684,2016-03-28T00:00:00Z,0,0
4702921684,2016-03-28T01:00:00Z,0,0
4702921684,2016-03-28T02:00:00Z,0,0
4702921684,2016-03-28T03:00:00Z,0,0
4702921684,2016-03-28T04:00:00Z,0,0
4702921684,2016-03-28T05:00:00Z,0,0
4702921684,2016-03-28T06:00:00Z,26,0.433333
4702921684,2016-03-28T07:00:00Z,14,0.233333
4702921684,2016-03-28T08:00:00Z,6,0.1
4702921684,2016-03-28T09:00:00Z,3,0.05
4702921684,2016-03-28T10:00:00Z,13,0.216667
4702921684,2016-03-28T11:00:00Z,7,0.116667
4702921684,2016-03-28T12:00:00Z,14,0.233333
4702921684,2016-03-28T13:00:00Z,6,0.1
4702921684,2016-03-28T14:00:00Z,11,0.183333
4702921684,2016-03-28T15:00:00Z,1,0.016667
4702921684,2016-03-28T16:00:00Z,4,0.066667
4702921684,2016-03-28T17:00:00Z,39,0.65
4702921684,2016-03-28T18:00:00Z,21,0.35
4702921684,2016-03-28T19:00:00Z,41,0.683333
4702921684,2016-03-28T20:00:00Z,34,0.566667
4702921684,2016-03-28T21:00:00Z,41,0.683333
4702921684,2016-03-28T22:00:00Z,18,0.3
4702921684,2016-03-28T23:00:00Z,0,0
4702921684,2016-03-29T00:00:00Z,1,0.016667
4702921684,2016-03-29T01:00:00Z,0,0
4702921684,2016-03-29T02:00:00Z,0,0
4702921684,2016-03-29T03:00:00Z,1,0.016667
4702921684,2016-03-29T04:00:00Z,0,0
4702921684,2016-03-29T05:00:00Z,0,0
4702921684,2016-03-29T06:00:00Z,22,0.366667
4702921684,2016-03-29T07:00:00Z,5,0.083333
4702921684,2016-03-29T08:00:00Z,3,0.05
4702921684,2016-03-29T09:00:00Z,17,0.283333
4702921684,2016-03-29T10:00:00Z,1,0.016667
4702921684,2016-03-29T11:00:00Z,9,0.15
4702921684,2016-03-29T12:00:00Z,6,0.1
4702921684,2016-03-29T13:00:00Z,3,0.05
4702921684,2016-03-29T14:00:00Z,12,0.2
4702921684,2016-03-29T15:00:00Z,11,0.183333
4702921684,2016-03-29T16:00:00Z,11,0.183333
4702921684,2016-03-29T17:00:00Z,33,0.55
4702921684,2016-03-29T18:00:00Z,23,0.383333
4702921684,2016-03-29T19:00:00Z,23,0.383333
4702921684,2016-03-29T20:00:00Z,25,0.416667
4702921684,2016-03-29T21:00:00Z,35,0.583333
4702921684,2016-03-29T22:00:00Z,22,0.366667
4702921684,2016-03-29T23:00:00Z,0,0
4702921684,2016-03-30T00:00:00Z,0,0
4702921684,2016-03-30T01:00:00Z,0,0
4702921684,2016-03-30T02:00:00Z,0,0
4702921684,2016-03-30T03:00:00Z,0,0
4702921684,2016-03-30T04:00:00Z,2,0.033333
4702921684,2016-03-30T05:00:00Z,4,0.066667
4702921684,2016-03-30T06:00:00Z,22,0.366667
4702921684,2016-03-30T07:00:00Z,8,0.133333
4702921684,2016-03-30T08:00:00Z,1,0.016667
4702921684,2016-03-30T09:00:00Z,17,0.283333
4702921684,2016-03-30T10:00:00Z,3,0.05
4702921684,2016-03-30T11:00:00Z,13,0.216667
4702921684,2016-03-30T12:00:00Z,9,0.15
4702921684,2016-03-30T13:00:00Z,4,0.066667
4702921684,2016-03-30T14:00:00Z,4,0.066667
4702921684,2016-03-30T15:00:00Z,7,0.116667
4702921684,2016-03-30T16:00:00Z,12,0.2
4702921684,2016-03-30T17:00:00Z,36,0.6
4702921684,2016-03-30T18:00:00Z,28,0.466667
4702921684,2016-03-30T19:00:00Z,22,0.366667
4702921684,2016-03-30T20:00:00Z,31,0.516667
4702921684,2016-03-30T21:00:00Z,33,0.55
4702921684,2016-03-30T22:00:00Z,5,0.083333
4702921684,2016-03-30T23:00:00Z,1,0.016667
4702921684,2016-03-31T00:00:00Z,0,0
4702921684,2016-03-31T01:00:00Z,0,0
4702921684,2016-03-31T02:00:00Z,0,0
4702921684,2016-03-31T03:00:00Z,0,0
4702921684,2016-03-31T04:00:00Z,0,0
4702921684,2016-03-31T05:00:00Z,0,0
4702921684,2016-03-31T06:00:00Z,28,0.466667
4702921684,2016-03-31T07:00:00Z,6,0.1
4702921684,2016-03-31T08:00:00Z,6,0.1
4702921684,2016-03-31T09:00:00Z,12,0.2
4702921684,2016-03-31T10:00:00Z,7,0.116667
4702921684,2016-03-31T11:00:00Z,7,0.116667
4702921684,2016-03-31T12:00:00Z,14,0.233333
4702921684,2016-03-31T13:00:00Z,2,0.033333
4702921684,2016-03-31T14:00:00Z,5,0.083333
4702921684,2016-03-31T15:00:00Z,6,0.1
4702921684,2016-03-31T16:00:00Z,9,0.15
4702921684,2016-03-31T17:00:00Z,20,0.333333
4702921684,2016-03-31T18:00:00Z,23,0.383333
4702921684,2016-03-31T19:00:00Z,27,0.45
4702921684,2016-03-31T20:00:00Z,38,0.633333
4702921684,2016-03-31T21:00:00Z,33,0.55
4702921684,2016-03-31T22:00:00Z,13,0.216667
4702921684,2016-03-31T23:00:00Z,0,0
4702921684,2016-04-01T00:00:00Z,0,0
4702921684,2016-04-01T01:00:00Z,0,0
4702921684,2016-04-01T02:00:00Z,0,0
4702921684,2016-04-01T03:00:00Z,0,0
4702921684,2016-04-01T04:00:00Z,0,0
4702921684,2016-04-01T05:00:00Z,1,0.016667
4702921684,2016-04-01T06:00:00Z,30,0.5
4702921684,2016-04-01T07:00:00Z,14,0.233333
4702921684,2016-04-01T08:00:00Z,13,0.216667
4702921684,2016-04-01T09:00:00Z,16,0.266667
4702921684,2016-04-01T10:00:00Z,0,0
4702921684,2016-04-01T11:00:00Z,12,0.2
4702921684,2016-04-01T12:00:00Z,13,0.216667
4702921684,2016-04-01T13:00:00Z,6,0.1
4702921684,2016-04-01T14:00:00Z,5,0.083333
4702921684,2016-04-01T15:00:00Z,5,0.083333
4702921684,2016-04-01T16:00:00Z,7,0.116667
4702921684,2016-04-01T17:00:00Z,23,0.383333
4702921684,2016-04-01T18:00:00Z,53,0.883333
4702921684,2016-04-01T19:00:00Z,26,0.433333
4702921684,2016-04-01T20:00:00Z,24,0.4
4702921684,2016-04-01T21:00:00Z,18,0.3
4702921684,2016-04-01T22:00:00Z,0,0
4702921684,2016-04-01T23:00:00Z,0,0
4702921684,2016-04-02T00:00:00Z,0,0
4702921684,2016-04-02T01:00:00Z,0,0
4702921684,2016-04-02T02:00:00Z,0,0
4702921684,2016-04-02T03:00:00Z,0,0
4702921684,2016-04-02T04:00:00Z,0,0
4702921684,2016-04-02T05:00:00Z,0,0
4702921684,2016-04-02T06:00:00Z,1,0.016667
4702921684,2016-04-02T07:00:00Z,14,0.233333
4702921684,2016-04-02T08:00:00Z,13,0.216667
4702921684,2016-04-02T09:00:00Z,19,0.316667
4702921684,2016-04-02T10:00:00Z,52,0.866667
4702921684,2016-04-02T11:00:00Z,38,0.633333
4702921684,2016-04-02T12:00:00Z,45,0.75
4702921684,2016-04-02T13:00:00Z,20,0.333333
4702921684,2016-04-02T14:00:00Z,36,0.6
4702921684,2016-04-02T15:00:00Z,9,0.15
4702921684,2016-04-02T16:00:00Z,42,0.7
4702921684,2016-04-02T17:00:00Z,37,0.616667
4702921684,2016-04-02T18:00:00Z,22,0.366667
4702921684,2016-04-02T19:00:00Z,29,0.483333
4702921684,2016-04-02T20:00:00Z,35,0.583333
4702921684,2016-04-02T21:00:00Z,19,0.316667
4702921684,2016-04-02T22:00:00Z,0,0
4702921684,2016-04-02T23:00:00Z,0,0
4702921684,2016-04-03T00:00:00Z,0,0
4702921684,2016-04-03T01:00:00Z,0,0
4702921684,2016-04-03T02:00:00Z,0,0
4702921684,2016-04-03T03:00:00Z,0,0
4702921684,2016-04-03T04:00:00Z,0,0
4702921684,2016-04-03T05:00:00Z,0,0
4702921684,2016-04-03T06:00:00Z,0,0
4702921684,2016-04-03T07:00:00Z,1,0.016667
4702921684,2016-04-03T08:00:00Z,12,0.2
4702921684,2016-04-03T09:00:00Z,38,0.633333
4702921684,2016-04-03T10:00:00Z,18,0.3
4702921684,2016-04-03T11:00:00Z,42,0.7
4702921684,2016-04-03T12:00:00Z,55,0.916667
4702921684,2016-04-03T13:00:00Z,53,0.883333
4702921684,2016-04-03T14:00:00Z,40,0.666667
4702921684,2016-04-03T15:00:00Z,77,1.283333
4702921684,2016-04-03T16:00:00Z,21,0.35
4702921684,2016-04-03T17:00:00Z,29,0.483333
4702921684,2016-04-03T18:00:00Z,16,0.266667
4702921684,2016-04-03T19:00:00Z,11,0.183333
4702921684,2016-04-03T20:00:00Z,17,0.283333
4702921684,2016-04-03T21:00:00Z,16,0.266667
4702921684,2016-04-03T22:00:00Z,0,0
4702921684,2016-04-03T23:00:00Z,0,0
4702921684,2016-04-04T00:00:00Z,0,0
4702921684,2016-04-04T01:00:00Z,0,0
4702921684,2016-04-04T02:00:00Z,0,0
4702921684,2016-04-04T03:00:00Z,0,0
4702921684,2016-04-04T04:00:00Z,0,0
4702921684,2016-04-04T05:00:00Z,0,0
4702921684,2016-04-04T06:00:00Z,51,0.85
4702921684,2016-04-04T07:00:00Z,12,0.2
4702921684,2016-04-04T08:00:00Z,3,0.05
4702921684,2016-04-04T09:00:00Z,3,0.05
4702921684,2016-04-04T10:00:00Z,7,0.116667
4702921684,2016-04-04T11:00:00Z,5,0.083333
4702921684,2016-04-04T12:00:00Z,19,0.316667
4702921684,2016-04-04T13:00:00Z,9,0.15
4702921684,2016-04-04T14:00:00Z,4,0.066667
4702921684,2016-04-04T15:00:00Z,9,0.15
4702921684,2016-04-04T16:00:00Z,4,0.066667
4702921684,2016-04-04T17:00:00Z,37,0.616667
4702921684,2016-04-04T18:00:00Z,35,0.583333
4702921684,2016-04-04T19:00:00Z,34,0.566667
4702921684,2016-04-04T20:00:00Z,16,0.266667
4702921684,2016-04-04T21:00:00Z,35,0.583333
4702921684,2016-04-04T22:00:00Z,5,0.083333
4702921684,2016-04-04T23:00:00Z,0,0
4702921684,2016-04-05T00:00:00Z,0,0
4702921684,2016-04-05T01:00:00Z,1,0.016667
4702921684,2016-04-05T02:00:00Z,0,0
4702921684,2016-04-05T03:00:00Z,0,0
4702921684,2016-04-05T04:00:00Z,0,0
4702921684,2016-04-05T05:00:00Z,0,0
4702921684,2016-04-05T06:00:00Z,17,0.283333
4702921684,2016-04-05T07:00:00Z,10,0.166667
4702921684,2016-04-05T08:00:00Z,5,0.083333
4702921684,2016-04-05T09:00:00Z,44,0.733333
4702921684,2016-04-05T10:00:00Z,2,0.033333
4702921684,2016-04-05T11:00:00Z,13,0.216667
4702921684,2016-04-05T12:00:00Z,11,0.183333
4702921684,2016-04-05T13:00:00Z,5,0.083333
4702921684,2016-04-05T14:00:00Z,17,0.283333
4702921684,2016-04-05T15:00:00Z,8,0.133333
4702921684,2016-04-05T16:00:00Z,15,0.25
4702921684,2016-04-05T17:00:00Z,32,0.533333
4702921684,2016-04-05T18:00:00Z,41,0.683333
4702921684,2016-04-05T19:00:00Z,3,0.05
4702921684,2016-04-05T20:00:00Z,12,0.2
4702921684,2016-04-05T21:00:00Z,29,0.483333
4702921684,2016-04-05T22:00:00Z,11,0.183333
4702921684,2016-04-05T23:00:00Z,0,0
4702921684,2016-04-06T00:00:00Z,0,0
4702921684,2016-04-06T01:00:00Z,0,0
4702921684,2016-04-06T02:00:00Z,0,0
4702921684,2016-04-06T03:00:00Z,0,0
4702921684,2016-04-06T04:00:00Z,0,0
4702921684,2016-04-06T05:00:00Z,0,0
4702921684,2016-04-06T06:00:00Z,28,0.466667
4702921684,2016-04-06T07:00:00Z,13,0.216667
4702921684,2016-04-06T08:00:00Z,5,0.083333
4702921684,2016-04-06T09:00:00Z,9,0.15
4702921684,2016-04-06T10:00:00Z,0,0
4702921684,2016-04-06T11:00:00Z,24,0.4
4702921684,2016-04-06T12:00:00Z,11,0.183333
4702921684,2016-04-06T13:00:00Z,6,0.1
4702921684,2016-04-06T14:00:00Z,7,0.116667
4702921684,2016-04-06T15:00:00Z,8,0.133333
4702921684,2016-04-06T16:00:00Z,13,0.216667
4702921684,2016-04-06T17:00:00Z,23,0.383333
4702921684,2016-04-06T18:00:00Z,26,0.433333
4702921684,2016-04-06T19:00:00Z,25,0.416667
4702921684,2016-04-06T20:00:00Z,39,0.65
4702921684,2016-04-06T21:00:00Z,26,0.433333
4702921684,2016-04-06T22:00:00Z,5,0.083333
4702921684,2016-04-06T23:00:00Z,0,0
4702921684,2016-04-07T00:00:00Z,0,0
4702921684,2016-04-07T01:00:00Z,0,0
4702921684,2016-04-07T02:00:00Z,0,0
4702921684,2016-04-07T03:00:00Z,0,0
4702921684,2016-04-07T04:00:00Z,0,0
4702921684,2016-04-07T05:00:00Z,0,0
4702921684,2016-04-07T06:00:00Z,24,0.4
4702921684,2016-04-07T07:00:00Z,8,0.133333
4702921684,2016-04-07T08:00:00Z,6,0.1
4702921684,2016-04-07T09:00:00Z,18,0.3
4702921684,2016-04-07T10:00:00Z,3,0.05
4702921684,2016-04-07T11:00:00Z,14,0.233333
4702921684,2016-04-07T12:00:00Z,5,0.083333
4702921684,2016-04-07T13:00:00Z,9,0.15
4702921684,2016-04-07T14:00:00Z,3,0.05
4702921684,2016-04-07T15:00:00Z,0,0
4702921684,2016-04-07T16:00:00Z,10,0.166667
4702921684,2016-04-07T17:00:00Z,17,0.283333
4702921684,2016-04-07T18:00:00Z,25,0.416667
4702921684,2016-04-07T19:00:00Z,21,0.35
4702921684,2016-04-07T20:00:00Z,29,0.483333
4702921684,2016-04-07T21:00:00Z,10,0.166667
4702921684,2016-04-07T22:00:00Z,8,0.133333
4702921684,2016-04-07T23:00:00Z,0,0
4702921684,2016-04-08T00:00:00Z,0,0
4702921684,2016-04-08T01:00:00Z,0,0
4702921684,2016-04-08T02:00:00Z,0,0
4702921684,2016-04-08T03:00:00Z,0,0
4702921684,2016-04-08T04:00:00Z,0,0
4702921684,2016-04-08T05:00:00Z,0,0
4702921684,2016-04-08T06:00:00Z,33,0.55
4702921684,2016-04-08T07:00:00Z,15,0.25
4702921684,2016-04-08T08:00:00Z,7,0.116667
4702921684,2016-04-08T09:00:00Z,23,0.383333
4702921684,2016-04-08T10:00:00Z,5,0.083333
4702921684,2016-04-08T11:00:00Z,1,0.016667
4702921684,2016-04-08T12:00:00Z,14,0.233333
4702921684,2016-04-08T13:00:00Z,5,0.083333
4702921684,2016-04-08T14:00:00Z,1,0.016667
4702921684,2016-04-08T15:00:00Z,10,0.166667
4702921684,2016-04-08T16:00:00Z,11,0.183333
4702921684,2016-04-08T17:00:00Z,28,0.466667
4702921684,2016-04-08T18:00:00Z,57,0.95
4702921684,2016-04-08T19:00:00Z,29,0.483333
4702921684,2016-04-08T20:00:00Z,14,0.233333
4702921684,2016-04-08T21:00:00Z,11,0.183333
4702921684,2016-04-08T22:00:00Z,13,0.216667
4702921684,2016-04-08T23:00:00Z,0,0
4702921684,2016-04-09T00:00:00Z,0,0
4702921684,2016-04-09T01:00:00Z,0,0
4702921684,2016-04-09T02:00:00Z,0,0
4702921684,2016-04-09T03:00:00Z,0,0
4702921684,2016-04-09T04:00:00Z,0,0
4702921684,2016-04-09T05:00:00Z,0,0
4702921684,2016-04-09T06:00:00Z,0,0
4702921684,2016-04-09T07:00:00Z,30,0.5
4702921684,2016-04-09T08:00:00Z,13,0.216667
4702921684,2016-04-09T09:00:00Z,19,0.316667
4702921684,2016-04-09T10:00:00Z,19,0.316667
4702921684,2016-04-09T11:00:00Z,47,0.783333
4702921684,2016-04-09T12:00:00Z,42,0.7
4702921684,2016-04-09T13:00:00Z,51,0.85
4702921684,2016-04-09T14:00:00Z,36,0.6
4702921684,2016-04-09T15:00:00Z,47,0.783333
4702921684,2016-04-09T16:00:00Z,41,0.683333
4702921684,2016-04-09T17:00:00Z,28,0.466667
4702921684,2016-04-09T18:00:00Z,48,0.8
4702921684,2016-04-09T19:00:00Z,16,0.266667
4702921684,2016-04-09T20:00:00Z,17,0.283333
4702921684,2016-04-09T21:00:00Z,29,0.483333
4702921684,2016-04-09T22:00:00Z,20,0.333333
4702921684,2016-04-09T23:00:00Z,14,0.233333
4702921684,2016-04-10T00:00:00Z,0,0
4702921684,2016-04-10T01:00:00Z,0,0
4702921684,2016-04-10T02:00:00Z,0,0
4702921684,2016-04-10T03:00:00Z,0,0
4702921684,2016-04-10T04:00:00Z,1,0.016667
4702921684,2016-04-10T05:00:00Z,1,0.016667
4702921684,2016-04-10T06:00:00Z,3,0.05
4702921684,2016-04-10T07:00:00Z,0,0
4702921684,2016-04-10T08:00:00Z,15,0.25
4702921684,2016-04-10T09:00:00Z,25,0.416667
4702921684,2016-04-10T10:00:00Z,13,0.216667
4702921684,2016-04-10T11:00:00Z,20,0.333333
4702921684,2016-04-10T12:00:00Z,46,0.766667
4702921684,2016-04-10T13:00:00Z,43,0.716667
4702921684,2016-04-10T14:00:00Z,45,0.75
4702921684,2016-04-10T15:00:00Z,56,0.933333
4702921684,2016-04-10T16:00:00Z,72,1.2
4702921684,2016-04-10T17:00:00Z,30,0.5
4702921684,2016-04-10T18:00:00Z,11,0.183333
4702921684,2016-04-10T19:00:00Z,0,0
4702921684,2016-04-10T20:00:00Z,1,0.016667
4702921684,2016-04-10T21:00:00Z,0,0
4702921684,2016-04-10T22:00:00Z,2,0.033333
4702921684,2016-04-10T23:00:00Z,0,0
4702921684,2016-04-11T00:00:00Z,0,0
4702921684,2016-04-11T01:00:00Z,0,0
4702921684,2016-04-11T02:00:00Z,0,0
4702921684,2016-04-11T03:00:00Z,0,0
4702921684,2016-04-11T04:00:00Z,0,0
4702921684,2016-04-11T05:00:00Z,0,0
4702921684,2016-04-11T06:00:00Z,16,0.266667
4702921684,2016-04-11T07:00:00Z,5,0.083333
4702921684,2016-04-11T08:00:00Z,7,0.116667
4702921684,2016-04-11T09:00:00Z,25,0.416667
4702921684,2016-04-11T10:00:00Z,1,0.016667
4702921684,2016-04-11T11:00:00Z,4,0.066667
4702921684,2016-04-11T12:00:00Z,12,0.2
4702921684,2016-04-11T13:00:00Z,5,0.083333
4702921684,2016-04-11T14:00:00Z,13,0.216667
4702921684,2016-04-11T15:00:00Z,3,0.05
4702921684,2016-04-11T16:00:00Z,1,0.016667
4702921684,2016-04-11T17:00:00Z,19,0.316667
4702921684,2016-04-11T18:00:00Z,20,0.333333
4702921684,2016-04-11T19:00:00Z,18,0.3
4702921684,2016-04-11T20:00:00Z,35,0.583333
4702921684,2016-04-11T21:00:00Z,19,0.316667
5553957443,2016-03-12T00:00:00Z,3,0.05
5553957443,2016-03-12T01:00:00Z,0,0
5553957443,2016-03-12T02:00:00Z,0,0
5553957443,2016-03-12T03:00:00Z,1,0.016667
5553957443,2016-03-12T04:00:00Z,0,0
5553957443,2016-03-12T05:00:00Z,0,0
5553957443,2016-03-12T06:00:00Z,0,0
5553957443,2016-03-12T07:00:00Z,0,0
5553957443,2016-03-12T08:00:00Z,1,0.016667
5553957443,2016-03-12T09:00:00Z,0,0
5553957443,2016-03-12T10:00:00Z,14,0.233333
5553957443,2016-03-12T11:00:00Z,5,0.083333
5553957443,2016-03-12T12:00:00Z,2,0.033333
5553957443,2016-03-12T13:00:00Z,2,0.033333
5553957443,2016-03-12T14:00:00Z,9,0.15
5553957443,2016-03-12T15:00:00Z,5,0.083333
5553957443,2016-03-12T16:00:00Z,2,0.033333
5553957443,2016-03-12T17:00:00Z,3,0.05
5553957443,2016-03-12T18:00:00Z,8,0.133333
5553957443,2016-03-12T19:00:00Z,1,0.016667
5553957443,2016-03-12T20:00:00Z,21,0.35
5553957443,2016-03-12T21:00:00Z,2,0.033333
5553957443,2016-03-12T22:00:00Z,1,0.016667
5553957443,2016-03-12T23:00:00Z,18,0.3
5553957443,2016-03-13T00:00:00Z,1,0.016667
5553957443,2016-03-13T01:00:00Z,0,0
5553957443,2016-03-13T02:00:00Z,0,0
5553957443,2016-03-13T03:00:00Z,0,0
5553957443,2016-03-13T04:00:00Z,0,0
5553957443,2016-03-13T05:00:00Z,0,0
5553957443,2016-03-13T06:00:00Z,7,0.116667
5553957443,2016-03-13T07:00:00Z,0,0
5553957443,2016-03-13T08:00:00Z,0,0
5553957443,2016-03-13T09:00:00Z,0,0
5553957443,2016-03-13T10:00:00Z,13,0.216667
5553957443,2016-03-13T11:00:00Z,5,0.083333
5553957443,2016-03-13T12:00:00Z,2,0.033333
5553957443,2016-03-13T13:00:00Z,37,0.616667
5553957443,2016-03-13T14:00:00Z,42,0.7
5553957443,2016-03-13T15:00:00Z,33,0.55
5553957443,2016-03-13T16:00:00Z,9,0.15
5553957443,2016-03-13T17:00:00Z,2,0.033333
5553957443,2016-03-13T18:00:00Z,21,0.35
5553957443,2016-03-13T19:00:00Z,9,0.15
5553957443,2016-03-13T20:00:00Z,23,0.383333
5553957443,2016-03-13T21:00:00Z,4,0.066667
5553957443,2016-03-13T22:00:00Z,0,0
5553957443,2016-03-13T23:00:00Z,0,0
5553957443,2016-03-14T00:00:00Z,0,0
5553957443,2016-03-14T01:00:00Z,0,0
5553957443,2016-03-14T02:00:00Z,1,0.016667
5553957443,2016-03-14T03:00:00Z,0,0
5553957443,2016-03-14T04:00:00Z,0,0
5553957443,2016-03-14T05:00:00Z,31,0.516667
5553957443,2016-03-14T06:00:00Z,7,0.116667
5553957443,2016-03-14T07:00:00Z,54,0.9
5553957443,2016-03-14T08:00:00Z,5,0.083333
5553957443,2016-03-14T09:00:00Z,4,0.066667
5553957443,2016-03-14T10:00:00Z,3,0.05
5553957443,2016-03-14T11:00:00Z,4,0.066667
5553957443,2016-03-14T12:00:00Z,14,0.233333
5553957443,2016-03-14T13:00:00Z,9,0.15
5553957443,2016-03-14T14:00:00Z,3,0.05
5553957443,2016-03-14T15:00:00Z,5,0.083333
5553957443,2016-03-14T16:00:00Z,55,0.916667
5553957443,2016-03-14T17:00:00Z,88,1.466667
5553957443,2016-03-14T18:00:00Z,56,0.933333
5553957443,2016-03-14T19:00:00Z,16,0.266667
5553957443,2016-03-14T20:00:00Z,23,0.383333
5553957443,2016-03-14T21:00:00Z,27,0.45
5553957443,2016-03-14T22:00:00Z,12,0.2
5553957443,2016-03-14T23:00:00Z,8,0.133333
5553957443,2016-03-15T00:00:00Z,1,0.016667
5553957443,2016-03-15T01:00:00Z,0,0
5553957443,2016-03-15T02:00:00Z,4,0.066667
5553957443,2016-03-15T03:00:00Z,0,0
5553957443,2016-03-15T04:00:00Z,0,0
5553957443,2016-03-15T05:00:00Z,0,0
5553957443,2016-03-15T06:00:00Z,26,0.433333
5553957443,2016-03-15T07:00:00Z,19,0.316667
5553957443,2016-03-15T08:00:00Z,6,0.1
5553957443,2016-03-15T09:00:00Z,5,0.083333
5553957443,2016-03-15T10:00:00Z,17,0.283333
5553957443,2016-03-15T11:00:00Z,62,1.033333
5553957443,2016-03-15T12:00:00Z,22,0.366667
5553957443,2016-03-15T13:00:00Z,5,0.083333
5553957443,2016-03-15T14:00:00Z,8,0.133333
5553957443,2016-03-15T15:00:00Z,6,0.1
5553957443,2016-03-15T16:00:00Z,44,0.733333
5553957443,2016-03-15T17:00:00Z,24,0.4
5553957443,2016-03-15T18:00:00Z,37,0.616667
5553957443,2016-03-15T19:00:00Z,27,0.45
5553957443,2016-03-15T20:00:00Z,28,0.466667
5553957443,2016-03-15T21:00:00Z,15,0.25
5553957443,2016-03-15T22:00:00Z,21,0.35
5553957443,2016-03-15T23:00:00Z,0,0
5553957443,2016-03-16T00:00:00Z,0,0
5553957443,2016-03-16T01:00:00Z,1,0.016667
5553957443,2016-03-16T02:00:00Z,0,0
5553957443,2016-03-16T03:00:00Z,1,0.016667
5553957443,2016-03-16T04:00:00Z,2,0.033333
5553957443,2016-03-16T05:00:00Z,2,0.033333
5553957443,2016-03-16T06:00:00Z,26,0.433333
5553957443,2016-03-16T07:00:00Z,50,0.833333
5553957443,2016-03-16T08:00:00Z,8,0.133333
5553957443,2016-03-16T09:00:00Z,12,0.2
5553957443,2016-03-16T10:00:00Z,2,0.033333
5553957443,2016-03-16T11:00:00Z,1,0.016667
5553957443,2016-03-16T12:00:00Z,8,0.133333
5553957443,2016-03-16T13:00:00Z,13,0.216667
5553957443,2016-03-16T14:00:00Z,4,0.066667
5553957443,2016-03-16T15:00:00Z,1,0.016667
5553957443,2016-03-16T16:00:00Z,17,0.283333
5553957443,2016-03-16T17:00:00Z,81,1.35
5553957443,2016-03-16T18:00:00Z,59,0.983333
5553957443,2016-03-16T19:00:00Z,19,0.316667
5553957443,2016-03-16T20:00:00Z,4,0.066667
5553957443,2016-03-16T21:00:00Z,22,0.366667
5553957443,2016-03-16T22:00:00Z,23,0.383333
5553957443,2016-03-16T23:00:00Z,32,0.533333
5553957443,2016-03-17T00:00:00Z,10,0.166667
5553957443,2016-03-17T01:00:00Z,0,0
5553957443,2016-03-17T02:00:00Z,1,0.016667
5553957443,2016-03-17T03:00:00Z,1,0.016667
5553957443,2016-03-17T04:00:00Z,0,0
5553957443,2016-03-17T05:00:00Z,35,0.583333
5553957443,2016-03-17T06:00:00Z,36,0.6
5553957443,2016-03-17T07:00:00Z,11,0.183333
5553957443,2016-03-17T08:00:00Z,4,0.066667
5553957443,2016-03-17T09:00:00Z,6,0.1
5553957443,2016-03-17T10:00:00Z,4,0.066667
5553957443,2016-03-17T11:00:00Z,11,0.183333
5553957443,2016-03-17T12:00:00Z,4,0.066667
5553957443,2016-03-17T13:00:00Z,12,0.2
5553957443,2016-03-17T14:00:00Z,19,0.316667
5553957443,2016-03-17T15:00:00Z,26,0.433333
5553957443,2016-03-17T16:00:00Z,17,0.283333
5553957443,2016-03-17T17:00:00Z,2,0.033333
5553957443,2016-03-17T18:00:00Z,1,0.016667
5553957443,2016-03-17T19:00:00Z,0,0
5553957443,2016-03-17T20:00:00Z,7,0.116667
5553957443,2016-03-17T21:00:00Z,13,0.216667
5553957443,2016-03-17T22:00:00Z,0,0
5553957443,2016-03-17T23:00:00Z,0,0
5553957443,2016-03-18T00:00:00Z,0,0
5553957443,2016-03-18T01:00:00Z,3,0.05
5553957443,2016-03-18T02:00:00Z,15,0.25
5553957443,2016-03-18T03:00:00Z,6,0.1
5553957443,2016-03-18T04:00:00Z,2,0.033333
5553957443,2016-03-18T05:00:00Z,9,0.15
5553957443,2016-03-18T06:00:00Z,17,0.283333
5553957443,2016-03-18T07:00:00Z,14,0.233333
5553957443,2016-03-18T08:00:00Z,2,0.033333
5553957443,2016-03-18T09:00:00Z,12,0.2
5553957443,2016-03-18T10:00:00Z,14,0.233333
5553957443,2016-03-18T11:00:00Z,6,0.1
5553957443,2016-03-18T12:00:00Z,0,0
5553957443,2016-03-18T13:00:00Z,2,0.033333
5553957443,2016-03-18T14:00:00Z,2,0.033333
5553957443,2016-03-18T15:00:00Z,0,0
5553957443,2016-03-18T16:00:00Z,0,0
5553957443,2016-03-18T17:00:00Z,0,0
5553957443,2016-03-18T18:00:00Z,0,0
5553957443,2016-03-18T19:00:00Z,0,0
5553957443,2016-03-18T20:00:00Z,0,0
5553957443,2016-03-18T21:00:00Z,0,0
5553957443,2016-03-18T22:00:00Z,0,0
5553957443,2016-03-18T23:00:00Z,0,0
5553957443,2016-03-19T00:00:00Z,0,0
5553957443,2016-03-19T01:00:00Z,0,0
5553957443,2016-03-19T02:00:00Z,0,0
5553957443,2016-03-19T03:00:00Z,0,0
5553957443,2016-03-19T04:00:00Z,0,0
5553957443,2016-03-19T05:00:00Z,0,0
5553957443,2016-03-19T06:00:00Z,0,0
5553957443,2016-03-19T07:00:00Z,0,0
5553957443,2016-03-19T08:00:00Z,0,0
5553957443,2016-03-19T09:00:00Z,0,0
5553957443,2016-03-19T10:00:00Z,0,0
5553957443,2016-03-19T11:00:00Z,0,0
5553957443,2016-03-19T12:00:00Z,0,0
5553957443,2016-03-19T13:00:00Z,0,0
5553957443,2016-03-19T14:00:00Z,0,0
5553957443,2016-03-19T15:00:00Z,0,0
5553957443,2016-03-19T16:00:00Z,0,0
5553957443,2016-03-19T17:00:00Z,0,0
5553957443,2016-03-19T18:00:00Z,0,0
5553957443,2016-03-19T19:00:00Z,0,0
5553957443,2016-03-19T20:00:00Z,0,0
5553957443,2016-03-19T21:00:00Z,0,0
5553957443,2016-03-19T22:00:00Z,0,0
5553957443,2016-03-19T23:00:00Z,0,0
5553957443,2016-03-20T00:00:00Z,0,0
5553957443,2016-03-20T01:00:00Z,0,0
5553957443,2016-03-20T02:00:00Z,0,0
5553957443,2016-03-20T03:00:00Z,0,0
5553957443,2016-03-20T04:00:00Z,0,0
5553957443,2016-03-20T05:00:00Z,0,0
5553957443,2016-03-20T06:00:00Z,0,0
5553957443,2016-03-20T07:00:00Z,0,0
5553957443,2016-03-20T08:00:00Z,0,0
5553957443,2016-03-20T09:00:00Z,0,0
5553957443,2016-03-20T10:00:00Z,0,0
5553957443,2016-03-20T11:00:00Z,0,0
5553957443,2016-03-20T12:00:00Z,0,0
5553957443,2016-03-20T13:00:00Z,0,0
5553957443,2016-03-20T14:00:00Z,0,0
5553957443,2016-03-20T15:00:00Z,0,0
5553957443,2016-03-20T16:00:00Z,0,0
5553957443,2016-03-20T17:00:00Z,0,0
5553957443,2016-03-20T18:00:00Z,0,0
5553957443,2016-03-20T19:00:00Z,0,0
5553957443,2016-03-20T20:00:00Z,0,0
5553957443,2016-03-20T21:00:00Z,0,0
5553957443,2016-03-20T22:00:00Z,0,0
5553957443,2016-03-20T23:00:00Z,0,0
5553957443,2016-03-21T00:00:00Z,0,0
5553957443,2016-03-21T01:00:00Z,0,0
5553957443,2016-03-21T02:00:00Z,0,0
5553957443,2016-03-21T03:00:00Z,0,0
5553957443,2016-03-21T04:00:00Z,0,0
5553957443,2016-03-21T05:00:00Z,0,0
5553957443,2016-03-21T06:00:00Z,0,0
5553957443,2016-03-21T07:00:00Z,0,0
5553957443,2016-03-21T08:00:00Z,0,0
5553957443,2016-03-21T09:00:00Z,3,0.05
5553957443,2016-03-21T10:00:00Z,0,0
5553957443,2016-03-21T11:00:00Z,0,0
5553957443,2016-03-21T12:00:00Z,2,0.033333
5553957443,2016-03-21T13:00:00Z,22,0.366667
5553957443,2016-03-21T14:00:00Z,26,0.433333
5553957443,2016-03-21T15:00:00Z,2,0.033333
5553957443,2016-03-21T16:00:00Z,4,0.066667
5553957443,2016-03-21T17:00:00Z,9,0.15
5553957443,2016-03-21T18:00:00Z,16,0.266667
5553957443,2016-03-21T19:00:00Z,20,0.333333
5553957443,2016-03-21T20:00:00Z,13,0.216667
5553957443,2016-03-21T21:00:00Z,7,0.116667
5553957443,2016-03-21T22:00:00Z,12,0.2
5553957443,2016-03-21T23:00:00Z,15,0.25
5553957443,2016-03-22T00:00:00Z,10,0.166667
5553957443,2016-03-22T01:00:00Z,8,0.133333
5553957443,2016-03-22T02:00:00Z,0,0
5553957443,2016-03-22T03:00:00Z,1,0.016667
5553957443,2016-03-22T04:00:00Z,0,0
5553957443,2016-03-22T05:00:00Z,1,0.016667
5553957443,2016-03-22T06:00:00Z,1,0.016667
5553957443,2016-03-22T07:00:00Z,1,0.016667
5553957443,2016-03-22T08:00:00Z,0,0
5553957443,2016-03-22T09:00:00Z,0,0
5553957443,2016-03-22T10:00:00Z,1,0.016667
5553957443,2016-03-22T11:00:00Z,1,0.016667
5553957443,2016-03-22T12:00:00Z,3,0.05
5553957443,2016-03-22T13:00:00Z,6,0.1
5553957443,2016-03-22T14:00:00Z,17,0.283333
5553957443,2016-03-22T15:00:00Z,0,0
5553957443,2016-03-22T16:00:00Z,0,0
5553957443,2016-03-22T17:00:00Z,0,0
5553957443,2016-03-22T18:00:00Z,0,0
5553957443,2016-03-22T19:00:00Z,0,0
5553957443,2016-03-22T20:00:00Z,0,0
5553957443,2016-03-22T21:00:00Z,0,0
5553957443,2016-03-22T22:00:00Z,0,0
5553957443,2016-03-22T23:00:00Z,0,0
5553957443,2016-03-23T00:00:00Z,0,0
5553957443,2016-03-23T01:00:00Z,0,0
5553957443,2016-03-23T02:00:00Z,0,0
5553957443,2016-03-23T03:00:00Z,0,0
5553957443,2016-03-23T04:00:00Z,0,0
5553957443,2016-03-23T05:00:00Z,0,0
5553957443,2016-03-23T06:00:00Z,0,0
5553957443,2016-03-23T07:00:00Z,3,0.05
5553957443,2016-03-23T08:00:00Z,2,0.033333
5553957443,2016-03-23T09:00:00Z,3,0.05
5553957443,2016-03-23T10:00:00Z,3,0.05
5553957443,2016-03-23T11:00:00Z,0,0
5553957443,2016-03-23T12:00:00Z,5,0.083333
5553957443,2016-03-23T13:00:00Z,11,0.183333
5553957443,2016-03-23T14:00:00Z,28,0.466667
5553957443,2016-03-23T15:00:00Z,2,0.033333
5553957443,2016-03-23T16:00:00Z,1,0.016667
5553957443,2016-03-23T17:00:00Z,11,0.183333
5553957443,2016-03-23T18:00:00Z,16,0.266667
5553957443,2016-03-23T19:00:00Z,14,0.233333
5553957443,2016-03-23T20:00:00Z,13,0.216667
5553957443,2016-03-23T21:00:00Z,2,0.033333
5553957443,2016-03-23T22:00:00Z,10,0.166667
5553957443,2016-03-23T23:00:00Z,3,0.05
5553957443,2016-03-24T00:00:00Z,14,0.233333
5553957443,2016-03-24T01:00:00Z,5,0.083333
5553957443,2016-03-24T02:00:00Z,1,0.016667
5553957443,2016-03-24T03:00:00Z,0,0
5553957443,2016-03-24T04:00:00Z,0,0
5553957443,2016-03-24T05:00:00Z,1,0.016667
5553957443,2016-03-24T06:00:00Z,2,0.033333
5553957443,2016-03-24T07:00:00Z,0,0
5553957443,2016-03-24T08:00:00Z,2,0.033333
5553957443,2016-03-24T09:00:00Z,22,0.366667
5553957443,2016-03-24T10:00:00Z,5,0.083333
5553957443,2016-03-24T11:00:00Z,20,0.333333
5553957443,2016-03-24T12:00:00Z,54,0.9
5553957443,2016-03-24T13:00:00Z,24,0.4
5553957443,2016-03-24T14:00:00Z,10,0.166667
5553957443,2016-03-24T15:00:00Z,4,0.066667
5553957443,2016-03-24T16:00:00Z,3,0.05
5553957443,2016-03-24T17:00:00Z,6,0.1
5553957443,2016-03-24T18:00:00Z,14,0.233333
5553957443,2016-03-24T19:00:00Z,10,0.166667
5553957443,2016-03-24T20:00:00Z,8,0.133333
5553957443,2016-03-24T21:00:00Z,36,0.6
5553957443,2016-03-24T22:00:00Z,11,0.183333
5553957443,2016-03-24T23:00:00Z,7,0.116667
5553957443,2016-03-25T00:00:00Z,8,0.133333
5553957443,2016-03-25T01:00:00Z,6,0.1
5553957443,2016-03-25T02:00:00Z,0,0
5553957443,2016-03-25T03:00:00Z,0,0
5553957443,2016-03-25T04:00:00Z,2,0.033333
5553957443,2016-03-25T05:00:00Z,1,0.016667
5553957443,2016-03-25T06:00:00Z,2,0.033333
5553957443,2016-03-25T07:00:00Z,0,0
5553957443,2016-03-25T08:00:00Z,0,0
5553957443,2016-03-25T09:00:00Z,0,0
5553957443,2016-03-25T10:00:00Z,1,0.016667
5553957443,2016-03-25T11:00:00Z,1,0.016667
5553957443,2016-03-25T12:00:00Z,3,0.05
5553957443,2016-03-25T13:00:00Z,15,0.25
5553957443,2016-03-25T14:00:00Z,18,0.3
5553957443,2016-03-25T15:00:00Z,8,0.133333
5553957443,2016-03-25T16:00:00Z,6,0.1
5553957443,2016-03-25T17:00:00Z,16,0.266667
5553957443,2016-03-25T18:00:00Z,26,0.433333
5553957443,2016-03-25T19:00:00Z,26,0.433333
5553957443,2016-03-25T20:00:00Z,7,0.116667
5553957443,2016-03-25T21:00:00Z,9,0.15
5553957443,2016-03-25T22:00:00Z,15,0.25
5553957443,2016-03-25T23:00:00Z,17,0.283333
5553957443,2016-03-26T00:00:00Z,29,0.483333
5553957443,2016-03-26T01:00:00Z,22,0.366667
5553957443,2016-03-26T02:00:00Z,9,0.15
5553957443,2016-03-26T03:00:00Z,1,0.016667
5553957443,2016-03-26T04:00:00Z,0,0
5553957443,2016-03-26T05:00:00Z,0,0
5553957443,2016-03-26T06:00:00Z,17,0.283333
5553957443,2016-03-26T07:00:00Z,12,0.2
5553957443,2016-03-26T08:00:00Z,8,0.133333
5553957443,2016-03-26T09:00:00Z,8,0.133333
5553957443,2016-03-26T10:00:00Z,1,0.016667
5553957443,2016-03-26T11:00:00Z,1,0.016667
5553957443,2016-03-26T12:00:00Z,11,0.183333
5553957443,2016-03-26T13:00:00Z,15,0.25
5553957443,2016-03-26T14:00:00Z,7,0.116667
5553957443,2016-03-26T15:00:00Z,0,0
5553957443,2016-03-26T16:00:00Z,0,0
5553957443,2016-03-26T17:00:00Z,0,0
5553957443,2016-03-26T18:00:00Z,13,0.216667
5553957443,2016-03-26T19:00:00Z,28,0.466667
5553957443,2016-03-26T20:00:00Z,18,0.3
5553957443,2016-03-26T21:00:00Z,4,0.066667
5553957443,2016-03-26T22:00:00Z,0,0
5553957443,2016-03-26T23:00:00Z,1,0.016667
5553957443,2016-03-27T00:00:00Z,20,0.333333
5553957443,2016-03-27T01:00:00Z,25,0.416667
5553957443,2016-03-27T02:00:00Z,2,0.033333
5553957443,2016-03-27T03:00:00Z,0,0
5553957443,2016-03-27T04:00:00Z,0,0
5553957443,2016-03-27T05:00:00Z,2,0.033333
5553957443,2016-03-27T06:00:00Z,4,0.066667
5553957443,2016-03-27T07:00:00Z,1,0.016667
5553957443,2016-03-27T08:00:00Z,1,0.016667
5553957443,2016-03-27T09:00:00Z,3,0.05
5553957443,2016-03-27T10:00:00Z,0,0
5553957443,2016-03-27T11:00:00Z,2,0.033333
5553957443,2016-03-27T12:00:00Z,19,0.316667
5553957443,2016-03-27T13:00:00Z,1,0.016667
5553957443,2016-03-27T14:00:00Z,0,0
5553957443,2016-03-27T15:00:00Z,3,0.05
5553957443,2016-03-27T16:00:00Z,3,0.05
5553957443,2016-03-27T17:00:00Z,7,0.116667
5553957443,2016-03-27T18:00:00Z,2,0.033333
5553957443,2016-03-27T19:00:00Z,14,0.233333
5553957443,2016-03-27T20:00:00Z,3,0.05
5553957443,2016-03-27T21:00:00Z,0,0
5553957443,2016-03-27T22:00:00Z,17,0.283333
5553957443,2016-03-27T23:00:00Z,2,0.033333
5553957443,2016-03-28T00:00:00Z,0,0
5553957443,2016-03-28T01:00:00Z,1,0.016667
5553957443,2016-03-28T02:00:00Z,0,0
5553957443,2016-03-28T03:00:00Z,0,0
5553957443,2016-03-28T04:00:00Z,1,0.016667
5553957443,2016-03-28T05:00:00Z,1,0.016667
5553957443,2016-03-28T06:00:00Z,3,0.05
5553957443,2016-03-28T07:00:00Z,2,0.033333
5553957443,2016-03-28T08:00:00Z,0,0
5553957443,2016-03-28T09:00:00Z,2,0.033333
5553957443,2016-03-28T10:00:00Z,1,0.016667
5553957443,2016-03-28T11:00:00Z,40,0.666667
5553957443,2016-03-28T12:00:00Z,6,0.1
5553957443,2016-03-28T13:00:00Z,12,0.2
5553957443,2016-03-28T14:00:00Z,11,0.183333
5553957443,2016-03-28T15:00:00Z,23,0.383333
5553957443,2016-03-28T16:00:00Z,28,0.466667
5553957443,2016-03-28T17:00:00Z,24,0.4
5553957443,2016-03-28T18:00:00Z,36,0.6
5553957443,2016-03-28T19:00:00Z,22,0.366667
5553957443,2016-03-28T20:00:00Z,28,0.466667
5553957443,2016-03-28T21:00:00Z,12,0.2
5553957443,2016-03-28T22:00:00Z,30,0.5
5553957443,2016-03-28T23:00:00Z,0,0
5553957443,2016-03-29T00:00:00Z,3,0.05
5553957443,2016-03-29T01:00:00Z,0,0
5553957443,2016-03-29T02:00:00Z,0,0
5553957443,2016-03-29T03:00:00Z,0,0
5553957443,2016-03-29T04:00:00Z,1,0.016667
5553957443,2016-03-29T05:00:00Z,0,0
5553957443,2016-03-29T06:00:00Z,42,0.7
5553957443,2016-03-29T07:00:00Z,63,1.05
5553957443,2016-03-29T08:00:00Z,10,0.166667
5553957443,2016-03-29T09:00:00Z,0,0
5553957443,2016-03-29T10:00:00Z,9,0.15
5553957443,2016-03-29T11:00:00Z,5,0.083333
5553957443,2016-03-29T12:00:00Z,17,0.283333
5553957443,2016-03-29T13:00:00Z,9,0.15
5553957443,2016-03-29T14:00:00Z,9,0.15
5553957443,2016-03-29T15:00:00Z,6,0.1
5553957443,2016-03-29T16:00:00Z,83,1.383333
5553957443,2016-03-29T17:00:00Z,62,1.033333
5553957443,2016-03-29T18:00:00Z,35,0.583333
5553957443,2016-03-29T19:00:00Z,17,0.283333
5553957443,2016-03-29T20:00:00Z,11,0.183333
5553957443,2016-03-29T21:00:00Z,26,0.433333
5553957443,2016-03-29T22:00:00Z,7,0.116667
5553957443,2016-03-29T23:00:00Z,17,0.283333
5553957443,2016-03-30T00:00:00Z,11,0.183333
5553957443,2016-03-30T01:00:00Z,1,0.016667
5553957443,2016-03-30T02:00:00Z,0,0
5553957443,2016-03-30T03:00:00Z,0,0
5553957443,2016-03-30T04:00:00Z,0,0
5553957443,2016-03-30T05:00:00Z,1,0.016667
5553957443,2016-03-30T06:00:00Z,25,0.416667
5553957443,2016-03-30T07:00:00Z,56,0.933333
5553957443,2016-03-30T08:00:00Z,10,0.166667
5553957443,2016-03-30T09:00:00Z,0,0
5553957443,2016-03-30T10:00:00Z,18,0.3
5553957443,2016-03-30T11:00:00Z,44,0.733333
5553957443,2016-03-30T12:00:00Z,33,0.55
5553957443,2016-03-30T13:00:00Z,14,0.233333
5553957443,2016-03-30T14:00:00Z,2,0.033333
5553957443,2016-03-30T15:00:00Z,4,0.066667
5553957443,2016-03-30T16:00:00Z,36,0.6
5553957443,2016-03-30T17:00:00Z,31,0.516667
5553957443,2016-03-30T18:00:00Z,1,0.016667
5553957443,2016-03-30T19:00:00Z,0,0
5553957443,2016-03-30T20:00:00Z,0,0
5553957443,2016-03-30T21:00:00Z,4,0.066667
5553957443,2016-03-30T22:00:00Z,4,0.066667
5553957443,2016-03-30T23:00:00Z,0,0
5553957443,2016-03-31T00:00:00Z,0,0
5553957443,2016-03-31T01:00:00Z,3,0.05
5553957443,2016-03-31T02:00:00Z,2,0.033333
5553957443,2016-03-31T03:00:00Z,2,0.033333
5553957443,2016-03-31T04:00:00Z,0,0
5553957443,2016-03-31T05:00:00Z,0,0
5553957443,2016-03-31T06:00:00Z,26,0.433333
5553957443,2016-03-31T07:00:00Z,38,0.633333
5553957443,2016-03-31T08:00:00Z,28,0.466667
5553957443,2016-03-31T09:00:00Z,4,0.066667
5553957443,2016-03-31T10:00:00Z,11,0.183333
5553957443,2016-03-31T11:00:00Z,8,0.133333
5553957443,2016-03-31T12:00:00Z,20,0.333333
5553957443,2016-03-31T13:00:00Z,9,0.15
5553957443,2016-03-31T14:00:00Z,6,0.1
5553957443,2016-03-31T15:00:00Z,7,0.116667
5553957443,2016-03-31T16:00:00Z,64,1.066667
5553957443,2016-03-31T17:00:00Z,96,1.6
5553957443,2016-03-31T18:00:00Z,31,0.516667
5553957443,2016-03-31T19:00:00Z,3,0.05
5553957443,2016-03-31T20:00:00Z,3,0.05
5553957443,2016-03-31T21:00:00Z,19,0.316667
5553957443,2016-03-31T22:00:00Z,27,0.45
5553957443,2016-03-31T23:00:00Z,2,0.033333
5553957443,2016-04-01T00:00:00Z,0,0
5553957443,2016-04-01T01:00:00Z,0,0
5553957443,2016-04-01T02:00:00Z,0,0
5553957443,2016-04-01T03:00:00Z,2,0.033333
5553957443,2016-04-01T04:00:00Z,0,0
5553957443,2016-04-01T05:00:00Z,1,0.016667
5553957443,2016-04-01T06:00:00Z,36,0.6
5553957443,2016-04-01T07:00:00Z,44,0.733333
5553957443,2016-04-01T08:00:00Z,3,0.05
5553957443,2016-04-01T09:00:00Z,4,0.066667
5553957443,2016-04-01T10:00:00Z,1,0.016667
5553957443,2016-04-01T11:00:00Z,15,0.25
5553957443,2016-04-01T12:00:00Z,11,0.183333
5553957443,2016-04-01T13:00:00Z,2,0.033333
5553957443,2016-04-01T14:00:00Z,10,0.166667
5553957443,2016-04-01T15:00:00Z,30,0.5
5553957443,2016-04-01T16:00:00Z,112,1.866667
5553957443,2016-04-01T17:00:00Z,16,0.266667
5553957443,2016-04-01T18:00:00Z,62,1.033333
5553957443,2016-04-01T19:00:00Z,31,0.516667
5553957443,2016-04-01T20:00:00Z,11,0.183333
5553957443,2016-04-01T21:00:00Z,0,0
5553957443,2016-04-01T22:00:00Z,11,0.183333
5553957443,2016-04-01T23:00:00Z,10,0.166667
5553957443,2016-04-02T00:00:00Z,10,0.166667
5553957443,2016-04-02T01:00:00Z,1,0.016667
5553957443,2016-04-02T02:00:00Z,0,0
5553957443,2016-04-02T03:00:00Z,0,0
5553957443,2016-04-02T04:00:00Z,1,0.016667
5553957443,2016-04-02T05:00:00Z,0,0
5553957443,2016-04-02T06:00:00Z,2,0.033333
5553957443,2016-04-02T07:00:00Z,1,0.016667
5553957443,2016-04-02T08:00:00Z,0,0
5553957443,2016-04-02T09:00:00Z,0,0
5553957443,2016-04-02T10:00:00Z,1,0.016667
5553957443,2016-04-02T11:00:00Z,0,0
5553957443,2016-04-02T12:00:00Z,12,0.2
5553957443,2016-04-02T13:00:00Z,2,0.033333
5553957443,2016-04-02T14:00:00Z,3,0.05
5553957443,2016-04-02T15:00:00Z,1,0.016667
5553957443,2016-04-02T16:00:00Z,10,0.166667
5553957443,2016-04-02T17:00:00Z,34,0.566667
5553957443,2016-04-02T18:00:00Z,29,0.483333
5553957443,2016-04-02T19:00:00Z,22,0.366667
5553957443,2016-04-02T20:00:00Z,24,0.4
5553957443,2016-04-02T21:00:00Z,6,0.1
5553957443,2016-04-02T22:00:00Z,9,0.15
5553957443,2016-04-02T23:00:00Z,13,0.216667
5553957443,2016-04-03T00:00:00Z,3,0.05
5553957443,2016-04-03T01:00:00Z,0,0
5553957443,2016-04-03T02:00:00Z,0,0
5553957443,2016-04-03T03:00:00Z,2,0.033333
5553957443,2016-04-03T04:00:00Z,5,0.083333
5553957443,2016-04-03T05:00:00Z,1,0.016667
5553957443,2016-04-03T06:00:00Z,0,0
5553957443,2016-04-03T07:00:00Z,1,0.016667
5553957443,2016-04-03T08:00:00Z,1,0.016667
5553957443,2016-04-03T09:00:00Z,0,0
5553957443,2016-04-03T10:00:00Z,1,0.016667
5553957443,2016-04-03T11:00:00Z,1,0.016667
5553957443,2016-04-03T12:00:00Z,1,0.016667
5553957443,2016-04-03T13:00:00Z,0,0
5553957443,2016-04-03T14:00:00Z,0,0
5553957443,2016-04-03T15:00:00Z,0,0
5553957443,2016-04-03T16:00:00Z,13,0.216667
5553957443,2016-04-03T17:00:00Z,9,0.15
5553957443,2016-04-03T18:00:00Z,22,0.366667
5553957443,2016-04-03T19:00:00Z,6,0.1
5553957443,2016-04-03T20:00:00Z,15,0.25
5553957443,2016-04-03T21:00:00Z,8,0.133333
5553957443,2016-04-03T22:00:00Z,4,0.066667
5553957443,2016-04-03T23:00:00Z,0,0
5553957443,2016-04-04T00:00:00Z,0,0
5553957443,2016-04-04T01:00:00Z,0,0
5553957443,2016-04-04T02:00:00Z,0,0
5553957443,2016-04-04T03:00:00Z,1,0.016667
5553957443,2016-04-04T04:00:00Z,1,0.016667
5553957443,2016-04-04T05:00:00Z,0,0
5553957443,2016-04-04T06:00:00Z,33,0.55
5553957443,2016-04-04T07:00:00Z,26,0.433333
5553957443,2016-04-04T08:00:00Z,0,0
5553957443,2016-04-04T09:00:00Z,2,0.033333
5553957443,2016-04-04T10:00:00Z,4,0.066667
5553957443,2016-04-04T11:00:00Z,4,0.066667
5553957443,2016-04-04T12:00:00Z,86,1.433333
5553957443,2016-04-04T13:00:00Z,47,0.783333
5553957443,2016-04-04T14:00:00Z,4,0.066667
5553957443,2016-04-04T15:00:00Z,3,0.05
5553957443,2016-04-04T16:00:00Z,14,0.233333
5553957443,2016-04-04T17:00:00Z,19,0.316667
5553957443,2016-04-04T18:00:00Z,0,0
5553957443,2016-04-04T19:00:00Z,16,0.266667
5553957443,2016-04-04T20:00:00Z,17,0.283333
5553957443,2016-04-04T21:00:00Z,13,0.216667
5553957443,2016-04-04T22:00:00Z,5,0.083333
5553957443,2016-04-04T23:00:00Z,0,0
5553957443,2016-04-05T00:00:00Z,1,0.016667
5553957443,2016-04-05T01:00:00Z,0,0
5553957443,2016-04-05T02:00:00Z,0,0
5553957443,2016-04-05T03:00:00Z,0,0
5553957443,2016-04-05T04:00:00Z,0,0
5553957443,2016-04-05T05:00:00Z,1,0.016667
5553957443,2016-04-05T06:00:00Z,31,0.516667
5553957443,2016-04-05T07:00:00Z,58,0.966667
5553957443,2016-04-05T08:00:00Z,2,0.033333
5553957443,2016-04-05T09:00:00Z,1,0.016667
5553957443,2016-04-05T10:00:00Z,6,0.1
5553957443,2016-04-05T11:00:00Z,0,0
5553957443,2016-04-05T12:00:00Z,5,0.083333
5553957443,2016-04-05T13:00:00Z,4,0.066667
5553957443,2016-04-05T14:00:00Z,7,0.116667
5553957443,2016-04-05T15:00:00Z,3,0.05
5553957443,2016-04-05T16:00:00Z,113,1.883333
5553957443,2016-04-05T17:00:00Z,57,0.95
5553957443,2016-04-05T18:00:00Z,41,0.683333
5553957443,2016-04-05T19:00:00Z,11,0.183333
5553957443,2016-04-05T20:00:00Z,20,0.333333
5553957443,2016-04-05T21:00:00Z,16,0.266667
5553957443,2016-04-05T22:00:00Z,6,0.1
5553957443,2016-04-05T23:00:00Z,7,0.116667
5553957443,2016-04-06T00:00:00Z,0,0
5553957443,2016-04-06T01:00:00Z,0,0
5553957443,2016-04-06T02:00:00Z,1,0.016667
5553957443,2016-04-06T03:00:00Z,0,0
5553957443,2016-04-06T04:00:00Z,1,0.016667
5553957443,2016-04-06T05:00:00Z,0,0
5553957443,2016-04-06T06:00:00Z,27,0.45
5553957443,2016-04-06T07:00:00Z,54,0.9
5553957443,2016-04-06T08:00:00Z,1,0.016667
5553957443,2016-04-06T09:00:00Z,5,0.083333
5553957443,2016-04-06T10:00:00Z,4,0.066667
5553957443,2016-04-06T11:00:00Z,3,0.05
5553957443,2016-04-06T12:00:00Z,9,0.15
5553957443,2016-04-06T13:00:00Z,31,0.516667
5553957443,2016-04-06T14:00:00Z,6,0.1
5553957443,2016-04-06T15:00:00Z,1,0.016667
5553957443,2016-04-06T16:00:00Z,15,0.25
5553957443,2016-04-06T17:00:00Z,108,1.8
5553957443,2016-04-06T18:00:00Z,37,0.616667
5553957443,2016-04-06T19:00:00Z,14,0.233333
5553957443,2016-04-06T20:00:00Z,10,0.166667
5553957443,2016-04-06T21:00:00Z,35,0.583333
5553957443,2016-04-06T22:00:00Z,20,0.333333
5553957443,2016-04-06T23:00:00Z,2,0.033333
5553957443,2016-04-07T00:00:00Z,0,0
5553957443,2016-04-07T01:00:00Z,0,0
5553957443,2016-04-07T02:00:00Z,1,0.016667
5553957443,2016-04-07T03:00:00Z,0,0
5553957443,2016-04-07T04:00:00Z,0,0
5553957443,2016-04-07T05:00:00Z,0,0
5553957443,2016-04-07T06:00:00Z,22,0.366667
5553957443,2016-04-07T07:00:00Z,44,0.733333
5553957443,2016-04-07T08:00:00Z,27,0.45
5553957443,2016-04-07T09:00:00Z,5,0.083333
5553957443,2016-04-07T10:00:00Z,6,0.1
5553957443,2016-04-07T11:00:00Z,5,0.083333
5553957443,2016-04-07T12:00:00Z,15,0.25
5553957443,2016-04-07T13:00:00Z,113,1.883333
5553957443,2016-04-07T14:00:00Z,19,0.316667
5553957443,2016-04-07T15:00:00Z,6,0.1
5553957443,2016-04-07T16:00:00Z,29,0.483333
5553957443,2016-04-07T17:00:00Z,8,0.133333
5553957443,2016-04-07T18:00:00Z,0,0
5553957443,2016-04-07T19:00:00Z,38,0.633333
5553957443,2016-04-07T20:00:00Z,69,1.15
5553957443,2016-04-07T21:00:00Z,27,0.45
5553957443,2016-04-07T22:00:00Z,21,0.35
5553957443,2016-04-07T23:00:00Z,19,0.316667
5553957443,2016-04-08T00:00:00Z,0,0
5553957443,2016-04-08T01:00:00Z,1,0.016667
5553957443,2016-04-08T02:00:00Z,1,0.016667
5553957443,2016-04-08T03:00:00Z,0,0
5553957443,2016-04-08T04:00:00Z,2,0.033333
5553957443,2016-04-08T05:00:00Z,0,0
5553957443,2016-04-08T06:00:00Z,8,0.133333
5553957443,2016-04-08T07:00:00Z,12,0.2
5553957443,2016-04-08T08:00:00Z,50,0.833333
5553957443,2016-04-08T09:00:00Z,5,0.083333
5553957443,2016-04-08T10:00:00Z,4,0.066667
5553957443,2016-04-08T11:00:00Z,15,0.25
5553957443,2016-04-08T12:00:00Z,9,0.15
5553957443,2016-04-08T13:00:00Z,2,0.033333
5553957443,2016-04-08T14:00:00Z,14,0.233333
5553957443,2016-04-08T15:00:00Z,8,0.133333
5553957443,2016-04-08T16:00:00Z,108,1.8
5553957443,2016-04-08T17:00:00Z,55,0.916667
5553957443,2016-04-08T18:00:00Z,19,0.316667
5553957443,2016-04-08T19:00:00Z,10,0.166667
5553957443,2016-04-08T20:00:00Z,6,0.1
5553957443,2016-04-08T21:00:00Z,3,0.05
5553957443,2016-04-08T22:00:00Z,5,0.083333
5553957443,2016-04-08T23:00:00Z,18,0.3
5553957443,2016-04-09T00:00:00Z,2,0.033333
5553957443,2016-04-09T01:00:00Z,0,0
5553957443,2016-04-09T02:00:00Z,0,0
5553957443,2016-04-09T03:00:00Z,0,0
5553957443,2016-04-09T04:00:00Z,2,0.033333
5553957443,2016-04-09T05:00:00Z,0,0
5553957443,2016-04-09T06:00:00Z,4,0.066667
5553957443,2016-04-09T07:00:00Z,0,0
5553957443,2016-04-09T08:00:00Z,0,0
5553957443,2016-04-09T09:00:00Z,20,0.333333
5553957443,2016-04-09T10:00:00Z,22,0.366667
5553957443,2016-04-09T11:00:00Z,25,0.416667
5553957443,2016-04-09T12:00:00Z,19,0.316667
5553957443,2016-04-09T13:00:00Z,13,0.216667
5553957443,2016-04-09T14:00:00Z,6,0.1
5553957443,2016-04-09T15:00:00Z,0,0
5553957443,2016-04-09T16:00:00Z,6,0.1
5553957443,2016-04-09T17:00:00Z,6,0.1
5553957443,2016-04-09T18:00:00Z,7,0.116667
5553957443,2016-04-09T19:00:00Z,16,0.266667
5553957443,2016-04-09T20:00:00Z,16,0.266667
5553957443,2016-04-09T21:00:00Z,3,0.05
5553957443,2016-04-09T22:00:00Z,3,0.05
5553957443,2016-04-09T23:00:00Z,6,0.1
5553957443,2016-04-10T00:00:00Z,10,0.166667
5553957443,2016-04-10T01:00:00Z,0,0
5553957443,2016-04-10T02:00:00Z,0,0
5553957443,2016-04-10T03:00:00Z,0,0
5553957443,2016-04-10T04:00:00Z,1,0.016667
5553957443,2016-04-10T05:00:00Z,0,0
5553957443,2016-04-10T06:00:00Z,1,0.016667
5553957443,2016-04-10T07:00:00Z,6,0.1
5553957443,2016-04-10T08:00:00Z,0,0
5553957443,2016-04-10T09:00:00Z,0,0
5553957443,2016-04-10T10:00:00Z,0,0
5553957443,2016-04-10T11:00:00Z,28,0.466667
5553957443,2016-04-10T12:00:00Z,5,0.083333
5553957443,2016-04-10T13:00:00Z,6,0.1
5553957443,2016-04-10T14:00:00Z,3,0.05
5553957443,2016-04-10T15:00:00Z,16,0.266667
5553957443,2016-04-10T16:00:00Z,56,0.933333
5553957443,2016-04-10T17:00:00Z,24,0.4
5553957443,2016-04-10T18:00:00Z,5,0.083333
5553957443,2016-04-10T19:00:00Z,9,0.15
5553957443,2016-04-10T20:00:00Z,4,0.066667
5553957443,2016-04-10T21:00:00Z,29,0.483333
5553957443,2016-04-10T22:00:00Z,8,0.133333
5553957443,2016-04-10T23:00:00Z,1,0.016667
5553957443,2016-04-11T00:00:00Z,0,0
5553957443,2016-04-11T01:00:00Z,0,0
5553957443,2016-04-11T02:00:00Z,1,0.016667
5553957443,2016-04-11T03:00:00Z,2,0.033333
5553957443,2016-04-11T04:00:00Z,1,0.016667
5553957443,2016-04-11T05:00:00Z,0,0
5553957443,2016-04-11T06:00:00Z,39,0.65
5553957443,2016-04-11T07:00:00Z,26,0.433333
5553957443,2016-04-11T08:00:00Z,7,0.116667
5553957443,2016-04-11T09:00:00Z,4,0.066667
5553957443,2016-04-11T10:00:00Z,7,0.116667
5553957443,2016-04-11T11:00:00Z,6,0.1
5553957443,2016-04-11T12:00:00Z,2,0.033333
5553957443,2016-04-11T13:00:00Z,6,0.1
5553957443,2016-04-11T14:00:00Z,31,0.516667
5553957443,2016-04-11T15:00:00Z,102,1.7
5553957443,2016-04-11T16:00:00Z,5,0.083333
5553957443,2016-04-11T17:00:00Z,77,1.283333
5553957443,2016-04-11T18:00:00Z,23,0.383333
5553957443,2016-04-11T19:00:00Z,17,0.283333
5553957443,2016-04-11T20:00:00Z,19,0.316667
5553957443,2016-04-11T21:00:00Z,5,0.083333
5553957443,2016-04-11T22:00:00Z,3,0.05
5553957443,2016-04-11T23:00:00Z,1,0.016667
5553957443,2016-04-12T00:00:00Z,1,0.016667
5553957443,2016-04-12T01:00:00Z,0,0
5553957443,2016-04-12T02:00:00Z,0,0
5553957443,2016-04-12T03:00:00Z,0,0
5553957443,2016-04-12T04:00:00Z,0,0
5553957443,2016-04-12T05:00:00Z,0,0
5553957443,2016-04-12T06:00:00Z,18,0.3
5553957443,2016-04-12T07:00:00Z,47,0.783333
5577150313,2016-03-12T00:00:00Z,1,0.016667
5577150313,2016-03-12T01:00:00Z,3,0.05
5577150313,2016-03-12T02:00:00Z,2,0.033333
5577150313,2016-03-12T03:00:00Z,0,0
5577150313,2016-03-12T04:00:00Z,0,0
5577150313,2016-03-12T05:00:00Z,1,0.016667
5577150313,2016-03-12T06:00:00Z,113,1.883333
5577150313,2016-03-12T07:00:00Z,0,0
5577150313,2016-03-12T08:00:00Z,87,1.45
5577150313,2016-03-12T09:00:00Z,121,2.016667
5577150313,2016-03-12T10:00:00Z,129,2.15
5577150313,2016-03-12T11:00:00Z,99,1.65
5577150313,2016-03-12T12:00:00Z,30,0.5
5577150313,2016-03-12T13:00:00Z,101,1.683333
5577150313,2016-03-12T14:00:00Z,78,1.3
5577150313,2016-03-12T15:00:00Z,14,0.233333
5577150313,2016-03-12T16:00:00Z,79,1.316667
5577150313,2016-03-12T17:00:00Z,43,0.716667
5577150313,2016-03-12T18:00:00Z,7,0.116667
5577150313,2016-03-12T19:00:00Z,65,1.083333
5577150313,2016-03-12T20:00:00Z,15,0.25
5577150313,2016-03-12T21:00:00Z,0,0
5577150313,2016-03-12T22:00:00Z,2,0.033333
5577150313,2016-03-12T23:00:00Z,1,0.016667
5577150313,2016-03-13T00:00:00Z,2,0.033333
5577150313,2016-03-13T01:00:00Z,1,0.016667
5577150313,2016-03-13T02:00:00Z,0,0
5577150313,2016-03-13T03:00:00Z,1,0.016667
5577150313,2016-03-13T04:00:00Z,7,0.116667
5577150313,2016-03-13T05:00:00Z,11,0.183333
5577150313,2016-03-13T06:00:00Z,9,0.15
5577150313,2016-03-13T07:00:00Z,30,0.5
5577150313,2016-03-13T08:00:00Z,154,2.566667
5577150313,2016-03-13T09:00:00Z,72,1.2
5577150313,2016-03-13T10:00:00Z,54,0.9
5577150313,2016-03-13T11:00:00Z,47,0.783333
5577150313,2016-03-13T12:00:00Z,104,1.733333
5577150313,2016-03-13T13:00:00Z,107,1.783333
5577150313,2016-03-13T14:00:00Z,6,0.1
5577150313,2016-03-13T15:00:00Z,2,0.033333
5577150313,2016-03-13T16:00:00Z,51,0.85
5577150313,2016-03-13T17:00:00Z,88,1.466667
5577150313,2016-03-13T18:00:00Z,43,0.716667
5577150313,2016-03-13T19:00:00Z,57,0.95
5577150313,2016-03-13T20:00:00Z,24,0.4
5577150313,2016-03-13T21:00:00Z,2,0.033333
5577150313,2016-03-13T22:00:00Z,0,0
5577150313,2016-03-13T23:00:00Z,0,0
5577150313,2016-03-14T00:00:00Z,0,0
5577150313,2016-03-14T01:00:00Z,1,0.016667
5577150313,2016-03-14T02:00:00Z,0,0
5577150313,2016-03-14T03:00:00Z,2,0.033333
5577150313,2016-03-14T04:00:00Z,5,0.083333
5577150313,2016-03-14T05:00:00Z,41,0.683333
5577150313,2016-03-14T06:00:00Z,22,0.366667
5577150313,2016-03-14T07:00:00Z,10,0.166667
5577150313,2016-03-14T08:00:00Z,11,0.183333
5577150313,2016-03-14T09:00:00Z,50,0.833333
5577150313,2016-03-14T10:00:00Z,1,0.016667
5577150313,2016-03-14T11:00:00Z,15,0.25
5577150313,2016-03-14T12:00:00Z,51,0.85
5577150313,2016-03-14T13:00:00Z,105,1.75
5577150313,2016-03-14T14:00:00Z,44,0.733333
5577150313,2016-03-14T15:00:00Z,48,0.8
5577150313,2016-03-14T16:00:00Z,21,0.35
5577150313,2016-03-14T17:00:00Z,22,0.366667
5577150313,2016-03-14T18:00:00Z,58,0.966667
5577150313,2016-03-14T19:00:00Z,14,0.233333
5577150313,2016-03-14T20:00:00Z,31,0.516667
5577150313,2016-03-14T21:00:00Z,2,0.033333
5577150313,2016-03-14T22:00:00Z,0,0
5577150313,2016-03-14T23:00:00Z,0,0
5577150313,2016-03-15T00:00:00Z,0,0
5577150313,2016-03-15T01:00:00Z,0,0
5577150313,2016-03-15T02:00:00Z,0,0
5577150313,2016-03-15T03:00:00Z,0,0
5577150313,2016-03-15T04:00:00Z,11,0.183333
5577150313,2016-03-15T05:00:00Z,116,1.933333
5577150313,2016-03-15T06:00:00Z,13,0.216667
5577150313,2016-03-15T07:00:00Z,6,0.1
5577150313,2016-03-15T08:00:00Z,14,0.233333
5577150313,2016-03-15T09:00:00Z,51,0.85
5577150313,2016-03-15T10:00:00Z,6,0.1
5577150313,2016-03-15T11:00:00Z,4,0.066667
5577150313,2016-03-15T12:00:00Z,0,0
5577150313,2016-03-15T13:00:00Z,8,0.133333
5577150313,2016-03-15T14:00:00Z,131,2.183333
5577150313,2016-03-15T15:00:00Z,40,0.666667
5577150313,2016-03-15T16:00:00Z,36,0.6
5577150313,2016-03-15T17:00:00Z,50,0.833333
5577150313,2016-03-15T18:00:00Z,13,0.216667
5577150313,2016-03-15T19:00:00Z,30,0.5
5577150313,2016-03-15T20:00:00Z,55,0.916667
5577150313,2016-03-15T21:00:00Z,7,0.116667
5577150313,2016-03-15T22:00:00Z,3,0.05
5577150313,2016-03-15T23:00:00Z,0,0
5577150313,2016-03-16T00:00:00Z,0,0
5577150313,2016-03-16T01:00:00Z,0,0
5577150313,2016-03-16T02:00:00Z,0,0
5577150313,2016-03-16T03:00:00Z,1,0.016667
5577150313,2016-03-16T04:00:00Z,0,0
5577150313,2016-03-16T05:00:00Z,9,0.15
5577150313,2016-03-16T06:00:00Z,81,1.35
5577150313,2016-03-16T07:00:00Z,7,0.116667
5577150313,2016-03-16T08:00:00Z,4,0.066667
5577150313,2016-03-16T09:00:00Z,39,0.65
5577150313,2016-03-16T10:00:00Z,5,0.083333
5577150313,2016-03-16T11:00:00Z,6,0.1
5577150313,2016-03-16T12:00:00Z,11,0.183333
5577150313,2016-03-16T13:00:00Z,25,0.416667
5577150313,2016-03-16T14:00:00Z,63,1.05
5577150313,2016-03-16T15:00:00Z,4,0.066667
5577150313,2016-03-16T16:00:00Z,42,0.7
5577150313,2016-03-16T17:00:00Z,32,0.533333
5577150313,2016-03-16T18:00:00Z,50,0.833333
5577150313,2016-03-16T19:00:00Z,144,2.4
5577150313,2016-03-16T20:00:00Z,17,0.283333
5577150313,2016-03-16T21:00:00Z,11,0.183333
5577150313,2016-03-16T22:00:00Z,0,0
5577150313,2016-03-16T23:00:00Z,2,0.033333
5577150313,2016-03-17T00:00:00Z,1,0.016667
5577150313,2016-03-17T01:00:00Z,0,0
5577150313,2016-03-17T02:00:00Z,0,0
5577150313,2016-03-17T03:00:00Z,0,0
5577150313,2016-03-17T04:00:00Z,0,0
5577150313,2016-03-17T05:00:00Z,9,0.15
5577150313,2016-03-17T06:00:00Z,102,1.7
5577150313,2016-03-17T07:00:00Z,7,0.116667
5577150313,2016-03-17T08:00:00Z,3,0.05
5577150313,2016-03-17T09:00:00Z,8,0.133333
5577150313,2016-03-17T10:00:00Z,7,0.116667
5577150313,2016-03-17T11:00:00Z,9,0.15
5577150313,2016-03-17T12:00:00Z,67,1.116667
5577150313,2016-03-17T13:00:00Z,6,0.1
5577150313,2016-03-17T14:00:00Z,54,0.9
5577150313,2016-03-17T15:00:00Z,107,1.783333
5577150313,2016-03-17T16:00:00Z,1,0.016667
5577150313,2016-03-17T17:00:00Z,17,0.283333
5577150313,2016-03-17T18:00:00Z,11,0.183333
5577150313,2016-03-17T19:00:00Z,54,0.9
5577150313,2016-03-17T20:00:00Z,30,0.5
5577150313,2016-03-17T21:00:00Z,22,0.366667
5577150313,2016-03-17T22:00:00Z,1,0.016667
5577150313,2016-03-17T23:00:00Z,0,0
5577150313,2016-03-18T00:00:00Z,1,0.016667
5577150313,2016-03-18T01:00:00Z,0,0
5577150313,2016-03-18T02:00:00Z,0,0
5577150313,2016-03-18T03:00:00Z,0,0
5577150313,2016-03-18T04:00:00Z,1,0.016667
5577150313,2016-03-18T05:00:00Z,4,0.066667
5577150313,2016-03-18T06:00:00Z,127,2.116667
5577150313,2016-03-18T07:00:00Z,45,0.75
5577150313,2016-03-18T08:00:00Z,7,0.116667
5577150313,2016-03-18T09:00:00Z,30,0.5
5577150313,2016-03-18T10:00:00Z,20,0.333333
5577150313,2016-03-18T11:00:00Z,16,0.266667
5577150313,2016-03-18T12:00:00Z,45,0.75
5577150313,2016-03-18T13:00:00Z,9,0.15
5577150313,2016-03-18T14:00:00Z,15,0.25
5577150313,2016-03-18T15:00:00Z,49,0.816667
5577150313,2016-03-18T16:00:00Z,6,0.1
5577150313,2016-03-18T17:00:00Z,18,0.3
5577150313,2016-03-18T18:00:00Z,21,0.35
5577150313,2016-03-18T19:00:00Z,113,1.883333
5577150313,2016-03-18T20:00:00Z,75,1.25
5577150313,2016-03-18T21:00:00Z,56,0.933333
5577150313,2016-03-18T22:00:00Z,0,0
5577150313,2016-03-18T23:00:00Z,1,0.016667
5577150313,2016-03-19T00:00:00Z,6,0.1
5577150313,2016-03-19T01:00:00Z,0,0
5577150313,2016-03-19T02:00:00Z,0,0
5577150313,2016-03-19T03:00:00Z,0,0
5577150313,2016-03-19T04:00:00Z,0,0
5577150313,2016-03-19T05:00:00Z,4,0.066667
5577150313,2016-03-19T06:00:00Z,84,1.4
5577150313,2016-03-19T07:00:00Z,47,0.783333
5577150313,2016-03-19T08:00:00Z,54,0.9
5577150313,2016-03-19T09:00:00Z,14,0.233333
5577150313,2016-03-19T10:00:00Z,69,1.15
5577150313,2016-03-19T11:00:00Z,40,0.666667
5577150313,2016-03-19T12:00:00Z,23,0.383333
5577150313,2016-03-19T13:00:00Z,8,0.133333
5577150313,2016-03-19T14:00:00Z,64,1.066667
5577150313,2016-03-19T15:00:00Z,77,1.283333
5577150313,2016-03-19T16:00:00Z,42,0.7
5577150313,2016-03-19T17:00:00Z,70,1.166667
5577150313,2016-03-19T18:00:00Z,16,0.266667
5577150313,2016-03-19T19:00:00Z,4,0.066667
5577150313,2016-03-19T20:00:00Z,116,1.933333
5577150313,2016-03-19T21:00:00Z,10,0.166667
5577150313,2016-03-19T22:00:00Z,8,0.133333
5577150313,2016-03-19T23:00:00Z,0,0
5577150313,2016-03-20T00:00:00Z,0,0
5577150313,2016-03-20T01:00:00Z,0,0
5577150313,2016-03-20T02:00:00Z,0,0
5577150313,2016-03-20T03:00:00Z,0,0
5577150313,2016-03-20T04:00:00Z,0,0
5577150313,2016-03-20T05:00:00Z,5,0.083333
5577150313,2016-03-20T06:00:00Z,0,0
5577150313,2016-03-20T07:00:00Z,11,0.183333
5577150313,2016-03-20T08:00:00Z,0,0
5577150313,2016-03-20T09:00:00Z,75,1.25
5577150313,2016-03-20T10:00:00Z,32,0.533333
5577150313,2016-03-20T11:00:00Z,6,0.1
5577150313,2016-03-20T12:00:00Z,14,0.233333
5577150313,2016-03-20T13:00:00Z,12,0.2
5577150313,2016-03-20T14:00:00Z,35,0.583333
5577150313,2016-03-20T15:00:00Z,7,0.116667
5577150313,2016-03-20T16:00:00Z,0,0
5577150313,2016-03-20T17:00:00Z,7,0.116667
5577150313,2016-03-20T18:00:00Z,15,0.25
5577150313,2016-03-20T19:00:00Z,22,0.366667
5577150313,2016-03-20T20:00:00Z,10,0.166667
5577150313,2016-03-20T21:00:00Z,15,0.25
5577150313,2016-03-20T22:00:00Z,6,0.1
5577150313,2016-03-20T23:00:00Z,0,0
5577150313,2016-03-21T00:00:00Z,0,0
5577150313,2016-03-21T01:00:00Z,0,0
5577150313,2016-03-21T02:00:00Z,4,0.066667
5577150313,2016-03-21T03:00:00Z,0,0
5577150313,2016-03-21T04:00:00Z,0,0
5577150313,2016-03-21T05:00:00Z,3,0.05
5577150313,2016-03-21T06:00:00Z,1,0.016667
5577150313,2016-03-21T07:00:00Z,13,0.216667
5577150313,2016-03-21T08:00:00Z,29,0.483333
5577150313,2016-03-21T09:00:00Z,12,0.2
5577150313,2016-03-21T10:00:00Z,0,0
5577150313,2016-03-21T11:00:00Z,11,0.183333
5577150313,2016-03-21T12:00:00Z,9,0.15
5577150313,2016-03-21T13:00:00Z,0,0
5577150313,2016-03-21T14:00:00Z,0,0
5577150313,2016-03-21T15:00:00Z,0,0
5577150313,2016-03-21T16:00:00Z,0,0
5577150313,2016-03-21T17:00:00Z,0,0
5577150313,2016-03-21T18:00:00Z,0,0
5577150313,2016-03-21T19:00:00Z,0,0
5577150313,2016-03-21T20:00:00Z,0,0
5577150313,2016-03-21T21:00:00Z,0,0
5577150313,2016-03-21T22:00:00Z,0,0
5577150313,2016-03-21T23:00:00Z,0,0
5577150313,2016-03-22T00:00:00Z,0,0
5577150313,2016-03-22T01:00:00Z,0,0
5577150313,2016-03-22T02:00:00Z,0,0
5577150313,2016-03-22T03:00:00Z,0,0
5577150313,2016-03-22T04:00:00Z,0,0
5577150313,2016-03-22T05:00:00Z,0,0
5577150313,2016-03-22T06:00:00Z,0,0
5577150313,2016-03-22T07:00:00Z,0,0
5577150313,2016-03-22T08:00:00Z,0,0
5577150313,2016-03-22T09:00:00Z,0,0
5577150313,2016-03-22T10:00:00Z,0,0
5577150313,2016-03-22T11:00:00Z,0,0
5577150313,2016-03-22T12:00:00Z,0,0
5577150313,2016-03-22T13:00:00Z,0,0
5577150313,2016-03-22T14:00:00Z,0,0
5577150313,2016-03-22T15:00:00Z,0,0
5577150313,2016-03-22T16:00:00Z,3,0.05
5577150313,2016-03-22T17:00:00Z,8,0.133333
5577150313,2016-03-22T18:00:00Z,43,0.716667
5577150313,2016-03-22T19:00:00Z,20,0.333333
5577150313,2016-03-22T20:00:00Z,58,0.966667
5577150313,2016-03-22T21:00:00Z,2,0.033333
5577150313,2016-03-22T22:00:00Z,3,0.05
5577150313,2016-03-22T23:00:00Z,4,0.066667
5577150313,2016-03-23T00:00:00Z,1,0.016667
5577150313,2016-03-23T01:00:00Z,5,0.083333
5577150313,2016-03-23T02:00:00Z,0,0
5577150313,2016-03-23T03:00:00Z,0,0
5577150313,2016-03-23T04:00:00Z,0,0
5577150313,2016-03-23T05:00:00Z,1,0.016667
5577150313,2016-03-23T06:00:00Z,4,0.066667
5577150313,2016-03-23T07:00:00Z,0,0
5577150313,2016-03-23T08:00:00Z,2,0.033333
5577150313,2016-03-23T09:00:00Z,53,0.883333
5577150313,2016-03-23T10:00:00Z,10,0.166667
5577150313,2016-03-23T11:00:00Z,69,1.15
5577150313,2016-03-23T12:00:00Z,79,1.316667
5577150313,2016-03-23T13:00:00Z,8,0.133333
5577150313,2016-03-23T14:00:00Z,2,0.033333
5577150313,2016-03-23T15:00:00Z,13,0.216667
5577150313,2016-03-23T16:00:00Z,69,1.15
5577150313,2016-03-23T17:00:00Z,7,0.116667
5577150313,2016-03-23T18:00:00Z,0,0
5577150313,2016-03-23T19:00:00Z,6,0.1
5577150313,2016-03-23T20:00:00Z,11,0.183333
5577150313,2016-03-23T21:00:00Z,29,0.483333
5577150313,2016-03-23T22:00:00Z,10,0.166667
5577150313,2016-03-23T23:00:00Z,8,0.133333
5577150313,2016-03-24T00:00:00Z,0,0
5577150313,2016-03-24T01:00:00Z,1,0.016667
5577150313,2016-03-24T02:00:00Z,1,0.016667
5577150313,2016-03-24T03:00:00Z,0,0
5577150313,2016-03-24T04:00:00Z,1,0.016667
5577150313,2016-03-24T05:00:00Z,6,0.1
5577150313,2016-03-24T06:00:00Z,91,1.516667
5577150313,2016-03-24T07:00:00Z,12,0.2
5577150313,2016-03-24T08:00:00Z,4,0.066667
5577150313,2016-03-24T09:00:00Z,7,0.116667
5577150313,2016-03-24T10:00:00Z,45,0.75
5577150313,2016-03-24T11:00:00Z,5,0.083333
5577150313,2016-03-24T12:00:00Z,6,0.1
5577150313,2016-03-24T13:00:00Z,5,0.083333
5577150313,2016-03-24T14:00:00Z,21,0.35
5577150313,2016-03-24T15:00:00Z,10,0.166667
5577150313,2016-03-24T16:00:00Z,59,0.983333
5577150313,2016-03-24T17:00:00Z,11,0.183333
5577150313,2016-03-24T18:00:00Z,11,0.183333
5577150313,2016-03-24T19:00:00Z,55,0.916667
5577150313,2016-03-24T20:00:00Z,18,0.3
5577150313,2016-03-24T21:00:00Z,11,0.183333
5577150313,2016-03-24T22:00:00Z,4,0.066667
5577150313,2016-03-24T23:00:00Z,0,0
5577150313,2016-03-25T00:00:00Z,1,0.016667
5577150313,2016-03-25T01:00:00Z,0,0
5577150313,2016-03-25T02:00:00Z,1,0.016667
5577150313,2016-03-25T03:00:00Z,0,0
5577150313,2016-03-25T04:00:00Z,0,0
5577150313,2016-03-25T05:00:00Z,6,0.1
5577150313,2016-03-25T06:00:00Z,108,1.8
5577150313,2016-03-25T07:00:00Z,8,0.133333
5577150313,2016-03-25T08:00:00Z,7,0.116667
5577150313,2016-03-25T09:00:00Z,10,0.166667
5577150313,2016-03-25T10:00:00Z,15,0.25
5577150313,2016-03-25T11:00:00Z,10,0.166667
5577150313,2016-03-25T12:00:00Z,2,0.033333
5577150313,2016-03-25T13:00:00Z,5,0.083333
5577150313,2016-03-25T14:00:00Z,9,0.15
5577150313,2016-03-25T15:00:00Z,5,0.083333
5577150313,2016-03-25T16:00:00Z,4,0.066667
5577150313,2016-03-25T17:00:00Z,8,0.133333
5577150313,2016-03-25T18:00:00Z,57,0.95
5577150313,2016-03-25T19:00:00Z,115,1.916667
5577150313,2016-03-25T20:00:00Z,16,0.266667
5577150313,2016-03-25T21:00:00Z,11,0.183333
5577150313,2016-03-25T22:00:00Z,0,0
5577150313,2016-03-25T23:00:00Z,0,0
5577150313,2016-03-26T00:00:00Z,5,0.083333
5577150313,2016-03-26T01:00:00Z,5,0.083333
5577150313,2016-03-26T02:00:00Z,0,0
5577150313,2016-03-26T03:00:00Z,0,0
5577150313,2016-03-26T04:00:00Z,1,0.016667
5577150313,2016-03-26T05:00:00Z,0,0
5577150313,2016-03-26T06:00:00Z,5,0.083333
5577150313,2016-03-26T07:00:00Z,0,0
5577150313,2016-03-26T08:00:00Z,12,0.2
5577150313,2016-03-26T09:00:00Z,92,1.533333
5577150313,2016-03-26T10:00:00Z,111,1.85
5577150313,2016-03-26T11:00:00Z,122,2.033333
5577150313,2016-03-26T12:00:00Z,57,0.95
5577150313,2016-03-26T13:00:00Z,2,0.033333
5577150313,2016-03-26T14:00:00Z,80,1.333333
5577150313,2016-03-26T15:00:00Z,31,0.516667
5577150313,2016-03-26T16:00:00Z,42,0.7
5577150313,2016-03-26T17:00:00Z,1,0.016667
5577150313,2016-03-26T18:00:00Z,0,0
5577150313,2016-03-26T19:00:00Z,28,0.466667
5577150313,2016-03-26T20:00:00Z,15,0.25
5577150313,2016-03-26T21:00:00Z,2,0.033333
5577150313,2016-03-26T22:00:00Z,8,0.133333
5577150313,2016-03-26T23:00:00Z,1,0.016667
5577150313,2016-03-27T00:00:00Z,1,0.016667
5577150313,2016-03-27T01:00:00Z,0,0
5577150313,2016-03-27T02:00:00Z,0,0
5577150313,2016-03-27T03:00:00Z,0,0
5577150313,2016-03-27T04:00:00Z,2,0.033333
5577150313,2016-03-27T05:00:00Z,23,0.383333
5577150313,2016-03-27T06:00:00Z,15,0.25
5577150313,2016-03-27T07:00:00Z,8,0.133333
5577150313,2016-03-27T08:00:00Z,14,0.233333
5577150313,2016-03-27T09:00:00Z,12,0.2
5577150313,2016-03-27T10:00:00Z,30,0.5
5577150313,2016-03-27T11:00:00Z,0,0
5577150313,2016-03-27T12:00:00Z,8,0.133333
5577150313,2016-03-27T13:00:00Z,18,0.3
5577150313,2016-03-27T14:00:00Z,4,0.066667
5577150313,2016-03-27T15:00:00Z,12,0.2
5577150313,2016-03-27T16:00:00Z,22,0.366667
5577150313,2016-03-27T17:00:00Z,9,0.15
5577150313,2016-03-27T18:00:00Z,80,1.333333
5577150313,2016-03-27T19:00:00Z,12,0.2
5577150313,2016-03-27T20:00:00Z,5,0.083333
5577150313,2016-03-27T21:00:00Z,9,0.15
5577150313,2016-03-27T22:00:00Z,26,0.433333
5577150313,2016-03-27T23:00:00Z,0,0
5577150313,2016-03-28T00:00:00Z,0,0
5577150313,2016-03-28T01:00:00Z,0,0
5577150313,2016-03-28T02:00:00Z,0,0
5577150313,2016-03-28T03:00:00Z,1,0.016667
5577150313,2016-03-28T04:00:00Z,0,0
5577150313,2016-03-28T05:00:00Z,4,0.066667
5577150313,2016-03-28T06:00:00Z,139,2.316667
5577150313,2016-03-28T07:00:00Z,10,0.166667
5577150313,2016-03-28T08:00:00Z,3,0.05
5577150313,2016-03-28T09:00:00Z,5,0.083333
5577150313,2016-03-28T10:00:00Z,3,0.05
5577150313,2016-03-28T11:00:00Z,52,0.866667
5577150313,2016-03-28T12:00:00Z,6,0.1
5577150313,2016-03-28T13:00:00Z,61,1.016667
5577150313,2016-03-28T14:00:00Z,16,0.266667
5577150313,2016-03-28T15:00:00Z,6,0.1
5577150313,2016-03-28T16:00:00Z,28,0.466667
5577150313,2016-03-28T17:00:00Z,23,0.383333
5577150313,2016-03-28T18:00:00Z,18,0.3
5577150313,2016-03-28T19:00:00Z,92,1.533333
5577150313,2016-03-28T20:00:00Z,64,1.066667
5577150313,2016-03-28T21:00:00Z,0,0
5577150313,2016-03-28T22:00:00Z,2,0.033333
5577150313,2016-03-28T23:00:00Z,0,0
5577150313,2016-03-29T00:00:00Z,1,0.016667
5577150313,2016-03-29T01:00:00Z,0,0
5577150313,2016-03-29T02:00:00Z,0,0
5577150313,2016-03-29T03:00:00Z,1,0.016667
5577150313,2016-03-29T04:00:00Z,1,0.016667
5577150313,2016-03-29T05:00:00Z,3,0.05
5577150313,2016-03-29T06:00:00Z,87,1.45
5577150313,2016-03-29T07:00:00Z,27,0.45
5577150313,2016-03-29T08:00:00Z,10,0.166667
5577150313,2016-03-29T09:00:00Z,33,0.55
5577150313,2016-03-29T10:00:00Z,40,0.666667
5577150313,2016-03-29T11:00:00Z,62,1.033333
5577150313,2016-03-29T12:00:00Z,3,0.05
5577150313,2016-03-29T13:00:00Z,0,0
5577150313,2016-03-29T14:00:00Z,13,0.216667
5577150313,2016-03-29T15:00:00Z,10,0.166667
5577150313,2016-03-29T16:00:00Z,16,0.266667
5577150313,2016-03-29T17:00:00Z,57,0.95
5577150313,2016-03-29T18:00:00Z,29,0.483333
5577150313,2016-03-29T19:00:00Z,46,0.766667
5577150313,2016-03-29T20:00:00Z,21,0.35
5577150313,2016-03-29T21:00:00Z,2,0.033333
5577150313,2016-03-29T22:00:00Z,0,0
5577150313,2016-03-29T23:00:00Z,0,0
5577150313,2016-03-30T00:00:00Z,0,0
5577150313,2016-03-30T01:00:00Z,0,0
5577150313,2016-03-30T02:00:00Z,0,0
5577150313,2016-03-30T03:00:00Z,0,0
5577150313,2016-03-30T04:00:00Z,3,0.05
5577150313,2016-03-30T05:00:00Z,8,0.133333
5577150313,2016-03-30T06:00:00Z,115,1.916667
5577150313,2016-03-30T07:00:00Z,35,0.583333
5577150313,2016-03-30T08:00:00Z,6,0.1
5577150313,2016-03-30T09:00:00Z,10,0.166667
5577150313,2016-03-30T10:00:00Z,53,0.883333
5577150313,2016-03-30T11:00:00Z,37,0.616667
5577150313,2016-03-30T12:00:00Z,17,0.283333
5577150313,2016-03-30T13:00:00Z,4,0.066667
5577150313,2016-03-30T14:00:00Z,4,0.066667
5577150313,2016-03-30T15:00:00Z,11,0.183333
5577150313,2016-03-30T16:00:00Z,10,0.166667
5577150313,2016-03-30T17:00:00Z,3,0.05
5577150313,2016-03-30T18:00:00Z,41,0.683333
5577150313,2016-03-30T19:00:00Z,50,0.833333
5577150313,2016-03-30T20:00:00Z,5,0.083333
5577150313,2016-03-30T21:00:00Z,9,0.15
5577150313,2016-03-30T22:00:00Z,0,0
5577150313,2016-03-30T23:00:00Z,0,0
5577150313,2016-03-31T00:00:00Z,1,0.016667
5577150313,2016-03-31T01:00:00Z,2,0.033333
5577150313,2016-03-31T02:00:00Z,0,0
5577150313,2016-03-31T03:00:00Z,2,0.033333
5577150313,2016-03-31T04:00:00Z,0,0
5577150313,2016-03-31T05:00:00Z,0,0
5577150313,2016-03-31T06:00:00Z,22,0.366667
5577150313,2016-03-31T07:00:00Z,132,2.2
5577150313,2016-03-31T08:00:00Z,14,0.233333
5577150313,2016-03-31T09:00:00Z,10,0.166667
5577150313,2016-03-31T10:00:00Z,2,0.033333
5577150313,2016-03-31T11:00:00Z,10,0.166667
5577150313,2016-03-31T12:00:00Z,7,0.116667
5577150313,2016-03-31T13:00:00Z,10,0.166667
5577150313,2016-03-31T14:00:00Z,110,1.833333
5577150313,2016-03-31T15:00:00Z,106,1.766667
5577150313,2016-03-31T16:00:00Z,64,1.066667
5577150313,2016-03-31T17:00:00Z,6,0.1
5577150313,2016-03-31T18:00:00Z,0,0
5577150313,2016-03-31T19:00:00Z,6,0.1
5577150313,2016-03-31T20:00:00Z,67,1.116667
5577150313,2016-03-31T21:00:00Z,7,0.116667
5577150313,2016-03-31T22:00:00Z,3,0.05
5577150313,2016-03-31T23:00:00Z,0,0
5577150313,2016-04-01T00:00:00Z,1,0.016667
5577150313,2016-04-01T01:00:00Z,0,0
5577150313,2016-04-01T02:00:00Z,0,0
5577150313,2016-04-01T03:00:00Z,0,0
5577150313,2016-04-01T04:00:00Z,0,0
5577150313,2016-04-01T05:00:00Z,21,0.35
5577150313,2016-04-01T06:00:00Z,97,1.616667
5577150313,2016-04-01T07:00:00Z,14,0.233333
5577150313,2016-04-01T08:00:00Z,5,0.083333
5577150313,2016-04-01T09:00:00Z,8,0.133333
5577150313,2016-04-01T10:00:00Z,18,0.3
5577150313,2016-04-01T11:00:00Z,81,1.35
5577150313,2016-04-01T12:00:00Z,0,0
5577150313,2016-04-01T13:00:00Z,0,0
5577150313,2016-04-01T14:00:00Z,2,0.033333
5577150313,2016-04-01T15:00:00Z,4,0.066667
5577150313,2016-04-01T16:00:00Z,0,0
5577150313,2016-04-01T17:00:00Z,49,0.816667
5577150313,2016-04-01T18:00:00Z,11,0.183333
5577150313,2016-04-01T19:00:00Z,137,2.283333
5577150313,2016-04-01T20:00:00Z,42,0.7
5577150313,2016-04-01T21:00:00Z,10,0.166667
5577150313,2016-04-01T22:00:00Z,1,0.016667
5577150313,2016-04-01T23:00:00Z,0,0
5577150313,2016-04-02T00:00:00Z,7,0.116667
5577150313,2016-04-02T01:00:00Z,0,0
5577150313,2016-04-02T02:00:00Z,2,0.033333
5577150313,2016-04-02T03:00:00Z,0,0
5577150313,2016-04-02T04:00:00Z,0,0
5577150313,2016-04-02T05:00:00Z,2,0.033333
5577150313,2016-04-02T06:00:00Z,23,0.383333
5577150313,2016-04-02T07:00:00Z,111,1.85
5577150313,2016-04-02T08:00:00Z,5,0.083333
5577150313,2016-04-02T09:00:00Z,17,0.283333
5577150313,2016-04-02T10:00:00Z,121,2.016667
5577150313,2016-04-02T11:00:00Z,180,3
5577150313,2016-04-02T12:00:00Z,164,2.733333
5577150313,2016-04-02T13:00:00Z,14,0.233333
5577150313,2016-04-02T14:00:00Z,62,1.033333
5577150313,2016-04-02T15:00:00Z,1,0.016667
5577150313,2016-04-02T16:00:00Z,4,0.066667
5577150313,2016-04-02T17:00:00Z,32,0.533333
5577150313,2016-04-02T18:00:00Z,10,0.166667
5577150313,2016-04-02T19:00:00Z,45,0.75
5577150313,2016-04-02T20:00:00Z,21,0.35
5577150313,2016-04-02T21:00:00Z,0,0
5577150313,2016-04-02T22:00:00Z,9,0.15
5577150313,2016-04-02T23:00:00Z,1,0.016667
5577150313,2016-04-03T00:00:00Z,1,0.016667
5577150313,2016-04-03T01:00:00Z,0,0
5577150313,2016-04-03T02:00:00Z,0,0
5577150313,2016-04-03T03:00:00Z,1,0.016667
5577150313,2016-04-03T04:00:00Z,2,0.033333
5577150313,2016-04-03T05:00:00Z,31,0.516667
5577150313,2016-04-03T06:00:00Z,43,0.716667
5577150313,2016-04-03T07:00:00Z,52,0.866667
5577150313,2016-04-03T08:00:00Z,0,0
5577150313,2016-04-03T09:00:00Z,20,0.333333
5577150313,2016-04-03T10:00:00Z,38,0.633333
5577150313,2016-04-03T11:00:00Z,34,0.566667
5577150313,2016-04-03T12:00:00Z,12,0.2
5577150313,2016-04-03T13:00:00Z,28,0.466667
5577150313,2016-04-03T14:00:00Z,6,0.1
5577150313,2016-04-03T15:00:00Z,54,0.9
5577150313,2016-04-03T16:00:00Z,31,0.516667
5577150313,2016-04-03T17:00:00Z,37,0.616667
5577150313,2016-04-03T18:00:00Z,43,0.716667
5577150313,2016-04-03T19:00:00Z,18,0.3
5577150313,2016-04-03T20:00:00Z,8,0.133333
5577150313,2016-04-03T21:00:00Z,7,0.116667
5577150313,2016-04-03T22:00:00Z,0,0
5577150313,2016-04-03T23:00:00Z,2,0.033333
5577150313,2016-04-04T00:00:00Z,0,0
5577150313,2016-04-04T01:00:00Z,0,0
5577150313,2016-04-04T02:00:00Z,0,0
5577150313,2016-04-04T03:00:00Z,2,0.033333
5577150313,2016-04-04T04:00:00Z,0,0
5577150313,2016-04-04T05:00:00Z,7,0.116667
5577150313,2016-04-04T06:00:00Z,105,1.75
5577150313,2016-04-04T07:00:00Z,51,0.85
5577150313,2016-04-04T08:00:00Z,21,0.35
5577150313,2016-04-04T09:00:00Z,23,0.383333
5577150313,2016-04-04T10:00:00Z,12,0.2
5577150313,2016-04-04T11:00:00Z,17,0.283333
5577150313,2016-04-04T12:00:00Z,26,0.433333
5577150313,2016-04-04T13:00:00Z,3,0.05
5577150313,2016-04-04T14:00:00Z,4,0.066667
5577150313,2016-04-04T15:00:00Z,8,0.133333
5577150313,2016-04-04T16:00:00Z,51,0.85
5577150313,2016-04-04T17:00:00Z,12,0.2
5577150313,2016-04-04T18:00:00Z,20,0.333333
5577150313,2016-04-04T19:00:00Z,49,0.816667
5577150313,2016-04-04T20:00:00Z,33,0.55
5577150313,2016-04-04T21:00:00Z,5,0.083333
5577150313,2016-04-04T22:00:00Z,0,0
5577150313,2016-04-04T23:00:00Z,3,0.05
5577150313,2016-04-05T00:00:00Z,0,0
5577150313,2016-04-05T01:00:00Z,0,0
5577150313,2016-04-05T02:00:00Z,0,0
5577150313,2016-04-05T03:00:00Z,5,0.083333
5577150313,2016-04-05T04:00:00Z,0,0
5577150313,2016-04-05T05:00:00Z,1,0.016667
5577150313,2016-04-05T06:00:00Z,135,2.25
5577150313,2016-04-05T07:00:00Z,45,0.75
5577150313,2016-04-05T08:00:00Z,8,0.133333
5577150313,2016-04-05T09:00:00Z,5,0.083333
5577150313,2016-04-05T10:00:00Z,64,1.066667
5577150313,2016-04-05T11:00:00Z,0,0
5577150313,2016-04-05T12:00:00Z,11,0.183333
5577150313,2016-04-05T13:00:00Z,12,0.2
5577150313,2016-04-05T14:00:00Z,4,0.066667
5577150313,2016-04-05T15:00:00Z,7,0.116667
5577150313,2016-04-05T16:00:00Z,69,1.15
5577150313,2016-04-05T17:00:00Z,6,0.1
5577150313,2016-04-05T18:00:00Z,5,0.083333
5577150313,2016-04-05T19:00:00Z,107,1.783333
5577150313,2016-04-05T20:00:00Z,9,0.15
5577150313,2016-04-05T21:00:00Z,2,0.033333
5577150313,2016-04-05T22:00:00Z,6,0.1
5577150313,2016-04-05T23:00:00Z,1,0.016667
5577150313,2016-04-06T00:00:00Z,0,0
5577150313,2016-04-06T01:00:00Z,1,0.016667
5577150313,2016-04-06T02:00:00Z,0,0
5577150313,2016-04-06T03:00:00Z,0,0
5577150313,2016-04-06T04:00:00Z,2,0.033333
5577150313,2016-04-06T05:00:00Z,21,0.35
5577150313,2016-04-06T06:00:00Z,138,2.3
5577150313,2016-04-06T07:00:00Z,28,0.466667
5577150313,2016-04-06T08:00:00Z,50,0.833333
5577150313,2016-04-06T09:00:00Z,11,0.183333
5577150313,2016-04-06T10:00:00Z,2,0.033333
5577150313,2016-04-06T11:00:00Z,49,0.816667
5577150313,2016-04-06T12:00:00Z,1,0.016667
5577150313,2016-04-06T13:00:00Z,6,0.1
5577150313,2016-04-06T14:00:00Z,114,1.9
5577150313,2016-04-06T15:00:00Z,8,0.133333
5577150313,2016-04-06T16:00:00Z,7,0.116667
5577150313,2016-04-06T17:00:00Z,17,0.283333
5577150313,2016-04-06T18:00:00Z,5,0.083333
5577150313,2016-04-06T19:00:00Z,35,0.583333
5577150313,2016-04-06T20:00:00Z,43,0.716667
5577150313,2016-04-06T21:00:00Z,0,0
5577150313,2016-04-06T22:00:00Z,4,0.066667
5577150313,2016-04-06T23:00:00Z,1,0.016667
5577150313,2016-04-07T00:00:00Z,0,0
5577150313,2016-04-07T01:00:00Z,0,0
5577150313,2016-04-07T02:00:00Z,0,0
5577150313,2016-04-07T03:00:00Z,0,0
5577150313,2016-04-07T04:00:00Z,2,0.033333
5577150313,2016-04-07T05:00:00Z,4,0.066667
5577150313,2016-04-07T06:00:00Z,104,1.733333
5577150313,2016-04-07T07:00:00Z,24,0.4
5577150313,2016-04-07T08:00:00Z,0,0
5577150313,2016-04-07T09:00:00Z,0,0
5577150313,2016-04-07T10:00:00Z,6,0.1
5577150313,2016-04-07T11:00:00Z,1,0.016667
5577150313,2016-04-07T12:00:00Z,0,0
5577150313,2016-04-07T13:00:00Z,3,0.05
5577150313,2016-04-07T14:00:00Z,8,0.133333
5577150313,2016-04-07T15:00:00Z,7,0.116667
5577150313,2016-04-07T16:00:00Z,17,0.283333
5577150313,2016-04-07T17:00:00Z,26,0.433333
5577150313,2016-04-07T18:00:00Z,17,0.283333
5577150313,2016-04-07T19:00:00Z,10,0.166667
5577150313,2016-04-07T20:00:00Z,22,0.366667
5577150313,2016-04-07T21:00:00Z,6,0.1
5577150313,2016-04-07T22:00:00Z,0,0
5577150313,2016-04-07T23:00:00Z,4,0.066667
5577150313,2016-04-08T00:00:00Z,0,0
5577150313,2016-04-08T01:00:00Z,0,0
5577150313,2016-04-08T02:00:00Z,0,0
5577150313,2016-04-08T03:00:00Z,0,0
5577150313,2016-04-08T04:00:00Z,0,0
5577150313,2016-04-08T05:00:00Z,4,0.066667
5577150313,2016-04-08T06:00:00Z,43,0.716667
5577150313,2016-04-08T07:00:00Z,16,0.266667
5577150313,2016-04-08T08:00:00Z,1,0.016667
5577150313,2016-04-08T09:00:00Z,19,0.316667
5577150313,2016-04-08T10:00:00Z,15,0.25
5577150313,2016-04-08T11:00:00Z,9,0.15
5577150313,2016-04-08T12:00:00Z,4,0.066667
5577150313,2016-04-08T13:00:00Z,0,0
5577150313,2016-04-08T14:00:00Z,5,0.083333
5577150313,2016-04-08T15:00:00Z,0,0
5577150313,2016-04-08T16:00:00Z,0,0
5577150313,2016-04-08T17:00:00Z,0,0
5577150313,2016-04-08T18:00:00Z,6,0.1
5577150313,2016-04-08T19:00:00Z,39,0.65
5577150313,2016-04-08T20:00:00Z,19,0.316667
5577150313,2016-04-08T21:00:00Z,3,0.05
5577150313,2016-04-08T22:00:00Z,0,0
5577150313,2016-04-08T23:00:00Z,1,0.016667
5577150313,2016-04-09T00:00:00Z,0,0
5577150313,2016-04-09T01:00:00Z,2,0.033333
5577150313,2016-04-09T02:00:00Z,0,0
5577150313,2016-04-09T03:00:00Z,0,0
5577150313,2016-04-09T04:00:00Z,0,0
5577150313,2016-04-09T05:00:00Z,1,0.016667
5577150313,2016-04-09T06:00:00Z,14,0.233333
5577150313,2016-04-09T07:00:00Z,132,2.2
5577150313,2016-04-09T08:00:00Z,84,1.4
5577150313,2016-04-09T09:00:00Z,9,0.15
5577150313,2016-04-09T10:00:00Z,5,0.083333
5577150313,2016-04-09T11:00:00Z,12,0.2
5577150313,2016-04-09T12:00:00Z,56,0.933333
5577150313,2016-04-09T13:00:00Z,49,0.816667
5577150313,2016-04-09T14:00:00Z,5,0.083333
5577150313,2016-04-09T15:00:00Z,6,0.1
5577150313,2016-04-09T16:00:00Z,98,1.633333
5577150313,2016-04-09T17:00:00Z,69,1.15
5577150313,2016-04-09T18:00:00Z,54,0.9
5577150313,2016-04-09T19:00:00Z,9,0.15
5577150313,2016-04-09T20:00:00Z,22,0.366667
5577150313,2016-04-09T21:00:00Z,0,0
5577150313,2016-04-09T22:00:00Z,0,0
5577150313,2016-04-09T23:00:00Z,4,0.066667
5577150313,2016-04-10T00:00:00Z,0,0
5577150313,2016-04-10T01:00:00Z,1,0.016667
5577150313,2016-04-10T02:00:00Z,0,0
5577150313,2016-04-10T03:00:00Z,0,0
5577150313,2016-04-10T04:00:00Z,1,0.016667
5577150313,2016-04-10T05:00:00Z,0,0
5577150313,2016-04-10T06:00:00Z,42,0.7
5577150313,2016-04-10T07:00:00Z,3,0.05
5577150313,2016-04-10T08:00:00Z,28,0.466667
5577150313,2016-04-10T09:00:00Z,8,0.133333
5577150313,2016-04-10T10:00:00Z,50,0.833333
5577150313,2016-04-10T11:00:00Z,19,0.316667
5577150313,2016-04-10T12:00:00Z,20,0.333333
5577150313,2016-04-10T13:00:00Z,29,0.483333
5577150313,2016-04-10T14:00:00Z,2,0.033333
5577150313,2016-04-10T15:00:00Z,9,0.15
5577150313,2016-04-10T16:00:00Z,35,0.583333
5577150313,2016-04-10T17:00:00Z,37,0.616667
5577150313,2016-04-10T18:00:00Z,46,0.766667
5577150313,2016-04-10T19:00:00Z,46,0.766667
5577150313,2016-04-10T20:00:00Z,88,1.466667
5577150313,2016-04-10T21:00:00Z,0,0
5577150313,2016-04-10T22:00:00Z,7,0.116667
5577150313,2016-04-10T23:00:00Z,1,0.016667
5577150313,2016-04-11T00:00:00Z,0,0
5577150313,2016-04-11T01:00:00Z,0,0
5577150313,2016-04-11T02:00:00Z,1,0.016667
5577150313,2016-04-11T03:00:00Z,1,0.016667
5577150313,2016-04-11T04:00:00Z,0,0
5577150313,2016-04-11T05:00:00Z,5,0.083333
5577150313,2016-04-11T06:00:00Z,126,2.1
5577150313,2016-04-11T07:00:00Z,9,0.15
5577150313,2016-04-11T08:00:00Z,9,0.15
5577150313,2016-04-11T09:00:00Z,42,0.7
6117666160,2016-03-12T00:00:00Z,0,0
6117666160,2016-03-12T01:00:00Z,0,0
6117666160,2016-03-12T02:00:00Z,0,0
6117666160,2016-03-12T03:00:00Z,0,0
6117666160,2016-03-12T04:00:00Z,0,0
6117666160,2016-03-12T05:00:00Z,36,0.6
6117666160,2016-03-12T06:00:00Z,0,0
6117666160,2016-03-12T07:00:00Z,0,0
6117666160,2016-03-12T08:00:00Z,0,0
6117666160,2016-03-12T09:00:00Z,0,0
6117666160,2016-03-12T10:00:00Z,1,0.016667
6117666160,2016-03-12T11:00:00Z,14,0.233333
6117666160,2016-03-12T12:00:00Z,24,0.4
6117666160,2016-03-12T13:00:00Z,1,0.016667
6117666160,2016-03-12T14:00:00Z,10,0.166667
6117666160,2016-03-12T15:00:00Z,0,0
6117666160,2016-03-12T16:00:00Z,0,0
6117666160,2016-03-12T17:00:00Z,0,0
6117666160,2016-03-12T18:00:00Z,11,0.183333
6117666160,2016-03-12T19:00:00Z,3,0.05
6117666160,2016-03-12T20:00:00Z,14,0.233333
6117666160,2016-03-12T21:00:00Z,30,0.5
6117666160,2016-03-12T22:00:00Z,1,0.016667
6117666160,2016-03-12T23:00:00Z,1,0.016667
6117666160,2016-03-13T00:00:00Z,0,0
6117666160,2016-03-13T01:00:00Z,0,0
6117666160,2016-03-13T02:00:00Z,0,0
6117666160,2016-03-13T03:00:00Z,0,0
6117666160,2016-03-13T04:00:00Z,0,0
6117666160,2016-03-13T05:00:00Z,0,0
6117666160,2016-03-13T06:00:00Z,0,0
6117666160,2016-03-13T07:00:00Z,0,0
6117666160,2016-03-13T08:00:00Z,24,0.4
6117666160,2016-03-13T09:00:00Z,21,0.35
6117666160,2016-03-13T10:00:00Z,39,0.65
6117666160,2016-03-13T11:00:00Z,21,0.35
6117666160,2016-03-13T12:00:00Z,33,0.55
6117666160,2016-03-13T13:00:00Z,24,0.4
6117666160,2016-03-13T14:00:00Z,35,0.583333
6117666160,2016-03-13T15:00:00Z,40,0.666667
6117666160,2016-03-13T16:00:00Z,27,0.45
6117666160,2016-03-13T17:00:00Z,17,0.283333
6117666160,2016-03-13T18:00:00Z,5,0.083333
6117666160,2016-03-13T19:00:00Z,24,0.4
6117666160,2016-03-13T20:00:00Z,9,0.15
6117666160,2016-03-13T21:00:00Z,7,0.116667
6117666160,2016-03-13T22:00:00Z,0,0
6117666160,2016-03-13T23:00:00Z,0,0
6117666160,2016-03-14T00:00:00Z,0,0
6117666160,2016-03-14T01:00:00Z,1,0.016667
6117666160,2016-03-14T02:00:00Z,1,0.016667
6117666160,2016-03-14T03:00:00Z,0,0
6117666160,2016-03-14T04:00:00Z,0,0
6117666160,2016-03-14T05:00:00Z,0,0
6117666160,2016-03-14T06:00:00Z,0,0
6117666160,2016-03-14T07:00:00Z,0,0
6117666160,2016-03-14T08:00:00Z,0,0
6117666160,2016-03-14T09:00:00Z,14,0.233333
6117666160,2016-03-14T10:00:00Z,0,0
6117666160,2016-03-14T11:00:00Z,20,0.333333
6117666160,2016-03-14T12:00:00Z,17,0.283333
6117666160,2016-03-14T13:00:00Z,43,0.716667
6117666160,2016-03-14T14:00:00Z,39,0.65
6117666160,2016-03-14T15:00:00Z,29,0.483333
6117666160,2016-03-14T16:00:00Z,11,0.183333
6117666160,2016-03-14T17:00:00Z,2,0.033333
6117666160,2016-03-14T18:00:00Z,21,0.35
6117666160,2016-03-14T19:00:00Z,1,0.016667
6117666160,2016-03-14T20:00:00Z,27,0.45
6117666160,2016-03-14T21:00:00Z,46,0.766667
6117666160,2016-03-14T22:00:00Z,10,0.166667
6117666160,2016-03-14T23:00:00Z,0,0
6117666160,2016-03-15T00:00:00Z,0,0
6117666160,2016-03-15T01:00:00Z,0,0
6117666160,2016-03-15T02:00:00Z,3,0.05
6117666160,2016-03-15T03:00:00Z,0,0
6117666160,2016-03-15T04:00:00Z,1,0.016667
6117666160,2016-03-15T05:00:00Z,0,0
6117666160,2016-03-15T06:00:00Z,0,0
6117666160,2016-03-15T07:00:00Z,24,0.4
6117666160,2016-03-15T08:00:00Z,37,0.616667
6117666160,2016-03-15T09:00:00Z,28,0.466667
6117666160,2016-03-15T10:00:00Z,24,0.4
6117666160,2016-03-15T11:00:00Z,35,0.583333
6117666160,2016-03-15T12:00:00Z,11,0.183333
6117666160,2016-03-15T13:00:00Z,6,0.1
6117666160,2016-03-15T14:00:00Z,14,0.233333
6117666160,2016-03-15T15:00:00Z,12,0.2
6117666160,2016-03-15T16:00:00Z,28,0.466667
6117666160,2016-03-15T17:00:00Z,21,0.35
6117666160,2016-03-15T18:00:00Z,7,0.116667
6117666160,2016-03-15T19:00:00Z,3,0.05
6117666160,2016-03-15T20:00:00Z,3,0.05
6117666160,2016-03-15T21:00:00Z,5,0.083333
6117666160,2016-03-15T22:00:00Z,9,0.15
6117666160,2016-03-15T23:00:00Z,3,0.05
6117666160,2016-03-16T00:00:00Z,0,0
6117666160,2016-03-16T01:00:00Z,1,0.016667
6117666160,2016-03-16T02:00:00Z,0,0
6117666160,2016-03-16T03:00:00Z,2,0.033333
6117666160,2016-03-16T04:00:00Z,0,0
6117666160,2016-03-16T05:00:00Z,6,0.1
6117666160,2016-03-16T06:00:00Z,0,0
6117666160,2016-03-16T07:00:00Z,1,0.016667
6117666160,2016-03-16T08:00:00Z,44,0.733333
6117666160,2016-03-16T09:00:00Z,27,0.45
6117666160,2016-03-16T10:00:00Z,44,0.733333
6117666160,2016-03-16T11:00:00Z,26,0.433333
6117666160,2016-03-16T12:00:00Z,27,0.45
6117666160,2016-03-16T13:00:00Z,25,0.416667
6117666160,2016-03-16T14:00:00Z,36,0.6
6117666160,2016-03-16T15:00:00Z,18,0.3
6117666160,2016-03-16T16:00:00Z,38,0.633333
6117666160,2016-03-16T17:00:00Z,27,0.45
6117666160,2016-03-16T18:00:00Z,0,0
6117666160,2016-03-16T19:00:00Z,11,0.183333
6117666160,2016-03-16T20:00:00Z,6,0.1
6117666160,2016-03-16T21:00:00Z,1,0.016667
6117666160,2016-03-16T22:00:00Z,23,0.383333
6117666160,2016-03-16T23:00:00Z,1,0.016667
6117666160,2016-03-17T00:00:00Z,0,0
6117666160,2016-03-17T01:00:00Z,0,0
6117666160,2016-03-17T02:00:00Z,0,0
6117666160,2016-03-17T03:00:00Z,0,0
6117666160,2016-03-17T04:00:00Z,0,0
6117666160,2016-03-17T05:00:00Z,1,0.016667
6117666160,2016-03-17T06:00:00Z,0,0
6117666160,2016-03-17T07:00:00Z,0,0
6117666160,2016-03-17T08:00:00Z,0,0
6117666160,2016-03-17T09:00:00Z,2,0.033333
6117666160,2016-03-17T10:00:00Z,20,0.333333
6117666160,2016-03-17T11:00:00Z,7,0.116667
6117666160,2016-03-17T12:00:00Z,0,0
6117666160,2016-03-17T13:00:00Z,13,0.216667
6117666160,2016-03-17T14:00:00Z,18,0.3
6117666160,2016-03-17T15:00:00Z,27,0.45
6117666160,2016-03-17T16:00:00Z,36,0.6
6117666160,2016-03-17T17:00:00Z,12,0.2
6117666160,2016-03-17T18:00:00Z,11,0.183333
6117666160,2016-03-17T19:00:00Z,14,0.233333
6117666160,2016-03-17T20:00:00Z,14,0.233333
6117666160,2016-03-17T21:00:00Z,10,0.166667
6117666160,2016-03-17T22:00:00Z,20,0.333333
6117666160,2016-03-17T23:00:00Z,0,0
6117666160,2016-03-18T00:00:00Z,0,0
6117666160,2016-03-18T01:00:00Z,0,0
6117666160,2016-03-18T02:00:00Z,0,0
6117666160,2016-03-18T03:00:00Z,0,0
6117666160,2016-03-18T04:00:00Z,3,0.05
6117666160,2016-03-18T05:00:00Z,0,0
6117666160,2016-03-18T06:00:00Z,2,0.033333
6117666160,2016-03-18T07:00:00Z,0,0
6117666160,2016-03-18T08:00:00Z,2,0.033333
6117666160,2016-03-18T09:00:00Z,30,0.5
6117666160,2016-03-18T10:00:00Z,24,0.4
6117666160,2016-03-18T11:00:00Z,15,0.25
6117666160,2016-03-18T12:00:00Z,11,0.183333
6117666160,2016-03-18T13:00:00Z,0,0
6117666160,2016-03-18T14:00:00Z,0,0
6117666160,2016-03-18T15:00:00Z,0,0
6117666160,2016-03-18T16:00:00Z,0,0
6117666160,2016-03-18T17:00:00Z,31,0.516667
6117666160,2016-03-18T18:00:00Z,149,2.483333
6117666160,2016-03-18T19:00:00Z,16,0.266667
6117666160,2016-03-18T20:00:00Z,1,0.016667
6117666160,2016-03-18T21:00:00Z,16,0.266667
6117666160,2016-03-18T22:00:00Z,1,0.016667
6117666160,2016-03-18T23:00:00Z,3,0.05
6117666160,2016-03-19T00:00:00Z,0,0
6117666160,2016-03-19T01:00:00Z,0,0
6117666160,2016-03-19T02:00:00Z,10,0.166667
6117666160,2016-03-19T03:00:00Z,0,0
6117666160,2016-03-19T04:00:00Z,1,0.016667
6117666160,2016-03-19T05:00:00Z,0,0
6117666160,2016-03-19T06:00:00Z,0,0
6117666160,2016-03-19T07:00:00Z,1,0.016667
6117666160,2016-03-19T08:00:00Z,0,0
6117666160,2016-03-19T09:00:00Z,1,0.016667
6117666160,2016-03-19T10:00:00Z,11,0.183333
6117666160,2016-03-19T11:00:00Z,29,0.483333
6117666160,2016-03-19T12:00:00Z,20,0.333333
6117666160,2016-03-19T13:00:00Z,26,0.433333
6117666160,2016-03-19T14:00:00Z,35,0.583333
6117666160,2016-03-19T15:00:00Z,22,0.366667
6117666160,2016-03-19T16:00:00Z,39,0.65
6117666160,2016-03-19T17:00:00Z,36,0.6
6117666160,2016-03-19T18:00:00Z,30,0.5
6117666160,2016-03-19T19:00:00Z,29,0.483333
6117666160,2016-03-19T20:00:00Z,41,0.683333
6117666160,2016-03-19T21:00:00Z,14,0.233333
6117666160,2016-03-19T22:00:00Z,0,0
6117666160,2016-03-19T23:00:00Z,0,0
6117666160,2016-03-20T00:00:00Z,13,0.216667
6117666160,2016-03-20T01:00:00Z,0,0
6117666160,2016-03-20T02:00:00Z,0,0
6117666160,2016-03-20T03:00:00Z,0,0
6117666160,2016-03-20T04:00:00Z,1,0.016667
6117666160,2016-03-20T05:00:00Z,1,0.016667
6117666160,2016-03-20T06:00:00Z,0,0
6117666160,2016-03-20T07:00:00Z,0,0
6117666160,2016-03-20T08:00:00Z,0,0
6117666160,2016-03-20T09:00:00Z,46,0.766667
6117666160,2016-03-20T10:00:00Z,33,0.55
6117666160,2016-03-20T11:00:00Z,45,0.75
6117666160,2016-03-20T12:00:00Z,45,0.75
6117666160,2016-03-20T13:00:00Z,49,0.816667
6117666160,2016-03-20T14:00:00Z,41,0.683333
6117666160,2016-03-20T15:00:00Z,25,0.416667
6117666160,2016-03-20T16:00:00Z,23,0.383333
6117666160,2016-03-20T17:00:00Z,31,0.516667
6117666160,2016-03-20T18:00:00Z,1,0.016667
6117666160,2016-03-20T19:00:00Z,8,0.133333
6117666160,2016-03-20T20:00:00Z,3,0.05
6117666160,2016-03-20T21:00:00Z,21,0.35
6117666160,2016-03-20T22:00:00Z,11,0.183333
6117666160,2016-03-20T23:00:00Z,1,0.016667
6117666160,2016-03-21T00:00:00Z,0,0
6117666160,2016-03-21T01:00:00Z,0,0
6117666160,2016-03-21T02:00:00Z,0,0
6117666160,2016-03-21T03:00:00Z,0,0
6117666160,2016-03-21T04:00:00Z,0,0
6117666160,2016-03-21T05:00:00Z,0,0
6117666160,2016-03-21T06:00:00Z,0,0
6117666160,2016-03-21T07:00:00Z,0,0
6117666160,2016-03-21T08:00:00Z,37,0.616667
6117666160,2016-03-21T09:00:00Z,30,0.5
6117666160,2016-03-21T10:00:00Z,19,0.316667
6117666160,2016-03-21T11:00:00Z,34,0.566667
6117666160,2016-03-21T12:00:00Z,19,0.316667
6117666160,2016-03-21T13:00:00Z,45,0.75
6117666160,2016-03-21T14:00:00Z,22,0.366667
6117666160,2016-03-21T15:00:00Z,13,0.216667
6117666160,2016-03-21T16:00:00Z,18,0.3
6117666160,2016-03-21T17:00:00Z,30,0.5
6117666160,2016-03-21T18:00:00Z,27,0.45
6117666160,2016-03-21T19:00:00Z,9,0.15
6117666160,2016-03-21T20:00:00Z,38,0.633333
6117666160,2016-03-21T21:00:00Z,3,0.05
6117666160,2016-03-21T22:00:00Z,2,0.033333
6117666160,2016-03-21T23:00:00Z,6,0.1
6117666160,2016-03-22T00:00:00Z,0,0
6117666160,2016-03-22T01:00:00Z,1,0.016667
6117666160,2016-03-22T02:00:00Z,0,0
6117666160,2016-03-22T03:00:00Z,0,0
6117666160,2016-03-22T04:00:00Z,1,0.016667
6117666160,2016-03-22T05:00:00Z,0,0
6117666160,2016-03-22T06:00:00Z,1,0.016667
6117666160,2016-03-22T07:00:00Z,39,0.65
6117666160,2016-03-22T08:00:00Z,14,0.233333
6117666160,2016-03-22T09:00:00Z,7,0.116667
6117666160,2016-03-22T10:00:00Z,6,0.1
6117666160,2016-03-22T11:00:00Z,16,0.266667
6117666160,2016-03-22T12:00:00Z,31,0.516667
6117666160,2016-03-22T13:00:00Z,25,0.416667
6117666160,2016-03-22T14:00:00Z,0,0
6117666160,2016-03-22T15:00:00Z,0,0
6117666160,2016-03-22T16:00:00Z,23,0.383333
6117666160,2016-03-22T17:00:00Z,9,0.15
6117666160,2016-03-22T18:00:00Z,13,0.216667
6117666160,2016-03-22T19:00:00Z,11,0.183333
6117666160,2016-03-22T20:00:00Z,20,0.333333
6117666160,2016-03-22T21:00:00Z,10,0.166667
6117666160,2016-03-22T22:00:00Z,13,0.216667
6117666160,2016-03-22T23:00:00Z,17,0.283333
6117666160,2016-03-23T00:00:00Z,19,0.316667
6117666160,2016-03-23T01:00:00Z,1,0.016667
6117666160,2016-03-23T02:00:00Z,0,0
6117666160,2016-03-23T03:00:00Z,5,0.083333
6117666160,2016-03-23T04:00:00Z,1,0.016667
6117666160,2016-03-23T05:00:00Z,0,0
6117666160,2016-03-23T06:00:00Z,0,0
6117666160,2016-03-23T07:00:00Z,0,0
6117666160,2016-03-23T08:00:00Z,32,0.533333
6117666160,2016-03-23T09:00:00Z,35,0.583333
6117666160,2016-03-23T10:00:00Z,25,0.416667
6117666160,2016-03-23T11:00:00Z,28,0.466667
6117666160,2016-03-23T12:00:00Z,31,0.516667
6117666160,2016-03-23T13:00:00Z,30,0.5
6117666160,2016-03-23T14:00:00Z,14,0.233333
6117666160,2016-03-23T15:00:00Z,5,0.083333
6117666160,2016-03-23T16:00:00Z,11,0.183333
6117666160,2016-03-23T17:00:00Z,15,0.25
6117666160,2016-03-23T18:00:00Z,14,0.233333
6117666160,2016-03-23T19:00:00Z,13,0.216667
6117666160,2016-03-23T20:00:00Z,3,0.05
6117666160,2016-03-23T21:00:00Z,4,0.066667
6117666160,2016-03-23T22:00:00Z,9,0.15
6117666160,2016-03-23T23:00:00Z,5,0.083333
6117666160,2016-03-24T00:00:00Z,0,0
6117666160,2016-03-24T01:00:00Z,0,0
6117666160,2016-03-24T02:00:00Z,0,0
6117666160,2016-03-24T03:00:00Z,0,0
6117666160,2016-03-24T04:00:00Z,0,0
6117666160,2016-03-24T05:00:00Z,0,0
6117666160,2016-03-24T06:00:00Z,0,0
6117666160,2016-03-24T07:00:00Z,0,0
6117666160,2016-03-24T08:00:00Z,0,0
6117666160,2016-03-24T09:00:00Z,0,0
6117666160,2016-03-24T10:00:00Z,23,0.383333
6117666160,2016-03-24T11:00:00Z,62,1.033333
6117666160,2016-03-24T12:00:00Z,148,2.466667
6117666160,2016-03-24T13:00:00Z,47,0.783333
6117666160,2016-03-24T14:00:00Z,38,0.633333
6117666160,2016-03-24T15:00:00Z,2,0.033333
6117666160,2016-03-24T16:00:00Z,0,0
6117666160,2016-03-24T17:00:00Z,5,0.083333
6117666160,2016-03-24T18:00:00Z,1,0.016667
6117666160,2016-03-24T19:00:00Z,23,0.383333
6117666160,2016-03-24T20:00:00Z,4,0.066667
6117666160,2016-03-24T21:00:00Z,4,0.066667
6117666160,2016-03-24T22:00:00Z,6,0.1
6117666160,2016-03-24T23:00:00Z,6,0.1
6117666160,2016-03-25T00:00:00Z,0,0
6117666160,2016-03-25T01:00:00Z,0,0
6117666160,2016-03-25T02:00:00Z,0,0
6117666160,2016-03-25T03:00:00Z,1,0.016667
6117666160,2016-03-25T04:00:00Z,0,0
6117666160,2016-03-25T05:00:00Z,0,0
6117666160,2016-03-25T06:00:00Z,0,0
6117666160,2016-03-25T07:00:00Z,0,0
6117666160,2016-03-25T08:00:00Z,0,0
6117666160,2016-03-25T09:00:00Z,6,0.1
6117666160,2016-03-25T10:00:00Z,29,0.483333
6117666160,2016-03-25T11:00:00Z,77,1.283333
6117666160,2016-03-25T12:00:00Z,122,2.033333
6117666160,2016-03-25T13:00:00Z,29,0.483333
6117666160,2016-03-25T14:00:00Z,82,1.366667
6117666160,2016-03-25T15:00:00Z,0,0
6117666160,2016-03-25T16:00:00Z,0,0
6117666160,2016-03-25T17:00:00Z,0,0
6117666160,2016-03-25T18:00:00Z,6,0.1
6117666160,2016-03-25T19:00:00Z,26,0.433333
6117666160,2016-03-25T20:00:00Z,15,0.25
6117666160,2016-03-25T21:00:00Z,7,0.116667
6117666160,2016-03-25T22:00:00Z,1,0.016667
6117666160,2016-03-25T23:00:00Z,3,0.05
6117666160,2016-03-26T00:00:00Z,9,0.15
6117666160,2016-03-26T01:00:00Z,4,0.066667
6117666160,2016-03-26T02:00:00Z,0,0
6117666160,2016-03-26T03:00:00Z,0,0
6117666160,2016-03-26T04:00:00Z,0,0
6117666160,2016-03-26T05:00:00Z,0,0
6117666160,2016-03-26T06:00:00Z,0,0
6117666160,2016-03-26T07:00:00Z,3,0.05
6117666160,2016-03-26T08:00:00Z,33,0.55
6117666160,2016-03-26T09:00:00Z,27,0.45
6117666160,2016-03-26T10:00:00Z,41,0.683333
6117666160,2016-03-26T11:00:00Z,41,0.683333
6117666160,2016-03-26T12:00:00Z,31,0.516667
6117666160,2016-03-26T13:00:00Z,37,0.616667
6117666160,2016-03-26T14:00:00Z,39,0.65
6117666160,2016-03-26T15:00:00Z,33,0.55
6117666160,2016-03-26T16:00:00Z,33,0.55
6117666160,2016-03-26T17:00:00Z,34,0.566667
6117666160,2016-03-26T18:00:00Z,55,0.916667
6117666160,2016-03-26T19:00:00Z,9,0.15
6117666160,2016-03-26T20:00:00Z,4,0.066667
6117666160,2016-03-26T21:00:00Z,27,0.45
6117666160,2016-03-26T22:00:00Z,28,0.466667
6117666160,2016-03-26T23:00:00Z,5,0.083333
6117666160,2016-03-27T00:00:00Z,0,0
6117666160,2016-03-27T01:00:00Z,0,0
6117666160,2016-03-27T02:00:00Z,0,0
6117666160,2016-03-27T03:00:00Z,0,0
6117666160,2016-03-27T04:00:00Z,0,0
6117666160,2016-03-27T05:00:00Z,17,0.283333
6117666160,2016-03-27T06:00:00Z,0,0
6117666160,2016-03-27T07:00:00Z,0,0
6117666160,2016-03-27T08:00:00Z,0,0
6117666160,2016-03-27T09:00:00Z,5,0.083333
6117666160,2016-03-27T10:00:00Z,37,0.616667
6117666160,2016-03-27T11:00:00Z,41,0.683333
6117666160,2016-03-27T12:00:00Z,17,0.283333
6117666160,2016-03-27T13:00:00Z,16,0.266667
6117666160,2016-03-27T14:00:00Z,22,0.366667
6117666160,2016-03-27T15:00:00Z,17,0.283333
6117666160,2016-03-27T16:00:00Z,8,0.133333
6117666160,2016-03-27T17:00:00Z,12,0.2
6117666160,2016-03-27T18:00:00Z,9,0.15
6117666160,2016-03-27T19:00:00Z,10,0.166667
6117666160,2016-03-27T20:00:00Z,3,0.05
6117666160,2016-03-27T21:00:00Z,4,0.066667
6117666160,2016-03-27T22:00:00Z,30,0.5
6117666160,2016-03-27T23:00:00Z,0,0
6117666160,2016-03-28T00:00:00Z,0,0
6117666160,2016-03-28T01:00:00Z,0,0
6117666160,2016-03-28T02:00:00Z,0,0
6117666160,2016-03-28T03:00:00Z,0,0
6117666160,2016-03-28T04:00:00Z,0,0
6117666160,2016-03-28T05:00:00Z,0,0
6117666160,2016-03-28T06:00:00Z,0,0
6117666160,2016-03-28T07:00:00Z,0,0
6117666160,2016-03-28T08:00:00Z,0,0
6117666160,2016-03-28T09:00:00Z,0,0
6117666160,2016-03-28T10:00:00Z,0,0
6117666160,2016-03-28T11:00:00Z,0,0
6117666160,2016-03-28T12:00:00Z,0,0
6117666160,2016-03-28T13:00:00Z,0,0
6117666160,2016-03-28T14:00:00Z,0,0
6117666160,2016-03-28T15:00:00Z,0,0
6117666160,2016-03-28T16:00:00Z,22,0.366667
6117666160,2016-03-28T17:00:00Z,43,0.716667
6117666160,2016-03-28T18:00:00Z,24,0.4
6117666160,2016-03-28T19:00:00Z,41,0.683333
6117666160,2016-03-28T20:00:00Z,35,0.583333
6117666160,2016-03-28T21:00:00Z,9,0.15
6117666160,2016-03-28T22:00:00Z,18,0.3
6117666160,2016-03-28T23:00:00Z,12,0.2
6117666160,2016-03-29T00:00:00Z,0,0
6117666160,2016-03-29T01:00:00Z,0,0
6117666160,2016-03-29T02:00:00Z,0,0
6117666160,2016-03-29T03:00:00Z,0,0
6117666160,2016-03-29T04:00:00Z,0,0
6117666160,2016-03-29T05:00:00Z,2,0.033333
6117666160,2016-03-29T06:00:00Z,9,0.15
6117666160,2016-03-29T07:00:00Z,0,0
6117666160,2016-03-29T08:00:00Z,0,0
6117666160,2016-03-29T09:00:00Z,0,0
6117666160,2016-03-29T10:00:00Z,13,0.216667
6117666160,2016-03-29T11:00:00Z,45,0.75
6117666160,2016-03-29T12:00:00Z,33,0.55
6117666160,2016-03-29T13:00:00Z,10,0.166667
6117666160,2016-03-29T14:00:00Z,10,0.166667
6117666160,2016-03-29T15:00:00Z,15,0.25
6117666160,2016-03-29T16:00:00Z,29,0.483333
6117666160,2016-03-29T17:00:00Z,35,0.583333
6117666160,2016-03-29T18:00:00Z,36,0.6
6117666160,2016-03-29T19:00:00Z,49,0.816667
6117666160,2016-03-29T20:00:00Z,40,0.666667
6117666160,2016-03-29T21:00:00Z,2,0.033333
6117666160,2016-03-29T22:00:00Z,0,0
6117666160,2016-03-29T23:00:00Z,0,0
6117666160,2016-03-30T00:00:00Z,0,0
6117666160,2016-03-30T01:00:00Z,0,0
6117666160,2016-03-30T02:00:00Z,0,0
6117666160,2016-03-30T03:00:00Z,0,0
6117666160,2016-03-30T04:00:00Z,0,0
6117666160,2016-03-30T05:00:00Z,0,0
6117666160,2016-03-30T06:00:00Z,0,0
6117666160,2016-03-30T07:00:00Z,0,0
6117666160,2016-03-30T08:00:00Z,30,0.5
6117666160,2016-03-30T09:00:00Z,36,0.6
6117666160,2016-03-30T10:00:00Z,39,0.65
6117666160,2016-03-30T11:00:00Z,38,0.633333
6117666160,2016-03-30T12:00:00Z,30,0.5
6117666160,2016-03-30T13:00:00Z,9,0.15
6117666160,2016-03-30T14:00:00Z,44,0.733333
6117666160,2016-03-30T15:00:00Z,41,0.683333
6117666160,2016-03-30T16:00:00Z,45,0.75
6117666160,2016-03-30T17:00:00Z,18,0.3
6117666160,2016-03-30T18:00:00Z,32,0.533333
6117666160,2016-03-30T19:00:00Z,1,0.016667
6117666160,2016-03-30T20:00:00Z,0,0
6117666160,2016-03-30T21:00:00Z,10,0.166667
6117666160,2016-03-30T22:00:00Z,2,0.033333
6117666160,2016-03-30T23:00:00Z,14,0.233333
6117666160,2016-03-31T00:00:00Z,0,0
6117666160,2016-03-31T01:00:00Z,1,0.016667
6117666160,2016-03-31T02:00:00Z,0,0
6117666160,2016-03-31T03:00:00Z,1,0.016667
6117666160,2016-03-31T04:00:00Z,0,0
6117666160,2016-03-31T05:00:00Z,1,0.016667
6117666160,2016-03-31T06:00:00Z,2,0.033333
6117666160,2016-03-31T07:00:00Z,0,0
6117666160,2016-03-31T08:00:00Z,0,0
6117666160,2016-03-31T09:00:00Z,0,0
6117666160,2016-03-31T10:00:00Z,18,0.3
6117666160,2016-03-31T11:00:00Z,28,0.466667
6117666160,2016-03-31T12:00:00Z,44,0.733333
6117666160,2016-03-31T13:00:00Z,39,0.65
6117666160,2016-03-31T14:00:00Z,40,0.666667
6117666160,2016-03-31T15:00:00Z,39,0.65
6117666160,2016-03-31T16:00:00Z,34,0.566667
6117666160,2016-03-31T17:00:00Z,47,0.783333
6117666160,2016-03-31T18:00:00Z,33,0.55
6117666160,2016-03-31T19:00:00Z,52,0.866667
6117666160,2016-03-31T20:00:00Z,42,0.7
6117666160,2016-03-31T21:00:00Z,3,0.05
6117666160,2016-03-31T22:00:00Z,0,0
6117666160,2016-03-31T23:00:00Z,11,0.183333
6117666160,2016-04-01T00:00:00Z,1,0.016667
6117666160,2016-04-01T01:00:00Z,0,0
6117666160,2016-04-01T02:00:00Z,0,0
6117666160,2016-04-01T03:00:00Z,0,0
6117666160,2016-04-01T04:00:00Z,6,0.1
6117666160,2016-04-01T05:00:00Z,0,0
6117666160,2016-04-01T06:00:00Z,0,0
6117666160,2016-04-01T07:00:00Z,0,0
6117666160,2016-04-01T08:00:00Z,2,0.033333
6117666160,2016-04-01T09:00:00Z,27,0.45
6117666160,2016-04-01T10:00:00Z,33,0.55
6117666160,2016-04-01T11:00:00Z,27,0.45
6117666160,2016-04-01T12:00:00Z,34,0.566667
6117666160,2016-04-01T13:00:00Z,39,0.65
6117666160,2016-04-01T14:00:00Z,22,0.366667
6117666160,2016-04-01T15:00:00Z,14,0.233333
6117666160,2016-04-01T16:00:00Z,24,0.4
6117666160,2016-04-01T17:00:00Z,2,0.033333
6117666160,2016-04-01T18:00:00Z,21,0.35
6117666160,2016-04-01T19:00:00Z,0,0
6117666160,2016-04-01T20:00:00Z,7,0.116667
6117666160,2016-04-01T21:00:00Z,15,0.25
6117666160,2016-04-01T22:00:00Z,12,0.2
6117666160,2016-04-01T23:00:00Z,0,0
6117666160,2016-04-02T00:00:00Z,0,0
6117666160,2016-04-02T01:00:00Z,0,0
6117666160,2016-04-02T02:00:00Z,0,0
6117666160,2016-04-02T03:00:00Z,0,0
6117666160,2016-04-02T04:00:00Z,0,0
6117666160,2016-04-02T05:00:00Z,0,0
6117666160,2016-04-02T06:00:00Z,0,0
6117666160,2016-04-02T07:00:00Z,4,0.066667
6117666160,2016-04-02T08:00:00Z,36,0.6
6117666160,2016-04-02T09:00:00Z,63,1.05
6117666160,2016-04-02T10:00:00Z,74,1.233333
6117666160,2016-04-02T11:00:00Z,50,0.833333
6117666160,2016-04-02T12:00:00Z,50,0.833333
6117666160,2016-04-02T13:00:00Z,36,0.6
6117666160,2016-04-02T14:00:00Z,40,0.666667
6117666160,2016-04-02T15:00:00Z,21,0.35
6117666160,2016-04-02T16:00:00Z,43,0.716667
6117666160,2016-04-02T17:00:00Z,30,0.5
6117666160,2016-04-02T18:00:00Z,16,0.266667
6117666160,2016-04-02T19:00:00Z,1,0.016667
6117666160,2016-04-02T20:00:00Z,13,0.216667
6117666160,2016-04-02T21:00:00Z,36,0.6
6117666160,2016-04-02T22:00:00Z,31,0.516667
6117666160,2016-04-02T23:00:00Z,0,0
6117666160,2016-04-03T00:00:00Z,0,0
6117666160,2016-04-03T01:00:00Z,0,0
6117666160,2016-04-03T02:00:00Z,0,0
6117666160,2016-04-03T03:00:00Z,0,0
6117666160,2016-04-03T04:00:00Z,0,0
6117666160,2016-04-03T05:00:00Z,0,0
6117666160,2016-04-03T06:00:00Z,0,0
6117666160,2016-04-03T07:00:00Z,0,0
6117666160,2016-04-03T08:00:00Z,0,0
6117666160,2016-04-03T09:00:00Z,0,0
6117666160,2016-04-03T10:00:00Z,0,0
6117666160,2016-04-03T11:00:00Z,0,0
6117666160,2016-04-03T12:00:00Z,0,0
6117666160,2016-04-03T13:00:00Z,0,0
6117666160,2016-04-03T14:00:00Z,0,0
6117666160,2016-04-03T15:00:00Z,0,0
6117666160,2016-04-03T16:00:00Z,0,0
6117666160,2016-04-03T17:00:00Z,0,0
6117666160,2016-04-03T18:00:00Z,0,0
6117666160,2016-04-03T19:00:00Z,0,0
6117666160,2016-04-03T20:00:00Z,0,0
6117666160,2016-04-03T21:00:00Z,0,0
6117666160,2016-04-03T22:00:00Z,0,0
6117666160,2016-04-03T23:00:00Z,0,0
6117666160,2016-04-04T00:00:00Z,0,0
6117666160,2016-04-04T01:00:00Z,0,0
6117666160,2016-04-04T02:00:00Z,0,0
6117666160,2016-04-04T03:00:00Z,0,0
6117666160,2016-04-04T04:00:00Z,0,0
6117666160,2016-04-04T05:00:00Z,0,0
6117666160,2016-04-04T06:00:00Z,0,0
6117666160,2016-04-04T07:00:00Z,0,0
6117666160,2016-04-04T08:00:00Z,0,0
6117666160,2016-04-04T09:00:00Z,0,0
6117666160,2016-04-04T10:00:00Z,0,0
6117666160,2016-04-04T11:00:00Z,33,0.55
6117666160,2016-04-04T12:00:00Z,18,0.3
6117666160,2016-04-04T13:00:00Z,31,0.516667
6117666160,2016-04-04T14:00:00Z,5,0.083333
6117666160,2016-04-04T15:00:00Z,14,0.233333
6117666160,2016-04-04T16:00:00Z,14,0.233333
6117666160,2016-04-04T17:00:00Z,34,0.566667
6117666160,2016-04-04T18:00:00Z,44,0.733333
6117666160,2016-04-04T19:00:00Z,64,1.066667
6117666160,2016-04-04T20:00:00Z,25,0.416667
6117666160,2016-04-04T21:00:00Z,3,0.05
6117666160,2016-04-04T22:00:00Z,22,0.366667
6117666160,2016-04-04T23:00:00Z,0,0
6117666160,2016-04-05T00:00:00Z,0,0
6117666160,2016-04-05T01:00:00Z,0,0
6117666160,2016-04-05T02:00:00Z,0,0
6117666160,2016-04-05T03:00:00Z,0,0
6117666160,2016-04-05T04:00:00Z,0,0
6117666160,2016-04-05T05:00:00Z,0,0
6117666160,2016-04-05T06:00:00Z,0,0
6117666160,2016-04-05T07:00:00Z,12,0.2
6117666160,2016-04-05T08:00:00Z,18,0.3
6117666160,2016-04-05T09:00:00Z,9,0.15
6117666160,2016-04-05T10:00:00Z,7,0.116667
6117666160,2016-04-05T11:00:00Z,4,0.066667
6117666160,2016-04-05T12:00:00Z,40,0.666667
6117666160,2016-04-05T13:00:00Z,42,0.7
6117666160,2016-04-05T14:00:00Z,10,0.166667
6117666160,2016-04-05T15:00:00Z,25,0.416667
6117666160,2016-04-05T16:00:00Z,17,0.283333
6117666160,2016-04-05T17:00:00Z,43,0.716667
6117666160,2016-04-05T18:00:00Z,25,0.416667
6117666160,2016-04-05T19:00:00Z,45,0.75
6117666160,2016-04-05T20:00:00Z,43,0.716667
6117666160,2016-04-05T21:00:00Z,26,0.433333
6117666160,2016-04-05T22:00:00Z,17,0.283333
6117666160,2016-04-05T23:00:00Z,1,0.016667
6117666160,2016-04-06T00:00:00Z,0,0
6117666160,2016-04-06T01:00:00Z,2,0.033333
6117666160,2016-04-06T02:00:00Z,0,0
6117666160,2016-04-06T03:00:00Z,0,0
6117666160,2016-04-06T04:00:00Z,0,0
6117666160,2016-04-06T05:00:00Z,0,0
6117666160,2016-04-06T06:00:00Z,1,0.016667
6117666160,2016-04-06T07:00:00Z,16,0.266667
6117666160,2016-04-06T08:00:00Z,16,0.266667
6117666160,2016-04-06T09:00:00Z,43,0.716667
6117666160,2016-04-06T10:00:00Z,46,0.766667
6117666160,2016-04-06T11:00:00Z,48,0.8
6117666160,2016-04-06T12:00:00Z,39,0.65
6117666160,2016-04-06T13:00:00Z,48,0.8
6117666160,2016-04-06T14:00:00Z,49,0.816667
6117666160,2016-04-06T15:00:00Z,44,0.733333
6117666160,2016-04-06T16:00:00Z,24,0.4
6117666160,2016-04-06T17:00:00Z,34,0.566667
6117666160,2016-04-06T18:00:00Z,24,0.4
6117666160,2016-04-06T19:00:00Z,31,0.516667
6117666160,2016-04-06T20:00:00Z,2,0.033333
6117666160,2016-04-06T21:00:00Z,19,0.316667
6117666160,2016-04-06T22:00:00Z,4,0.066667
6117666160,2016-04-06T23:00:00Z,1,0.016667
6117666160,2016-04-07T00:00:00Z,2,0.033333
6117666160,2016-04-07T01:00:00Z,0,0
6117666160,2016-04-07T02:00:00Z,0,0
6117666160,2016-04-07T03:00:00Z,0,0
6117666160,2016-04-07T04:00:00Z,1,0.016667
6117666160,2016-04-07T05:00:00Z,0,0
6117666160,2016-04-07T06:00:00Z,0,0
6117666160,2016-04-07T07:00:00Z,0,0
6117666160,2016-04-07T08:00:00Z,6,0.1
6117666160,2016-04-07T09:00:00Z,29,0.483333
6117666160,2016-04-07T10:00:00Z,5,0.083333
6117666160,2016-04-07T11:00:00Z,30,0.5
6117666160,2016-04-07T12:00:00Z,21,0.35
6117666160,2016-04-07T13:00:00Z,17,0.283333
6117666160,2016-04-07T14:00:00Z,41,0.683333
6117666160,2016-04-07T15:00:00Z,4,0.066667
6117666160,2016-04-07T16:00:00Z,0,0
6117666160,2016-04-07T17:00:00Z,0,0
6117666160,2016-04-07T18:00:00Z,0,0
6117666160,2016-04-07T19:00:00Z,0,0
6117666160,2016-04-07T20:00:00Z,0,0
6117666160,2016-04-07T21:00:00Z,0,0
6117666160,2016-04-07T22:00:00Z,0,0
6117666160,2016-04-07T23:00:00Z,0,0
6117666160,2016-04-08T00:00:00Z,0,0
6117666160,2016-04-08T01:00:00Z,0,0
6117666160,2016-04-08T02:00:00Z,0,0
6117666160,2016-04-08T03:00:00Z,0,0
6117666160,2016-04-08T04:00:00Z,0,0
6117666160,2016-04-08T05:00:00Z,0,0
6117666160,2016-04-08T06:00:00Z,0,0
6117666160,2016-04-08T07:00:00Z,0,0
6117666160,2016-04-08T08:00:00Z,0,0
6117666160,2016-04-08T09:00:00Z,0,0
6117666160,2016-04-08T10:00:00Z,9,0.15
6117666160,2016-04-08T11:00:00Z,15,0.25
6117666160,2016-04-08T12:00:00Z,43,0.716667
6117666160,2016-04-08T13:00:00Z,46,0.766667
6117666160,2016-04-08T14:00:00Z,41,0.683333
6117666160,2016-04-08T15:00:00Z,31,0.516667
6117666160,2016-04-08T16:00:00Z,40,0.666667
6117666160,2016-04-08T17:00:00Z,31,0.516667
6117666160,2016-04-08T18:00:00Z,35,0.583333
6117666160,2016-04-08T19:00:00Z,47,0.783333
6117666160,2016-04-08T20:00:00Z,49,0.816667
6117666160,2016-04-08T21:00:00Z,17,0.283333
6117666160,2016-04-08T22:00:00Z,2,0.033333
6117666160,2016-04-08T23:00:00Z,16,0.266667
6117666160,2016-04-09T00:00:00Z,4,0.066667
6117666160,2016-04-09T01:00:00Z,0,0
6117666160,2016-04-09T02:00:00Z,0,0
6117666160,2016-04-09T03:00:00Z,3,0.05
6117666160,2016-04-09T04:00:00Z,9,0.15
6117666160,2016-04-09T05:00:00Z,0,0
6117666160,2016-04-09T06:00:00Z,0,0
6117666160,2016-04-09T07:00:00Z,18,0.3
6117666160,2016-04-09T08:00:00Z,28,0.466667
6117666160,2016-04-09T09:00:00Z,40,0.666667
6117666160,2016-04-09T10:00:00Z,44,0.733333
6117666160,2016-04-09T11:00:00Z,48,0.8
6117666160,2016-04-09T12:00:00Z,48,0.8
6117666160,2016-04-09T13:00:00Z,32,0.533333
6117666160,2016-04-09T14:00:00Z,44,0.733333
6117666160,2016-04-09T15:00:00Z,39,0.65
6117666160,2016-04-09T16:00:00Z,39,0.65
6117666160,2016-04-09T17:00:00Z,36,0.6
6117666160,2016-04-09T18:00:00Z,16,0.266667
6117666160,2016-04-09T19:00:00Z,30,0.5
6117666160,2016-04-09T20:00:00Z,24,0.4
6117666160,2016-04-09T21:00:00Z,4,0.066667
6117666160,2016-04-09T22:00:00Z,0,0
6290855005,2016-03-12T00:00:00Z,0,0
6290855005,2016-03-12T01:00:00Z,0,0
6290855005,2016-03-12T02:00:00Z,0,0
6290855005,2016-03-12T03:00:00Z,0,0
6290855005,2016-03-12T04:00:00Z,0,0
6290855005,2016-03-12T05:00:00Z,0,0
6290855005,2016-03-12T06:00:00Z,3,0.05
6290855005,2016-03-12T07:00:00Z,10,0.166667
6290855005,2016-03-12T08:00:00Z,14,0.233333
6290855005,2016-03-12T09:00:00Z,100,1.666667
6290855005,2016-03-12T10:00:00Z,80,1.333333
6290855005,2016-03-12T11:00:00Z,45,0.75
6290855005,2016-03-12T12:00:00Z,29,0.483333
6290855005,2016-03-12T13:00:00Z,41,0.683333
6290855005,2016-03-12T14:00:00Z,26,0.433333
6290855005,2016-03-12T15:00:00Z,43,0.716667
6290855005,2016-03-12T16:00:00Z,24,0.4
6290855005,2016-03-12T17:00:00Z,11,0.183333
6290855005,2016-03-12T18:00:00Z,15,0.25
6290855005,2016-03-12T19:00:00Z,20,0.333333
6290855005,2016-03-12T20:00:00Z,20,0.333333
6290855005,2016-03-12T21:00:00Z,0,0
6290855005,2016-03-12T22:00:00Z,0,0
6290855005,2016-03-12T23:00:00Z,0,0
6290855005,2016-03-13T00:00:00Z,0,0
6290855005,2016-03-13T01:00:00Z,0,0
6290855005,2016-03-13T02:00:00Z,0,0
6290855005,2016-03-13T03:00:00Z,0,0
6290855005,2016-03-13T04:00:00Z,0,0
6290855005,2016-03-13T05:00:00Z,0,0
6290855005,2016-03-13T06:00:00Z,0,0
6290855005,2016-03-13T07:00:00Z,0,0
6290855005,2016-03-13T08:00:00Z,0,0
6290855005,2016-03-13T09:00:00Z,16,0.266667
6290855005,2016-03-13T10:00:00Z,54,0.9
6290855005,2016-03-13T11:00:00Z,37,0.616667
6290855005,2016-03-13T12:00:00Z,47,0.783333
6290855005,2016-03-13T13:00:00Z,14,0.233333
6290855005,2016-03-13T14:00:00Z,2,0.033333
6290855005,2016-03-13T15:00:00Z,33,0.55
6290855005,2016-03-13T16:00:00Z,14,0.233333
6290855005,2016-03-13T17:00:00Z,25,0.416667
6290855005,2016-03-13T18:00:00Z,17,0.283333
6290855005,2016-03-13T19:00:00Z,9,0.15
6290855005,2016-03-13T20:00:00Z,0,0
6290855005,2016-03-13T21:00:00Z,0,0
6290855005,2016-03-13T22:00:00Z,0,0
6290855005,2016-03-13T23:00:00Z,0,0
6290855005,2016-03-14T00:00:00Z,0,0
6290855005,2016-03-14T01:00:00Z,0,0
6290855005,2016-03-14T02:00:00Z,0,0
6290855005,2016-03-14T03:00:00Z,0,0
6290855005,2016-03-14T04:00:00Z,0,0
6290855005,2016-03-14T05:00:00Z,0,0
6290855005,2016-03-14T06:00:00Z,0,0
6290855005,2016-03-14T07:00:00Z,0,0
6290855005,2016-03-14T08:00:00Z,0,0
6290855005,2016-03-14T09:00:00Z,0,0
6290855005,2016-03-14T10:00:00Z,0,0
6290855005,2016-03-14T11:00:00Z,0,0
6290855005,2016-03-14T12:00:00Z,0,0
6290855005,2016-03-14T13:00:00Z,0,0
6290855005,2016-03-14T14:00:00Z,0,0
6290855005,2016-03-14T15:00:00Z,0,0
6290855005,2016-03-14T16:00:00Z,0,0
6290855005,2016-03-14T17:00:00Z,0,0
6290855005,2016-03-14T18:00:00Z,0,0
6290855005,2016-03-14T19:00:00Z,0,0
6290855005,2016-03-14T20:00:00Z,0,0
6290855005,2016-03-14T21:00:00Z,0,0
6290855005,2016-03-14T22:00:00Z,0,0
6290855005,2016-03-14T23:00:00Z,0,0
6290855005,2016-03-15T00:00:00Z,0,0
6290855005,2016-03-15T01:00:00Z,0,0
6290855005,2016-03-15T02:00:00Z,0,0
6290855005,2016-03-15T03:00:00Z,0,0
6290855005,2016-03-15T04:00:00Z,0,0
6290855005,2016-03-15T05:00:00Z,0,0
6290855005,2016-03-15T06:00:00Z,0,0
6290855005,2016-03-15T07:00:00Z,0,0
6290855005,2016-03-15T08:00:00Z,0,0
6290855005,2016-03-15T09:00:00Z,0,0
6290855005,2016-03-15T10:00:00Z,0,0
6290855005,2016-03-15T11:00:00Z,0,0
6290855005,2016-03-15T12:00:00Z,0,0
6290855005,2016-03-15T13:00:00Z,0,0
6290855005,2016-03-15T14:00:00Z,0,0
6290855005,2016-03-15T15:00:00Z,0,0
6290855005,2016-03-15T16:00:00Z,0,0
6290855005,2016-03-15T17:00:00Z,0,0
6290855005,2016-03-15T18:00:00Z,0,0
6290855005,2016-03-15T19:00:00Z,0,0
6290855005,2016-03-15T20:00:00Z,0,0
6290855005,2016-03-15T21:00:00Z,0,0
6290855005,2016-03-15T22:00:00Z,0,0
6290855005,2016-03-15T23:00:00Z,0,0
6290855005,2016-03-16T00:00:00Z,0,0
6290855005,2016-03-16T01:00:00Z,0,0
6290855005,2016-03-16T02:00:00Z,0,0
6290855005,2016-03-16T03:00:00Z,0,0
6290855005,2016-03-16T04:00:00Z,0,0
6290855005,2016-03-16T05:00:00Z,7,0.116667
6290855005,2016-03-16T06:00:00Z,45,0.75
6290855005,2016-03-16T07:00:00Z,39,0.65
6290855005,2016-03-16T08:00:00Z,35,0.583333
6290855005,2016-03-16T09:00:00Z,37,0.616667
6290855005,2016-03-16T10:00:00Z,26,0.433333
6290855005,2016-03-16T11:00:00Z,41,0.683333
6290855005,2016-03-16T12:00:00Z,24,0.4
6290855005,2016-03-16T13:00:00Z,6,0.1
6290855005,2016-03-16T14:00:00Z,22,0.366667
6290855005,2016-03-16T15:00:00Z,37,0.616667
6290855005,2016-03-16T16:00:00Z,15,0.25
6290855005,2016-03-16T17:00:00Z,27,0.45
6290855005,2016-03-16T18:00:00Z,0,0
6290855005,2016-03-16T19:00:00Z,0,0
6290855005,2016-03-16T20:00:00Z,0,0
6290855005,2016-03-16T21:00:00Z,0,0
6290855005,2016-03-16T22:00:00Z,0,0
6290855005,2016-03-16T23:00:00Z,0,0
6290855005,2016-03-17T00:00:00Z,0,0
6290855005,2016-03-17T01:00:00Z,0,0
6290855005,2016-03-17T02:00:00Z,0,0
6290855005,2016-03-17T03:00:00Z,0,0
6290855005,2016-03-17T04:00:00Z,1,0.016667
6290855005,2016-03-17T05:00:00Z,11,0.183333
6290855005,2016-03-17T06:00:00Z,27,0.45
6290855005,2016-03-17T07:00:00Z,32,0.533333
6290855005,2016-03-17T08:00:00Z,22,0.366667
6290855005,2016-03-17T09:00:00Z,28,0.466667
6290855005,2016-03-17T10:00:00Z,13,0.216667
6290855005,2016-03-17T11:00:00Z,31,0.516667
6290855005,2016-03-17T12:00:00Z,16,0.266667
6290855005,2016-03-17T13:00:00Z,16,0.266667
6290855005,2016-03-17T14:00:00Z,27,0.45
6290855005,2016-03-17T15:00:00Z,14,0.233333
6290855005,2016-03-17T16:00:00Z,18,0.3
6290855005,2016-03-17T17:00:00Z,0,0
6290855005,2016-03-17T18:00:00Z,0,0
6290855005,2016-03-17T19:00:00Z,0,0
6290855005,2016-03-17T20:00:00Z,0,0
6290855005,2016-03-17T21:00:00Z,0,0
6290855005,2016-03-17T22:00:00Z,0,0
6290855005,2016-03-17T23:00:00Z,0,0
6290855005,2016-03-18T00:00:00Z,0,0
6290855005,2016-03-18T01:00:00Z,0,0
6290855005,2016-03-18T02:00:00Z,0,0
6290855005,2016-03-18T03:00:00Z,0,0
6290855005,2016-03-18T04:00:00Z,0,0
6290855005,2016-03-18T05:00:00Z,21,0.35
6290855005,2016-03-18T06:00:00Z,22,0.366667
6290855005,2016-03-18T07:00:00Z,13,0.216667
6290855005,2016-03-18T08:00:00Z,25,0.416667
6290855005,2016-03-18T09:00:00Z,23,0.383333
6290855005,2016-03-18T10:00:00Z,33,0.55
6290855005,2016-03-18T11:00:00Z,21,0.35
6290855005,2016-03-18T12:00:00Z,20,0.333333
6290855005,2016-03-18T13:00:00Z,33,0.55
6290855005,2016-03-18T14:00:00Z,40,0.666667
6290855005,2016-03-18T15:00:00Z,16,0.266667
6290855005,2016-03-18T16:00:00Z,16,0.266667
6290855005,2016-03-18T17:00:00Z,8,0.133333
6290855005,2016-03-18T18:00:00Z,0,0
6290855005,2016-03-18T19:00:00Z,0,0
6290855005,2016-03-18T20:00:00Z,0,0
6290855005,2016-03-18T21:00:00Z,0,0
6290855005,2016-03-18T22:00:00Z,0,0
6290855005,2016-03-18T23:00:00Z,0,0
6290855005,2016-03-19T00:00:00Z,0,0
6290855005,2016-03-19T01:00:00Z,0,0
6290855005,2016-03-19T02:00:00Z,0,0
6290855005,2016-03-19T03:00:00Z,0,0
6290855005,2016-03-19T04:00:00Z,0,0
6290855005,2016-03-19T05:00:00Z,0,0
6290855005,2016-03-19T06:00:00Z,0,0
6290855005,2016-03-19T07:00:00Z,0,0
6290855005,2016-03-19T08:00:00Z,0,0
6290855005,2016-03-19T09:00:00Z,4,0.066667
6290855005,2016-03-19T10:00:00Z,29,0.483333
6290855005,2016-03-19T11:00:00Z,3,0.05
6290855005,2016-03-19T12:00:00Z,31,0.516667
6290855005,2016-03-19T13:00:00Z,13,0.216667
6290855005,2016-03-19T14:00:00Z,49,0.816667
6290855005,2016-03-19T15:00:00Z,40,0.666667
6290855005,2016-03-19T16:00:00Z,40,0.666667
6290855005,2016-03-19T17:00:00Z,39,0.65
6290855005,2016-03-19T18:00:00Z,12,0.2
6290855005,2016-03-19T19:00:00Z,0,0
6290855005,2016-03-19T20:00:00Z,0,0
6290855005,2016-03-19T21:00:00Z,0,0
6290855005,2016-03-19T22:00:00Z,0,0
6290855005,2016-03-19T23:00:00Z,0,0
6290855005,2016-03-20T00:00:00Z,0,0
6290855005,2016-03-20T01:00:00Z,0,0
6290855005,2016-03-20T02:00:00Z,0,0
6290855005,2016-03-20T03:00:00Z,0,0
6290855005,2016-03-20T04:00:00Z,0,0
6290855005,2016-03-20T05:00:00Z,1,0.016667
6290855005,2016-03-20T06:00:00Z,12,0.2
6290855005,2016-03-20T07:00:00Z,22,0.366667
6290855005,2016-03-20T08:00:00Z,19,0.316667
6290855005,2016-03-20T09:00:00Z,70,1.166667
6290855005,2016-03-20T10:00:00Z,52,0.866667
6290855005,2016-03-20T11:00:00Z,15,0.25
6290855005,2016-03-20T12:00:00Z,18,0.3
6290855005,2016-03-20T13:00:00Z,19,0.316667
6290855005,2016-03-20T14:00:00Z,13,0.216667
6290855005,2016-03-20T15:00:00Z,28,0.466667
6290855005,2016-03-20T16:00:00Z,17,0.283333
6290855005,2016-03-20T17:00:00Z,31,0.516667
6290855005,2016-03-20T18:00:00Z,13,0.216667
6290855005,2016-03-20T19:00:00Z,0,0
6290855005,2016-03-20T20:00:00Z,0,0
6290855005,2016-03-20T21:00:00Z,0,0
6290855005,2016-03-20T22:00:00Z,0,0
6290855005,2016-03-20T23:00:00Z,0,0
6290855005,2016-03-21T00:00:00Z,0,0
6290855005,2016-03-21T01:00:00Z,0,0
6290855005,2016-03-21T02:00:00Z,0,0
6290855005,2016-03-21T03:00:00Z,0,0
6290855005,2016-03-21T04:00:00Z,0,0
6290855005,2016-03-21T05:00:00Z,0,0
6290855005,2016-03-21T06:00:00Z,0,0
6290855005,2016-03-21T07:00:00Z,0,0
6290855005,2016-03-21T08:00:00Z,0,0
6290855005,2016-03-21T09:00:00Z,0,0
6290855005,2016-03-21T10:00:00Z,2,0.033333
6290855005,2016-03-21T11:00:00Z,45,0.75
6290855005,2016-03-21T12:00:00Z,44,0.733333
6290855005,2016-03-21T13:00:00Z,39,0.65
6290855005,2016-03-21T14:00:00Z,32,0.533333
6290855005,2016-03-21T15:00:00Z,22,0.366667
6290855005,2016-03-21T16:00:00Z,11,0.183333
6290855005,2016-03-21T17:00:00Z,0,0
6290855005,2016-03-21T18:00:00Z,0,0
6290855005,2016-03-21T19:00:00Z,0,0
6290855005,2016-03-21T20:00:00Z,0,0
6290855005,2016-03-21T21:00:00Z,0,0
6290855005,2016-03-21T22:00:00Z,0,0
6290855005,2016-03-21T23:00:00Z,0,0
6290855005,2016-03-22T00:00:00Z,0,0
6290855005,2016-03-22T01:00:00Z,0,0
6290855005,2016-03-22T02:00:00Z,0,0
6290855005,2016-03-22T03:00:00Z,0,0
6290855005,2016-03-22T04:00:00Z,0,0
6290855005,2016-03-22T05:00:00Z,0,0
6290855005,2016-03-22T06:00:00Z,0,0
6290855005,2016-03-22T07:00:00Z,0,0
6290855005,2016-03-22T08:00:00Z,0,0
6290855005,2016-03-22T09:00:00Z,72,1.2
6290855005,2016-03-22T10:00:00Z,75,1.25
6290855005,2016-03-22T11:00:00Z,74,1.233333
6290855005,2016-03-22T12:00:00Z,0,0
6290855005,2016-03-22T13:00:00Z,15,0.25
6290855005,2016-03-22T14:00:00Z,12,0.2
6290855005,2016-03-22T15:00:00Z,19,0.316667
6290855005,2016-03-22T16:00:00Z,26,0.433333
6290855005,2016-03-22T17:00:00Z,27,0.45
6290855005,2016-03-22T18:00:00Z,31,0.516667
6290855005,2016-03-22T19:00:00Z,7,0.116667
6290855005,2016-03-22T20:00:00Z,0,0
6290855005,2016-03-22T21:00:00Z,0,0
6290855005,2016-03-22T22:00:00Z,0,0
6290855005,2016-03-22T23:00:00Z,0,0
6290855005,2016-03-23T00:00:00Z,0,0
6290855005,2016-03-23T01:00:00Z,0,0
6290855005,2016-03-23T02:00:00Z,0,0
6290855005,2016-03-23T03:00:00Z,0,0
6290855005,2016-03-23T04:00:00Z,0,0
6290855005,2016-03-23T05:00:00Z,0,0
6290855005,2016-03-23T06:00:00Z,0,0
6290855005,2016-03-23T07:00:00Z,0,0
6290855005,2016-03-23T08:00:00Z,5,0.083333
6290855005,2016-03-23T09:00:00Z,16,0.266667
6290855005,2016-03-23T10:00:00Z,16,0.266667
6290855005,2016-03-23T11:00:00Z,7,0.116667
6290855005,2016-03-23T12:00:00Z,10,0.166667
6290855005,2016-03-23T13:00:00Z,2,0.033333
6290855005,2016-03-23T14:00:00Z,5,0.083333
6290855005,2016-03-23T15:00:00Z,15,0.25
6290855005,2016-03-23T16:00:00Z,15,0.25
6290855005,2016-03-23T17:00:00Z,27,0.45
6290855005,2016-03-23T18:00:00Z,12,0.2
6290855005,2016-03-23T19:00:00Z,5,0.083333
6290855005,2016-03-23T20:00:00Z,0,0
6290855005,2016-03-23T21:00:00Z,0,0
6290855005,2016-03-23T22:00:00Z,0,0
6290855005,2016-03-23T23:00:00Z,0,0
6290855005,2016-03-24T00:00:00Z,0,0
6290855005,2016-03-24T01:00:00Z,0,0
6290855005,2016-03-24T02:00:00Z,0,0
6290855005,2016-03-24T03:00:00Z,0,0
6290855005,2016-03-24T04:00:00Z,0,0
6290855005,2016-03-24T05:00:00Z,0,0
6290855005,2016-03-24T06:00:00Z,13,0.216667
6290855005,2016-03-24T07:00:00Z,15,0.25
6290855005,2016-03-24T08:00:00Z,21,0.35
6290855005,2016-03-24T09:00:00Z,29,0.483333
6290855005,2016-03-24T10:00:00Z,34,0.566667
6290855005,2016-03-24T11:00:00Z,40,0.666667
6290855005,2016-03-24T12:00:00Z,8,0.133333
6290855005,2016-03-24T13:00:00Z,5,0.083333
6290855005,2016-03-24T14:00:00Z,8,0.133333
6290855005,2016-03-24T15:00:00Z,12,0.2
6290855005,2016-03-24T16:00:00Z,27,0.45
6290855005,2016-03-24T17:00:00Z,0,0
6290855005,2016-03-24T18:00:00Z,0,0
6290855005,2016-03-24T19:00:00Z,0,0
6290855005,2016-03-24T20:00:00Z,0,0
6290855005,2016-03-24T21:00:00Z,0,0
6290855005,2016-03-24T22:00:00Z,0,0
6290855005,2016-03-24T23:00:00Z,0,0
6290855005,2016-03-25T00:00:00Z,0,0
6290855005,2016-03-25T01:00:00Z,0,0
6290855005,2016-03-25T02:00:00Z,0,0
6290855005,2016-03-25T03:00:00Z,0,0
6290855005,2016-03-25T04:00:00Z,0,0
6290855005,2016-03-25T05:00:00Z,0,0
6290855005,2016-03-25T06:00:00Z,0,0
6290855005,2016-03-25T07:00:00Z,0,0
6290855005,2016-03-25T08:00:00Z,0,0
6290855005,2016-03-25T09:00:00Z,0,0
6290855005,2016-03-25T10:00:00Z,0,0
6290855005,2016-03-25T11:00:00Z,0,0
6290855005,2016-03-25T12:00:00Z,0,0
6290855005,2016-03-25T13:00:00Z,0,0
6290855005,2016-03-25T14:00:00Z,0,0
6290855005,2016-03-25T15:00:00Z,0,0
6290855005,2016-03-25T16:00:00Z,0,0
6290855005,2016-03-25T17:00:00Z,0,0
6290855005,2016-03-25T18:00:00Z,0,0
6290855005,2016-03-25T19:00:00Z,0,0
6290855005,2016-03-25T20:00:00Z,0,0
6290855005,2016-03-25T21:00:00Z,0,0
6290855005,2016-03-25T22:00:00Z,0,0
6290855005,2016-03-25T23:00:00Z,0,0
6290855005,2016-03-26T00:00:00Z,0,0
6290855005,2016-03-26T01:00:00Z,0,0
6290855005,2016-03-26T02:00:00Z,0,0
6290855005,2016-03-26T03:00:00Z,0,0
6290855005,2016-03-26T04:00:00Z,0,0
6290855005,2016-03-26T05:00:00Z,0,0
6290855005,2016-03-26T06:00:00Z,0,0
6290855005,2016-03-26T07:00:00Z,0,0
6290855005,2016-03-26T08:00:00Z,0,0
6290855005,2016-03-26T09:00:00Z,0,0
6290855005,2016-03-26T10:00:00Z,0,0
6290855005,2016-03-26T11:00:00Z,0,0
6290855005,2016-03-26T12:00:00Z,0,0
6290855005,2016-03-26T13:00:00Z,0,0
6290855005,2016-03-26T14:00:00Z,0,0
6290855005,2016-03-26T15:00:00Z,0,0
6290855005,2016-03-26T16:00:00Z,0,0
6290855005,2016-03-26T17:00:00Z,0,0
6290855005,2016-03-26T18:00:00Z,0,0
6290855005,2016-03-26T19:00:00Z,0,0
6290855005,2016-03-26T20:00:00Z,0,0
6290855005,2016-03-26T21:00:00Z,0,0
6290855005,2016-03-26T22:00:00Z,0,0
6290855005,2016-03-26T23:00:00Z,0,0
6290855005,2016-03-27T00:00:00Z,0,0
6290855005,2016-03-27T01:00:00Z,0,0
6290855005,2016-03-27T02:00:00Z,0,0
6290855005,2016-03-27T03:00:00Z,0,0
6290855005,2016-03-27T04:00:00Z,0,0
6290855005,2016-03-27T05:00:00Z,0,0
6290855005,2016-03-27T06:00:00Z,0,0
6290855005,2016-03-27T07:00:00Z,0,0
6290855005,2016-03-27T08:00:00Z,0,0
6290855005,2016-03-27T09:00:00Z,72,1.2
6290855005,2016-03-27T10:00:00Z,45,0.75
6290855005,2016-03-27T11:00:00Z,22,0.366667
6290855005,2016-03-27T12:00:00Z,78,1.3
6290855005,2016-03-27T13:00:00Z,39,0.65
6290855005,2016-03-27T14:00:00Z,32,0.533333
6290855005,2016-03-27T15:00:00Z,18,0.3
6290855005,2016-03-27T16:00:00Z,35,0.583333
6290855005,2016-03-27T17:00:00Z,29,0.483333
6290855005,2016-03-27T18:00:00Z,0,0
6290855005,2016-03-27T19:00:00Z,25,0.416667
6290855005,2016-03-27T20:00:00Z,14,0.233333
6290855005,2016-03-27T21:00:00Z,0,0
6290855005,2016-03-27T22:00:00Z,0,0
6290855005,2016-03-27T23:00:00Z,0,0
6290855005,2016-03-28T00:00:00Z,0,0
6290855005,2016-03-28T01:00:00Z,0,0
6290855005,2016-03-28T02:00:00Z,0,0
6290855005,2016-03-28T03:00:00Z,0,0
6290855005,2016-03-28T04:00:00Z,0,0
6290855005,2016-03-28T05:00:00Z,0,0
6290855005,2016-03-28T06:00:00Z,0,0
6290855005,2016-03-28T07:00:00Z,0,0
6290855005,2016-03-28T08:00:00Z,0,0
6290855005,2016-03-28T09:00:00Z,0,0
6290855005,2016-03-28T10:00:00Z,0,0
6290855005,2016-03-28T11:00:00Z,78,1.3
6290855005,2016-03-28T12:00:00Z,94,1.566667
6290855005,2016-03-28T13:00:00Z,25,0.416667
6290855005,2016-03-28T14:00:00Z,20,0.333333
6290855005,2016-03-28T15:00:00Z,23,0.383333
6290855005,2016-03-28T16:00:00Z,32,0.533333
6290855005,2016-03-28T17:00:00Z,12,0.2
6290855005,2016-03-28T18:00:00Z,24,0.4
6290855005,2016-03-28T19:00:00Z,7,0.116667
6290855005,2016-03-28T20:00:00Z,9,0.15
6290855005,2016-03-28T21:00:00Z,11,0.183333
6290855005,2016-03-28T22:00:00Z,7,0.116667
6290855005,2016-03-28T23:00:00Z,0,0
6290855005,2016-03-29T00:00:00Z,0,0
6290855005,2016-03-29T01:00:00Z,0,0
6290855005,2016-03-29T02:00:00Z,0,0
6290855005,2016-03-29T03:00:00Z,0,0
6290855005,2016-03-29T04:00:00Z,0,0
6290855005,2016-03-29T05:00:00Z,0,0
6290855005,2016-03-29T06:00:00Z,18,0.3
6290855005,2016-03-29T07:00:00Z,34,0.566667
6290855005,2016-03-29T08:00:00Z,8,0.133333
6290855005,2016-03-29T09:00:00Z,11,0.183333
6290855005,2016-03-29T10:00:00Z,12,0.2
6290855005,2016-03-29T11:00:00Z,4,0.066667
6290855005,2016-03-29T12:00:00Z,17,0.283333
6290855005,2016-03-29T13:00:00Z,14,0.233333
6290855005,2016-03-29T14:00:00Z,13,0.216667
6290855005,2016-03-29T15:00:00Z,32,0.533333
6290855005,2016-03-29T16:00:00Z,20,0.333333
6290855005,2016-03-29T17:00:00Z,17,0.283333
6290855005,2016-03-29T18:00:00Z,20,0.333333
6290855005,2016-03-29T19:00:00Z,0,0
6290855005,2016-03-29T20:00:00Z,0,0
6290855005,2016-03-29T21:00:00Z,0,0
6290855005,2016-03-29T22:00:00Z,0,0
6290855005,2016-03-29T23:00:00Z,0,0
6290855005,2016-03-30T00:00:00Z,0,0
6290855005,2016-03-30T01:00:00Z,0,0
6290855005,2016-03-30T02:00:00Z,0,0
6290855005,2016-03-30T03:00:00Z,0,0
6290855005,2016-03-30T04:00:00Z,0,0
6290855005,2016-03-30T05:00:00Z,0,0
6290855005,2016-03-30T06:00:00Z,15,0.25
6290855005,2016-03-30T07:00:00Z,19,0.316667
6290855005,2016-03-30T08:00:00Z,20,0.333333
6290855005,2016-03-30T09:00:00Z,22,0.366667
6290855005,2016-03-30T10:00:00Z,25,0.416667
6290855005,2016-03-30T11:00:00Z,17,0.283333
6290855005,2016-03-30T12:00:00Z,19,0.316667
6290855005,2016-03-30T13:00:00Z,21,0.35
6290855005,2016-03-30T14:00:00Z,33,0.55
6290855005,2016-03-30T15:00:00Z,33,0.55
6290855005,2016-03-30T16:00:00Z,26,0.433333
6290855005,2016-03-30T17:00:00Z,27,0.45
6290855005,2016-03-30T18:00:00Z,13,0.216667
6290855005,2016-03-30T19:00:00Z,0,0
6290855005,2016-03-30T20:00:00Z,0,0
6290855005,2016-03-30T21:00:00Z,0,0
6290855005,2016-03-30T22:00:00Z,0,0
6290855005,2016-03-30T23:00:00Z,0,0
6290855005,2016-03-31T00:00:00Z,0,0
6290855005,2016-03-31T01:00:00Z,0,0
6290855005,2016-03-31T02:00:00Z,0,0
6290855005,2016-03-31T03:00:00Z,0,0
6290855005,2016-03-31T04:00:00Z,0,0
6290855005,2016-03-31T05:00:00Z,0,0
6290855005,2016-03-31T06:00:00Z,0,0
6290855005,2016-03-31T07:00:00Z,0,0
6290855005,2016-03-31T08:00:00Z,0,0
6290855005,2016-03-31T09:00:00Z,0,0
6290855005,2016-03-31T10:00:00Z,0,0
6290855005,2016-03-31T11:00:00Z,0,0
6290855005,2016-03-31T12:00:00Z,0,0
6290855005,2016-03-31T13:00:00Z,0,0
6290855005,2016-03-31T14:00:00Z,0,0
6290855005,2016-03-31T15:00:00Z,0,0
6290855005,2016-03-31T16:00:00Z,0,0
6290855005,2016-03-31T17:00:00Z,0,0
6290855005,2016-03-31T18:00:00Z,0,0
6290855005,2016-03-31T19:00:00Z,0,0
6290855005,2016-03-31T20:00:00Z,0,0
6290855005,2016-03-31T21:00:00Z,0,0
6290855005,2016-03-31T22:00:00Z,0,0
6290855005,2016-03-31T23:00:00Z,0,0
6290855005,2016-04-01T00:00:00Z,0,0
6290855005,2016-04-01T01:00:00Z,0,0
6290855005,2016-04-01T02:00:00Z,0,0
6290855005,2016-04-01T03:00:00Z,0,0
6290855005,2016-04-01T04:00:00Z,0,0
6290855005,2016-04-01T05:00:00Z,9,0.15
6290855005,2016-04-01T06:00:00Z,8,0.133333
6290855005,2016-04-01T07:00:00Z,26,0.433333
6290855005,2016-04-01T08:00:00Z,6,0.1
6290855005,2016-04-01T09:00:00Z,26,0.433333
6290855005,2016-04-01T10:00:00Z,27,0.45
6290855005,2016-04-01T11:00:00Z,19,0.316667
6290855005,2016-04-01T12:00:00Z,17,0.283333
6290855005,2016-04-01T13:00:00Z,20,0.333333
6290855005,2016-04-01T14:00:00Z,39,0.65
6290855005,2016-04-01T15:00:00Z,15,0.25
6290855005,2016-04-01T16:00:00Z,12,0.2
6290855005,2016-04-01T17:00:00Z,27,0.45
6290855005,2016-04-01T18:00:00Z,2,0.033333
6290855005,2016-04-01T19:00:00Z,18,0.3
6290855005,2016-04-01T20:00:00Z,8,0.133333
6290855005,2016-04-01T21:00:00Z,1,0.016667
6290855005,2016-04-01T22:00:00Z,0,0
6290855005,2016-04-01T23:00:00Z,0,0
6290855005,2016-04-02T00:00:00Z,0,0
6290855005,2016-04-02T01:00:00Z,0,0
6290855005,2016-04-02T02:00:00Z,0,0
6290855005,2016-04-02T03:00:00Z,0,0
6290855005,2016-04-02T04:00:00Z,0,0
6290855005,2016-04-02T05:00:00Z,0,0
6290855005,2016-04-02T06:00:00Z,0,0
6290855005,2016-04-02T07:00:00Z,4,0.066667
6290855005,2016-04-02T08:00:00Z,11,0.183333
6290855005,2016-04-02T09:00:00Z,6,0.1
6290855005,2016-04-02T10:00:00Z,7,0.116667
6290855005,2016-04-02T11:00:00Z,17,0.283333
6290855005,2016-04-02T12:00:00Z,143,2.383333
6290855005,2016-04-02T13:00:00Z,61,1.016667
6290855005,2016-04-02T14:00:00Z,10,0.166667
6290855005,2016-04-02T15:00:00Z,20,0.333333
6290855005,2016-04-02T16:00:00Z,0,0
6391747486,2016-03-12T00:00:00Z,0,0
6391747486,2016-03-12T01:00:00Z,0,0
6391747486,2016-03-12T02:00:00Z,0,0
6391747486,2016-03-12T03:00:00Z,0,0
6391747486,2016-03-12T04:00:00Z,0,0
6391747486,2016-03-12T05:00:00Z,0,0
6391747486,2016-03-12T06:00:00Z,0,0
6391747486,2016-03-12T07:00:00Z,0,0
6391747486,2016-03-12T08:00:00Z,0,0
6391747486,2016-03-12T09:00:00Z,0,0
6391747486,2016-03-12T10:00:00Z,0,0
6391747486,2016-03-12T11:00:00Z,0,0
6391747486,2016-03-12T12:00:00Z,0,0
6391747486,2016-03-12T13:00:00Z,0,0
6391747486,2016-03-12T14:00:00Z,0,0
6391747486,2016-03-12T15:00:00Z,0,0
6391747486,2016-03-12T16:00:00Z,0,0
6391747486,2016-03-12T17:00:00Z,0,0
6391747486,2016-03-12T18:00:00Z,0,0
6391747486,2016-03-12T19:00:00Z,0,0
6391747486,2016-03-12T20:00:00Z,0,0
6391747486,2016-03-12T21:00:00Z,0,0
6391747486,2016-03-12T22:00:00Z,0,0
6391747486,2016-03-12T23:00:00Z,0,0
6391747486,2016-03-13T00:00:00Z,0,0
6391747486,2016-03-13T01:00:00Z,0,0
6391747486,2016-03-13T02:00:00Z,0,0
6391747486,2016-03-13T03:00:00Z,0,0
6391747486,2016-03-13T04:00:00Z,0,0
6391747486,2016-03-13T05:00:00Z,0,0
6391747486,2016-03-13T06:00:00Z,0,0
6391747486,2016-03-13T07:00:00Z,0,0
6391747486,2016-03-13T08:00:00Z,0,0
6391747486,2016-03-13T09:00:00Z,0,0
6391747486,2016-03-13T10:00:00Z,0,0
6391747486,2016-03-13T11:00:00Z,0,0
6391747486,2016-03-13T12:00:00Z,0,0
6391747486,2016-03-13T13:00:00Z,0,0
6391747486,2016-03-13T14:00:00Z,0,0
6391747486,2016-03-13T15:00:00Z,0,0
6391747486,2016-03-13T16:00:00Z,0,0
6391747486,2016-03-13T17:00:00Z,0,0
6391747486,2016-03-13T18:00:00Z,0,0
6391747486,2016-03-13T19:00:00Z,0,0
6391747486,2016-03-13T20:00:00Z,0,0
6391747486,2016-03-13T21:00:00Z,0,0
6391747486,2016-03-13T22:00:00Z,0,0
6391747486,2016-03-13T23:00:00Z,0,0
6391747486,2016-03-14T00:00:00Z,0,0
6391747486,2016-03-14T01:00:00Z,0,0
6391747486,2016-03-14T02:00:00Z,0,0
6391747486,2016-03-14T03:00:00Z,0,0
6391747486,2016-03-14T04:00:00Z,0,0
6391747486,2016-03-14T05:00:00Z,0,0
6391747486,2016-03-14T06:00:00Z,0,0
6391747486,2016-03-14T07:00:00Z,0,0
6391747486,2016-03-14T08:00:00Z,0,0
6391747486,2016-03-14T09:00:00Z,0,0
6391747486,2016-03-14T10:00:00Z,0,0
6391747486,2016-03-14T11:00:00Z,0,0
6391747486,2016-03-14T12:00:00Z,0,0
6391747486,2016-03-14T13:00:00Z,0,0
6391747486,2016-03-14T14:00:00Z,0,0
6391747486,2016-03-14T15:00:00Z,0,0
6391747486,2016-03-14T16:00:00Z,0,0
6391747486,2016-03-14T17:00:00Z,0,0
6391747486,2016-03-14T18:00:00Z,0,0
6391747486,2016-03-14T19:00:00Z,0,0
6391747486,2016-03-14T20:00:00Z,0,0
6391747486,2016-03-14T21:00:00Z,0,0
6391747486,2016-03-14T22:00:00Z,0,0
6391747486,2016-03-14T23:00:00Z,0,0
6391747486,2016-03-15T00:00:00Z,0,0
6391747486,2016-03-15T01:00:00Z,0,0
6391747486,2016-03-15T02:00:00Z,0,0
6391747486,2016-03-15T03:00:00Z,0,0
6391747486,2016-03-15T04:00:00Z,0,0
6391747486,2016-03-15T05:00:00Z,0,0
6391747486,2016-03-15T06:00:00Z,0,0
6391747486,2016-03-15T07:00:00Z,0,0
6391747486,2016-03-15T08:00:00Z,0,0
6391747486,2016-03-15T09:00:00Z,0,0
6391747486,2016-03-15T10:00:00Z,0,0
6391747486,2016-03-15T11:00:00Z,0,0
6391747486,2016-03-15T12:00:00Z,0,0
6391747486,2016-03-15T13:00:00Z,0,0
6391747486,2016-03-15T14:00:00Z,0,0
6391747486,2016-03-15T15:00:00Z,0,0
6391747486,2016-03-15T16:00:00Z,0,0
6391747486,2016-03-15T17:00:00Z,0,0
6391747486,2016-03-15T18:00:00Z,0,0
6391747486,2016-03-15T19:00:00Z,0,0
6391747486,2016-03-15T20:00:00Z,0,0
6391747486,2016-03-15T21:00:00Z,0,0
6391747486,2016-03-15T22:00:00Z,0,0
6391747486,2016-03-15T23:00:00Z,0,0
6391747486,2016-03-16T00:00:00Z,0,0
6391747486,2016-03-16T01:00:00Z,0,0
6391747486,2016-03-16T02:00:00Z,0,0
6391747486,2016-03-16T03:00:00Z,0,0
6391747486,2016-03-16T04:00:00Z,0,0
6391747486,2016-03-16T05:00:00Z,0,0
6391747486,2016-03-16T06:00:00Z,0,0
6391747486,2016-03-16T07:00:00Z,0,0
6391747486,2016-03-16T08:00:00Z,0,0
6391747486,2016-03-16T09:00:00Z,0,0
6391747486,2016-03-16T10:00:00Z,0,0
6391747486,2016-03-16T11:00:00Z,0,0
6391747486,2016-03-16T12:00:00Z,0,0
6391747486,2016-03-16T13:00:00Z,0,0
6391747486,2016-03-16T14:00:00Z,0,0
6391747486,2016-03-16T15:00:00Z,0,0
6391747486,2016-03-16T16:00:00Z,0,0
6391747486,2016-03-16T17:00:00Z,0,0
6391747486,2016-03-16T18:00:00Z,0,0
6391747486,2016-03-16T19:00:00Z,0,0
6391747486,2016-03-16T20:00:00Z,0,0
6391747486,2016-03-16T21:00:00Z,0,0
6391747486,2016-03-16T22:00:00Z,0,0
6391747486,2016-03-16T23:00:00Z,0,0
6391747486,2016-03-17T00:00:00Z,0,0
6391747486,2016-03-17T01:00:00Z,0,0
6391747486,2016-03-17T02:00:00Z,0,0
6391747486,2016-03-17T03:00:00Z,0,0
6391747486,2016-03-17T04:00:00Z,0,0
6391747486,2016-03-17T05:00:00Z,0,0
6391747486,2016-03-17T06:00:00Z,0,0
6391747486,2016-03-17T07:00:00Z,0,0
6391747486,2016-03-17T08:00:00Z,0,0
6391747486,2016-03-17T09:00:00Z,0,0
6391747486,2016-03-17T10:00:00Z,0,0
6391747486,2016-03-17T11:00:00Z,0,0
6391747486,2016-03-17T12:00:00Z,0,0
6391747486,2016-03-17T13:00:00Z,0,0
6391747486,2016-03-17T14:00:00Z,0,0
6391747486,2016-03-17T15:00:00Z,0,0
6391747486,2016-03-17T16:00:00Z,0,0
6391747486,2016-03-17T17:00:00Z,0,0
6391747486,2016-03-17T18:00:00Z,0,0
6391747486,2016-03-17T19:00:00Z,0,0
6391747486,2016-03-17T20:00:00Z,0,0
6391747486,2016-03-17T21:00:00Z,0,0
6391747486,2016-03-17T22:00:00Z,0,0
6391747486,2016-03-17T23:00:00Z,0,0
6391747486,2016-03-18T00:00:00Z,0,0
6391747486,2016-03-18T01:00:00Z,0,0
6391747486,2016-03-18T02:00:00Z,0,0
6391747486,2016-03-18T03:00:00Z,0,0
6391747486,2016-03-18T04:00:00Z,0,0
6391747486,2016-03-18T05:00:00Z,0,0
6391747486,2016-03-18T06:00:00Z,0,0
6391747486,2016-03-18T07:00:00Z,0,0
6391747486,2016-03-18T08:00:00Z,0,0
6391747486,2016-03-18T09:00:00Z,0,0
6391747486,2016-03-18T10:00:00Z,0,0
6391747486,2016-03-18T11:00:00Z,0,0
6391747486,2016-03-18T12:00:00Z,0,0
6391747486,2016-03-18T13:00:00Z,0,0
6391747486,2016-03-18T14:00:00Z,0,0
6391747486,2016-03-18T15:00:00Z,0,0
6391747486,2016-03-18T16:00:00Z,0,0
6391747486,2016-03-18T17:00:00Z,0,0
6391747486,2016-03-18T18:00:00Z,0,0
6391747486,2016-03-18T19:00:00Z,0,0
6391747486,2016-03-18T20:00:00Z,0,0
6391747486,2016-03-18T21:00:00Z,0,0
6391747486,2016-03-18T22:00:00Z,0,0
6391747486,2016-03-18T23:00:00Z,0,0
6391747486,2016-03-19T00:00:00Z,0,0
6391747486,2016-03-19T01:00:00Z,0,0
6391747486,2016-03-19T02:00:00Z,0,0
6391747486,2016-03-19T03:00:00Z,0,0
6391747486,2016-03-19T04:00:00Z,0,0
6391747486,2016-03-19T05:00:00Z,0,0
6391747486,2016-03-19T06:00:00Z,0,0
6391747486,2016-03-19T07:00:00Z,0,0
6391747486,2016-03-19T08:00:00Z,0,0
6391747486,2016-03-19T09:00:00Z,0,0
6391747486,2016-03-19T10:00:00Z,0,0
6391747486,2016-03-19T11:00:00Z,0,0
6391747486,2016-03-19T12:00:00Z,0,0
6391747486,2016-03-19T13:00:00Z,0,0
6391747486,2016-03-19T14:00:00Z,0,0
6391747486,2016-03-19T15:00:00Z,0,0
6391747486,2016-03-19T16:00:00Z,0,0
6391747486,2016-03-19T17:00:00Z,0,0
6391747486,2016-03-19T18:00:00Z,0,0
6391747486,2016-03-19T19:00:00Z,0,0
6391747486,2016-03-19T20:00:00Z,0,0
6391747486,2016-03-19T21:00:00Z,0,0
6391747486,2016-03-19T22:00:00Z,0,0
6391747486,2016-03-19T23:00:00Z,0,0
6391747486,2016-03-20T00:00:00Z,0,0
6391747486,2016-03-20T01:00:00Z,0,0
6391747486,2016-03-20T02:00:00Z,0,0
6391747486,2016-03-20T03:00:00Z,0,0
6391747486,2016-03-20T04:00:00Z,0,0
6391747486,2016-03-20T05:00:00Z,0,0
6391747486,2016-03-20T06:00:00Z,0,0
6391747486,2016-03-20T07:00:00Z,0,0
6391747486,2016-03-20T08:00:00Z,0,0
6391747486,2016-03-20T09:00:00Z,0,0
6391747486,2016-03-20T10:00:00Z,0,0
6391747486,2016-03-20T11:00:00Z,0,0
6391747486,2016-03-20T12:00:00Z,0,0
6391747486,2016-03-20T13:00:00Z,0,0
6391747486,2016-03-20T14:00:00Z,0,0
6391747486,2016-03-20T15:00:00Z,0,0
6391747486,2016-03-20T16:00:00Z,0,0
6391747486,2016-03-20T17:00:00Z,0,0
6391747486,2016-03-20T18:00:00Z,0,0
6391747486,2016-03-20T19:00:00Z,0,0
6391747486,2016-03-20T20:00:00Z,0,0
6391747486,2016-03-20T21:00:00Z,0,0
6391747486,2016-03-20T22:00:00Z,0,0
6391747486,2016-03-20T23:00:00Z,0,0
6391747486,2016-03-21T00:00:00Z,0,0
6391747486,2016-03-21T01:00:00Z,0,0
6391747486,2016-03-21T02:00:00Z,0,0
6391747486,2016-03-21T03:00:00Z,0,0
6391747486,2016-03-21T04:00:00Z,0,0
6391747486,2016-03-21T05:00:00Z,0,0
6391747486,2016-03-21T06:00:00Z,0,0
6391747486,2016-03-21T07:00:00Z,0,0
6391747486,2016-03-21T08:00:00Z,0,0
6391747486,2016-03-21T09:00:00Z,0,0
6391747486,2016-03-21T10:00:00Z,0,0
6391747486,2016-03-21T11:00:00Z,0,0
6391747486,2016-03-21T12:00:00Z,0,0
6391747486,2016-03-21T13:00:00Z,0,0
6391747486,2016-03-21T14:00:00Z,0,0
6391747486,2016-03-21T15:00:00Z,0,0
6391747486,2016-03-21T16:00:00Z,0,0
6391747486,2016-03-21T17:00:00Z,0,0
6391747486,2016-03-21T18:00:00Z,0,0
6391747486,2016-03-21T19:00:00Z,0,0
6391747486,2016-03-21T20:00:00Z,0,0
6391747486,2016-03-21T21:00:00Z,0,0
6391747486,2016-03-21T22:00:00Z,0,0
6391747486,2016-03-21T23:00:00Z,0,0
6391747486,2016-03-22T00:00:00Z,0,0
6391747486,2016-03-22T01:00:00Z,0,0
6391747486,2016-03-22T02:00:00Z,0,0
6391747486,2016-03-22T03:00:00Z,0,0
6391747486,2016-03-22T04:00:00Z,0,0
6391747486,2016-03-22T05:00:00Z,0,0
6391747486,2016-03-22T06:00:00Z,0,0
6391747486,2016-03-22T07:00:00Z,0,0
6391747486,2016-03-22T08:00:00Z,0,0
6391747486,2016-03-22T09:00:00Z,0,0
6391747486,2016-03-22T10:00:00Z,0,0
6391747486,2016-03-22T11:00:00Z,0,0
6391747486,2016-03-22T12:00:00Z,0,0
6391747486,2016-03-22T13:00:00Z,0,0
6391747486,2016-03-22T14:00:00Z,0,0
6391747486,2016-03-22T15:00:00Z,0,0
6391747486,2016-03-22T16:00:00Z,0,0
6391747486,2016-03-22T17:00:00Z,0,0
6391747486,2016-03-22T18:00:00Z,0,0
6391747486,2016-03-22T19:00:00Z,0,0
6391747486,2016-03-22T20:00:00Z,0,0
6391747486,2016-03-22T21:00:00Z,0,0
6391747486,2016-03-22T22:00:00Z,0,0
6391747486,2016-03-22T23:00:00Z,0,0
6391747486,2016-03-23T00:00:00Z,0,0
6391747486,2016-03-23T01:00:00Z,0,0
6391747486,2016-03-23T02:00:00Z,0,0
6391747486,2016-03-23T03:00:00Z,0,0
6391747486,2016-03-23T04:00:00Z,0,0
6391747486,2016-03-23T05:00:00Z,0,0
6391747486,2016-03-23T06:00:00Z,0,0
6391747486,2016-03-23T07:00:00Z,0,0
6391747486,2016-03-23T08:00:00Z,0,0
6391747486,2016-03-23T09:00:00Z,0,0
6391747486,2016-03-23T10:00:00Z,0,0
6391747486,2016-03-23T11:00:00Z,0,0
6391747486,2016-03-23T12:00:00Z,0,0
6391747486,2016-03-23T13:00:00Z,0,0
6391747486,2016-03-23T14:00:00Z,0,0
6391747486,2016-03-23T15:00:00Z,0,0
6391747486,2016-03-23T16:00:00Z,0,0
6391747486,2016-03-23T17:00:00Z,0,0
6391747486,2016-03-23T18:00:00Z,0,0
6391747486,2016-03-23T19:00:00Z,0,0
6391747486,2016-03-23T20:00:00Z,0,0
6391747486,2016-03-23T21:00:00Z,0,0
6391747486,2016-03-23T22:00:00Z,0,0
6391747486,2016-03-23T23:00:00Z,0,0
6391747486,2016-03-24T00:00:00Z,0,0
6391747486,2016-03-24T01:00:00Z,0,0
6391747486,2016-03-24T02:00:00Z,0,0
6391747486,2016-03-24T03:00:00Z,0,0
6391747486,2016-03-24T04:00:00Z,0,0
6391747486,2016-03-24T05:00:00Z,0,0
6391747486,2016-03-24T06:00:00Z,0,0
6391747486,2016-03-24T07:00:00Z,0,0
6391747486,2016-03-24T08:00:00Z,0,0
6391747486,2016-03-24T09:00:00Z,0,0
6391747486,2016-03-24T10:00:00Z,0,0
6391747486,2016-03-24T11:00:00Z,0,0
6391747486,2016-03-24T12:00:00Z,0,0
6391747486,2016-03-24T13:00:00Z,0,0
6391747486,2016-03-24T14:00:00Z,0,0
6391747486,2016-03-24T15:00:00Z,0,0
6391747486,2016-03-24T16:00:00Z,0,0
6391747486,2016-03-24T17:00:00Z,0,0
6391747486,2016-03-24T18:00:00Z,0,0
6391747486,2016-03-24T19:00:00Z,0,0
6391747486,2016-03-24T20:00:00Z,0,0
6391747486,2016-03-24T21:00:00Z,0,0
6391747486,2016-03-24T22:00:00Z,0,0
6391747486,2016-03-24T23:00:00Z,0,0
6391747486,2016-03-25T00:00:00Z,0,0
6391747486,2016-03-25T01:00:00Z,0,0
6391747486,2016-03-25T02:00:00Z,0,0
6391747486,2016-03-25T03:00:00Z,0,0
6391747486,2016-03-25T04:00:00Z,0,0
6391747486,2016-03-25T05:00:00Z,0,0
6391747486,2016-03-25T06:00:00Z,0,0
6391747486,2016-03-25T07:00:00Z,0,0
6391747486,2016-03-25T08:00:00Z,0,0
6391747486,2016-03-25T09:00:00Z,0,0
6391747486,2016-03-25T10:00:00Z,0,0
6391747486,2016-03-25T11:00:00Z,0,0
6391747486,2016-03-25T12:00:00Z,0,0
6391747486,2016-03-25T13:00:00Z,0,0
6391747486,2016-03-25T14:00:00Z,0,0
6391747486,2016-03-25T15:00:00Z,0,0
6391747486,2016-03-25T16:00:00Z,0,0
6391747486,2016-03-25T17:00:00Z,0,0
6391747486,2016-03-25T18:00:00Z,0,0
6391747486,2016-03-25T19:00:00Z,0,0
6391747486,2016-03-25T20:00:00Z,0,0
6391747486,2016-03-25T21:00:00Z,0,0
6391747486,2016-03-25T22:00:00Z,0,0
6391747486,2016-03-25T23:00:00Z,0,0
6391747486,2016-03-26T00:00:00Z,0,0
6391747486,2016-03-26T01:00:00Z,0,0
6391747486,2016-03-26T02:00:00Z,0,0
6391747486,2016-03-26T03:00:00Z,0,0
6391747486,2016-03-26T04:00:00Z,0,0
6391747486,2016-03-26T05:00:00Z,0,0
6391747486,2016-03-26T06:00:00Z,0,0
6391747486,2016-03-26T07:00:00Z,0,0
6391747486,2016-03-26T08:00:00Z,0,0
6391747486,2016-03-26T09:00:00Z,0,0
6391747486,2016-03-26T10:00:00Z,0,0
6391747486,2016-03-26T11:00:00Z,0,0
6391747486,2016-03-26T12:00:00Z,0,0
6391747486,2016-03-26T13:00:00Z,0,0
6391747486,2016-03-26T14:00:00Z,0,0
6391747486,2016-03-26T15:00:00Z,0,0
6391747486,2016-03-26T16:00:00Z,0,0
6391747486,2016-03-26T17:00:00Z,0,0
6391747486,2016-03-26T18:00:00Z,0,0
6391747486,2016-03-26T19:00:00Z,0,0
6391747486,2016-03-26T20:00:00Z,0,0
6391747486,2016-03-26T21:00:00Z,0,0
6391747486,2016-03-26T22:00:00Z,0,0
6391747486,2016-03-26T23:00:00Z,0,0
6391747486,2016-03-27T00:00:00Z,0,0
6391747486,2016-03-27T01:00:00Z,0,0
6391747486,2016-03-27T02:00:00Z,0,0
6391747486,2016-03-27T03:00:00Z,0,0
6391747486,2016-03-27T04:00:00Z,0,0
6391747486,2016-03-27T05:00:00Z,0,0
6391747486,2016-03-27T06:00:00Z,0,0
6391747486,2016-03-27T07:00:00Z,0,0
6391747486,2016-03-27T08:00:00Z,0,0
6391747486,2016-03-27T09:00:00Z,0,0
6391747486,2016-03-27T10:00:00Z,0,0
6391747486,2016-03-27T11:00:00Z,0,0
6391747486,2016-03-27T12:00:00Z,0,0
6391747486,2016-03-27T13:00:00Z,0,0
6391747486,2016-03-27T14:00:00Z,0,0
6391747486,2016-03-27T15:00:00Z,0,0
6391747486,2016-03-27T16:00:00Z,0,0
6391747486,2016-03-27T17:00:00Z,0,0
6391747486,2016-03-27T18:00:00Z,0,0
6391747486,2016-03-27T19:00:00Z,0,0
6391747486,2016-03-27T20:00:00Z,0,0
6391747486,2016-03-27T21:00:00Z,0,0
6391747486,2016-03-27T22:00:00Z,0,0
6391747486,2016-03-27T23:00:00Z,0,0
6391747486,2016-03-28T00:00:00Z,0,0
6391747486,2016-03-28T01:00:00Z,0,0
6391747486,2016-03-28T02:00:00Z,0,0
6391747486,2016-03-28T03:00:00Z,0,0
6391747486,2016-03-28T04:00:00Z,0,0
6391747486,2016-03-28T05:00:00Z,0,0
6391747486,2016-03-28T06:00:00Z,0,0
6391747486,2016-03-28T07:00:00Z,0,0
6391747486,2016-03-28T08:00:00Z,0,0
6391747486,2016-03-28T09:00:00Z,0,0
6391747486,2016-03-28T10:00:00Z,0,0
6391747486,2016-03-28T11:00:00Z,0,0
6391747486,2016-03-28T12:00:00Z,0,0
6391747486,2016-03-28T13:00:00Z,0,0
6391747486,2016-03-28T14:00:00Z,0,0
6391747486,2016-03-28T15:00:00Z,0,0
6391747486,2016-03-28T16:00:00Z,0,0
6391747486,2016-03-28T17:00:00Z,0,0
6391747486,2016-03-28T18:00:00Z,0,0
6391747486,2016-03-28T19:00:00Z,0,0
6391747486,2016-03-28T20:00:00Z,0,0
6391747486,2016-03-28T21:00:00Z,0,0
6391747486,2016-03-28T22:00:00Z,0,0
6391747486,2016-03-28T23:00:00Z,0,0
6391747486,2016-03-29T00:00:00Z,0,0
6391747486,2016-03-29T01:00:00Z,0,0
6391747486,2016-03-29T02:00:00Z,0,0
6391747486,2016-03-29T03:00:00Z,0,0
6391747486,2016-03-29T04:00:00Z,0,0
6391747486,2016-03-29T05:00:00Z,0,0
6391747486,2016-03-29T06:00:00Z,0,0
6391747486,2016-03-29T07:00:00Z,0,0
6391747486,2016-03-29T08:00:00Z,0,0
6391747486,2016-03-29T09:00:00Z,0,0
6391747486,2016-03-29T10:00:00Z,0,0
6391747486,2016-03-29T11:00:00Z,0,0
6391747486,2016-03-29T12:00:00Z,0,0
6391747486,2016-03-29T13:00:00Z,0,0
6391747486,2016-03-29T14:00:00Z,0,0
6391747486,2016-03-29T15:00:00Z,0,0
6391747486,2016-03-29T16:00:00Z,0,0
6391747486,2016-03-29T17:00:00Z,0,0
6391747486,2016-03-29T18:00:00Z,0,0
6391747486,2016-03-29T19:00:00Z,0,0
6391747486,2016-03-29T20:00:00Z,0,0
6391747486,2016-03-29T21:00:00Z,0,0
6391747486,2016-03-29T22:00:00Z,0,0
6391747486,2016-03-29T23:00:00Z,0,0
6391747486,2016-03-30T00:00:00Z,0,0
6391747486,2016-03-30T01:00:00Z,0,0
6391747486,2016-03-30T02:00:00Z,0,0
6391747486,2016-03-30T03:00:00Z,0,0
6391747486,2016-03-30T04:00:00Z,0,0
6391747486,2016-03-30T05:00:00Z,0,0
6391747486,2016-03-30T06:00:00Z,0,0
6391747486,2016-03-30T07:00:00Z,0,0
6391747486,2016-03-30T08:00:00Z,0,0
6391747486,2016-03-30T09:00:00Z,0,0
6391747486,2016-03-30T10:00:00Z,0,0
6391747486,2016-03-30T11:00:00Z,0,0
6391747486,2016-03-30T12:00:00Z,0,0
6391747486,2016-03-30T13:00:00Z,0,0
6391747486,2016-03-30T14:00:00Z,0,0
6391747486,2016-03-30T15:00:00Z,0,0
6391747486,2016-03-30T16:00:00Z,0,0
6391747486,2016-03-30T17:00:00Z,0,0
6391747486,2016-03-30T18:00:00Z,0,0
6391747486,2016-03-30T19:00:00Z,0,0
6391747486,2016-03-30T20:00:00Z,0,0
6391747486,2016-03-30T21:00:00Z,0,0
6391747486,2016-03-30T22:00:00Z,0,0
6391747486,2016-03-30T23:00:00Z,0,0
6391747486,2016-03-31T00:00:00Z,0,0
6391747486,2016-03-31T01:00:00Z,0,0
6391747486,2016-03-31T02:00:00Z,0,0
6391747486,2016-03-31T03:00:00Z,0,0
6391747486,2016-03-31T04:00:00Z,0,0
6391747486,2016-03-31T05:00:00Z,0,0
6391747486,2016-03-31T06:00:00Z,0,0
6391747486,2016-03-31T07:00:00Z,0,0
6391747486,2016-03-31T08:00:00Z,0,0
6391747486,2016-03-31T09:00:00Z,0,0
6391747486,2016-03-31T10:00:00Z,0,0
6391747486,2016-03-31T11:00:00Z,0,0
6391747486,2016-03-31T12:00:00Z,0,0
6391747486,2016-03-31T13:00:00Z,0,0
6391747486,2016-03-31T14:00:00Z,0,0
6391747486,2016-03-31T15:00:00Z,0,0
6391747486,2016-03-31T16:00:00Z,0,0
6391747486,2016-03-31T17:00:00Z,0,0
6391747486,2016-03-31T18:00:00Z,0,0
6391747486,2016-03-31T19:00:00Z,0,0
6391747486,2016-03-31T20:00:00Z,0,0
6391747486,2016-03-31T21:00:00Z,0,0
6391747486,2016-03-31T22:00:00Z,0,0
6391747486,2016-03-31T23:00:00Z,0,0
6391747486,2016-04-01T00:00:00Z,0,0
6391747486,2016-04-01T01:00:00Z,0,0
6391747486,2016-04-01T02:00:00Z,0,0
6391747486,2016-04-01T03:00:00Z,0,0
6391747486,2016-04-01T04:00:00Z,0,0
6391747486,2016-04-01T05:00:00Z,0,0
6391747486,2016-04-01T06:00:00Z,0,0
6391747486,2016-04-01T07:00:00Z,0,0
6391747486,2016-04-01T08:00:00Z,0,0
6391747486,2016-04-01T09:00:00Z,0,0
6391747486,2016-04-01T10:00:00Z,0,0
6391747486,2016-04-01T11:00:00Z,0,0
6391747486,2016-04-01T12:00:00Z,0,0
6391747486,2016-04-01T13:00:00Z,0,0
6391747486,2016-04-01T14:00:00Z,0,0
6391747486,2016-04-01T15:00:00Z,0,0
6391747486,2016-04-01T16:00:00Z,0,0
6391747486,2016-04-01T17:00:00Z,0,0
6391747486,2016-04-01T18:00:00Z,0,0
6391747486,2016-04-01T19:00:00Z,0,0
6391747486,2016-04-01T20:00:00Z,0,0
6391747486,2016-04-01T21:00:00Z,0,0
6391747486,2016-04-01T22:00:00Z,0,0
6391747486,2016-04-01T23:00:00Z,0,0
6391747486,2016-04-02T00:00:00Z,0,0
6391747486,2016-04-02T01:00:00Z,0,0
6391747486,2016-04-02T02:00:00Z,0,0
6391747486,2016-04-02T03:00:00Z,0,0
6391747486,2016-04-02T04:00:00Z,0,0
6391747486,2016-04-02T05:00:00Z,0,0
6391747486,2016-04-02T06:00:00Z,0,0
6391747486,2016-04-02T07:00:00Z,0,0
6391747486,2016-04-02T08:00:00Z,0,0
6391747486,2016-04-02T09:00:00Z,0,0
6391747486,2016-04-02T10:00:00Z,0,0
6391747486,2016-04-02T11:00:00Z,30,0.5
6391747486,2016-04-02T12:00:00Z,108,1.8
6391747486,2016-04-02T13:00:00Z,0,0
6391747486,2016-04-02T14:00:00Z,0,0
6391747486,2016-04-02T15:00:00Z,0,0
6391747486,2016-04-02T16:00:00Z,0,0
6391747486,2016-04-02T17:00:00Z,0,0
6391747486,2016-04-02T18:00:00Z,0,0
6391747486,2016-04-02T19:00:00Z,0,0
6391747486,2016-04-02T20:00:00Z,0,0
6391747486,2016-04-02T21:00:00Z,0,0
6391747486,2016-04-02T22:00:00Z,0,0
6391747486,2016-04-02T23:00:00Z,0,0
6391747486,2016-04-03T00:00:00Z,0,0
6391747486,2016-04-03T01:00:00Z,0,0
6391747486,2016-04-03T02:00:00Z,0,0
6391747486,2016-04-03T03:00:00Z,0,0
6391747486,2016-04-03T04:00:00Z,0,0
6391747486,2016-04-03T05:00:00Z,0,0
6391747486,2016-04-03T06:00:00Z,0,0
6391747486,2016-04-03T07:00:00Z,0,0
6391747486,2016-04-03T08:00:00Z,0,0
6391747486,2016-04-03T09:00:00Z,0,0
6391747486,2016-04-03T10:00:00Z,0,0
6391747486,2016-04-03T11:00:00Z,0,0
6391747486,2016-04-03T12:00:00Z,0,0
6391747486,2016-04-03T13:00:00Z,0,0
6391747486,2016-04-03T14:00:00Z,0,0
6391747486,2016-04-03T15:00:00Z,0,0
6391747486,2016-04-03T16:00:00Z,0,0
6391747486,2016-04-03T17:00:00Z,0,0
6391747486,2016-04-03T18:00:00Z,0,0
6391747486,2016-04-03T19:00:00Z,0,0
6391747486,2016-04-03T20:00:00Z,0,0
6391747486,2016-04-03T21:00:00Z,0,0
6391747486,2016-04-03T22:00:00Z,0,0
6391747486,2016-04-03T23:00:00Z,0,0
6391747486,2016-04-04T00:00:00Z,0,0
6391747486,2016-04-04T01:00:00Z,0,0
6391747486,2016-04-04T02:00:00Z,0,0
6391747486,2016-04-04T03:00:00Z,0,0
6391747486,2016-04-04T04:00:00Z,0,0
6391747486,2016-04-04T05:00:00Z,0,0
6391747486,2016-04-04T06:00:00Z,0,0
6391747486,2016-04-04T07:00:00Z,0,0
6391747486,2016-04-04T08:00:00Z,0,0
6391747486,2016-04-04T09:00:00Z,0,0
6391747486,2016-04-04T10:00:00Z,0,0
6391747486,2016-04-04T11:00:00Z,0,0
6391747486,2016-04-04T12:00:00Z,0,0
6391747486,2016-04-04T13:00:00Z,0,0
6391747486,2016-04-04T14:00:00Z,0,0
6391747486,2016-04-04T15:00:00Z,0,0
6391747486,2016-04-04T16:00:00Z,0,0
6391747486,2016-04-04T17:00:00Z,0,0
6391747486,2016-04-04T18:00:00Z,0,0
6391747486,2016-04-04T19:00:00Z,0,0
6391747486,2016-04-04T20:00:00Z,0,0
6391747486,2016-04-04T21:00:00Z,0,0
6391747486,2016-04-04T22:00:00Z,0,0
6391747486,2016-04-04T23:00:00Z,0,0
6391747486,2016-04-05T00:00:00Z,0,0
6391747486,2016-04-05T01:00:00Z,0,0
6391747486,2016-04-05T02:00:00Z,0,0
6391747486,2016-04-05T03:00:00Z,0,0
6391747486,2016-04-05T04:00:00Z,0,0
6391747486,2016-04-05T05:00:00Z,0,0
6391747486,2016-04-05T06:00:00Z,0,0
6391747486,2016-04-05T07:00:00Z,0,0
6391747486,2016-04-05T08:00:00Z,36,0.6
6391747486,2016-04-05T09:00:00Z,60,1
6391747486,2016-04-05T10:00:00Z,60,1
6391747486,2016-04-05T11:00:00Z,60,1
6391747486,2016-04-05T12:00:00Z,20,0.333333
6391747486,2016-04-05T13:00:00Z,0,0
6391747486,2016-04-05T14:00:00Z,0,0
6391747486,2016-04-05T15:00:00Z,1,0.016667
6391747486,2016-04-05T16:00:00Z,5,0.083333
6391747486,2016-04-05T17:00:00Z,10,0.166667
6391747486,2016-04-05T18:00:00Z,5,0.083333
6391747486,2016-04-05T19:00:00Z,6,0.1
6391747486,2016-04-05T20:00:00Z,6,0.1
6391747486,2016-04-05T21:00:00Z,23,0.383333
6391747486,2016-04-05T22:00:00Z,16,0.266667
6391747486,2016-04-05T23:00:00Z,5,0.083333
6391747486,2016-04-06T00:00:00Z,3,0.05
6391747486,2016-04-06T01:00:00Z,5,0.083333
6391747486,2016-04-06T02:00:00Z,0,0
6391747486,2016-04-06T03:00:00Z,0,0
6391747486,2016-04-06T04:00:00Z,0,0
6391747486,2016-04-06T05:00:00Z,0,0
6391747486,2016-04-06T06:00:00Z,0,0
6391747486,2016-04-06T07:00:00Z,0,0
6391747486,2016-04-06T08:00:00Z,0,0
6391747486,2016-04-06T09:00:00Z,0,0
6391747486,2016-04-06T10:00:00Z,0,0
6391747486,2016-04-06T11:00:00Z,0,0
6391747486,2016-04-06T12:00:00Z,0,0
6391747486,2016-04-06T13:00:00Z,0,0
6391747486,2016-04-06T14:00:00Z,0,0
6391747486,2016-04-06T15:00:00Z,0,0
6391747486,2016-04-06T16:00:00Z,0,0
6391747486,2016-04-06T17:00:00Z,0,0
6391747486,2016-04-06T18:00:00Z,0,0
6391747486,2016-04-06T19:00:00Z,0,0
6391747486,2016-04-06T20:00:00Z,0,0
6391747486,2016-04-06T21:00:00Z,0,0
6391747486,2016-04-06T22:00:00Z,0,0
6391747486,2016-04-06T23:00:00Z,0,0
6391747486,2016-04-07T00:00:00Z,0,0
6391747486,2016-04-07T01:00:00Z,0,0
6391747486,2016-04-07T02:00:00Z,0,0
6391747486,2016-04-07T03:00:00Z,0,0
6391747486,2016-04-07T04:00:00Z,0,0
6391747486,2016-04-07T05:00:00Z,0,0
6391747486,2016-04-07T06:00:00Z,0,0
6391747486,2016-04-07T07:00:00Z,0,0
6391747486,2016-04-07T08:00:00Z,0,0
6391747486,2016-04-07T09:00:00Z,0,0
6391747486,2016-04-07T10:00:00Z,0,0
6391747486,2016-04-07T11:00:00Z,0,0
6391747486,2016-04-07T12:00:00Z,0,0
6391747486,2016-04-07T13:00:00Z,0,0
6391747486,2016-04-07T14:00:00Z,0,0
6391747486,2016-04-07T15:00:00Z,0,0
6391747486,2016-04-07T16:00:00Z,0,0
6391747486,2016-04-07T17:00:00Z,0,0
6391747486,2016-04-07T18:00:00Z,0,0
6391747486,2016-04-07T19:00:00Z,0,0
6391747486,2016-04-07T20:00:00Z,0,0
6391747486,2016-04-07T21:00:00Z,0,0
6391747486,2016-04-07T22:00:00Z,0,0
6391747486,2016-04-07T23:00:00Z,0,0
6391747486,2016-04-08T00:00:00Z,0,0
6391747486,2016-04-08T01:00:00Z,0,0
6391747486,2016-04-08T02:00:00Z,0,0
6391747486,2016-04-08T03:00:00Z,0,0
6391747486,2016-04-08T04:00:00Z,0,0
6391747486,2016-04-08T05:00:00Z,0,0
6391747486,2016-04-08T06:00:00Z,0,0
6391747486,2016-04-08T07:00:00Z,0,0
6391747486,2016-04-08T08:00:00Z,0,0
6391747486,2016-04-08T09:00:00Z,0,0
6391747486,2016-04-08T10:00:00Z,0,0
6391747486,2016-04-08T11:00:00Z,0,0
6391747486,2016-04-08T12:00:00Z,0,0
6391747486,2016-04-08T13:00:00Z,0,0
6391747486,2016-04-08T14:00:00Z,0,0
6391747486,2016-04-08T15:00:00Z,0,0
6391747486,2016-04-08T16:00:00Z,0,0
6391747486,2016-04-08T17:00:00Z,0,0
6391747486,2016-04-08T18:00:00Z,0,0
6391747486,2016-04-08T19:00:00Z,0,0
6391747486,2016-04-08T20:00:00Z,0,0
6391747486,2016-04-08T21:00:00Z,0,0
6391747486,2016-04-08T22:00:00Z,0,0
6391747486,2016-04-08T23:00:00Z,0,0
6391747486,2016-04-09T00:00:00Z,0,0
6391747486,2016-04-09T01:00:00Z,0,0
6391747486,2016-04-09T02:00:00Z,0,0
6775888955,2016-03-12T00:00:00Z,0,0
6775888955,2016-03-12T01:00:00Z,1,0.016667
6775888955,2016-03-12T02:00:00Z,0,0
6775888955,2016-03-12T03:00:00Z,1,0.016667
6775888955,2016-03-12T04:00:00Z,0,0
6775888955,2016-03-12T05:00:00Z,1,0.016667
6775888955,2016-03-12T06:00:00Z,0,0
6775888955,2016-03-12T07:00:00Z,19,0.316667
6775888955,2016-03-12T08:00:00Z,82,1.366667
6775888955,2016-03-12T09:00:00Z,13,0.216667
6775888955,2016-03-12T10:00:00Z,3,0.05
6775888955,2016-03-12T11:00:00Z,15,0.25
6775888955,2016-03-12T12:00:00Z,0,0
6775888955,2016-03-12T13:00:00Z,0,0
6775888955,2016-03-12T14:00:00Z,0,0
6775888955,2016-03-12T15:00:00Z,0,0
6775888955,2016-03-12T16:00:00Z,0,0
6775888955,2016-03-12T17:00:00Z,0,0
6775888955,2016-03-12T18:00:00Z,0,0
6775888955,2016-03-12T19:00:00Z,0,0
6775888955,2016-03-12T20:00:00Z,0,0
6775888955,2016-03-12T21:00:00Z,0,0
6775888955,2016-03-12T22:00:00Z,0,0
6775888955,2016-03-12T23:00:00Z,0,0
6775888955,2016-03-13T00:00:00Z,0,0
6775888955,2016-03-13T01:00:00Z,0,0
6775888955,2016-03-13T02:00:00Z,0,0
6775888955,2016-03-13T03:00:00Z,0,0
6775888955,2016-03-13T04:00:00Z,0,0
6775888955,2016-03-13T05:00:00Z,0,0
6775888955,2016-03-13T06:00:00Z,0,0
6775888955,2016-03-13T07:00:00Z,0,0
6775888955,2016-03-13T08:00:00Z,0,0
6775888955,2016-03-13T09:00:00Z,45,0.75
6775888955,2016-03-13T10:00:00Z,10,0.166667
6775888955,2016-03-13T11:00:00Z,0,0
6775888955,2016-03-13T12:00:00Z,0,0
6775888955,2016-03-13T13:00:00Z,42,0.7
6775888955,2016-03-13T14:00:00Z,37,0.616667
6775888955,2016-03-13T15:00:00Z,59,0.983333
6775888955,2016-03-13T16:00:00Z,46,0.766667
6775888955,2016-03-13T17:00:00Z,1,0.016667
6775888955,2016-03-13T18:00:00Z,0,0
6775888955,2016-03-13T19:00:00Z,29,0.483333
6775888955,2016-03-13T20:00:00Z,15,0.25
6775888955,2016-03-13T21:00:00Z,6,0.1
6775888955,2016-03-13T22:00:00Z,6,0.1
6775888955,2016-03-13T23:00:00Z,12,0.2
6775888955,2016-03-14T00:00:00Z,1,0.016667
6775888955,2016-03-14T01:00:00Z,0,0
6775888955,2016-03-14T02:00:00Z,0,0
6775888955,2016-03-14T03:00:00Z,0,0
6775888955,2016-03-14T04:00:00Z,9,0.15
6775888955,2016-03-14T05:00:00Z,2,0.033333
6775888955,2016-03-14T06:00:00Z,0,0
6775888955,2016-03-14T07:00:00Z,1,0.016667
6775888955,2016-03-14T08:00:00Z,1,0.016667
6775888955,2016-03-14T09:00:00Z,3,0.05
6775888955,2016-03-14T10:00:00Z,9,0.15
6775888955,2016-03-14T11:00:00Z,47,0.783333
6775888955,2016-03-14T12:00:00Z,20,0.333333
6775888955,2016-03-14T13:00:00Z,30,0.5
6775888955,2016-03-14T14:00:00Z,1,0.016667
6775888955,2016-03-14T15:00:00Z,0,0
6775888955,2016-03-14T16:00:00Z,0,0
6775888955,2016-03-14T17:00:00Z,0,0
6775888955,2016-03-14T18:00:00Z,0,0
6775888955,2016-03-14T19:00:00Z,17,0.283333
6775888955,2016-03-14T20:00:00Z,0,0
6775888955,2016-03-14T21:00:00Z,2,0.033333
6775888955,2016-03-14T22:00:00Z,11,0.183333
6775888955,2016-03-14T23:00:00Z,0,0
6775888955,2016-03-15T00:00:00Z,17,0.283333
6775888955,2016-03-15T01:00:00Z,0,0
6775888955,2016-03-15T02:00:00Z,0,0
6775888955,2016-03-15T03:00:00Z,51,0.85
6775888955,2016-03-15T04:00:00Z,34,0.566667
6775888955,2016-03-15T05:00:00Z,47,0.783333
6775888955,2016-03-15T06:00:00Z,0,0
6775888955,2016-03-15T07:00:00Z,0,0
6775888955,2016-03-15T08:00:00Z,0,0
6775888955,2016-03-15T09:00:00Z,0,0
6775888955,2016-03-15T10:00:00Z,0,0
6775888955,2016-03-15T11:00:00Z,0,0
6775888955,2016-03-15T12:00:00Z,0,0
6775888955,2016-03-15T13:00:00Z,0,0
6775888955,2016-03-15T14:00:00Z,0,0
6775888955,2016-03-15T15:00:00Z,0,0
6775888955,2016-03-15T16:00:00Z,0,0
6775888955,2016-03-15T17:00:00Z,0,0
6775888955,2016-03-15T18:00:00Z,0,0
6775888955,2016-03-15T19:00:00Z,2,0.033333
6775888955,2016-03-15T20:00:00Z,48,0.8
6775888955,2016-03-15T21:00:00Z,0,0
6775888955,2016-03-15T22:00:00Z,0,0
6775888955,2016-03-15T23:00:00Z,0,0
6775888955,2016-03-16T00:00:00Z,0,0
6775888955,2016-03-16T01:00:00Z,0,0
6775888955,2016-03-16T02:00:00Z,0,0
6775888955,2016-03-16T03:00:00Z,0,0
6775888955,2016-03-16T04:00:00Z,0,0
6775888955,2016-03-16T05:00:00Z,0,0
6775888955,2016-03-16T06:00:00Z,0,0
6775888955,2016-03-16T07:00:00Z,21,0.35
6775888955,2016-03-16T08:00:00Z,19,0.316667
6775888955,2016-03-16T09:00:00Z,9,0.15
6775888955,2016-03-16T10:00:00Z,5,0.083333
6775888955,2016-03-16T11:00:00Z,5,0.083333
6775888955,2016-03-16T12:00:00Z,1,0.016667
6775888955,2016-03-16T13:00:00Z,0,0
6775888955,2016-03-16T14:00:00Z,0,0
6775888955,2016-03-16T15:00:00Z,0,0
6775888955,2016-03-16T16:00:00Z,0,0
6775888955,2016-03-16T17:00:00Z,0,0
6775888955,2016-03-16T18:00:00Z,0,0
6775888955,2016-03-16T19:00:00Z,0,0
6775888955,2016-03-16T20:00:00Z,0,0
6775888955,2016-03-16T21:00:00Z,0,0
6775888955,2016-03-16T22:00:00Z,0,0
6775888955,2016-03-16T23:00:00Z,0,0
6775888955,2016-03-17T00:00:00Z,0,0
6775888955,2016-03-17T01:00:00Z,0,0
6775888955,2016-03-17T02:00:00Z,0,0
6775888955,2016-03-17T03:00:00Z,0,0
6775888955,2016-03-17T04:00:00Z,0,0
6775888955,2016-03-17T05:00:00Z,0,0
6775888955,2016-03-17T06:00:00Z,0,0
6775888955,2016-03-17T07:00:00Z,0,0
6775888955,2016-03-17T08:00:00Z,0,0
6775888955,2016-03-17T09:00:00Z,0,0
6775888955,2016-03-17T10:00:00Z,0,0
6775888955,2016-03-17T11:00:00Z,0,0
6775888955,2016-03-17T12:00:00Z,0,0
6775888955,2016-03-17T13:00:00Z,0,0
6775888955,2016-03-17T14:00:00Z,0,0
6775888955,2016-03-17T15:00:00Z,0,0
6775888955,2016-03-17T16:00:00Z,0,0
6775888955,2016-03-17T17:00:00Z,9,0.15
6775888955,2016-03-17T18:00:00Z,47,0.783333
6775888955,2016-03-17T19:00:00Z,6,0.1
6775888955,2016-03-17T20:00:00Z,0,0
6775888955,2016-03-17T21:00:00Z,0,0
6775888955,2016-03-17T22:00:00Z,0,0
6775888955,2016-03-17T23:00:00Z,0,0
6775888955,2016-03-18T00:00:00Z,0,0
6775888955,2016-03-18T01:00:00Z,0,0
6775888955,2016-03-18T02:00:00Z,0,0
6775888955,2016-03-18T03:00:00Z,0,0
6775888955,2016-03-18T04:00:00Z,0,0
6775888955,2016-03-18T05:00:00Z,0,0
6775888955,2016-03-18T06:00:00Z,0,0
6775888955,2016-03-18T07:00:00Z,45,0.75
6775888955,2016-03-18T08:00:00Z,4,0.066667
6775888955,2016-03-18T09:00:00Z,0,0
6775888955,2016-03-18T10:00:00Z,0,0
6775888955,2016-03-18T11:00:00Z,8,0.133333
6775888955,2016-03-18T12:00:00Z,6,0.1
6775888955,2016-03-18T13:00:00Z,95,1.583333
6775888955,2016-03-18T14:00:00Z,39,0.65
6775888955,2016-03-18T15:00:00Z,2,0.033333
6775888955,2016-03-18T16:00:00Z,0,0
6775888955,2016-03-18T17:00:00Z,0,0
6775888955,2016-03-18T18:00:00Z,0,0
6775888955,2016-03-18T19:00:00Z,1,0.016667
6775888955,2016-03-18T20:00:00Z,81,1.35
6775888955,2016-03-18T21:00:00Z,6,0.1
6775888955,2016-03-18T22:00:00Z,53,0.883333
6775888955,2016-03-18T23:00:00Z,12,0.2
6775888955,2016-03-19T00:00:00Z,22,0.366667
6775888955,2016-03-19T01:00:00Z,2,0.033333
6775888955,2016-03-19T02:00:00Z,0,0
6775888955,2016-03-19T03:00:00Z,6,0.1
6775888955,2016-03-19T04:00:00Z,1,0.016667
6775888955,2016-03-19T05:00:00Z,2,0.033333
6775888955,2016-03-19T06:00:00Z,8,0.133333
6775888955,2016-03-19T07:00:00Z,2,0.033333
6775888955,2016-03-19T08:00:00Z,1,0.016667
6775888955,2016-03-19T09:00:00Z,0,0
6775888955,2016-03-19T10:00:00Z,0,0
6775888955,2016-03-19T11:00:00Z,1,0.016667
6775888955,2016-03-19T12:00:00Z,0,0
6775888955,2016-03-19T13:00:00Z,41,0.683333
6775888955,2016-03-19T14:00:00Z,0,0
6775888955,2016-03-19T15:00:00Z,0,0
6775888955,2016-03-19T16:00:00Z,0,0
6775888955,2016-03-19T17:00:00Z,73,1.216667
6775888955,2016-03-19T18:00:00Z,51,0.85
6775888955,2016-03-19T19:00:00Z,16,0.266667
6775888955,2016-03-19T20:00:00Z,0,0
6775888955,2016-03-19T21:00:00Z,0,0
6775888955,2016-03-19T22:00:00Z,0,0
6775888955,2016-03-19T23:00:00Z,0,0
6775888955,2016-03-20T00:00:00Z,0,0
6775888955,2016-03-20T01:00:00Z,0,0
6775888955,2016-03-20T02:00:00Z,0,0
6775888955,2016-03-20T03:00:00Z,0,0
6775888955,2016-03-20T04:00:00Z,0,0
6775888955,2016-03-20T05:00:00Z,0,0
6775888955,2016-03-20T06:00:00Z,0,0
6775888955,2016-03-20T07:00:00Z,0,0
6775888955,2016-03-20T08:00:00Z,0,0
6775888955,2016-03-20T09:00:00Z,0,0
6775888955,2016-03-20T10:00:00Z,0,0
6775888955,2016-03-20T11:00:00Z,0,0
6775888955,2016-03-20T12:00:00Z,0,0
6775888955,2016-03-20T13:00:00Z,0,0
6775888955,2016-03-20T14:00:00Z,0,0
6775888955,2016-03-20T15:00:00Z,0,0
6775888955,2016-03-20T16:00:00Z,0,0
6775888955,2016-03-20T17:00:00Z,7,0.116667
6775888955,2016-03-20T18:00:00Z,36,0.6
6775888955,2016-03-20T19:00:00Z,116,1.933333
6775888955,2016-03-20T20:00:00Z,102,1.7
6775888955,2016-03-20T21:00:00Z,20,0.333333
6775888955,2016-03-20T22:00:00Z,46,0.766667
6775888955,2016-03-20T23:00:00Z,41,0.683333
6775888955,2016-03-21T00:00:00Z,5,0.083333
6775888955,2016-03-21T01:00:00Z,6,0.1
6775888955,2016-03-21T02:00:00Z,9,0.15
6775888955,2016-03-21T03:00:00Z,1,0.016667
6775888955,2016-03-21T04:00:00Z,6,0.1
6775888955,2016-03-21T05:00:00Z,1,0.016667
6775888955,2016-03-21T06:00:00Z,1,0.016667
6775888955,2016-03-21T07:00:00Z,3,0.05
6775888955,2016-03-21T08:00:00Z,1,0.016667
6775888955,2016-03-21T09:00:00Z,6,0.1
6775888955,2016-03-21T10:00:00Z,52,0.866667
6775888955,2016-03-21T11:00:00Z,31,0.516667
6775888955,2016-03-21T12:00:00Z,63,1.05
6775888955,2016-03-21T13:00:00Z,0,0
6775888955,2016-03-21T14:00:00Z,0,0
6775888955,2016-03-21T15:00:00Z,0,0
6775888955,2016-03-21T16:00:00Z,0,0
6775888955,2016-03-21T17:00:00Z,0,0
6775888955,2016-03-21T18:00:00Z,0,0
6775888955,2016-03-21T19:00:00Z,0,0
6775888955,2016-03-21T20:00:00Z,0,0
6775888955,2016-03-21T21:00:00Z,0,0
6775888955,2016-03-21T22:00:00Z,0,0
6775888955,2016-03-21T23:00:00Z,0,0
6775888955,2016-03-22T00:00:00Z,0,0
6775888955,2016-03-22T01:00:00Z,0,0
6775888955,2016-03-22T02:00:00Z,0,0
6775888955,2016-03-22T03:00:00Z,0,0
6775888955,2016-03-22T04:00:00Z,0,0
6775888955,2016-03-22T05:00:00Z,0,0
6775888955,2016-03-22T06:00:00Z,0,0
6775888955,2016-03-22T07:00:00Z,0,0
6775888955,2016-03-22T08:00:00Z,0,0
6775888955,2016-03-22T09:00:00Z,0,0
6775888955,2016-03-22T10:00:00Z,0,0
6775888955,2016-03-22T11:00:00Z,0,0
6775888955,2016-03-22T12:00:00Z,0,0
6775888955,2016-03-22T13:00:00Z,0,0
6775888955,2016-03-22T14:00:00Z,0,0
6775888955,2016-03-22T15:00:00Z,0,0
6775888955,2016-03-22T16:00:00Z,0,0
6775888955,2016-03-22T17:00:00Z,0,0
6775888955,2016-03-22T18:00:00Z,0,0
6775888955,2016-03-22T19:00:00Z,0,0
6775888955,2016-03-22T20:00:00Z,0,0
6775888955,2016-03-22T21:00:00Z,0,0
6775888955,2016-03-22T22:00:00Z,0,0
6775888955,2016-03-22T23:00:00Z,0,0
6775888955,2016-03-23T00:00:00Z,0,0
6775888955,2016-03-23T01:00:00Z,0,0
6775888955,2016-03-23T02:00:00Z,0,0
6775888955,2016-03-23T03:00:00Z,0,0
6775888955,2016-03-23T04:00:00Z,0,0
6775888955,2016-03-23T05:00:00Z,0,0
6775888955,2016-03-23T06:00:00Z,0,0
6775888955,2016-03-23T07:00:00Z,0,0
6775888955,2016-03-23T08:00:00Z,0,0
6775888955,2016-03-23T09:00:00Z,0,0
6775888955,2016-03-23T10:00:00Z,0,0
6775888955,2016-03-23T11:00:00Z,0,0
6775888955,2016-03-23T12:00:00Z,0,0
6775888955,2016-03-23T13:00:00Z,0,0
6775888955,2016-03-23T14:00:00Z,0,0
6775888955,2016-03-23T15:00:00Z,0,0
6775888955,2016-03-23T16:00:00Z,0,0
6775888955,2016-03-23T17:00:00Z,0,0
6775888955,2016-03-23T18:00:00Z,0,0
6775888955,2016-03-23T19:00:00Z,0,0
6775888955,2016-03-23T20:00:00Z,0,0
6775888955,2016-03-23T21:00:00Z,0,0
6775888955,2016-03-23T22:00:00Z,0,0
6775888955,2016-03-23T23:00:00Z,0,0
6775888955,2016-03-24T00:00:00Z,0,0
6775888955,2016-03-24T01:00:00Z,0,0
6775888955,2016-03-24T02:00:00Z,0,0
6775888955,2016-03-24T03:00:00Z,0,0
6775888955,2016-03-24T04:00:00Z,0,0
6775888955,2016-03-24T05:00:00Z,0,0
6775888955,2016-03-24T06:00:00Z,0,0
6775888955,2016-03-24T07:00:00Z,0,0
6775888955,2016-03-24T08:00:00Z,0,0
6775888955,2016-03-24T09:00:00Z,0,0
6775888955,2016-03-24T10:00:00Z,0,0
6775888955,2016-03-24T11:00:00Z,0,0
6775888955,2016-03-24T12:00:00Z,0,0
6775888955,2016-03-24T13:00:00Z,0,0
6775888955,2016-03-24T14:00:00Z,0,0
6775888955,2016-03-24T15:00:00Z,0,0
6775888955,2016-03-24T16:00:00Z,0,0
6775888955,2016-03-24T17:00:00Z,0,0
6775888955,2016-03-24T18:00:00Z,0,0
6775888955,2016-03-24T19:00:00Z,0,0
6775888955,2016-03-24T20:00:00Z,0,0
6775888955,2016-03-24T21:00:00Z,0,0
6775888955,2016-03-24T22:00:00Z,0,0
6775888955,2016-03-24T23:00:00Z,0,0
6775888955,2016-03-25T00:00:00Z,0,0
6775888955,2016-03-25T01:00:00Z,0,0
6775888955,2016-03-25T02:00:00Z,0,0
6775888955,2016-03-25T03:00:00Z,0,0
6775888955,2016-03-25T04:00:00Z,0,0
6775888955,2016-03-25T05:00:00Z,0,0
6775888955,2016-03-25T06:00:00Z,0,0
6775888955,2016-03-25T07:00:00Z,0,0
6775888955,2016-03-25T08:00:00Z,0,0
6775888955,2016-03-25T09:00:00Z,3,0.05
6775888955,2016-03-25T10:00:00Z,2,0.033333
6775888955,2016-03-25T11:00:00Z,2,0.033333
6775888955,2016-03-25T12:00:00Z,0,0
6775888955,2016-03-25T13:00:00Z,0,0
6775888955,2016-03-25T14:00:00Z,0,0
6775888955,2016-03-25T15:00:00Z,17,0.283333
6775888955,2016-03-25T16:00:00Z,55,0.916667
6775888955,2016-03-25T17:00:00Z,17,0.283333
6775888955,2016-03-25T18:00:00Z,38,0.633333
6775888955,2016-03-25T19:00:00Z,0,0
6775888955,2016-03-25T20:00:00Z,0,0
6775888955,2016-03-25T21:00:00Z,0,0
6775888955,2016-03-25T22:00:00Z,9,0.15
6775888955,2016-03-25T23:00:00Z,7,0.116667
6775888955,2016-03-26T00:00:00Z,0,0
6775888955,2016-03-26T01:00:00Z,2,0.033333
6775888955,2016-03-26T02:00:00Z,0,0
6775888955,2016-03-26T03:00:00Z,1,0.016667
6775888955,2016-03-26T04:00:00Z,0,0
6775888955,2016-03-26T05:00:00Z,2,0.033333
6775888955,2016-03-26T06:00:00Z,24,0.4
6775888955,2016-03-26T07:00:00Z,144,2.4
6775888955,2016-03-26T08:00:00Z,75,1.25
6775888955,2016-03-26T09:00:00Z,43,0.716667
6775888955,2016-03-26T10:00:00Z,62,1.033333
6775888955,2016-03-26T11:00:00Z,29,0.483333
6775888955,2016-03-26T12:00:00Z,7,0.116667
6775888955,2016-03-26T13:00:00Z,11,0.183333
6775888955,2016-03-26T14:00:00Z,41,0.683333
6775888955,2016-03-26T15:00:00Z,25,0.416667
6775888955,2016-03-26T16:00:00Z,25,0.416667
6775888955,2016-03-26T17:00:00Z,67,1.116667
6775888955,2016-03-26T18:00:00Z,30,0.5
6775888955,2016-03-26T19:00:00Z,63,1.05
6775888955,2016-03-26T20:00:00Z,47,0.783333
6775888955,2016-03-26T21:00:00Z,61,1.016667
6775888955,2016-03-26T22:00:00Z,59,0.983333
6775888955,2016-03-26T23:00:00Z,30,0.5
6775888955,2016-03-27T00:00:00Z,32,0.533333
6775888955,2016-03-27T01:00:00Z,10,0.166667
6775888955,2016-03-27T02:00:00Z,14,0.233333
6775888955,2016-03-27T03:00:00Z,0,0
6775888955,2016-03-27T04:00:00Z,1,0.016667
6775888955,2016-03-27T05:00:00Z,0,0
6775888955,2016-03-27T06:00:00Z,0,0
6775888955,2016-03-27T07:00:00Z,0,0
6775888955,2016-03-27T08:00:00Z,2,0.033333
6775888955,2016-03-27T09:00:00Z,40,0.666667
6775888955,2016-03-27T10:00:00Z,85,1.416667
6775888955,2016-03-27T11:00:00Z,10,0.166667
6775888955,2016-03-27T12:00:00Z,62,1.033333
6775888955,2016-03-27T13:00:00Z,71,1.183333
6775888955,2016-03-27T14:00:00Z,9,0.15
6775888955,2016-03-27T15:00:00Z,15,0.25
6775888955,2016-03-27T16:00:00Z,69,1.15
6775888955,2016-03-27T17:00:00Z,40,0.666667
6775888955,2016-03-27T18:00:00Z,54,0.9
6775888955,2016-03-27T19:00:00Z,38,0.633333
6775888955,2016-03-27T20:00:00Z,25,0.416667
6775888955,2016-03-27T21:00:00Z,9,0.15
6775888955,2016-03-27T22:00:00Z,9,0.15
6775888955,2016-03-27T23:00:00Z,18,0.3
6775888955,2016-03-28T00:00:00Z,16,0.266667
6775888955,2016-03-28T01:00:00Z,0,0
6775888955,2016-03-28T02:00:00Z,0,0
6775888955,2016-03-28T03:00:00Z,4,0.066667
6775888955,2016-03-28T04:00:00Z,0,0
6775888955,2016-03-28T05:00:00Z,6,0.1
6775888955,2016-03-28T06:00:00Z,0,0
6775888955,2016-03-28T07:00:00Z,0,0
6775888955,2016-03-28T08:00:00Z,0,0
6775888955,2016-03-28T09:00:00Z,0,0
6775888955,2016-03-28T10:00:00Z,19,0.316667
6775888955,2016-03-28T11:00:00Z,91,1.516667
6775888955,2016-03-28T12:00:00Z,114,1.9
6775888955,2016-03-28T13:00:00Z,98,1.633333
6775888955,2016-03-28T14:00:00Z,63,1.05
6775888955,2016-03-28T15:00:00Z,45,0.75
6775888955,2016-03-28T16:00:00Z,19,0.316667
6775888955,2016-03-28T17:00:00Z,44,0.733333
6775888955,2016-03-28T18:00:00Z,16,0.266667
6775888955,2016-03-28T19:00:00Z,26,0.433333
6775888955,2016-03-28T20:00:00Z,13,0.216667
6775888955,2016-03-28T21:00:00Z,6,0.1
6775888955,2016-03-28T22:00:00Z,45,0.75
6775888955,2016-03-28T23:00:00Z,16,0.266667
6775888955,2016-03-29T00:00:00Z,13,0.216667
6775888955,2016-03-29T01:00:00Z,0,0
6775888955,2016-03-29T02:00:00Z,0,0
6775888955,2016-03-29T03:00:00Z,0,0
6775888955,2016-03-29T04:00:00Z,0,0
6775888955,2016-03-29T05:00:00Z,0,0
6775888955,2016-03-29T06:00:00Z,0,0
6775888955,2016-03-29T07:00:00Z,0,0
6775888955,2016-03-29T08:00:00Z,23,0.383333
6775888955,2016-03-29T09:00:00Z,18,0.3
6775888955,2016-03-29T10:00:00Z,0,0
6775888955,2016-03-29T11:00:00Z,0,0
6775888955,2016-03-29T12:00:00Z,0,0
6775888955,2016-03-29T13:00:00Z,0,0
6775888955,2016-03-29T14:00:00Z,0,0
6775888955,2016-03-29T15:00:00Z,0,0
6775888955,2016-03-29T16:00:00Z,0,0
6775888955,2016-03-29T17:00:00Z,0,0
6775888955,2016-03-29T18:00:00Z,0,0
6775888955,2016-03-29T19:00:00Z,0,0
6775888955,2016-03-29T20:00:00Z,0,0
6775888955,2016-03-29T21:00:00Z,0,0
6775888955,2016-03-29T22:00:00Z,0,0
6775888955,2016-03-29T23:00:00Z,0,0
6775888955,2016-03-30T00:00:00Z,0,0
6775888955,2016-03-30T01:00:00Z,0,0
6775888955,2016-03-30T02:00:00Z,0,0
6775888955,2016-03-30T03:00:00Z,0,0
6775888955,2016-03-30T04:00:00Z,0,0
6775888955,2016-03-30T05:00:00Z,0,0
6775888955,2016-03-30T06:00:00Z,0,0
6775888955,2016-03-30T07:00:00Z,0,0
6775888955,2016-03-30T08:00:00Z,0,0
6775888955,2016-03-30T09:00:00Z,0,0
6775888955,2016-03-30T10:00:00Z,0,0
6775888955,2016-03-30T11:00:00Z,0,0
6775888955,2016-03-30T12:00:00Z,0,0
6775888955,2016-03-30T13:00:00Z,0,0
6775888955,2016-03-30T14:00:00Z,0,0
6775888955,2016-03-30T15:00:00Z,0,0
6775888955,2016-03-30T16:00:00Z,0,0
6775888955,2016-03-30T17:00:00Z,0,0
6775888955,2016-03-30T18:00:00Z,0,0
6775888955,2016-03-30T19:00:00Z,0,0
6775888955,2016-03-30T20:00:00Z,29,0.483333
6775888955,2016-03-30T21:00:00Z,36,0.6
6775888955,2016-03-30T22:00:00Z,6,0.1
6775888955,2016-03-30T23:00:00Z,3,0.05
6775888955,2016-03-31T00:00:00Z,3,0.05
6775888955,2016-03-31T01:00:00Z,1,0.016667
6775888955,2016-03-31T02:00:00Z,12,0.2
6775888955,2016-03-31T03:00:00Z,0,0
6775888955,2016-03-31T04:00:00Z,0,0
6775888955,2016-03-31T05:00:00Z,0,0
6775888955,2016-03-31T06:00:00Z,0,0
6775888955,2016-03-31T07:00:00Z,3,0.05
6775888955,2016-03-31T08:00:00Z,34,0.566667
6775888955,2016-03-31T09:00:00Z,19,0.316667
6775888955,2016-03-31T10:00:00Z,5,0.083333
6775888955,2016-03-31T11:00:00Z,4,0.066667
6775888955,2016-03-31T12:00:00Z,9,0.15
6775888955,2016-03-31T13:00:00Z,0,0
6775888955,2016-03-31T14:00:00Z,0,0
6775888955,2016-03-31T15:00:00Z,0,0
6775888955,2016-03-31T16:00:00Z,15,0.25
6775888955,2016-03-31T17:00:00Z,6,0.1
6775888955,2016-03-31T18:00:00Z,0,0
6775888955,2016-03-31T19:00:00Z,0,0
6775888955,2016-03-31T20:00:00Z,0,0
6775888955,2016-03-31T21:00:00Z,0,0
6775888955,2016-03-31T22:00:00Z,0,0
6775888955,2016-03-31T23:00:00Z,0,0
6775888955,2016-04-01T00:00:00Z,0,0
6775888955,2016-04-01T01:00:00Z,0,0
6775888955,2016-04-01T02:00:00Z,0,0
6775888955,2016-04-01T03:00:00Z,0,0
6775888955,2016-04-01T04:00:00Z,0,0
6775888955,2016-04-01T05:00:00Z,0,0
6775888955,2016-04-01T06:00:00Z,0,0
6775888955,2016-04-01T07:00:00Z,39,0.65
6775888955,2016-04-01T08:00:00Z,24,0.4
6775888955,2016-04-01T09:00:00Z,13,0.216667
6775888955,2016-04-01T10:00:00Z,0,0
6775888955,2016-04-01T11:00:00Z,0,0
6775888955,2016-04-01T12:00:00Z,0,0
6775888955,2016-04-01T13:00:00Z,0,0
6775888955,2016-04-01T14:00:00Z,0,0
6775888955,2016-04-01T15:00:00Z,0,0
6775888955,2016-04-01T16:00:00Z,11,0.183333
6775888955,2016-04-01T17:00:00Z,15,0.25
6775888955,2016-04-01T18:00:00Z,11,0.183333
6775888955,2016-04-01T19:00:00Z,62,1.033333
6775888955,2016-04-01T20:00:00Z,32,0.533333
6775888955,2016-04-01T21:00:00Z,16,0.266667
6775888955,2016-04-01T22:00:00Z,100,1.666667
6775888955,2016-04-01T23:00:00Z,15,0.25
6775888955,2016-04-02T00:00:00Z,3,0.05
6775888955,2016-04-02T01:00:00Z,1,0.016667
6775888955,2016-04-02T02:00:00Z,0,0
6775888955,2016-04-02T03:00:00Z,2,0.033333
6775888955,2016-04-02T04:00:00Z,0,0
6775888955,2016-04-02T05:00:00Z,0,0
6775888955,2016-04-02T06:00:00Z,1,0.016667
6775888955,2016-04-02T07:00:00Z,16,0.266667
6775888955,2016-04-02T08:00:00Z,22,0.366667
6775888955,2016-04-02T09:00:00Z,28,0.466667
6775888955,2016-04-02T10:00:00Z,6,0.1
6775888955,2016-04-02T11:00:00Z,0,0
6775888955,2016-04-02T12:00:00Z,0,0
6775888955,2016-04-02T13:00:00Z,0,0
6775888955,2016-04-02T14:00:00Z,0,0
6775888955,2016-04-02T15:00:00Z,0,0
6775888955,2016-04-02T16:00:00Z,0,0
6775888955,2016-04-02T17:00:00Z,0,0
6775888955,2016-04-02T18:00:00Z,0,0
6775888955,2016-04-02T19:00:00Z,0,0
6775888955,2016-04-02T20:00:00Z,0,0
6775888955,2016-04-02T21:00:00Z,0,0
6775888955,2016-04-02T22:00:00Z,0,0
6775888955,2016-04-02T23:00:00Z,0,0
6775888955,2016-04-03T00:00:00Z,0,0
6775888955,2016-04-03T01:00:00Z,0,0
6775888955,2016-04-03T02:00:00Z,0,0
6775888955,2016-04-03T03:00:00Z,0,0
6775888955,2016-04-03T04:00:00Z,0,0
6775888955,2016-04-03T05:00:00Z,0,0
6775888955,2016-04-03T06:00:00Z,0,0
6775888955,2016-04-03T07:00:00Z,0,0
6775888955,2016-04-03T08:00:00Z,0,0
6775888955,2016-04-03T09:00:00Z,43,0.716667
6775888955,2016-04-03T10:00:00Z,2,0.033333
6775888955,2016-04-03T11:00:00Z,0,0
6775888955,2016-04-03T12:00:00Z,0,0
6775888955,2016-04-03T13:00:00Z,0,0
6775888955,2016-04-03T14:00:00Z,0,0
6775888955,2016-04-03T15:00:00Z,0,0
6775888955,2016-04-03T16:00:00Z,0,0
6775888955,2016-04-03T17:00:00Z,0,0
6775888955,2016-04-03T18:00:00Z,0,0
6775888955,2016-04-03T19:00:00Z,0,0
6775888955,2016-04-03T20:00:00Z,0,0
6775888955,2016-04-03T21:00:00Z,0,0
6775888955,2016-04-03T22:00:00Z,0,0
6775888955,2016-04-03T23:00:00Z,0,0
6775888955,2016-04-04T00:00:00Z,0,0
6775888955,2016-04-04T01:00:00Z,0,0
6775888955,2016-04-04T02:00:00Z,0,0
6775888955,2016-04-04T03:00:00Z,0,0
6775888955,2016-04-04T04:00:00Z,0,0
6775888955,2016-04-04T05:00:00Z,0,0
6775888955,2016-04-04T06:00:00Z,0,0
6775888955,2016-04-04T07:00:00Z,0,0
6775888955,2016-04-04T08:00:00Z,0,0
6775888955,2016-04-04T09:00:00Z,0,0
6775888955,2016-04-04T10:00:00Z,0,0
6775888955,2016-04-04T11:00:00Z,0,0
6775888955,2016-04-04T12:00:00Z,0,0
6775888955,2016-04-04T13:00:00Z,0,0
6775888955,2016-04-04T14:00:00Z,0,0
6775888955,2016-04-04T15:00:00Z,0,0
6775888955,2016-04-04T16:00:00Z,0,0
6775888955,2016-04-04T17:00:00Z,0,0
6775888955,2016-04-04T18:00:00Z,0,0
6775888955,2016-04-04T19:00:00Z,0,0
6775888955,2016-04-04T20:00:00Z,0,0
6775888955,2016-04-04T21:00:00Z,0,0
6775888955,2016-04-04T22:00:00Z,0,0
6775888955,2016-04-04T23:00:00Z,0,0
6775888955,2016-04-05T00:00:00Z,0,0
6775888955,2016-04-05T01:00:00Z,0,0
6775888955,2016-04-05T02:00:00Z,0,0
6775888955,2016-04-05T03:00:00Z,0,0
6775888955,2016-04-05T04:00:00Z,0,0
6775888955,2016-04-05T05:00:00Z,0,0
6775888955,2016-04-05T06:00:00Z,0,0
6775888955,2016-04-05T07:00:00Z,0,0
6775888955,2016-04-05T08:00:00Z,0,0
6775888955,2016-04-05T09:00:00Z,13,0.216667
6775888955,2016-04-05T10:00:00Z,31,0.516667
6775888955,2016-04-05T11:00:00Z,27,0.45
6775888955,2016-04-05T12:00:00Z,5,0.083333
6775888955,2016-04-05T13:00:00Z,17,0.283333
6775888955,2016-04-05T14:00:00Z,70,1.166667
6775888955,2016-04-05T15:00:00Z,24,0.4
6775888955,2016-04-05T16:00:00Z,73,1.216667
6775888955,2016-04-05T17:00:00Z,102,1.7
6775888955,2016-04-05T18:00:00Z,112,1.866667
6775888955,2016-04-05T19:00:00Z,83,1.383333
6775888955,2016-04-05T20:00:00Z,20,0.333333
6775888955,2016-04-05T21:00:00Z,33,0.55
6775888955,2016-04-05T22:00:00Z,41,0.683333
6775888955,2016-04-05T23:00:00Z,23,0.383333
6775888955,2016-04-06T00:00:00Z,20,0.333333
6775888955,2016-04-06T01:00:00Z,0,0
6775888955,2016-04-06T02:00:00Z,0,0
6775888955,2016-04-06T03:00:00Z,1,0.016667
6775888955,2016-04-06T04:00:00Z,0,0
6775888955,2016-04-06T05:00:00Z,0,0
6775888955,2016-04-06T06:00:00Z,0,0
6775888955,2016-04-06T07:00:00Z,0,0
6775888955,2016-04-06T08:00:00Z,19,0.316667
6775888955,2016-04-06T09:00:00Z,73,1.216667
6775888955,2016-04-06T10:00:00Z,52,0.866667
6775888955,2016-04-06T11:00:00Z,16,0.266667
6775888955,2016-04-06T12:00:00Z,43,0.716667
6775888955,2016-04-06T13:00:00Z,41,0.683333
6775888955,2016-04-06T14:00:00Z,27,0.45
6775888955,2016-04-06T15:00:00Z,28,0.466667
6775888955,2016-04-06T16:00:00Z,25,0.416667
6775888955,2016-04-06T17:00:00Z,58,0.966667
6775888955,2016-04-06T18:00:00Z,38,0.633333
6775888955,2016-04-06T19:00:00Z,45,0.75
6775888955,2016-04-06T20:00:00Z,32,0.533333
6775888955,2016-04-06T21:00:00Z,37,0.616667
6775888955,2016-04-06T22:00:00Z,4,0.066667
6775888955,2016-04-06T23:00:00Z,11,0.183333
6775888955,2016-04-07T00:00:00Z,1,0.016667
6775888955,2016-04-07T01:00:00Z,8,0.133333
6775888955,2016-04-07T02:00:00Z,2,0.033333
6775888955,2016-04-07T03:00:00Z,2,0.033333
6775888955,2016-04-07T04:00:00Z,1,0.016667
6775888955,2016-04-07T05:00:00Z,3,0.05
6775888955,2016-04-07T06:00:00Z,2,0.033333
6775888955,2016-04-07T07:00:00Z,3,0.05
6775888955,2016-04-07T08:00:00Z,76,1.266667
6775888955,2016-04-07T09:00:00Z,75,1.25
6775888955,2016-04-07T10:00:00Z,53,0.883333
6775888955,2016-04-07T11:00:00Z,26,0.433333
6775888955,2016-04-07T12:00:00Z,83,1.383333
6775888955,2016-04-07T13:00:00Z,63,1.05
6775888955,2016-04-07T14:00:00Z,81,1.35
6775888955,2016-04-07T15:00:00Z,3,0.05
6775888955,2016-04-07T16:00:00Z,10,0.166667
6775888955,2016-04-07T17:00:00Z,39,0.65
6775888955,2016-04-07T18:00:00Z,32,0.533333
6775888955,2016-04-07T19:00:00Z,20,0.333333
6775888955,2016-04-07T20:00:00Z,33,0.55
6775888955,2016-04-07T21:00:00Z,0,0
6775888955,2016-04-07T22:00:00Z,0,0
6775888955,2016-04-07T23:00:00Z,0,0
6775888955,2016-04-08T00:00:00Z,0,0
6775888955,2016-04-08T01:00:00Z,0,0
6775888955,2016-04-08T02:00:00Z,0,0
6775888955,2016-04-08T03:00:00Z,0,0
6775888955,2016-04-08T04:00:00Z,0,0
6775888955,2016-04-08T05:00:00Z,0,0
6775888955,2016-04-08T06:00:00Z,0,0
6775888955,2016-04-08T07:00:00Z,0,0
6775888955,2016-04-08T08:00:00Z,0,0
6775888955,2016-04-08T09:00:00Z,0,0
6775888955,2016-04-08T10:00:00Z,0,0
6775888955,2016-04-08T11:00:00Z,0,0
6775888955,2016-04-08T12:00:00Z,0,0
6775888955,2016-04-08T13:00:00Z,0,0
6775888955,2016-04-08T14:00:00Z,0,0
6775888955,2016-04-08T15:00:00Z,0,0
6775888955,2016-04-08T16:00:00Z,39,0.65
6775888955,2016-04-08T17:00:00Z,87,1.45
6775888955,2016-04-08T18:00:00Z,17,0.283333
6775888955,2016-04-08T19:00:00Z,58,0.966667
6775888955,2016-04-08T20:00:00Z,6,0.1
6775888955,2016-04-08T21:00:00Z,3,0.05
6775888955,2016-04-08T22:00:00Z,6,0.1
6775888955,2016-04-08T23:00:00Z,0,0
6775888955,2016-04-09T00:00:00Z,0,0
6775888955,2016-04-09T01:00:00Z,1,0.016667
6775888955,2016-04-09T02:00:00Z,0,0
6775888955,2016-04-09T03:00:00Z,0,0
6775888955,2016-04-09T04:00:00Z,0,0
6775888955,2016-04-09T05:00:00Z,0,0
6775888955,2016-04-09T06:00:00Z,0,0
6775888955,2016-04-09T07:00:00Z,0,0
6775888955,2016-04-09T08:00:00Z,0,0
6775888955,2016-04-09T09:00:00Z,0,0
6962181067,2016-03-12T00:00:00Z,0,0
6962181067,2016-03-12T01:00:00Z,0,0
6962181067,2016-03-12T02:00:00Z,0,0
6962181067,2016-03-12T03:00:00Z,0,0
6962181067,2016-03-12T04:00:00Z,0,0
6962181067,2016-03-12T05:00:00Z,0,0
6962181067,2016-03-12T06:00:00Z,0,0
6962181067,2016-03-12T07:00:00Z,38,0.633333
6962181067,2016-03-12T08:00:00Z,30,0.5
6962181067,2016-03-12T09:00:00Z,90,1.5
6962181067,2016-03-12T10:00:00Z,31,0.516667
6962181067,2016-03-12T11:00:00Z,29,0.483333
6962181067,2016-03-12T12:00:00Z,103,1.716667
6962181067,2016-03-12T13:00:00Z,12,0.2
6962181067,2016-03-12T14:00:00Z,3,0.05
6962181067,2016-03-12T15:00:00Z,8,0.133333
6962181067,2016-03-12T16:00:00Z,61,1.016667
6962181067,2016-03-12T17:00:00Z,62,1.033333
6962181067,2016-03-12T18:00:00Z,17,0.283333
6962181067,2016-03-12T19:00:00Z,13,0.216667
6962181067,2016-03-12T20:00:00Z,1,0.016667
6962181067,2016-03-12T21:00:00Z,2,0.033333
6962181067,2016-03-12T22:00:00Z,0,0
6962181067,2016-03-12T23:00:00Z,0,0
6962181067,2016-03-13T00:00:00Z,0,0
6962181067,2016-03-13T01:00:00Z,0,0
6962181067,2016-03-13T02:00:00Z,2,0.033333
6962181067,2016-03-13T03:00:00Z,0,0
6962181067,2016-03-13T04:00:00Z,0,0
6962181067,2016-03-13T05:00:00Z,0,0
6962181067,2016-03-13T06:00:00Z,0,0
6962181067,2016-03-13T07:00:00Z,0,0
6962181067,2016-03-13T08:00:00Z,33,0.55
6962181067,2016-03-13T09:00:00Z,11,0.183333
6962181067,2016-03-13T10:00:00Z,25,0.416667
6962181067,2016-03-13T11:00:00Z,35,0.583333
6962181067,2016-03-13T12:00:00Z,32,0.533333
6962181067,2016-03-13T13:00:00Z,7,0.116667
6962181067,2016-03-13T14:00:00Z,1,0.016667
6962181067,2016-03-13T15:00:00Z,7,0.116667
6962181067,2016-03-13T16:00:00Z,44,0.733333
6962181067,2016-03-13T17:00:00Z,49,0.816667
6962181067,2016-03-13T18:00:00Z,12,0.2
6962181067,2016-03-13T19:00:00Z,16,0.266667
6962181067,2016-03-13T20:00:00Z,11,0.183333
6962181067,2016-03-13T21:00:00Z,54,0.9
6962181067,2016-03-13T22:00:00Z,12,0.2
6962181067,2016-03-13T23:00:00Z,12,0.2
6962181067,2016-03-14T00:00:00Z,1,0.016667
6962181067,2016-03-14T01:00:00Z,0,0
6962181067,2016-03-14T02:00:00Z,0,0
6962181067,2016-03-14T03:00:00Z,0,0
6962181067,2016-03-14T04:00:00Z,1,0.016667
6962181067,2016-03-14T05:00:00Z,0,0
6962181067,2016-03-14T06:00:00Z,1,0.016667
6962181067,2016-03-14T07:00:00Z,41,0.683333
6962181067,2016-03-14T08:00:00Z,33,0.55
6962181067,2016-03-14T09:00:00Z,28,0.466667
6962181067,2016-03-14T10:00:00Z,30,0.5
6962181067,2016-03-14T11:00:00Z,21,0.35
6962181067,2016-03-14T12:00:00Z,36,0.6
6962181067,2016-03-14T13:00:00Z,37,0.616667
6962181067,2016-03-14T14:00:00Z,9,0.15
6962181067,2016-03-14T15:00:00Z,48,0.8
6962181067,2016-03-14T16:00:00Z,31,0.516667
6962181067,2016-03-14T17:00:00Z,92,1.533333
6962181067,2016-03-14T18:00:00Z,21,0.35
6962181067,2016-03-14T19:00:00Z,7,0.116667
6962181067,2016-03-14T20:00:00Z,8,0.133333
6962181067,2016-03-14T21:00:00Z,2,0.033333
6962181067,2016-03-14T22:00:00Z,0,0
6962181067,2016-03-14T23:00:00Z,1,0.016667
6962181067,2016-03-15T00:00:00Z,0,0
6962181067,2016-03-15T01:00:00Z,2,0.033333
6962181067,2016-03-15T02:00:00Z,0,0
6962181067,2016-03-15T03:00:00Z,0,0
6962181067,2016-03-15T04:00:00Z,0,0
6962181067,2016-03-15T05:00:00Z,2,0.033333
6962181067,2016-03-15T06:00:00Z,0,0
6962181067,2016-03-15T07:00:00Z,43,0.716667
6962181067,2016-03-15T08:00:00Z,16,0.266667
6962181067,2016-03-15T09:00:00Z,6,0.1
6962181067,2016-03-15T10:00:00Z,7,0.116667
6962181067,2016-03-15T11:00:00Z,12,0.2
6962181067,2016-03-15T12:00:00Z,7,0.116667
6962181067,2016-03-15T13:00:00Z,16,0.266667
6962181067,2016-03-15T14:00:00Z,12,0.2
6962181067,2016-03-15T15:00:00Z,57,0.95
6962181067,2016-03-15T16:00:00Z,57,0.95
6962181067,2016-03-15T17:00:00Z,19,0.316667
6962181067,2016-03-15T18:00:00Z,12,0.2
6962181067,2016-03-15T19:00:00Z,24,0.4
6962181067,2016-03-15T20:00:00Z,34,0.566667
6962181067,2016-03-15T21:00:00Z,28,0.466667
6962181067,2016-03-15T22:00:00Z,1,0.016667
6962181067,2016-03-15T23:00:00Z,1,0.016667
6962181067,2016-03-16T00:00:00Z,0,0
6962181067,2016-03-16T01:00:00Z,0,0
6962181067,2016-03-16T02:00:00Z,1,0.016667
6962181067,2016-03-16T03:00:00Z,0,0
6962181067,2016-03-16T04:00:00Z,0,0
6962181067,2016-03-16T05:00:00Z,2,0.033333
6962181067,2016-03-16T06:00:00Z,4,0.066667
6962181067,2016-03-16T07:00:00Z,43,0.716667
6962181067,2016-03-16T08:00:00Z,16,0.266667
6962181067,2016-03-16T09:00:00Z,8,0.133333
6962181067,2016-03-16T10:00:00Z,2,0.033333
6962181067,2016-03-16T11:00:00Z,18,0.3
6962181067,2016-03-16T12:00:00Z,16,0.266667
6962181067,2016-03-16T13:00:00Z,30,0.5
6962181067,2016-03-16T14:00:00Z,39,0.65
6962181067,2016-03-16T15:00:00Z,35,0.583333
6962181067,2016-03-16T16:00:00Z,66,1.1
6962181067,2016-03-16T17:00:00Z,44,0.733333
6962181067,2016-03-16T18:00:00Z,25,0.416667
6962181067,2016-03-16T19:00:00Z,34,0.566667
6962181067,2016-03-16T20:00:00Z,33,0.55
6962181067,2016-03-16T21:00:00Z,23,0.383333
6962181067,2016-03-16T22:00:00Z,48,0.8
6962181067,2016-03-16T23:00:00Z,18,0.3
6962181067,2016-03-17T00:00:00Z,2,0.033333
6962181067,2016-03-17T01:00:00Z,0,0
6962181067,2016-03-17T02:00:00Z,0,0
6962181067,2016-03-17T03:00:00Z,0,0
6962181067,2016-03-17T04:00:00Z,0,0
6962181067,2016-03-17T05:00:00Z,0,0
6962181067,2016-03-17T06:00:00Z,1,0.016667
6962181067,2016-03-17T07:00:00Z,15,0.25
6962181067,2016-03-17T08:00:00Z,40,0.666667
6962181067,2016-03-17T09:00:00Z,55,0.916667
6962181067,2016-03-17T10:00:00Z,36,0.6
6962181067,2016-03-17T11:00:00Z,38,0.633333
6962181067,2016-03-17T12:00:00Z,32,0.533333
6962181067,2016-03-17T13:00:00Z,21,0.35
6962181067,2016-03-17T14:00:00Z,26,0.433333
6962181067,2016-03-17T15:00:00Z,43,0.716667
6962181067,2016-03-17T16:00:00Z,83,1.383333
6962181067,2016-03-17T17:00:00Z,33,0.55
6962181067,2016-03-17T18:00:00Z,45,0.75
6962181067,2016-03-17T19:00:00Z,75,1.25
6962181067,2016-03-17T20:00:00Z,52,0.866667
6962181067,2016-03-17T21:00:00Z,57,0.95
6962181067,2016-03-17T22:00:00Z,2,0.033333
6962181067,2016-03-17T23:00:00Z,1,0.016667
6962181067,2016-03-18T00:00:00Z,0,0
6962181067,2016-03-18T01:00:00Z,0,0
6962181067,2016-03-18T02:00:00Z,0,0
6962181067,2016-03-18T03:00:00Z,0,0
6962181067,2016-03-18T04:00:00Z,3,0.05
6962181067,2016-03-18T05:00:00Z,0,0
6962181067,2016-03-18T06:00:00Z,0,0
6962181067,2016-03-18T07:00:00Z,6,0.1
6962181067,2016-03-18T08:00:00Z,35,0.583333
6962181067,2016-03-18T09:00:00Z,64,1.066667
6962181067,2016-03-18T10:00:00Z,46,0.766667
6962181067,2016-03-18T11:00:00Z,33,0.55
6962181067,2016-03-18T12:00:00Z,39,0.65
6962181067,2016-03-18T13:00:00Z,37,0.616667
6962181067,2016-03-18T14:00:00Z,48,0.8
6962181067,2016-03-18T15:00:00Z,36,0.6
6962181067,2016-03-18T16:00:00Z,42,0.7
6962181067,2016-03-18T17:00:00Z,31,0.516667
6962181067,2016-03-18T18:00:00Z,8,0.133333
6962181067,2016-03-18T19:00:00Z,24,0.4
6962181067,2016-03-18T20:00:00Z,73,1.216667
6962181067,2016-03-18T21:00:00Z,56,0.933333
6962181067,2016-03-18T22:00:00Z,67,1.116667
6962181067,2016-03-18T23:00:00Z,20,0.333333
6962181067,2016-03-19T00:00:00Z,0,0
6962181067,2016-03-19T01:00:00Z,0,0
6962181067,2016-03-19T02:00:00Z,0,0
6962181067,2016-03-19T03:00:00Z,0,0
6962181067,2016-03-19T04:00:00Z,0,0
6962181067,2016-03-19T05:00:00Z,0,0
6962181067,2016-03-19T06:00:00Z,0,0
6962181067,2016-03-19T07:00:00Z,1,0.016667
6962181067,2016-03-19T08:00:00Z,5,0.083333
6962181067,2016-03-19T09:00:00Z,15,0.25
6962181067,2016-03-19T10:00:00Z,41,0.683333
6962181067,2016-03-19T11:00:00Z,68,1.133333
6962181067,2016-03-19T12:00:00Z,47,0.783333
6962181067,2016-03-19T13:00:00Z,13,0.216667
6962181067,2016-03-19T14:00:00Z,27,0.45
6962181067,2016-03-19T15:00:00Z,50,0.833333
6962181067,2016-03-19T16:00:00Z,2,0.033333
6962181067,2016-03-19T17:00:00Z,44,0.733333
6962181067,2016-03-19T18:00:00Z,52,0.866667
6962181067,2016-03-19T19:00:00Z,15,0.25
6962181067,2016-03-19T20:00:00Z,91,1.516667
6962181067,2016-03-19T21:00:00Z,0,0
6962181067,2016-03-19T22:00:00Z,7,0.116667
6962181067,2016-03-19T23:00:00Z,1,0.016667
6962181067,2016-03-20T00:00:00Z,0,0
6962181067,2016-03-20T01:00:00Z,1,0.016667
6962181067,2016-03-20T02:00:00Z,2,0.033333
6962181067,2016-03-20T03:00:00Z,0,0
6962181067,2016-03-20T04:00:00Z,0,0
6962181067,2016-03-20T05:00:00Z,0,0
6962181067,2016-03-20T06:00:00Z,0,0
6962181067,2016-03-20T07:00:00Z,5,0.083333
6962181067,2016-03-20T08:00:00Z,29,0.483333
6962181067,2016-03-20T09:00:00Z,44,0.733333
6962181067,2016-03-20T10:00:00Z,15,0.25
6962181067,2016-03-20T11:00:00Z,21,0.35
6962181067,2016-03-20T12:00:00Z,41,0.683333
6962181067,2016-03-20T13:00:00Z,29,0.483333
6962181067,2016-03-20T14:00:00Z,63,1.05
6962181067,2016-03-20T15:00:00Z,24,0.4
6962181067,2016-03-20T16:00:00Z,39,0.65
6962181067,2016-03-20T17:00:00Z,30,0.5
6962181067,2016-03-20T18:00:00Z,18,0.3
6962181067,2016-03-20T19:00:00Z,17,0.283333
6962181067,2016-03-20T20:00:00Z,58,0.966667
6962181067,2016-03-20T21:00:00Z,22,0.366667
6962181067,2016-03-20T22:00:00Z,22,0.366667
6962181067,2016-03-20T23:00:00Z,0,0
6962181067,2016-03-21T00:00:00Z,0,0
6962181067,2016-03-21T01:00:00Z,0,0
6962181067,2016-03-21T02:00:00Z,0,0
6962181067,2016-03-21T03:00:00Z,0,0
6962181067,2016-03-21T04:00:00Z,0,0
6962181067,2016-03-21T05:00:00Z,0,0
6962181067,2016-03-21T06:00:00Z,0,0
6962181067,2016-03-21T07:00:00Z,24,0.4
6962181067,2016-03-21T08:00:00Z,33,0.55
6962181067,2016-03-21T09:00:00Z,63,1.05
6962181067,2016-03-21T10:00:00Z,26,0.433333
6962181067,2016-03-21T11:00:00Z,10,0.166667
6962181067,2016-03-21T12:00:00Z,65,1.083333
6962181067,2016-03-21T13:00:00Z,46,0.766667
6962181067,2016-03-21T14:00:00Z,49,0.816667
6962181067,2016-03-21T15:00:00Z,66,1.1
6962181067,2016-03-21T16:00:00Z,29,0.483333
6962181067,2016-03-21T17:00:00Z,32,0.533333
6962181067,2016-03-21T18:00:00Z,31,0.516667
6962181067,2016-03-21T19:00:00Z,22,0.366667
6962181067,2016-03-21T20:00:00Z,1,0.016667
6962181067,2016-03-21T21:00:00Z,0,0
6962181067,2016-03-21T22:00:00Z,2,0.033333
6962181067,2016-03-21T23:00:00Z,3,0.05
6962181067,2016-03-22T00:00:00Z,16,0.266667
6962181067,2016-03-22T01:00:00Z,3,0.05
6962181067,2016-03-22T02:00:00Z,0,0
6962181067,2016-03-22T03:00:00Z,0,0
6962181067,2016-03-22T04:00:00Z,0,0
6962181067,2016-03-22T05:00:00Z,0,0
6962181067,2016-03-22T06:00:00Z,0,0
6962181067,2016-03-22T07:00:00Z,2,0.033333
6962181067,2016-03-22T08:00:00Z,1,0.016667
6962181067,2016-03-22T09:00:00Z,12,0.2
6962181067,2016-03-22T10:00:00Z,18,0.3
6962181067,2016-03-22T11:00:00Z,13,0.216667
6962181067,2016-03-22T12:00:00Z,6,0.1
6962181067,2016-03-22T13:00:00Z,5,0.083333
6962181067,2016-03-22T14:00:00Z,10,0.166667
6962181067,2016-03-22T15:00:00Z,7,0.116667
6962181067,2016-03-22T16:00:00Z,14,0.233333
6962181067,2016-03-22T17:00:00Z,34,0.566667
6962181067,2016-03-22T18:00:00Z,17,0.283333
6962181067,2016-03-22T19:00:00Z,33,0.55
6962181067,2016-03-22T20:00:00Z,152,2.533333
6962181067,2016-03-22T21:00:00Z,6,0.1
6962181067,2016-03-22T22:00:00Z,0,0
6962181067,2016-03-22T23:00:00Z,0,0
6962181067,2016-03-23T00:00:00Z,0,0
6962181067,2016-03-23T01:00:00Z,0,0
6962181067,2016-03-23T02:00:00Z,0,0
6962181067,2016-03-23T03:00:00Z,0,0
6962181067,2016-03-23T04:00:00Z,0,0
6962181067,2016-03-23T05:00:00Z,0,0
6962181067,2016-03-23T06:00:00Z,0,0
6962181067,2016-03-23T07:00:00Z,0,0
6962181067,2016-03-23T08:00:00Z,0,0
6962181067,2016-03-23T09:00:00Z,2,0.033333
6962181067,2016-03-23T10:00:00Z,3,0.05
6962181067,2016-03-23T11:00:00Z,31,0.516667
6962181067,2016-03-23T12:00:00Z,7,0.116667
6962181067,2016-03-23T13:00:00Z,14,0.233333
6962181067,2016-03-23T14:00:00Z,87,1.45
6962181067,2016-03-23T15:00:00Z,83,1.383333
6962181067,2016-03-23T16:00:00Z,38,0.633333
6962181067,2016-03-23T17:00:00Z,10,0.166667
6962181067,2016-03-23T18:00:00Z,43,0.716667
6962181067,2016-03-23T19:00:00Z,22,0.366667
6962181067,2016-03-23T20:00:00Z,5,0.083333
6962181067,2016-03-23T21:00:00Z,0,0
6962181067,2016-03-23T22:00:00Z,3,0.05
6962181067,2016-03-23T23:00:00Z,0,0
6962181067,2016-03-24T00:00:00Z,0,0
6962181067,2016-03-24T01:00:00Z,0,0
6962181067,2016-03-24T02:00:00Z,0,0
6962181067,2016-03-24T03:00:00Z,0,0
6962181067,2016-03-24T04:00:00Z,2,0.033333
6962181067,2016-03-24T05:00:00Z,0,0
6962181067,2016-03-24T06:00:00Z,0,0
6962181067,2016-03-24T07:00:00Z,1,0.016667
6962181067,2016-03-24T08:00:00Z,8,0.133333
6962181067,2016-03-24T09:00:00Z,39,0.65
6962181067,2016-03-24T10:00:00Z,77,1.283333
6962181067,2016-03-24T11:00:00Z,15,0.25
6962181067,2016-03-24T12:00:00Z,29,0.483333
6962181067,2016-03-24T13:00:00Z,2,0.033333
6962181067,2016-03-24T14:00:00Z,0,0
6962181067,2016-03-24T15:00:00Z,3,0.05
6962181067,2016-03-24T16:00:00Z,8,0.133333
6962181067,2016-03-24T17:00:00Z,109,1.816667
6962181067,2016-03-24T18:00:00Z,24,0.4
6962181067,2016-03-24T19:00:00Z,8,0.133333
6962181067,2016-03-24T20:00:00Z,12,0.2
6962181067,2016-03-24T21:00:00Z,1,0.016667
6962181067,2016-03-24T22:00:00Z,1,0.016667
6962181067,2016-03-24T23:00:00Z,0,0
6962181067,2016-03-25T00:00:00Z,2,0.033333
6962181067,2016-03-25T01:00:00Z,0,0
6962181067,2016-03-25T02:00:00Z,0,0
6962181067,2016-03-25T03:00:00Z,0,0
6962181067,2016-03-25T04:00:00Z,0,0
6962181067,2016-03-25T05:00:00Z,0,0
6962181067,2016-03-25T06:00:00Z,1,0.016667
6962181067,2016-03-25T07:00:00Z,0,0
6962181067,2016-03-25T08:00:00Z,1,0.016667
6962181067,2016-03-25T09:00:00Z,20,0.333333
6962181067,2016-03-25T10:00:00Z,42,0.7
6962181067,2016-03-25T11:00:00Z,84,1.4
6962181067,2016-03-25T12:00:00Z,27,0.45
6962181067,2016-03-25T13:00:00Z,19,0.316667
6962181067,2016-03-25T14:00:00Z,0,0
6962181067,2016-03-25T15:00:00Z,1,0.016667
6962181067,2016-03-25T16:00:00Z,50,0.833333
6962181067,2016-03-25T17:00:00Z,74,1.233333
6962181067,2016-03-25T18:00:00Z,51,0.85
6962181067,2016-03-25T19:00:00Z,7,0.116667
6962181067,2016-03-25T20:00:00Z,3,0.05
6962181067,2016-03-25T21:00:00Z,0,0
6962181067,2016-03-25T22:00:00Z,0,0
6962181067,2016-03-25T23:00:00Z,2,0.033333
6962181067,2016-03-26T00:00:00Z,0,0
6962181067,2016-03-26T01:00:00Z,0,0
6962181067,2016-03-26T02:00:00Z,0,0
6962181067,2016-03-26T03:00:00Z,1,0.016667
6962181067,2016-03-26T04:00:00Z,1,0.016667
6962181067,2016-03-26T05:00:00Z,0,0
6962181067,2016-03-26T06:00:00Z,0,0
6962181067,2016-03-26T07:00:00Z,0,0
6962181067,2016-03-26T08:00:00Z,1,0.016667
6962181067,2016-03-26T09:00:00Z,25,0.416667
6962181067,2016-03-26T10:00:00Z,30,0.5
6962181067,2016-03-26T11:00:00Z,117,1.95
6962181067,2016-03-26T12:00:00Z,4,0.066667
6962181067,2016-03-26T13:00:00Z,2,0.033333
6962181067,2016-03-26T14:00:00Z,14,0.233333
6962181067,2016-03-26T15:00:00Z,0,0
6962181067,2016-03-26T16:00:00Z,89,1.483333
6962181067,2016-03-26T17:00:00Z,61,1.016667
6962181067,2016-03-26T18:00:00Z,15,0.25
6962181067,2016-03-26T19:00:00Z,3,0.05
6962181067,2016-03-26T20:00:00Z,1,0.016667
6962181067,2016-03-26T21:00:00Z,3,0.05
6962181067,2016-03-26T22:00:00Z,0,0
6962181067,2016-03-26T23:00:00Z,4,0.066667
6962181067,2016-03-27T00:00:00Z,0,0
6962181067,2016-03-27T01:00:00Z,2,0.033333
6962181067,2016-03-27T02:00:00Z,1,0.016667
6962181067,2016-03-27T03:00:00Z,0,0
6962181067,2016-03-27T04:00:00Z,0,0
6962181067,2016-03-27T05:00:00Z,0,0
6962181067,2016-03-27T06:00:00Z,0,0
6962181067,2016-03-27T07:00:00Z,0,0
6962181067,2016-03-27T08:00:00Z,22,0.366667
6962181067,2016-03-27T09:00:00Z,27,0.45
6962181067,2016-03-27T10:00:00Z,9,0.15
6962181067,2016-03-27T11:00:00Z,9,0.15
6962181067,2016-03-27T12:00:00Z,11,0.183333
6962181067,2016-03-27T13:00:00Z,7,0.116667
6962181067,2016-03-27T14:00:00Z,35,0.583333
6962181067,2016-03-27T15:00:00Z,9,0.15
6962181067,2016-03-27T16:00:00Z,44,0.733333
6962181067,2016-03-27T17:00:00Z,40,0.666667
6962181067,2016-03-27T18:00:00Z,38,0.633333
6962181067,2016-03-27T19:00:00Z,92,1.533333
6962181067,2016-03-27T20:00:00Z,15,0.25
6962181067,2016-03-27T21:00:00Z,1,0.016667
6962181067,2016-03-27T22:00:00Z,0,0
6962181067,2016-03-27T23:00:00Z,2,0.033333
6962181067,2016-03-28T00:00:00Z,0,0
6962181067,2016-03-28T01:00:00Z,0,0
6962181067,2016-03-28T02:00:00Z,2,0.033333
6962181067,2016-03-28T03:00:00Z,1,0.016667
6962181067,2016-03-28T04:00:00Z,1,0.016667
6962181067,2016-03-28T05:00:00Z,0,0
6962181067,2016-03-28T06:00:00Z,0,0
6962181067,2016-03-28T07:00:00Z,0,0
6962181067,2016-03-28T08:00:00Z,14,0.233333
6962181067,2016-03-28T09:00:00Z,38,0.633333
6962181067,2016-03-28T10:00:00Z,122,2.033333
6962181067,2016-03-28T11:00:00Z,13,0.216667
6962181067,2016-03-28T12:00:00Z,58,0.966667
6962181067,2016-03-28T13:00:00Z,0,0
6962181067,2016-03-28T14:00:00Z,11,0.183333
6962181067,2016-03-28T15:00:00Z,33,0.55
6962181067,2016-03-28T16:00:00Z,71,1.183333
6962181067,2016-03-28T17:00:00Z,45,0.75
6962181067,2016-03-28T18:00:00Z,19,0.316667
6962181067,2016-03-28T19:00:00Z,10,0.166667
6962181067,2016-03-28T20:00:00Z,17,0.283333
6962181067,2016-03-28T21:00:00Z,13,0.216667
6962181067,2016-03-28T22:00:00Z,2,0.033333
6962181067,2016-03-28T23:00:00Z,2,0.033333
6962181067,2016-03-29T00:00:00Z,0,0
6962181067,2016-03-29T01:00:00Z,0,0
6962181067,2016-03-29T02:00:00Z,0,0
6962181067,2016-03-29T03:00:00Z,0,0
6962181067,2016-03-29T04:00:00Z,0,0
6962181067,2016-03-29T05:00:00Z,0,0
6962181067,2016-03-29T06:00:00Z,6,0.1
6962181067,2016-03-29T07:00:00Z,35,0.583333
6962181067,2016-03-29T08:00:00Z,36,0.6
6962181067,2016-03-29T09:00:00Z,55,0.916667
6962181067,2016-03-29T10:00:00Z,73,1.216667
6962181067,2016-03-29T11:00:00Z,19,0.316667
6962181067,2016-03-29T12:00:00Z,124,2.066667
6962181067,2016-03-29T13:00:00Z,3,0.05
6962181067,2016-03-29T14:00:00Z,5,0.083333
6962181067,2016-03-29T15:00:00Z,11,0.183333
6962181067,2016-03-29T16:00:00Z,26,0.433333
6962181067,2016-03-29T17:00:00Z,8,0.133333
6962181067,2016-03-29T18:00:00Z,16,0.266667
6962181067,2016-03-29T19:00:00Z,10,0.166667
6962181067,2016-03-29T20:00:00Z,11,0.183333
6962181067,2016-03-29T21:00:00Z,0,0
6962181067,2016-03-29T22:00:00Z,5,0.083333
6962181067,2016-03-29T23:00:00Z,4,0.066667
6962181067,2016-03-30T00:00:00Z,0,0
6962181067,2016-03-30T01:00:00Z,0,0
6962181067,2016-03-30T02:00:00Z,0,0
6962181067,2016-03-30T03:00:00Z,0,0
6962181067,2016-03-30T04:00:00Z,0,0
6962181067,2016-03-30T05:00:00Z,0,0
6962181067,2016-03-30T06:00:00Z,1,0.016667
6962181067,2016-03-30T07:00:00Z,24,0.4
6962181067,2016-03-30T08:00:00Z,25,0.416667
6962181067,2016-03-30T09:00:00Z,39,0.65
6962181067,2016-03-30T10:00:00Z,77,1.283333
6962181067,2016-03-30T11:00:00Z,7,0.116667
6962181067,2016-03-30T12:00:00Z,25,0.416667
6962181067,2016-03-30T13:00:00Z,7,0.116667
6962181067,2016-03-30T14:00:00Z,6,0.1
6962181067,2016-03-30T15:00:00Z,51,0.85
6962181067,2016-03-30T16:00:00Z,82,1.366667
6962181067,2016-03-30T17:00:00Z,81,1.35
6962181067,2016-03-30T18:00:00Z,11,0.183333
6962181067,2016-03-30T19:00:00Z,32,0.533333
6962181067,2016-03-30T20:00:00Z,4,0.066667
6962181067,2016-03-30T21:00:00Z,2,0.033333
6962181067,2016-03-30T22:00:00Z,3,0.05
6962181067,2016-03-30T23:00:00Z,3,0.05
6962181067,2016-03-31T00:00:00Z,0,0
6962181067,2016-03-31T01:00:00Z,0,0
6962181067,2016-03-31T02:00:00Z,0,0
6962181067,2016-03-31T03:00:00Z,0,0
6962181067,2016-03-31T04:00:00Z,0,0
6962181067,2016-03-31T05:00:00Z,1,0.016667
6962181067,2016-03-31T06:00:00Z,1,0.016667
6962181067,2016-03-31T07:00:00Z,13,0.216667
6962181067,2016-03-31T08:00:00Z,0,0
6962181067,2016-03-31T09:00:00Z,11,0.183333
6962181067,2016-03-31T10:00:00Z,65,1.083333
6962181067,2016-03-31T11:00:00Z,144,2.4
6962181067,2016-03-31T12:00:00Z,58,0.966667
6962181067,2016-03-31T13:00:00Z,8,0.133333
6962181067,2016-03-31T14:00:00Z,10,0.166667
6962181067,2016-03-31T15:00:00Z,30,0.5
6962181067,2016-03-31T16:00:00Z,12,0.2
6962181067,2016-03-31T17:00:00Z,22,0.366667
6962181067,2016-03-31T18:00:00Z,21,0.35
6962181067,2016-03-31T19:00:00Z,35,0.583333
6962181067,2016-03-31T20:00:00Z,10,0.166667
6962181067,2016-03-31T21:00:00Z,1,0.016667
6962181067,2016-03-31T22:00:00Z,6,0.1
6962181067,2016-03-31T23:00:00Z,0,0
6962181067,2016-04-01T00:00:00Z,0,0
6962181067,2016-04-01T01:00:00Z,0,0
6962181067,2016-04-01T02:00:00Z,0,0
6962181067,2016-04-01T03:00:00Z,0,0
6962181067,2016-04-01T04:00:00Z,0,0
6962181067,2016-04-01T05:00:00Z,0,0
6962181067,2016-04-01T06:00:00Z,0,0
6962181067,2016-04-01T07:00:00Z,0,0
6962181067,2016-04-01T08:00:00Z,0,0
6962181067,2016-04-01T09:00:00Z,24,0.4
6962181067,2016-04-01T10:00:00Z,86,1.433333
6962181067,2016-04-01T11:00:00Z,36,0.6
6962181067,2016-04-01T12:00:00Z,58,0.966667
6962181067,2016-04-01T13:00:00Z,6,0.1
6962181067,2016-04-01T14:00:00Z,0,0
6962181067,2016-04-01T15:00:00Z,19,0.316667
6962181067,2016-04-01T16:00:00Z,22,0.366667
6962181067,2016-04-01T17:00:00Z,32,0.533333
6962181067,2016-04-01T18:00:00Z,17,0.283333
6962181067,2016-04-01T19:00:00Z,26,0.433333
6962181067,2016-04-01T20:00:00Z,30,0.5
6962181067,2016-04-01T21:00:00Z,6,0.1
6962181067,2016-04-01T22:00:00Z,4,0.066667
6962181067,2016-04-01T23:00:00Z,3,0.05
6962181067,2016-04-02T00:00:00Z,4,0.066667
6962181067,2016-04-02T01:00:00Z,1,0.016667
6962181067,2016-04-02T02:00:00Z,0,0
6962181067,2016-04-02T03:00:00Z,1,0.016667
6962181067,2016-04-02T04:00:00Z,0,0
6962181067,2016-04-02T05:00:00Z,0,0
6962181067,2016-04-02T06:00:00Z,0,0
6962181067,2016-04-02T07:00:00Z,0,0
6962181067,2016-04-02T08:00:00Z,17,0.283333
6962181067,2016-04-02T09:00:00Z,22,0.366667
6962181067,2016-04-02T10:00:00Z,6,0.1
6962181067,2016-04-02T11:00:00Z,106,1.766667
6962181067,2016-04-02T12:00:00Z,32,0.533333
6962181067,2016-04-02T13:00:00Z,14,0.233333
6962181067,2016-04-02T14:00:00Z,0,0
6962181067,2016-04-02T15:00:00Z,9,0.15
6962181067,2016-04-02T16:00:00Z,105,1.75
6962181067,2016-04-02T17:00:00Z,32,0.533333
6962181067,2016-04-02T18:00:00Z,34,0.566667
6962181067,2016-04-02T19:00:00Z,15,0.25
6962181067,2016-04-02T20:00:00Z,8,0.133333
6962181067,2016-04-02T21:00:00Z,2,0.033333
6962181067,2016-04-02T22:00:00Z,0,0
6962181067,2016-04-02T23:00:00Z,9,0.15
6962181067,2016-04-03T00:00:00Z,2,0.033333
6962181067,2016-04-03T01:00:00Z,0,0
6962181067,2016-04-03T02:00:00Z,0,0
6962181067,2016-04-03T03:00:00Z,0,0
6962181067,2016-04-03T04:00:00Z,0,0
6962181067,2016-04-03T05:00:00Z,0,0
6962181067,2016-04-03T06:00:00Z,0,0
6962181067,2016-04-03T07:00:00Z,3,0.05
6962181067,2016-04-03T08:00:00Z,0,0
6962181067,2016-04-03T09:00:00Z,27,0.45
6962181067,2016-04-03T10:00:00Z,21,0.35
6962181067,2016-04-03T11:00:00Z,12,0.2
6962181067,2016-04-03T12:00:00Z,17,0.283333
6962181067,2016-04-03T13:00:00Z,21,0.35
6962181067,2016-04-03T14:00:00Z,14,0.233333
6962181067,2016-04-03T15:00:00Z,1,0.016667
6962181067,2016-04-03T16:00:00Z,84,1.4
6962181067,2016-04-03T17:00:00Z,99,1.65
6962181067,2016-04-03T18:00:00Z,26,0.433333
6962181067,2016-04-03T19:00:00Z,31,0.516667
6962181067,2016-04-03T20:00:00Z,1,0.016667
6962181067,2016-04-03T21:00:00Z,0,0
6962181067,2016-04-03T22:00:00Z,3,0.05
6962181067,2016-04-03T23:00:00Z,0,0
6962181067,2016-04-04T00:00:00Z,0,0
6962181067,2016-04-04T01:00:00Z,1,0.016667
6962181067,2016-04-04T02:00:00Z,1,0.016667
6962181067,2016-04-04T03:00:00Z,0,0
6962181067,2016-04-04T04:00:00Z,0,0
6962181067,2016-04-04T05:00:00Z,0,0
6962181067,2016-04-04T06:00:00Z,3,0.05
6962181067,2016-04-04T07:00:00Z,37,0.616667
6962181067,2016-04-04T08:00:00Z,43,0.716667
6962181067,2016-04-04T09:00:00Z,29,0.483333
6962181067,2016-04-04T10:00:00Z,46,0.766667
6962181067,2016-04-04T11:00:00Z,71,1.183333
6962181067,2016-04-04T12:00:00Z,41,0.683333
6962181067,2016-04-04T13:00:00Z,1,0.016667
6962181067,2016-04-04T14:00:00Z,14,0.233333
6962181067,2016-04-04T15:00:00Z,54,0.9
6962181067,2016-04-04T16:00:00Z,18,0.3
6962181067,2016-04-04T17:00:00Z,7,0.116667
6962181067,2016-04-04T18:00:00Z,39,0.65
6962181067,2016-04-04T19:00:00Z,154,2.566667
6962181067,2016-04-04T20:00:00Z,19,0.316667
6962181067,2016-04-04T21:00:00Z,4,0.066667
6962181067,2016-04-04T22:00:00Z,2,0.033333
6962181067,2016-04-04T23:00:00Z,2,0.033333
6962181067,2016-04-05T00:00:00Z,3,0.05
6962181067,2016-04-05T01:00:00Z,0,0
6962181067,2016-04-05T02:00:00Z,0,0
6962181067,2016-04-05T03:00:00Z,0,0
6962181067,2016-04-05T04:00:00Z,1,0.016667
6962181067,2016-04-05T05:00:00Z,0,0
6962181067,2016-04-05T06:00:00Z,117,1.95
6962181067,2016-04-05T07:00:00Z,45,0.75
6962181067,2016-04-05T08:00:00Z,21,0.35
6962181067,2016-04-05T09:00:00Z,32,0.533333
6962181067,2016-04-05T10:00:00Z,30,0.5
6962181067,2016-04-05T11:00:00Z,45,0.75
6962181067,2016-04-05T12:00:00Z,12,0.2
6962181067,2016-04-05T13:00:00Z,0,0
6962181067,2016-04-05T14:00:00Z,13,0.216667
6962181067,2016-04-05T15:00:00Z,3,0.05
6962181067,2016-04-05T16:00:00Z,19,0.316667
6962181067,2016-04-05T17:00:00Z,14,0.233333
6962181067,2016-04-05T18:00:00Z,19,0.316667
6962181067,2016-04-05T19:00:00Z,9,0.15
6962181067,2016-04-05T20:00:00Z,16,0.266667
6962181067,2016-04-05T21:00:00Z,16,0.266667
6962181067,2016-04-05T22:00:00Z,20,0.333333
6962181067,2016-04-05T23:00:00Z,0,0
6962181067,2016-04-06T00:00:00Z,0,0
6962181067,2016-04-06T01:00:00Z,0,0
6962181067,2016-04-06T02:00:00Z,1,0.016667
6962181067,2016-04-06T03:00:00Z,0,0
6962181067,2016-04-06T04:00:00Z,0,0
6962181067,2016-04-06T05:00:00Z,0,0
6962181067,2016-04-06T06:00:00Z,0,0
6962181067,2016-04-06T07:00:00Z,2,0.033333
6962181067,2016-04-06T08:00:00Z,6,0.1
6962181067,2016-04-06T09:00:00Z,36,0.6
6962181067,2016-04-06T10:00:00Z,69,1.15
6962181067,2016-04-06T11:00:00Z,87,1.45
6962181067,2016-04-06T12:00:00Z,85,1.416667
6962181067,2016-04-06T13:00:00Z,5,0.083333
6962181067,2016-04-06T14:00:00Z,6,0.1
6962181067,2016-04-06T15:00:00Z,33,0.55
6962181067,2016-04-06T16:00:00Z,34,0.566667
6962181067,2016-04-06T17:00:00Z,27,0.45
6962181067,2016-04-06T18:00:00Z,26,0.433333
6962181067,2016-04-06T19:00:00Z,45,0.75
6962181067,2016-04-06T20:00:00Z,0,0
6962181067,2016-04-06T21:00:00Z,0,0
6962181067,2016-04-06T22:00:00Z,6,0.1
6962181067,2016-04-06T23:00:00Z,1,0.016667
6962181067,2016-04-07T00:00:00Z,0,0
6962181067,2016-04-07T01:00:00Z,0,0
6962181067,2016-04-07T02:00:00Z,1,0.016667
6962181067,2016-04-07T03:00:00Z,1,0.016667
6962181067,2016-04-07T04:00:00Z,1,0.016667
6962181067,2016-04-07T05:00:00Z,0,0
6962181067,2016-04-07T06:00:00Z,1,0.016667
6962181067,2016-04-07T07:00:00Z,31,0.516667
6962181067,2016-04-07T08:00:00Z,116,1.933333
6962181067,2016-04-07T09:00:00Z,45,0.75
6962181067,2016-04-07T10:00:00Z,32,0.533333
6962181067,2016-04-07T11:00:00Z,18,0.3
6962181067,2016-04-07T12:00:00Z,6,0.1
6962181067,2016-04-07T13:00:00Z,10,0.166667
6962181067,2016-04-07T14:00:00Z,9,0.15
6962181067,2016-04-07T15:00:00Z,5,0.083333
6962181067,2016-04-07T16:00:00Z,66,1.1
6962181067,2016-04-07T17:00:00Z,38,0.633333
6962181067,2016-04-07T18:00:00Z,37,0.616667
6962181067,2016-04-07T19:00:00Z,26,0.433333
6962181067,2016-04-07T20:00:00Z,1,0.016667
6962181067,2016-04-07T21:00:00Z,1,0.016667
6962181067,2016-04-07T22:00:00Z,5,0.083333
6962181067,2016-04-07T23:00:00Z,1,0.016667
6962181067,2016-04-08T00:00:00Z,0,0
6962181067,2016-04-08T01:00:00Z,0,0
6962181067,2016-04-08T02:00:00Z,0,0
6962181067,2016-04-08T03:00:00Z,0,0
6962181067,2016-04-08T04:00:00Z,0,0
6962181067,2016-04-08T05:00:00Z,0,0
6962181067,2016-04-08T06:00:00Z,0,0
6962181067,2016-04-08T07:00:00Z,0,0
6962181067,2016-04-08T08:00:00Z,11,0.183333
6962181067,2016-04-08T09:00:00Z,14,0.233333
6962181067,2016-04-08T10:00:00Z,115,1.916667
6962181067,2016-04-08T11:00:00Z,76,1.266667
6962181067,2016-04-08T12:00:00Z,25,0.416667
6962181067,2016-04-08T13:00:00Z,22,0.366667
6962181067,2016-04-08T14:00:00Z,11,0.183333
6962181067,2016-04-08T15:00:00Z,9,0.15
6962181067,2016-04-08T16:00:00Z,3,0.05
6962181067,2016-04-08T17:00:00Z,21,0.35
6962181067,2016-04-08T18:00:00Z,22,0.366667
6962181067,2016-04-08T19:00:00Z,9,0.15
6962181067,2016-04-08T20:00:00Z,21,0.35
6962181067,2016-04-08T21:00:00Z,42,0.7
6962181067,2016-04-08T22:00:00Z,29,0.483333
6962181067,2016-04-08T23:00:00Z,1,0.016667
6962181067,2016-04-09T00:00:00Z,19,0.316667
6962181067,2016-04-09T01:00:00Z,0,0
6962181067,2016-04-09T02:00:00Z,0,0
6962181067,2016-04-09T03:00:00Z,0,0
6962181067,2016-04-09T04:00:00Z,0,0
6962181067,2016-04-09T05:00:00Z,1,0.016667
6962181067,2016-04-09T06:00:00Z,0,0
6962181067,2016-04-09T07:00:00Z,2,0.033333
6962181067,2016-04-09T08:00:00Z,0,0
6962181067,2016-04-09T09:00:00Z,38,0.633333
6962181067,2016-04-09T10:00:00Z,32,0.533333
6962181067,2016-04-09T11:00:00Z,30,0.5
6962181067,2016-04-09T12:00:00Z,26,0.433333
6962181067,2016-04-09T13:00:00Z,86,1.433333
6962181067,2016-04-09T14:00:00Z,85,1.416667
6962181067,2016-04-09T15:00:00Z,10,0.166667
6962181067,2016-04-09T16:00:00Z,1,0.016667
6962181067,2016-04-09T17:00:00Z,18,0.3
6962181067,2016-04-09T18:00:00Z,13,0.216667
6962181067,2016-04-09T19:00:00Z,12,0.2
6962181067,2016-04-09T20:00:00Z,37,0.616667
6962181067,2016-04-09T21:00:00Z,24,0.4
6962181067,2016-04-09T22:00:00Z,15,0.25
6962181067,2016-04-09T23:00:00Z,12,0.2
6962181067,2016-04-10T00:00:00Z,9,0.15
6962181067,2016-04-10T01:00:00Z,13,0.216667
6962181067,2016-04-10T02:00:00Z,0,0
6962181067,2016-04-10T03:00:00Z,0,0
6962181067,2016-04-10T04:00:00Z,1,0.016667
6962181067,2016-04-10T05:00:00Z,0,0
6962181067,2016-04-10T06:00:00Z,2,0.033333
6962181067,2016-04-10T07:00:00Z,0,0
6962181067,2016-04-10T08:00:00Z,11,0.183333
6962181067,2016-04-10T09:00:00Z,48,0.8
6962181067,2016-04-10T10:00:00Z,27,0.45
6962181067,2016-04-10T11:00:00Z,13,0.216667
6962181067,2016-04-10T12:00:00Z,35,0.583333
6962181067,2016-04-10T13:00:00Z,78,1.3
6962181067,2016-04-10T14:00:00Z,9,0.15
6962181067,2016-04-10T15:00:00Z,5,0.083333
6962181067,2016-04-10T16:00:00Z,34,0.566667
6962181067,2016-04-10T17:00:00Z,18,0.3
6962181067,2016-04-10T18:00:00Z,27,0.45
6962181067,2016-04-10T19:00:00Z,6,0.1
6962181067,2016-04-10T20:00:00Z,34,0.566667
6962181067,2016-04-10T21:00:00Z,1,0.016667
6962181067,2016-04-10T22:00:00Z,0,0
6962181067,2016-04-10T23:00:00Z,6,0.1
6962181067,2016-04-11T00:00:00Z,0,0
6962181067,2016-04-11T01:00:00Z,0,0
6962181067,2016-04-11T02:00:00Z,0,0
6962181067,2016-04-11T03:00:00Z,0,0
6962181067,2016-04-11T04:00:00Z,0,0
6962181067,2016-04-11T05:00:00Z,1,0.016667
6962181067,2016-04-11T06:00:00Z,4,0.066667
6962181067,2016-04-11T07:00:00Z,31,0.516667
6962181067,2016-04-11T08:00:00Z,3,0.05
6962181067,2016-04-11T09:00:00Z,25,0.416667
6962181067,2016-04-11T10:00:00Z,80,1.333333
6962181067,2016-04-11T11:00:00Z,95,1.583333
6962181067,2016-04-11T12:00:00Z,8,0.133333
6962181067,2016-04-11T13:00:00Z,0,0
6962181067,2016-04-11T14:00:00Z,15,0.25
6962181067,2016-04-11T15:00:00Z,42,0.7
6962181067,2016-04-11T16:00:00Z,42,0.7
6962181067,2016-04-11T17:00:00Z,29,0.483333
6962181067,2016-04-11T18:00:00Z,33,0.55
6962181067,2016-04-11T19:00:00Z,12,0.2
6962181067,2016-04-11T20:00:00Z,0,0
6962181067,2016-04-11T21:00:00Z,0,0
6962181067,2016-04-11T22:00:00Z,11,0.183333
6962181067,2016-04-11T23:00:00Z,5,0.083333
6962181067,2016-04-12T00:00:00Z,2,0.033333
6962181067,2016-04-12T01:00:00Z,0,0
6962181067,2016-04-12T02:00:00Z,0,0
6962181067,2016-04-12T03:00:00Z,0,0
6962181067,2016-04-12T04:00:00Z,0,0
6962181067,2016-04-12T05:00:00Z,0,0
6962181067,2016-04-12T06:00:00Z,3,0.05
6962181067,2016-04-12T07:00:00Z,24,0.4
6962181067,2016-04-12T08:00:00Z,12,0.2
6962181067,2016-04-12T09:00:00Z,76,1.266667
7007744171,2016-03-12T00:00:00Z,0,0
7007744171,2016-03-12T01:00:00Z,0,0
7007744171,2016-03-12T02:00:00Z,0,0
7007744171,2016-03-12T03:00:00Z,0,0
7007744171,2016-03-12T04:00:00Z,0,0
7007744171,2016-03-12T05:00:00Z,0,0
7007744171,2016-03-12T06:00:00Z,0,0
7007744171,2016-03-12T07:00:00Z,0,0
7007744171,2016-03-12T08:00:00Z,0,0
7007744171,2016-03-12T09:00:00Z,0,0
7007744171,2016-03-12T10:00:00Z,0,0
7007744171,2016-03-12T11:00:00Z,0,0
7007744171,2016-03-12T12:00:00Z,0,0
7007744171,2016-03-12T13:00:00Z,0,0
7007744171,2016-03-12T14:00:00Z,0,0
7007744171,2016-03-12T15:00:00Z,0,0
7007744171,2016-03-12T16:00:00Z,0,0
7007744171,2016-03-12T17:00:00Z,0,0
7007744171,2016-03-12T18:00:00Z,0,0
7007744171,2016-03-12T19:00:00Z,0,0
7007744171,2016-03-12T20:00:00Z,0,0
7007744171,2016-03-12T21:00:00Z,0,0
7007744171,2016-03-12T22:00:00Z,0,0
7007744171,2016-03-12T23:00:00Z,0,0
7007744171,2016-03-13T00:00:00Z,0,0
7007744171,2016-03-13T01:00:00Z,0,0
7007744171,2016-03-13T02:00:00Z,0,0
7007744171,2016-03-13T03:00:00Z,0,0
7007744171,2016-03-13T04:00:00Z,0,0
7007744171,2016-03-13T05:00:00Z,0,0
7007744171,2016-03-13T06:00:00Z,0,0
7007744171,2016-03-13T07:00:00Z,41,0.683333
7007744171,2016-03-13T08:00:00Z,40,0.666667
7007744171,2016-03-13T09:00:00Z,46,0.766667
7007744171,2016-03-13T10:00:00Z,46,0.766667
7007744171,2016-03-13T11:00:00Z,31,0.516667
7007744171,2016-03-13T12:00:00Z,13,0.216667
7007744171,2016-03-13T13:00:00Z,31,0.516667
7007744171,2016-03-13T14:00:00Z,47,0.783333
7007744171,2016-03-13T15:00:00Z,31,0.516667
7007744171,2016-03-13T16:00:00Z,26,0.433333
7007744171,2016-03-13T17:00:00Z,40,0.666667
7007744171,2016-03-13T18:00:00Z,26,0.433333
7007744171,2016-03-13T19:00:00Z,15,0.25
7007744171,2016-03-13T20:00:00Z,20,0.333333
7007744171,2016-03-13T21:00:00Z,3,0.05
7007744171,2016-03-13T22:00:00Z,0,0
7007744171,2016-03-13T23:00:00Z,0,0
7007744171,2016-03-14T00:00:00Z,0,0
7007744171,2016-03-14T01:00:00Z,0,0
7007744171,2016-03-14T02:00:00Z,0,0
7007744171,2016-03-14T03:00:00Z,0,0
7007744171,2016-03-14T04:00:00Z,0,0
7007744171,2016-03-14T05:00:00Z,0,0
7007744171,2016-03-14T06:00:00Z,13,0.216667
7007744171,2016-03-14T07:00:00Z,21,0.35
7007744171,2016-03-14T08:00:00Z,29,0.483333
7007744171,2016-03-14T09:00:00Z,34,0.566667
7007744171,2016-03-14T10:00:00Z,42,0.7
7007744171,2016-03-14T11:00:00Z,57,0.95
7007744171,2016-03-14T12:00:00Z,25,0.416667
7007744171,2016-03-14T13:00:00Z,18,0.3
7007744171,2016-03-14T14:00:00Z,2,0.033333
7007744171,2016-03-14T15:00:00Z,0,0
7007744171,2016-03-14T16:00:00Z,9,0.15
7007744171,2016-03-14T17:00:00Z,26,0.433333
7007744171,2016-03-14T18:00:00Z,39,0.65
7007744171,2016-03-14T19:00:00Z,55,0.916667
7007744171,2016-03-14T20:00:00Z,27,0.45
7007744171,2016-03-14T21:00:00Z,8,0.133333
7007744171,2016-03-14T22:00:00Z,7,0.116667
7007744171,2016-03-14T23:00:00Z,0,0
7007744171,2016-03-15T00:00:00Z,0,0
7007744171,2016-03-15T01:00:00Z,0,0
7007744171,2016-03-15T02:00:00Z,0,0
7007744171,2016-03-15T03:00:00Z,0,0
7007744171,2016-03-15T04:00:00Z,0,0
7007744171,2016-03-15T05:00:00Z,0,0
7007744171,2016-03-15T06:00:00Z,0,0
7007744171,2016-03-15T07:00:00Z,29,0.483333
7007744171,2016-03-15T08:00:00Z,34,0.566667
7007744171,2016-03-15T09:00:00Z,36,0.6
7007744171,2016-03-15T10:00:00Z,39,0.65
7007744171,2016-03-15T11:00:00Z,32,0.533333
7007744171,2016-03-15T12:00:00Z,15,0.25
7007744171,2016-03-15T13:00:00Z,11,0.183333
7007744171,2016-03-15T14:00:00Z,26,0.433333
7007744171,2016-03-15T15:00:00Z,54,0.9
7007744171,2016-03-15T16:00:00Z,46,0.766667
7007744171,2016-03-15T17:00:00Z,31,0.516667
7007744171,2016-03-15T18:00:00Z,35,0.583333
7007744171,2016-03-15T19:00:00Z,3,0.05
7007744171,2016-03-15T20:00:00Z,1,0.016667
7007744171,2016-03-15T21:00:00Z,2,0.033333
7007744171,2016-03-15T22:00:00Z,0,0
7007744171,2016-03-15T23:00:00Z,0,0
7007744171,2016-03-16T00:00:00Z,0,0
7007744171,2016-03-16T01:00:00Z,0,0
7007744171,2016-03-16T02:00:00Z,0,0
7007744171,2016-03-16T03:00:00Z,0,0
7007744171,2016-03-16T04:00:00Z,0,0
7007744171,2016-03-16T05:00:00Z,0,0
7007744171,2016-03-16T06:00:00Z,0,0
7007744171,2016-03-16T07:00:00Z,0,0
7007744171,2016-03-16T08:00:00Z,0,0
7007744171,2016-03-16T09:00:00Z,0,0
7007744171,2016-03-16T10:00:00Z,0,0
7007744171,2016-03-16T11:00:00Z,0,0
7007744171,2016-03-16T12:00:00Z,0,0
7007744171,2016-03-16T13:00:00Z,0,0
7007744171,2016-03-16T14:00:00Z,0,0
7007744171,2016-03-16T15:00:00Z,0,0
7007744171,2016-03-16T16:00:00Z,0,0
7007744171,2016-03-16T17:00:00Z,0,0
7007744171,2016-03-16T18:00:00Z,0,0
7007744171,2016-03-16T19:00:00Z,0,0
7007744171,2016-03-16T20:00:00Z,0,0
7007744171,2016-03-16T21:00:00Z,0,0
7007744171,2016-03-16T22:00:00Z,0,0
7007744171,2016-03-16T23:00:00Z,0,0
7007744171,2016-03-17T00:00:00Z,0,0
7007744171,2016-03-17T01:00:00Z,0,0
7007744171,2016-03-17T02:00:00Z,0,0
7007744171,2016-03-17T03:00:00Z,0,0
7007744171,2016-03-17T04:00:00Z,0,0
7007744171,2016-03-17T05:00:00Z,0,0
7007744171,2016-03-17T06:00:00Z,0,0
7007744171,2016-03-17T07:00:00Z,50,0.833333
7007744171,2016-03-17T08:00:00Z,88,1.466667
7007744171,2016-03-17T09:00:00Z,114,1.9
7007744171,2016-03-17T10:00:00Z,50,0.833333
7007744171,2016-03-17T11:00:00Z,63,1.05
7007744171,2016-03-17T12:00:00Z,42,0.7
7007744171,2016-03-17T13:00:00Z,6,0.1
7007744171,2016-03-17T14:00:00Z,4,0.066667
7007744171,2016-03-17T15:00:00Z,14,0.233333
7007744171,2016-03-17T16:00:00Z,7,0.116667
7007744171,2016-03-17T17:00:00Z,12,0.2
7007744171,2016-03-17T18:00:00Z,18,0.3
7007744171,2016-03-17T19:00:00Z,5,0.083333
7007744171,2016-03-17T20:00:00Z,5,0.083333
7007744171,2016-03-17T21:00:00Z,101,1.683333
7007744171,2016-03-17T22:00:00Z,112,1.866667
7007744171,2016-03-17T23:00:00Z,116,1.933333
7007744171,2016-03-18T00:00:00Z,48,0.8
7007744171,2016-03-18T01:00:00Z,0,0
7007744171,2016-03-18T02:00:00Z,0,0
7007744171,2016-03-18T03:00:00Z,0,0
7007744171,2016-03-18T04:00:00Z,0,0
7007744171,2016-03-18T05:00:00Z,0,0
7007744171,2016-03-18T06:00:00Z,12,0.2
7007744171,2016-03-18T07:00:00Z,37,0.616667
7007744171,2016-03-18T08:00:00Z,119,1.983333
7007744171,2016-03-18T09:00:00Z,72,1.2
7007744171,2016-03-18T10:00:00Z,21,0.35
7007744171,2016-03-18T11:00:00Z,20,0.333333
7007744171,2016-03-18T12:00:00Z,20,0.333333
7007744171,2016-03-18T13:00:00Z,15,0.25
7007744171,2016-03-18T14:00:00Z,4,0.066667
7007744171,2016-03-18T15:00:00Z,10,0.166667
7007744171,2016-03-18T16:00:00Z,9,0.15
7007744171,2016-03-18T17:00:00Z,4,0.066667
7007744171,2016-03-18T18:00:00Z,22,0.366667
7007744171,2016-03-18T19:00:00Z,1,0.016667
7007744171,2016-03-18T20:00:00Z,11,0.183333
7007744171,2016-03-18T21:00:00Z,8,0.133333
7007744171,2016-03-18T22:00:00Z,0,0
7007744171,2016-03-18T23:00:00Z,0,0
7007744171,2016-03-19T00:00:00Z,0,0
7007744171,2016-03-19T01:00:00Z,0,0
7007744171,2016-03-19T02:00:00Z,0,0
7007744171,2016-03-19T03:00:00Z,0,0
7007744171,2016-03-19T04:00:00Z,0,0
7007744171,2016-03-19T05:00:00Z,0,0
7007744171,2016-03-19T06:00:00Z,0,0
7007744171,2016-03-19T07:00:00Z,25,0.416667
7007744171,2016-03-19T08:00:00Z,7,0.116667
7007744171,2016-03-19T09:00:00Z,21,0.35
7007744171,2016-03-19T10:00:00Z,25,0.416667
7007744171,2016-03-19T11:00:00Z,17,0.283333
7007744171,2016-03-19T12:00:00Z,16,0.266667
7007744171,2016-03-19T13:00:00Z,7,0.116667
7007744171,2016-03-19T14:00:00Z,3,0.05
7007744171,2016-03-19T15:00:00Z,3,0.05
7007744171,2016-03-19T16:00:00Z,25,0.416667
7007744171,2016-03-19T17:00:00Z,37,0.616667
7007744171,2016-03-19T18:00:00Z,19,0.316667
7007744171,2016-03-19T19:00:00Z,30,0.5
7007744171,2016-03-19T20:00:00Z,4,0.066667
7007744171,2016-03-19T21:00:00Z,0,0
7007744171,2016-03-19T22:00:00Z,0,0
7007744171,2016-03-19T23:00:00Z,0,0
7007744171,2016-03-20T00:00:00Z,0,0
7007744171,2016-03-20T01:00:00Z,0,0
7007744171,2016-03-20T02:00:00Z,0,0
7007744171,2016-03-20T03:00:00Z,0,0
7007744171,2016-03-20T04:00:00Z,0,0
7007744171,2016-03-20T05:00:00Z,0,0
7007744171,2016-03-20T06:00:00Z,47,0.783333
7007744171,2016-03-20T07:00:00Z,68,1.133333
7007744171,2016-03-20T08:00:00Z,124,2.066667
7007744171,2016-03-20T09:00:00Z,139,2.316667
7007744171,2016-03-20T10:00:00Z,23,0.383333
7007744171,2016-03-20T11:00:00Z,16,0.266667
7007744171,2016-03-20T12:00:00Z,23,0.383333
7007744171,2016-03-20T13:00:00Z,15,0.25
7007744171,2016-03-20T14:00:00Z,19,0.316667
7007744171,2016-03-20T15:00:00Z,22,0.366667
7007744171,2016-03-20T16:00:00Z,13,0.216667
7007744171,2016-03-20T17:00:00Z,26,0.433333
7007744171,2016-03-20T18:00:00Z,9,0.15
7007744171,2016-03-20T19:00:00Z,27,0.45
7007744171,2016-03-20T20:00:00Z,2,0.033333
7007744171,2016-03-20T21:00:00Z,1,0.016667
7007744171,2016-03-20T22:00:00Z,0,0
7007744171,2016-03-20T23:00:00Z,0,0
7007744171,2016-03-21T00:00:00Z,0,0
7007744171,2016-03-21T01:00:00Z,0,0
7007744171,2016-03-21T02:00:00Z,0,0
7007744171,2016-03-21T03:00:00Z,0,0
7007744171,2016-03-21T04:00:00Z,0,0
7007744171,2016-03-21T05:00:00Z,0,0
7007744171,2016-03-21T06:00:00Z,18,0.3
7007744171,2016-03-21T07:00:00Z,80,1.333333
7007744171,2016-03-21T08:00:00Z,144,2.4
7007744171,2016-03-21T09:00:00Z,77,1.283333
7007744171,2016-03-21T10:00:00Z,36,0.6
7007744171,2016-03-21T11:00:00Z,34,0.566667
7007744171,2016-03-21T12:00:00Z,33,0.55
7007744171,2016-03-21T13:00:00Z,88,1.466667
7007744171,2016-03-21T14:00:00Z,46,0.766667
7007744171,2016-03-21T15:00:00Z,36,0.6
7007744171,2016-03-21T16:00:00Z,11,0.183333
7007744171,2016-03-21T17:00:00Z,11,0.183333
7007744171,2016-03-21T18:00:00Z,28,0.466667
7007744171,2016-03-21T19:00:00Z,15,0.25
7007744171,2016-03-21T20:00:00Z,5,0.083333
7007744171,2016-03-21T21:00:00Z,0,0
7007744171,2016-03-21T22:00:00Z,0,0
7007744171,2016-03-21T23:00:00Z,0,0
7007744171,2016-03-22T00:00:00Z,0,0
7007744171,2016-03-22T01:00:00Z,0,0
7007744171,2016-03-22T02:00:00Z,0,0
7007744171,2016-03-22T03:00:00Z,0,0
7007744171,2016-03-22T04:00:00Z,0,0
7007744171,2016-03-22T05:00:00Z,0,0
7007744171,2016-03-22T06:00:00Z,6,0.1
7007744171,2016-03-22T07:00:00Z,38,0.633333
7007744171,2016-03-22T08:00:00Z,173,2.883333
7007744171,2016-03-22T09:00:00Z,86,1.433333
7007744171,2016-03-22T10:00:00Z,8,0.133333
7007744171,2016-03-22T11:00:00Z,20,0.333333
7007744171,2016-03-22T12:00:00Z,10,0.166667
7007744171,2016-03-22T13:00:00Z,7,0.116667
7007744171,2016-03-22T14:00:00Z,12,0.2
7007744171,2016-03-22T15:00:00Z,15,0.25
7007744171,2016-03-22T16:00:00Z,19,0.316667
7007744171,2016-03-22T17:00:00Z,26,0.433333
7007744171,2016-03-22T18:00:00Z,73,1.216667
7007744171,2016-03-22T19:00:00Z,12,0.2
7007744171,2016-03-22T20:00:00Z,9,0.15
7007744171,2016-03-22T21:00:00Z,0,0
7007744171,2016-03-22T22:00:00Z,0,0
7007744171,2016-03-22T23:00:00Z,0,0
7007744171,2016-03-23T00:00:00Z,0,0
7007744171,2016-03-23T01:00:00Z,0,0
7007744171,2016-03-23T02:00:00Z,0,0
7007744171,2016-03-23T03:00:00Z,0,0
7007744171,2016-03-23T04:00:00Z,0,0
7007744171,2016-03-23T05:00:00Z,0,0
7007744171,2016-03-23T06:00:00Z,13,0.216667
7007744171,2016-03-23T07:00:00Z,98,1.633333
7007744171,2016-03-23T08:00:00Z,113,1.883333
7007744171,2016-03-23T09:00:00Z,35,0.583333
7007744171,2016-03-23T10:00:00Z,13,0.216667
7007744171,2016-03-23T11:00:00Z,17,0.283333
7007744171,2016-03-23T12:00:00Z,19,0.316667
7007744171,2016-03-23T13:00:00Z,24,0.4
7007744171,2016-03-23T14:00:00Z,25,0.416667
7007744171,2016-03-23T15:00:00Z,23,0.383333
7007744171,2016-03-23T16:00:00Z,5,0.083333
7007744171,2016-03-23T17:00:00Z,23,0.383333
7007744171,2016-03-23T18:00:00Z,27,0.45
7007744171,2016-03-23T19:00:00Z,17,0.283333
7007744171,2016-03-23T20:00:00Z,4,0.066667
7007744171,2016-03-23T21:00:00Z,3,0.05
7007744171,2016-03-23T22:00:00Z,0,0
7007744171,2016-03-23T23:00:00Z,0,0
7007744171,2016-03-24T00:00:00Z,0,0
7007744171,2016-03-24T01:00:00Z,0,0
7007744171,2016-03-24T02:00:00Z,0,0
7007744171,2016-03-24T03:00:00Z,0,0
7007744171,2016-03-24T04:00:00Z,0,0
7007744171,2016-03-24T05:00:00Z,0,0
7007744171,2016-03-24T06:00:00Z,21,0.35
7007744171,2016-03-24T07:00:00Z,22,0.366667
7007744171,2016-03-24T08:00:00Z,102,1.7
7007744171,2016-03-24T09:00:00Z,113,1.883333
7007744171,2016-03-24T10:00:00Z,77,1.283333
7007744171,2016-03-24T11:00:00Z,24,0.4
7007744171,2016-03-24T12:00:00Z,14,0.233333
7007744171,2016-03-24T13:00:00Z,4,0.066667
7007744171,2016-03-24T14:00:00Z,5,0.083333
7007744171,2016-03-24T15:00:00Z,7,0.116667
7007744171,2016-03-24T16:00:00Z,40,0.666667
7007744171,2016-03-24T17:00:00Z,32,0.533333
7007744171,2016-03-24T18:00:00Z,14,0.233333
7007744171,2016-03-24T19:00:00Z,6,0.1
7007744171,2016-03-24T20:00:00Z,4,0.066667
7007744171,2016-03-24T21:00:00Z,1,0.016667
7007744171,2016-03-24T22:00:00Z,0,0
7007744171,2016-03-24T23:00:00Z,0,0
7007744171,2016-03-25T00:00:00Z,0,0
7007744171,2016-03-25T01:00:00Z,0,0
7007744171,2016-03-25T02:00:00Z,0,0
7007744171,2016-03-25T03:00:00Z,0,0
7007744171,2016-03-25T04:00:00Z,0,0
7007744171,2016-03-25T05:00:00Z,0,0
7007744171,2016-03-25T06:00:00Z,23,0.383333
7007744171,2016-03-25T07:00:00Z,93,1.55
7007744171,2016-03-25T08:00:00Z,128,2.133333
7007744171,2016-03-25T09:00:00Z,49,0.816667
7007744171,2016-03-25T10:00:00Z,27,0.45
7007744171,2016-03-25T11:00:00Z,25,0.416667
7007744171,2016-03-25T12:00:00Z,22,0.366667
7007744171,2016-03-25T13:00:00Z,12,0.2
7007744171,2016-03-25T14:00:00Z,13,0.216667
7007744171,2016-03-25T15:00:00Z,22,0.366667
7007744171,2016-03-25T16:00:00Z,15,0.25
7007744171,2016-03-25T17:00:00Z,19,0.316667
7007744171,2016-03-25T18:00:00Z,23,0.383333
7007744171,2016-03-25T19:00:00Z,11,0.183333
7007744171,2016-03-25T20:00:00Z,15,0.25
7007744171,2016-03-25T21:00:00Z,7,0.116667
7007744171,2016-03-25T22:00:00Z,27,0.45
7007744171,2016-03-25T23:00:00Z,1,0.016667
7007744171,2016-03-26T00:00:00Z,0,0
7007744171,2016-03-26T01:00:00Z,0,0
7007744171,2016-03-26T02:00:00Z,0,0
7007744171,2016-03-26T03:00:00Z,0,0
7007744171,2016-03-26T04:00:00Z,0,0
7007744171,2016-03-26T05:00:00Z,0,0
7007744171,2016-03-26T06:00:00Z,19,0.316667
7007744171,2016-03-26T07:00:00Z,29,0.483333
7007744171,2016-03-26T08:00:00Z,39,0.65
7007744171,2016-03-26T09:00:00Z,46,0.766667
7007744171,2016-03-26T10:00:00Z,21,0.35
7007744171,2016-03-26T11:00:00Z,16,0.266667
7007744171,2016-03-26T12:00:00Z,15,0.25
7007744171,2016-03-26T13:00:00Z,12,0.2
7007744171,2016-03-26T14:00:00Z,1,0.016667
7007744171,2016-03-26T15:00:00Z,4,0.066667
7007744171,2016-03-26T16:00:00Z,24,0.4
7007744171,2016-03-26T17:00:00Z,21,0.35
7007744171,2016-03-26T18:00:00Z,12,0.2
7007744171,2016-03-26T19:00:00Z,17,0.283333
7007744171,2016-03-26T20:00:00Z,19,0.316667
7007744171,2016-03-26T21:00:00Z,7,0.116667
7007744171,2016-03-26T22:00:00Z,0,0
7007744171,2016-03-26T23:00:00Z,0,0
7007744171,2016-03-27T00:00:00Z,0,0
7007744171,2016-03-27T01:00:00Z,0,0
7007744171,2016-03-27T02:00:00Z,0,0
7007744171,2016-03-27T03:00:00Z,0,0
7007744171,2016-03-27T04:00:00Z,0,0
7007744171,2016-03-27T05:00:00Z,0,0
7007744171,2016-03-27T06:00:00Z,13,0.216667
7007744171,2016-03-27T07:00:00Z,30,0.5
7007744171,2016-03-27T08:00:00Z,26,0.433333
7007744171,2016-03-27T09:00:00Z,30,0.5
7007744171,2016-03-27T10:00:00Z,15,0.25
7007744171,2016-03-27T11:00:00Z,45,0.75
7007744171,2016-03-27T12:00:00Z,31,0.516667
7007744171,2016-03-27T13:00:00Z,10,0.166667
7007744171,2016-03-27T14:00:00Z,10,0.166667
7007744171,2016-03-27T15:00:00Z,7,0.116667
7007744171,2016-03-27T16:00:00Z,34,0.566667
7007744171,2016-03-27T17:00:00Z,51,0.85
7007744171,2016-03-27T18:00:00Z,20,0.333333
7007744171,2016-03-27T19:00:00Z,29,0.483333
7007744171,2016-03-27T20:00:00Z,8,0.133333
7007744171,2016-03-27T21:00:00Z,0,0
7007744171,2016-03-27T22:00:00Z,0,0
7007744171,2016-03-27T23:00:00Z,0,0
7007744171,2016-03-28T00:00:00Z,0,0
7007744171,2016-03-28T01:00:00Z,0,0
7007744171,2016-03-28T02:00:00Z,0,0
7007744171,2016-03-28T03:00:00Z,0,0
7007744171,2016-03-28T04:00:00Z,0,0
7007744171,2016-03-28T05:00:00Z,0,0
7007744171,2016-03-28T06:00:00Z,0,0
7007744171,2016-03-28T07:00:00Z,29,0.483333
7007744171,2016-03-28T08:00:00Z,38,0.633333
7007744171,2016-03-28T09:00:00Z,18,0.3
7007744171,2016-03-28T10:00:00Z,26,0.433333
7007744171,2016-03-28T11:00:00Z,20,0.333333
7007744171,2016-03-28T12:00:00Z,18,0.3
7007744171,2016-03-28T13:00:00Z,11,0.183333
7007744171,2016-03-28T14:00:00Z,22,0.366667
7007744171,2016-03-28T15:00:00Z,16,0.266667
7007744171,2016-03-28T16:00:00Z,25,0.416667
7007744171,2016-03-28T17:00:00Z,21,0.35
7007744171,2016-03-28T18:00:00Z,23,0.383333
7007744171,2016-03-28T19:00:00Z,11,0.183333
7007744171,2016-03-28T20:00:00Z,0,0
7007744171,2016-03-28T21:00:00Z,0,0
7007744171,2016-03-28T22:00:00Z,0,0
7007744171,2016-03-28T23:00:00Z,0,0
7007744171,2016-03-29T00:00:00Z,0,0
7007744171,2016-03-29T01:00:00Z,0,0
7007744171,2016-03-29T02:00:00Z,0,0
7007744171,2016-03-29T03:00:00Z,0,0
7007744171,2016-03-29T04:00:00Z,0,0
7007744171,2016-03-29T05:00:00Z,0,0
7007744171,2016-03-29T06:00:00Z,19,0.316667
7007744171,2016-03-29T07:00:00Z,17,0.283333
7007744171,2016-03-29T08:00:00Z,52,0.866667
7007744171,2016-03-29T09:00:00Z,19,0.316667
7007744171,2016-03-29T10:00:00Z,20,0.333333
7007744171,2016-03-29T11:00:00Z,20,0.333333
7007744171,2016-03-29T12:00:00Z,31,0.516667
7007744171,2016-03-29T13:00:00Z,13,0.216667
7007744171,2016-03-29T14:00:00Z,4,0.066667
7007744171,2016-03-29T15:00:00Z,23,0.383333
7007744171,2016-03-29T16:00:00Z,10,0.166667
7007744171,2016-03-29T17:00:00Z,6,0.1
7007744171,2016-03-29T18:00:00Z,17,0.283333
7007744171,2016-03-29T19:00:00Z,6,0.1
7007744171,2016-03-29T20:00:00Z,5,0.083333
7007744171,2016-03-29T21:00:00Z,6,0.1
7007744171,2016-03-29T22:00:00Z,0,0
7007744171,2016-03-29T23:00:00Z,0,0
7007744171,2016-03-30T00:00:00Z,0,0
7007744171,2016-03-30T01:00:00Z,0,0
7007744171,2016-03-30T02:00:00Z,0,0
7007744171,2016-03-30T03:00:00Z,0,0
7007744171,2016-03-30T04:00:00Z,0,0
7007744171,2016-03-30T05:00:00Z,0,0
7007744171,2016-03-30T06:00:00Z,26,0.433333
7007744171,2016-03-30T07:00:00Z,24,0.4
7007744171,2016-03-30T08:00:00Z,118,1.966667
7007744171,2016-03-30T09:00:00Z,23,0.383333
7007744171,2016-03-30T10:00:00Z,4,0.066667
7007744171,2016-03-30T11:00:00Z,20,0.333333
7007744171,2016-03-30T12:00:00Z,10,0.166667
7007744171,2016-03-30T13:00:00Z,4,0.066667
7007744171,2016-03-30T14:00:00Z,20,0.333333
7007744171,2016-03-30T15:00:00Z,34,0.566667
7007744171,2016-03-30T16:00:00Z,52,0.866667
7007744171,2016-03-30T17:00:00Z,33,0.55
7007744171,2016-03-30T18:00:00Z,46,0.766667
7007744171,2016-03-30T19:00:00Z,28,0.466667
7007744171,2016-03-30T20:00:00Z,1,0.016667
7007744171,2016-03-30T21:00:00Z,3,0.05
7007744171,2016-03-30T22:00:00Z,0,0
7007744171,2016-03-30T23:00:00Z,0,0
7007744171,2016-03-31T00:00:00Z,0,0
7007744171,2016-03-31T01:00:00Z,0,0
7007744171,2016-03-31T02:00:00Z,0,0
7007744171,2016-03-31T03:00:00Z,0,0
7007744171,2016-03-31T04:00:00Z,0,0
7007744171,2016-03-31T05:00:00Z,0,0
7007744171,2016-03-31T06:00:00Z,28,0.466667
7007744171,2016-03-31T07:00:00Z,18,0.3
7007744171,2016-03-31T08:00:00Z,110,1.833333
7007744171,2016-03-31T09:00:00Z,94,1.566667
7007744171,2016-03-31T10:00:00Z,18,0.3
7007744171,2016-03-31T11:00:00Z,12,0.2
7007744171,2016-03-31T12:00:00Z,12,0.2
7007744171,2016-03-31T13:00:00Z,1,0.016667
7007744171,2016-03-31T14:00:00Z,17,0.283333
7007744171,2016-03-31T15:00:00Z,15,0.25
7007744171,2016-03-31T16:00:00Z,9,0.15
7007744171,2016-03-31T17:00:00Z,17,0.283333
7007744171,2016-03-31T18:00:00Z,23,0.383333
7007744171,2016-03-31T19:00:00Z,18,0.3
7007744171,2016-03-31T20:00:00Z,1,0.016667
7007744171,2016-03-31T21:00:00Z,4,0.066667
7007744171,2016-03-31T22:00:00Z,0,0
7007744171,2016-03-31T23:00:00Z,0,0
7007744171,2016-04-01T00:00:00Z,0,0
7007744171,2016-04-01T01:00:00Z,0,0
7007744171,2016-04-01T02:00:00Z,0,0
7007744171,2016-04-01T03:00:00Z,0,0
7007744171,2016-04-01T04:00:00Z,0,0
7007744171,2016-04-01T05:00:00Z,0,0
7007744171,2016-04-01T06:00:00Z,22,0.366667
7007744171,2016-04-01T07:00:00Z,22,0.366667
7007744171,2016-04-01T08:00:00Z,164,2.733333
7007744171,2016-04-01T09:00:00Z,36,0.6
7007744171,2016-04-01T10:00:00Z,9,0.15
7007744171,2016-04-01T11:00:00Z,21,0.35
7007744171,2016-04-01T12:00:00Z,23,0.383333
7007744171,2016-04-01T13:00:00Z,10,0.166667
7007744171,2016-04-01T14:00:00Z,21,0.35
7007744171,2016-04-01T15:00:00Z,17,0.283333
7007744171,2016-04-01T16:00:00Z,3,0.05
7007744171,2016-04-01T17:00:00Z,20,0.333333
7007744171,2016-04-01T18:00:00Z,18,0.3
7007744171,2016-04-01T19:00:00Z,15,0.25
7007744171,2016-04-01T20:00:00Z,7,0.116667
7007744171,2016-04-01T21:00:00Z,0,0
7007744171,2016-04-01T22:00:00Z,0,0
7007744171,2016-04-01T23:00:00Z,0,0
7007744171,2016-04-02T00:00:00Z,0,0
7007744171,2016-04-02T01:00:00Z,0,0
7007744171,2016-04-02T02:00:00Z,0,0
7007744171,2016-04-02T03:00:00Z,0,0
7007744171,2016-04-02T04:00:00Z,0,0
7007744171,2016-04-02T05:00:00Z,0,0
7007744171,2016-04-02T06:00:00Z,0,0
7007744171,2016-04-02T07:00:00Z,35,0.583333
7007744171,2016-04-02T08:00:00Z,3,0.05
7007744171,2016-04-02T09:00:00Z,31,0.516667
7007744171,2016-04-02T10:00:00Z,94,1.566667
7007744171,2016-04-02T11:00:00Z,39,0.65
7007744171,2016-04-02T12:00:00Z,21,0.35
7007744171,2016-04-02T13:00:00Z,16,0.266667
7007744171,2016-04-02T14:00:00Z,20,0.333333
7007744171,2016-04-02T15:00:00Z,4,0.066667
7007744171,2016-04-02T16:00:00Z,1,0.016667
7007744171,2016-04-02T17:00:00Z,13,0.216667
7007744171,2016-04-02T18:00:00Z,22,0.366667
7007744171,2016-04-02T19:00:00Z,22,0.366667
7007744171,2016-04-02T20:00:00Z,5,0.083333
7007744171,2016-04-02T21:00:00Z,4,0.066667
7007744171,2016-04-02T22:00:00Z,0,0
7007744171,2016-04-02T23:00:00Z,0,0
7007744171,2016-04-03T00:00:00Z,0,0
7007744171,2016-04-03T01:00:00Z,0,0
7007744171,2016-04-03T02:00:00Z,0,0
7007744171,2016-04-03T03:00:00Z,0,0
7007744171,2016-04-03T04:00:00Z,0,0
7007744171,2016-04-03T05:00:00Z,0,0
7007744171,2016-04-03T06:00:00Z,22,0.366667
7007744171,2016-04-03T07:00:00Z,91,1.516667
7007744171,2016-04-03T08:00:00Z,148,2.466667
7007744171,2016-04-03T09:00:00Z,155,2.583333
7007744171,2016-04-03T10:00:00Z,26,0.433333
7007744171,2016-04-03T11:00:00Z,22,0.366667
7007744171,2016-04-03T12:00:00Z,12,0.2
7007744171,2016-04-03T13:00:00Z,0,0
7007744171,2016-04-03T14:00:00Z,2,0.033333
7007744171,2016-04-03T15:00:00Z,9,0.15
7007744171,2016-04-03T16:00:00Z,46,0.766667
7007744171,2016-04-03T17:00:00Z,28,0.466667
7007744171,2016-04-03T18:00:00Z,29,0.483333
7007744171,2016-04-03T19:00:00Z,9,0.15
7007744171,2016-04-03T20:00:00Z,5,0.083333
7007744171,2016-04-03T21:00:00Z,0,0
7007744171,2016-04-03T22:00:00Z,0,0
7007744171,2016-04-03T23:00:00Z,0,0
7007744171,2016-04-04T00:00:00Z,0,0
7007744171,2016-04-04T01:00:00Z,0,0
7007744171,2016-04-04T02:00:00Z,0,0
7007744171,2016-04-04T03:00:00Z,0,0
7007744171,2016-04-04T04:00:00Z,0,0
7007744171,2016-04-04T05:00:00Z,0,0
7007744171,2016-04-04T06:00:00Z,13,0.216667
7007744171,2016-04-04T07:00:00Z,16,0.266667
7007744171,2016-04-04T08:00:00Z,166,2.766667
7007744171,2016-04-04T09:00:00Z,74,1.233333
7007744171,2016-04-04T10:00:00Z,73,1.216667
7007744171,2016-04-04T11:00:00Z,37,0.616667
7007744171,2016-04-04T12:00:00Z,21,0.35
7007744171,2016-04-04T13:00:00Z,6,0.1
7007744171,2016-04-04T14:00:00Z,7,0.116667
7007744171,2016-04-04T15:00:00Z,56,0.933333
7007744171,2016-04-04T16:00:00Z,16,0.266667
7007744171,2016-04-04T17:00:00Z,17,0.283333
7007744171,2016-04-04T18:00:00Z,14,0.233333
7007744171,2016-04-04T19:00:00Z,14,0.233333
7007744171,2016-04-04T20:00:00Z,5,0.083333
7007744171,2016-04-04T21:00:00Z,9,0.15
7007744171,2016-04-04T22:00:00Z,0,0
7007744171,2016-04-04T23:00:00Z,0,0
7007744171,2016-04-05T00:00:00Z,0,0
7007744171,2016-04-05T01:00:00Z,0,0
7007744171,2016-04-05T02:00:00Z,0,0
7007744171,2016-04-05T03:00:00Z,0,0
7007744171,2016-04-05T04:00:00Z,0,0
7007744171,2016-04-05T05:00:00Z,0,0
7007744171,2016-04-05T06:00:00Z,32,0.533333
7007744171,2016-04-05T07:00:00Z,114,1.9
7007744171,2016-04-05T08:00:00Z,103,1.716667
7007744171,2016-04-05T09:00:00Z,46,0.766667
7007744171,2016-04-05T10:00:00Z,26,0.433333
7007744171,2016-04-05T11:00:00Z,19,0.316667
7007744171,2016-04-05T12:00:00Z,12,0.2
7007744171,2016-04-05T13:00:00Z,0,0
7007744171,2016-04-05T14:00:00Z,14,0.233333
7007744171,2016-04-05T15:00:00Z,16,0.266667
7007744171,2016-04-05T16:00:00Z,23,0.383333
7007744171,2016-04-05T17:00:00Z,21,0.35
7007744171,2016-04-05T18:00:00Z,5,0.083333
7007744171,2016-04-05T19:00:00Z,5,0.083333
7007744171,2016-04-05T20:00:00Z,8,0.133333
7007744171,2016-04-05T21:00:00Z,2,0.033333
7007744171,2016-04-05T22:00:00Z,0,0
7007744171,2016-04-05T23:00:00Z,0,0
7007744171,2016-04-06T00:00:00Z,0,0
7007744171,2016-04-06T01:00:00Z,0,0
7007744171,2016-04-06T02:00:00Z,0,0
7007744171,2016-04-06T03:00:00Z,0,0
7007744171,2016-04-06T04:00:00Z,0,0
7007744171,2016-04-06T05:00:00Z,0,0
7007744171,2016-04-06T06:00:00Z,25,0.416667
7007744171,2016-04-06T07:00:00Z,20,0.333333
7007744171,2016-04-06T08:00:00Z,158,2.633333
7007744171,2016-04-06T09:00:00Z,61,1.016667
7007744171,2016-04-06T10:00:00Z,9,0.15
7007744171,2016-04-06T11:00:00Z,19,0.316667
7007744171,2016-04-06T12:00:00Z,24,0.4
7007744171,2016-04-06T13:00:00Z,16,0.266667
7007744171,2016-04-06T14:00:00Z,7,0.116667
7007744171,2016-04-06T15:00:00Z,16,0.266667
7007744171,2016-04-06T16:00:00Z,18,0.3
7007744171,2016-04-06T17:00:00Z,63,1.05
7007744171,2016-04-06T18:00:00Z,19,0.316667
7007744171,2016-04-06T19:00:00Z,21,0.35
7007744171,2016-04-06T20:00:00Z,0,0
7007744171,2016-04-06T21:00:00Z,2,0.033333
7007744171,2016-04-06T22:00:00Z,0,0
7007744171,2016-04-06T23:00:00Z,0,0
7007744171,2016-04-07T00:00:00Z,0,0
7007744171,2016-04-07T01:00:00Z,0,0
7007744171,2016-04-07T02:00:00Z,0,0
7007744171,2016-04-07T03:00:00Z,0,0
7007744171,2016-04-07T04:00:00Z,0,0
7007744171,2016-04-07T05:00:00Z,0,0
7007744171,2016-04-07T06:00:00Z,24,0.4
7007744171,2016-04-07T07:00:00Z,18,0.3
7007744171,2016-04-07T08:00:00Z,123,2.05
7007744171,2016-04-07T09:00:00Z,96,1.6
7007744171,2016-04-07T10:00:00Z,92,1.533333
7007744171,2016-04-07T11:00:00Z,29,0.483333
7007744171,2016-04-07T12:00:00Z,2,0.033333
7007744171,2016-04-07T13:00:00Z,11,0.183333
7007744171,2016-04-07T14:00:00Z,30,0.5
7007744171,2016-04-07T15:00:00Z,33,0.55
7007744171,2016-04-07T16:00:00Z,9,0.15
7007744171,2016-04-07T17:00:00Z,19,0.316667
7007744171,2016-04-07T18:00:00Z,14,0.233333
7007744171,2016-04-07T19:00:00Z,9,0.15
7007744171,2016-04-07T20:00:00Z,4,0.066667
7007744171,2016-04-07T21:00:00Z,1,0.016667
7007744171,2016-04-07T22:00:00Z,0,0
7007744171,2016-04-07T23:00:00Z,0,0
7007744171,2016-04-08T00:00:00Z,0,0
7007744171,2016-04-08T01:00:00Z,0,0
7007744171,2016-04-08T02:00:00Z,0,0
7007744171,2016-04-08T03:00:00Z,0,0
7007744171,2016-04-08T04:00:00Z,0,0
7007744171,2016-04-08T05:00:00Z,0,0
7007744171,2016-04-08T06:00:00Z,30,0.5
7007744171,2016-04-08T07:00:00Z,25,0.416667
7007744171,2016-04-08T08:00:00Z,166,2.766667
7007744171,2016-04-08T09:00:00Z,40,0.666667
7007744171,2016-04-08T10:00:00Z,13,0.216667
7007744171,2016-04-08T11:00:00Z,16,0.266667
7007744171,2016-04-08T12:00:00Z,18,0.3
7007744171,2016-04-08T13:00:00Z,2,0.033333
7007744171,2016-04-08T14:00:00Z,0,0
7007744171,2016-04-08T15:00:00Z,17,0.283333
7007744171,2016-04-08T16:00:00Z,45,0.75
7007744171,2016-04-08T17:00:00Z,15,0.25
7007744171,2016-04-08T18:00:00Z,53,0.883333
7007744171,2016-04-08T19:00:00Z,45,0.75
7007744171,2016-04-08T20:00:00Z,22,0.366667
7007744171,2016-04-08T21:00:00Z,0,0
7007744171,2016-04-08T22:00:00Z,0,0
7007744171,2016-04-08T23:00:00Z,0,0
7007744171,2016-04-09T00:00:00Z,0,0
7007744171,2016-04-09T01:00:00Z,0,0
7007744171,2016-04-09T02:00:00Z,0,0
7007744171,2016-04-09T03:00:00Z,0,0
7007744171,2016-04-09T04:00:00Z,0,0
7007744171,2016-04-09T05:00:00Z,0,0
7007744171,2016-04-09T06:00:00Z,14,0.233333
7007744171,2016-04-09T07:00:00Z,37,0.616667
7007744171,2016-04-09T08:00:00Z,30,0.5
7007744171,2016-04-09T09:00:00Z,51,0.85
7007744171,2016-04-09T10:00:00Z,52,0.866667
7007744171,2016-04-09T11:00:00Z,23,0.383333
7007744171,2016-04-09T12:00:00Z,24,0.4
7007744171,2016-04-09T13:00:00Z,10,0.166667
7007744171,2016-04-09T14:00:00Z,34,0.566667
7007744171,2016-04-09T15:00:00Z,37,0.616667
7007744171,2016-04-09T16:00:00Z,30,0.5
7007744171,2016-04-09T17:00:00Z,13,0.216667
7007744171,2016-04-09T18:00:00Z,13,0.216667
7007744171,2016-04-09T19:00:00Z,8,0.133333
7007744171,2016-04-09T20:00:00Z,0,0
7007744171,2016-04-09T21:00:00Z,0,0
7007744171,2016-04-09T22:00:00Z,0,0
7007744171,2016-04-09T23:00:00Z,0,0
7007744171,2016-04-10T00:00:00Z,0,0
7007744171,2016-04-10T01:00:00Z,0,0
7007744171,2016-04-10T02:00:00Z,0,0
7007744171,2016-04-10T03:00:00Z,0,0
7007744171,2016-04-10T04:00:00Z,0,0
7007744171,2016-04-10T05:00:00Z,0,0
7007744171,2016-04-10T06:00:00Z,5,0.083333
7007744171,2016-04-10T07:00:00Z,32,0.533333
7007744171,2016-04-10T08:00:00Z,33,0.55
7007744171,2016-04-10T09:00:00Z,38,0.633333
7007744171,2016-04-10T10:00:00Z,50,0.833333
7007744171,2016-04-10T11:00:00Z,44,0.733333
7007744171,2016-04-10T12:00:00Z,68,1.133333
7007744171,2016-04-10T13:00:00Z,36,0.6
7007744171,2016-04-10T14:00:00Z,23,0.383333
7007744171,2016-04-10T15:00:00Z,12,0.2
7007744171,2016-04-10T16:00:00Z,23,0.383333
7007744171,2016-04-10T17:00:00Z,19,0.316667
7007744171,2016-04-10T18:00:00Z,12,0.2
7007744171,2016-04-10T19:00:00Z,19,0.316667
7007744171,2016-04-10T20:00:00Z,10,0.166667
7007744171,2016-04-10T21:00:00Z,0,0
7007744171,2016-04-10T22:00:00Z,0,0
7007744171,2016-04-10T23:00:00Z,0,0
7007744171,2016-04-11T00:00:00Z,0,0
7007744171,2016-04-11T01:00:00Z,0,0
7007744171,2016-04-11T02:00:00Z,0,0
7007744171,2016-04-11T03:00:00Z,0,0
7007744171,2016-04-11T04:00:00Z,0,0
7007744171,2016-04-11T05:00:00Z,0,0
7007744171,2016-04-11T06:00:00Z,32,0.533333
7007744171,2016-04-11T07:00:00Z,37,0.616667
7007744171,2016-04-11T08:00:00Z,31,0.516667
7007744171,2016-04-11T09:00:00Z,24,0.4
7007744171,2016-04-11T10:00:00Z,32,0.533333
7007744171,2016-04-11T11:00:00Z,73,1.216667
7007744171,2016-04-11T12:00:00Z,44,0.733333
7007744171,2016-04-11T13:00:00Z,18,0.3
7007744171,2016-04-11T14:00:00Z,14,0.233333
7007744171,2016-04-11T15:00:00Z,12,0.2
7007744171,2016-04-11T16:00:00Z,20,0.333333
7007744171,2016-04-11T17:00:00Z,34,0.566667
7007744171,2016-04-11T18:00:00Z,70,1.166667
7007744171,2016-04-11T19:00:00Z,29,0.483333
7007744171,2016-04-11T20:00:00Z,9,0.15
7007744171,2016-04-11T21:00:00Z,4,0.066667
7007744171,2016-04-11T22:00:00Z,0,0
7007744171,2016-04-11T23:00:00Z,0,0
7007744171,2016-04-12T00:00:00Z,0,0
7007744171,2016-04-12T01:00:00Z,0,0
7007744171,2016-04-12T02:00:00Z,0,0
7007744171,2016-04-12T03:00:00Z,0,0
7007744171,2016-04-12T04:00:00Z,0,0
7007744171,2016-04-12T05:00:00Z,0,0
7007744171,2016-04-12T06:00:00Z,28,0.466667
7007744171,2016-04-12T07:00:00Z,109,1.816667
7086361926,2016-03-12T00:00:00Z,0,0
7086361926,2016-03-12T01:00:00Z,2,0.033333
7086361926,2016-03-12T02:00:00Z,9,0.15
7086361926,2016-03-12T03:00:00Z,0,0
7086361926,2016-03-12T04:00:00Z,0,0
7086361926,2016-03-12T05:00:00Z,0,0
7086361926,2016-03-12T06:00:00Z,0,0
7086361926,2016-03-12T07:00:00Z,0,0
7086361926,2016-03-12T08:00:00Z,0,0
7086361926,2016-03-12T09:00:00Z,0,0
7086361926,2016-03-12T10:00:00Z,0,0
7086361926,2016-03-12T11:00:00Z,0,0
7086361926,2016-03-12T12:00:00Z,12,0.2
7086361926,2016-03-12T13:00:00Z,5,0.083333
7086361926,2016-03-12T14:00:00Z,10,0.166667
7086361926,2016-03-12T15:00:00Z,21,0.35
7086361926,2016-03-12T16:00:00Z,15,0.25
7086361926,2016-03-12T17:00:00Z,4,0.066667
7086361926,2016-03-12T18:00:00Z,4,0.066667
7086361926,2016-03-12T19:00:00Z,24,0.4
7086361926,2016-03-12T20:00:00Z,20,0.333333
7086361926,2016-03-12T21:00:00Z,23,0.383333
7086361926,2016-03-12T22:00:00Z,13,0.216667
7086361926,2016-03-12T23:00:00Z,0,0
7086361926,2016-03-13T00:00:00Z,1,0.016667
7086361926,2016-03-13T01:00:00Z,0,0
7086361926,2016-03-13T02:00:00Z,0,0
7086361926,2016-03-13T03:00:00Z,1,0.016667
7086361926,2016-03-13T04:00:00Z,0,0
7086361926,2016-03-13T05:00:00Z,0,0
7086361926,2016-03-13T06:00:00Z,0,0
7086361926,2016-03-13T07:00:00Z,0,0
7086361926,2016-03-13T08:00:00Z,0,0
7086361926,2016-03-13T09:00:00Z,0,0
7086361926,2016-03-13T10:00:00Z,0,0
7086361926,2016-03-13T11:00:00Z,0,0
7086361926,2016-03-13T12:00:00Z,0,0
7086361926,2016-03-13T13:00:00Z,0,0
7086361926,2016-03-13T14:00:00Z,26,0.433333
7086361926,2016-03-13T15:00:00Z,26,0.433333
7086361926,2016-03-13T16:00:00Z,11,0.183333
7086361926,2016-03-13T17:00:00Z,15,0.25
7086361926,2016-03-13T18:00:00Z,0,0
7086361926,2016-03-13T19:00:00Z,0,0
7086361926,2016-03-13T20:00:00Z,0,0
7086361926,2016-03-13T21:00:00Z,1,0.016667
7086361926,2016-03-13T22:00:00Z,2,0.033333
7086361926,2016-03-13T23:00:00Z,1,0.016667
7086361926,2016-03-14T00:00:00Z,1,0.016667
7086361926,2016-03-14T01:00:00Z,0,0
7086361926,2016-03-14T02:00:00Z,2,0.033333
7086361926,2016-03-14T03:00:00Z,0,0
7086361926,2016-03-14T04:00:00Z,0,0
7086361926,2016-03-14T05:00:00Z,0,0
7086361926,2016-03-14T06:00:00Z,2,0.033333
7086361926,2016-03-14T07:00:00Z,21,0.35
7086361926,2016-03-14T08:00:00Z,3,0.05
7086361926,2016-03-14T09:00:00Z,4,0.066667
7086361926,2016-03-14T10:00:00Z,15,0.25
7086361926,2016-03-14T11:00:00Z,11,0.183333
7086361926,2016-03-14T12:00:00Z,4,0.066667
7086361926,2016-03-14T13:00:00Z,15,0.25
7086361926,2016-03-14T14:00:00Z,0,0
7086361926,2016-03-14T15:00:00Z,3,0.05
7086361926,2016-03-14T16:00:00Z,18,0.3
7086361926,2016-03-14T17:00:00Z,141,2.35
7086361926,2016-03-14T18:00:00Z,70,1.166667
7086361926,2016-03-14T19:00:00Z,0,0
7086361926,2016-03-14T20:00:00Z,1,0.016667
7086361926,2016-03-14T21:00:00Z,3,0.05
7086361926,2016-03-14T22:00:00Z,0,0
7086361926,2016-03-14T23:00:00Z,1,0.016667
7086361926,2016-03-15T00:00:00Z,0,0
7086361926,2016-03-15T01:00:00Z,0,0
7086361926,2016-03-15T02:00:00Z,0,0
7086361926,2016-03-15T03:00:00Z,0,0
7086361926,2016-03-15T04:00:00Z,0,0
7086361926,2016-03-15T05:00:00Z,0,0
7086361926,2016-03-15T06:00:00Z,4,0.066667
7086361926,2016-03-15T07:00:00Z,40,0.666667
7086361926,2016-03-15T08:00:00Z,0,0
7086361926,2016-03-15T09:00:00Z,2,0.033333
7086361926,2016-03-15T10:00:00Z,5,0.083333
7086361926,2016-03-15T11:00:00Z,4,0.066667
7086361926,2016-03-15T12:00:00Z,16,0.266667
7086361926,2016-03-15T13:00:00Z,44,0.733333
7086361926,2016-03-15T14:00:00Z,5,0.083333
7086361926,2016-03-15T15:00:00Z,15,0.25
7086361926,2016-03-15T16:00:00Z,27,0.45
7086361926,2016-03-15T17:00:00Z,121,2.016667
7086361926,2016-03-15T18:00:00Z,95,1.583333
7086361926,2016-03-15T19:00:00Z,13,0.216667
7086361926,2016-03-15T20:00:00Z,36,0.6
7086361926,2016-03-15T21:00:00Z,18,0.3
7086361926,2016-03-15T22:00:00Z,0,0
7086361926,2016-03-15T23:00:00Z,10,0.166667
7086361926,2016-03-16T00:00:00Z,4,0.066667
7086361926,2016-03-16T01:00:00Z,0,0
7086361926,2016-03-16T02:00:00Z,0,0
7086361926,2016-03-16T03:00:00Z,0,0
7086361926,2016-03-16T04:00:00Z,0,0
7086361926,2016-03-16T05:00:00Z,0,0
7086361926,2016-03-16T06:00:00Z,2,0.033333
7086361926,2016-03-16T07:00:00Z,17,0.283333
7086361926,2016-03-16T08:00:00Z,5,0.083333
7086361926,2016-03-16T09:00:00Z,3,0.05
7086361926,2016-03-16T10:00:00Z,5,0.083333
7086361926,2016-03-16T11:00:00Z,1,0.016667
7086361926,2016-03-16T12:00:00Z,19,0.316667
7086361926,2016-03-16T13:00:00Z,94,1.566667
7086361926,2016-03-16T14:00:00Z,0,0
7086361926,2016-03-16T15:00:00Z,4,0.066667
7086361926,2016-03-16T16:00:00Z,24,0.4
7086361926,2016-03-16T17:00:00Z,20,0.333333
7086361926,2016-03-16T18:00:00Z,23,0.383333
7086361926,2016-03-16T19:00:00Z,19,0.316667
7086361926,2016-03-16T20:00:00Z,12,0.2
7086361926,2016-03-16T21:00:00Z,19,0.316667
7086361926,2016-03-16T22:00:00Z,7,0.116667
7086361926,2016-03-16T23:00:00Z,1,0.016667
7086361926,2016-03-17T00:00:00Z,0,0
7086361926,2016-03-17T01:00:00Z,0,0
7086361926,2016-03-17T02:00:00Z,0,0
7086361926,2016-03-17T03:00:00Z,0,0
7086361926,2016-03-17T04:00:00Z,1,0.016667
7086361926,2016-03-17T05:00:00Z,0,0
7086361926,2016-03-17T06:00:00Z,2,0.033333
7086361926,2016-03-17T07:00:00Z,12,0.2
7086361926,2016-03-17T08:00:00Z,5,0.083333
7086361926,2016-03-17T09:00:00Z,2,0.033333
7086361926,2016-03-17T10:00:00Z,3,0.05
7086361926,2016-03-17T11:00:00Z,10,0.166667
7086361926,2016-03-17T12:00:00Z,11,0.183333
7086361926,2016-03-17T13:00:00Z,101,1.683333
7086361926,2016-03-17T14:00:00Z,0,0
7086361926,2016-03-17T15:00:00Z,9,0.15
7086361926,2016-03-17T16:00:00Z,19,0.316667
7086361926,2016-03-17T17:00:00Z,18,0.3
7086361926,2016-03-17T18:00:00Z,6,0.1
7086361926,2016-03-17T19:00:00Z,5,0.083333
7086361926,2016-03-17T20:00:00Z,13,0.216667
7086361926,2016-03-17T21:00:00Z,0,0
7086361926,2016-03-17T22:00:00Z,6,0.1
7086361926,2016-03-17T23:00:00Z,6,0.1
7086361926,2016-03-18T00:00:00Z,8,0.133333
7086361926,2016-03-18T01:00:00Z,5,0.083333
7086361926,2016-03-18T02:00:00Z,0,0
7086361926,2016-03-18T03:00:00Z,0,0
7086361926,2016-03-18T04:00:00Z,0,0
7086361926,2016-03-18T05:00:00Z,0,0
7086361926,2016-03-18T06:00:00Z,0,0
7086361926,2016-03-18T07:00:00Z,7,0.116667
7086361926,2016-03-18T08:00:00Z,14,0.233333
7086361926,2016-03-18T09:00:00Z,4,0.066667
7086361926,2016-03-18T10:00:00Z,0,0
7086361926,2016-03-18T11:00:00Z,7,0.116667
7086361926,2016-03-18T12:00:00Z,6,0.1
7086361926,2016-03-18T13:00:00Z,63,1.05
7086361926,2016-03-18T14:00:00Z,2,0.033333
7086361926,2016-03-18T15:00:00Z,4,0.066667
7086361926,2016-03-18T16:00:00Z,15,0.25
7086361926,2016-03-18T17:00:00Z,30,0.5
7086361926,2016-03-18T18:00:00Z,19,0.316667
7086361926,2016-03-18T19:00:00Z,14,0.233333
7086361926,2016-03-18T20:00:00Z,20,0.333333
7086361926,2016-03-18T21:00:00Z,41,0.683333
7086361926,2016-03-18T22:00:00Z,2,0.033333
7086361926,2016-03-18T23:00:00Z,0,0
7086361926,2016-03-19T00:00:00Z,1,0.016667
7086361926,2016-03-19T01:00:00Z,0,0
7086361926,2016-03-19T02:00:00Z,6,0.1
7086361926,2016-03-19T03:00:00Z,5,0.083333
7086361926,2016-03-19T04:00:00Z,0,0
7086361926,2016-03-19T05:00:00Z,0,0
7086361926,2016-03-19T06:00:00Z,5,0.083333
7086361926,2016-03-19T07:00:00Z,0,0
7086361926,2016-03-19T08:00:00Z,1,0.016667
7086361926,2016-03-19T09:00:00Z,31,0.516667
7086361926,2016-03-19T10:00:00Z,15,0.25
7086361926,2016-03-19T11:00:00Z,12,0.2
7086361926,2016-03-19T12:00:00Z,33,0.55
7086361926,2016-03-19T13:00:00Z,27,0.45
7086361926,2016-03-19T14:00:00Z,0,0
7086361926,2016-03-19T15:00:00Z,2,0.033333
7086361926,2016-03-19T16:00:00Z,23,0.383333
7086361926,2016-03-19T17:00:00Z,25,0.416667
7086361926,2016-03-19T18:00:00Z,34,0.566667
7086361926,2016-03-19T19:00:00Z,34,0.566667
7086361926,2016-03-19T20:00:00Z,8,0.133333
7086361926,2016-03-19T21:00:00Z,8,0.133333
7086361926,2016-03-19T22:00:00Z,20,0.333333
7086361926,2016-03-19T23:00:00Z,6,0.1
7086361926,2016-03-20T00:00:00Z,15,0.25
7086361926,2016-03-20T01:00:00Z,0,0
7086361926,2016-03-20T02:00:00Z,0,0
7086361926,2016-03-20T03:00:00Z,0,0
7086361926,2016-03-20T04:00:00Z,0,0
7086361926,2016-03-20T05:00:00Z,0,0
7086361926,2016-03-20T06:00:00Z,0,0
7086361926,2016-03-20T07:00:00Z,1,0.016667
7086361926,2016-03-20T08:00:00Z,12,0.2
7086361926,2016-03-20T09:00:00Z,11,0.183333
7086361926,2016-03-20T10:00:00Z,0,0
7086361926,2016-03-20T11:00:00Z,0,0
7086361926,2016-03-20T12:00:00Z,0,0
7086361926,2016-03-20T13:00:00Z,0,0
7086361926,2016-03-20T14:00:00Z,0,0
7086361926,2016-03-20T15:00:00Z,0,0
7086361926,2016-03-20T16:00:00Z,0,0
7086361926,2016-03-20T17:00:00Z,0,0
7086361926,2016-03-20T18:00:00Z,0,0
7086361926,2016-03-20T19:00:00Z,5,0.083333
7086361926,2016-03-20T20:00:00Z,7,0.116667
7086361926,2016-03-20T21:00:00Z,8,0.133333
7086361926,2016-03-20T22:00:00Z,23,0.383333
7086361926,2016-03-20T23:00:00Z,7,0.116667
7086361926,2016-03-21T00:00:00Z,31,0.516667
7086361926,2016-03-21T01:00:00Z,0,0
7086361926,2016-03-21T02:00:00Z,0,0
7086361926,2016-03-21T03:00:00Z,0,0
7086361926,2016-03-21T04:00:00Z,1,0.016667
7086361926,2016-03-21T05:00:00Z,0,0
7086361926,2016-03-21T06:00:00Z,1,0.016667
7086361926,2016-03-21T07:00:00Z,0,0
7086361926,2016-03-21T08:00:00Z,0,0
7086361926,2016-03-21T09:00:00Z,0,0
7086361926,2016-03-21T10:00:00Z,9,0.15
7086361926,2016-03-21T11:00:00Z,21,0.35
7086361926,2016-03-21T12:00:00Z,4,0.066667
7086361926,2016-03-21T13:00:00Z,13,0.216667
7086361926,2016-03-21T14:00:00Z,9,0.15
7086361926,2016-03-21T15:00:00Z,0,0
7086361926,2016-03-21T16:00:00Z,0,0
7086361926,2016-03-21T17:00:00Z,0,0
7086361926,2016-03-21T18:00:00Z,26,0.433333
7086361926,2016-03-21T19:00:00Z,32,0.533333
7086361926,2016-03-21T20:00:00Z,17,0.283333
7086361926,2016-03-21T21:00:00Z,3,0.05
7086361926,2016-03-21T22:00:00Z,32,0.533333
7086361926,2016-03-21T23:00:00Z,10,0.166667
7086361926,2016-03-22T00:00:00Z,9,0.15
7086361926,2016-03-22T01:00:00Z,0,0
7086361926,2016-03-22T02:00:00Z,0,0
7086361926,2016-03-22T03:00:00Z,0,0
7086361926,2016-03-22T04:00:00Z,0,0
7086361926,2016-03-22T05:00:00Z,0,0
7086361926,2016-03-22T06:00:00Z,1,0.016667
7086361926,2016-03-22T07:00:00Z,0,0
7086361926,2016-03-22T08:00:00Z,0,0
7086361926,2016-03-22T09:00:00Z,0,0
7086361926,2016-03-22T10:00:00Z,0,0
7086361926,2016-03-22T11:00:00Z,0,0
7086361926,2016-03-22T12:00:00Z,0,0
7086361926,2016-03-22T13:00:00Z,0,0
7086361926,2016-03-22T14:00:00Z,0,0
7086361926,2016-03-22T15:00:00Z,0,0
7086361926,2016-03-22T16:00:00Z,0,0
7086361926,2016-03-22T17:00:00Z,0,0
7086361926,2016-03-22T18:00:00Z,0,0
7086361926,2016-03-22T19:00:00Z,0,0
7086361926,2016-03-22T20:00:00Z,12,0.2
7086361926,2016-03-22T21:00:00Z,6,0.1
7086361926,2016-03-22T22:00:00Z,16,0.266667
7086361926,2016-03-22T23:00:00Z,21,0.35
7086361926,2016-03-23T00:00:00Z,17,0.283333
7086361926,2016-03-23T01:00:00Z,0,0
7086361926,2016-03-23T02:00:00Z,0,0
7086361926,2016-03-23T03:00:00Z,0,0
7086361926,2016-03-23T04:00:00Z,0,0
7086361926,2016-03-23T05:00:00Z,0,0
7086361926,2016-03-23T06:00:00Z,0,0
7086361926,2016-03-23T07:00:00Z,1,0.016667
7086361926,2016-03-23T08:00:00Z,5,0.083333
7086361926,2016-03-23T09:00:00Z,0,0
7086361926,2016-03-23T10:00:00Z,0,0
7086361926,2016-03-23T11:00:00Z,0,0
7086361926,2016-03-23T12:00:00Z,0,0
7086361926,2016-03-23T13:00:00Z,0,0
7086361926,2016-03-23T14:00:00Z,0,0
7086361926,2016-03-23T15:00:00Z,9,0.15
7086361926,2016-03-23T16:00:00Z,17,0.283333
7086361926,2016-03-23T17:00:00Z,1,0.016667
7086361926,2016-03-23T18:00:00Z,0,0
7086361926,2016-03-23T19:00:00Z,0,0
7086361926,2016-03-23T20:00:00Z,0,0
7086361926,2016-03-23T21:00:00Z,0,0
7086361926,2016-03-23T22:00:00Z,0,0
7086361926,2016-03-23T23:00:00Z,0,0
7086361926,2016-03-24T00:00:00Z,0,0
7086361926,2016-03-24T01:00:00Z,0,0
7086361926,2016-03-24T02:00:00Z,0,0
7086361926,2016-03-24T03:00:00Z,0,0
7086361926,2016-03-24T04:00:00Z,0,0
7086361926,2016-03-24T05:00:00Z,0,0
7086361926,2016-03-24T06:00:00Z,1,0.016667
7086361926,2016-03-24T07:00:00Z,0,0
7086361926,2016-03-24T08:00:00Z,0,0
7086361926,2016-03-24T09:00:00Z,12,0.2
7086361926,2016-03-24T10:00:00Z,9,0.15
7086361926,2016-03-24T11:00:00Z,43,0.716667
7086361926,2016-03-24T12:00:00Z,8,0.133333
7086361926,2016-03-24T13:00:00Z,43,0.716667
7086361926,2016-03-24T14:00:00Z,123,2.05
7086361926,2016-03-24T15:00:00Z,52,0.866667
7086361926,2016-03-24T16:00:00Z,46,0.766667
7086361926,2016-03-24T17:00:00Z,6,0.1
7086361926,2016-03-24T18:00:00Z,20,0.333333
7086361926,2016-03-24T19:00:00Z,4,0.066667
7086361926,2016-03-24T20:00:00Z,11,0.183333
7086361926,2016-03-24T21:00:00Z,11,0.183333
7086361926,2016-03-24T22:00:00Z,12,0.2
7086361926,2016-03-24T23:00:00Z,4,0.066667
7086361926,2016-03-25T00:00:00Z,102,1.7
7086361926,2016-03-25T01:00:00Z,18,0.3
7086361926,2016-03-25T02:00:00Z,0,0
7086361926,2016-03-25T03:00:00Z,0,0
7086361926,2016-03-25T04:00:00Z,0,0
7086361926,2016-03-25T05:00:00Z,0,0
7086361926,2016-03-25T06:00:00Z,2,0.033333
7086361926,2016-03-25T07:00:00Z,0,0
7086361926,2016-03-25T08:00:00Z,0,0
7086361926,2016-03-25T09:00:00Z,0,0
7086361926,2016-03-25T10:00:00Z,0,0
7086361926,2016-03-25T11:00:00Z,0,0
7086361926,2016-03-25T12:00:00Z,0,0
7086361926,2016-03-25T13:00:00Z,0,0
7086361926,2016-03-25T14:00:00Z,0,0
7086361926,2016-03-25T15:00:00Z,0,0
7086361926,2016-03-25T16:00:00Z,0,0
7086361926,2016-03-25T17:00:00Z,0,0
7086361926,2016-03-25T18:00:00Z,6,0.1
7086361926,2016-03-25T19:00:00Z,12,0.2
7086361926,2016-03-25T20:00:00Z,9,0.15
7086361926,2016-03-25T21:00:00Z,6,0.1
7086361926,2016-03-25T22:00:00Z,9,0.15
7086361926,2016-03-25T23:00:00Z,11,0.183333
7086361926,2016-03-26T00:00:00Z,66,1.1
7086361926,2016-03-26T01:00:00Z,20,0.333333
7086361926,2016-03-26T02:00:00Z,1,0.016667
7086361926,2016-03-26T03:00:00Z,0,0
7086361926,2016-03-26T04:00:00Z,0,0
7086361926,2016-03-26T05:00:00Z,0,0
7086361926,2016-03-26T06:00:00Z,0,0
7086361926,2016-03-26T07:00:00Z,0,0
7086361926,2016-03-26T08:00:00Z,12,0.2
7086361926,2016-03-26T09:00:00Z,30,0.5
7086361926,2016-03-26T10:00:00Z,17,0.283333
7086361926,2016-03-26T11:00:00Z,5,0.083333
7086361926,2016-03-26T12:00:00Z,38,0.633333
7086361926,2016-03-26T13:00:00Z,11,0.183333
7086361926,2016-03-26T14:00:00Z,31,0.516667
7086361926,2016-03-26T15:00:00Z,56,0.933333
7086361926,2016-03-26T16:00:00Z,46,0.766667
7086361926,2016-03-26T17:00:00Z,25,0.416667
7086361926,2016-03-26T18:00:00Z,31,0.516667
7086361926,2016-03-26T19:00:00Z,7,0.116667
7086361926,2016-03-26T20:00:00Z,5,0.083333
7086361926,2016-03-26T21:00:00Z,1,0.016667
7086361926,2016-03-26T22:00:00Z,1,0.016667
7086361926,2016-03-26T23:00:00Z,0,0
7086361926,2016-03-27T00:00:00Z,1,0.016667
7086361926,2016-03-27T01:00:00Z,0,0
7086361926,2016-03-27T02:00:00Z,0,0
7086361926,2016-03-27T03:00:00Z,0,0
7086361926,2016-03-27T04:00:00Z,0,0
7086361926,2016-03-27T05:00:00Z,0,0
7086361926,2016-03-27T06:00:00Z,10,0.166667
7086361926,2016-03-27T07:00:00Z,55,0.916667
7086361926,2016-03-27T08:00:00Z,3,0.05
7086361926,2016-03-27T09:00:00Z,1,0.016667
7086361926,2016-03-27T10:00:00Z,20,0.333333
7086361926,2016-03-27T11:00:00Z,18,0.3
7086361926,2016-03-27T12:00:00Z,10,0.166667
7086361926,2016-03-27T13:00:00Z,13,0.216667
7086361926,2016-03-27T14:00:00Z,12,0.2
7086361926,2016-03-27T15:00:00Z,6,0.1
7086361926,2016-03-27T16:00:00Z,7,0.116667
7086361926,2016-03-27T17:00:00Z,0,0
7086361926,2016-03-27T18:00:00Z,0,0
7086361926,2016-03-27T19:00:00Z,12,0.2
7086361926,2016-03-27T20:00:00Z,29,0.483333
7086361926,2016-03-27T21:00:00Z,0,0
7086361926,2016-03-27T22:00:00Z,0,0
7086361926,2016-03-27T23:00:00Z,0,0
7086361926,2016-03-28T00:00:00Z,0,0
7086361926,2016-03-28T01:00:00Z,0,0
7086361926,2016-03-28T02:00:00Z,0,0
7086361926,2016-03-28T03:00:00Z,0,0
7086361926,2016-03-28T04:00:00Z,0,0
7086361926,2016-03-28T05:00:00Z,0,0
7086361926,2016-03-28T06:00:00Z,0,0
7086361926,2016-03-28T07:00:00Z,0,0
7086361926,2016-03-28T08:00:00Z,0,0
7086361926,2016-03-28T09:00:00Z,0,0
7086361926,2016-03-28T10:00:00Z,5,0.083333
7086361926,2016-03-28T11:00:00Z,31,0.516667
7086361926,2016-03-28T12:00:00Z,4,0.066667
7086361926,2016-03-28T13:00:00Z,7,0.116667
7086361926,2016-03-28T14:00:00Z,0,0
7086361926,2016-03-28T15:00:00Z,3,0.05
7086361926,2016-03-28T16:00:00Z,28,0.466667
7086361926,2016-03-28T17:00:00Z,28,0.466667
7086361926,2016-03-28T18:00:00Z,8,0.133333
7086361926,2016-03-28T19:00:00Z,1,0.016667
7086361926,2016-03-28T20:00:00Z,0,0
7086361926,2016-03-28T21:00:00Z,0,0
7086361926,2016-03-28T22:00:00Z,0,0
7086361926,2016-03-28T23:00:00Z,0,0
7086361926,2016-03-29T00:00:00Z,0,0
7086361926,2016-03-29T01:00:00Z,0,0
7086361926,2016-03-29T02:00:00Z,0,0
7086361926,2016-03-29T03:00:00Z,0,0
7086361926,2016-03-29T04:00:00Z,1,0.016667
7086361926,2016-03-29T05:00:00Z,0,0
7086361926,2016-03-29T06:00:00Z,6,0.1
7086361926,2016-03-29T07:00:00Z,21,0.35
7086361926,2016-03-29T08:00:00Z,21,0.35
7086361926,2016-03-29T09:00:00Z,17,0.283333
7086361926,2016-03-29T10:00:00Z,3,0.05
7086361926,2016-03-29T11:00:00Z,0,0
7086361926,2016-03-29T12:00:00Z,8,0.133333
7086361926,2016-03-29T13:00:00Z,20,0.333333
7086361926,2016-03-29T14:00:00Z,0,0
7086361926,2016-03-29T15:00:00Z,6,0.1
7086361926,2016-03-29T16:00:00Z,11,0.183333
7086361926,2016-03-29T17:00:00Z,11,0.183333
7086361926,2016-03-29T18:00:00Z,8,0.133333
7086361926,2016-03-29T19:00:00Z,12,0.2
7086361926,2016-03-29T20:00:00Z,4,0.066667
7086361926,2016-03-29T21:00:00Z,5,0.083333
7086361926,2016-03-29T22:00:00Z,2,0.033333
7086361926,2016-03-29T23:00:00Z,0,0
7086361926,2016-03-30T00:00:00Z,0,0
7086361926,2016-03-30T01:00:00Z,0,0
7086361926,2016-03-30T02:00:00Z,0,0
7086361926,2016-03-30T03:00:00Z,0,0
7086361926,2016-03-30T04:00:00Z,0,0
7086361926,2016-03-30T05:00:00Z,0,0
7086361926,2016-03-30T06:00:00Z,17,0.283333
7086361926,2016-03-30T07:00:00Z,15,0.25
7086361926,2016-03-30T08:00:00Z,1,0.016667
7086361926,2016-03-30T09:00:00Z,3,0.05
7086361926,2016-03-30T10:00:00Z,15,0.25
7086361926,2016-03-30T11:00:00Z,1,0.016667
7086361926,2016-03-30T12:00:00Z,9,0.15
7086361926,2016-03-30T13:00:00Z,17,0.283333
7086361926,2016-03-30T14:00:00Z,11,0.183333
7086361926,2016-03-30T15:00:00Z,5,0.083333
7086361926,2016-03-30T16:00:00Z,18,0.3
7086361926,2016-03-30T17:00:00Z,4,0.066667
7086361926,2016-03-30T18:00:00Z,0,0
7086361926,2016-03-30T19:00:00Z,0,0
7086361926,2016-03-30T20:00:00Z,3,0.05
7086361926,2016-03-30T21:00:00Z,1,0.016667
7086361926,2016-03-30T22:00:00Z,2,0.033333
7086361926,2016-03-30T23:00:00Z,0,0
7086361926,2016-03-31T00:00:00Z,0,0
7086361926,2016-03-31T01:00:00Z,0,0
7086361926,2016-03-31T02:00:00Z,0,0
7086361926,2016-03-31T03:00:00Z,3,0.05
7086361926,2016-03-31T04:00:00Z,0,0
7086361926,2016-03-31T05:00:00Z,0,0
7086361926,2016-03-31T06:00:00Z,1,0.016667
7086361926,2016-03-31T07:00:00Z,0,0
7086361926,2016-03-31T08:00:00Z,0,0
7086361926,2016-03-31T09:00:00Z,0,0
7086361926,2016-03-31T10:00:00Z,4,0.066667
7086361926,2016-03-31T11:00:00Z,19,0.316667
7086361926,2016-03-31T12:00:00Z,19,0.316667
7086361926,2016-03-31T13:00:00Z,30,0.5
7086361926,2016-03-31T14:00:00Z,10,0.166667
7086361926,2016-03-31T15:00:00Z,46,0.766667
7086361926,2016-03-31T16:00:00Z,49,0.816667
7086361926,2016-03-31T17:00:00Z,14,0.233333
7086361926,2016-03-31T18:00:00Z,2,0.033333
7086361926,2016-03-31T19:00:00Z,1,0.016667
7086361926,2016-03-31T20:00:00Z,19,0.316667
7086361926,2016-03-31T21:00:00Z,17,0.283333
7086361926,2016-03-31T22:00:00Z,5,0.083333
7086361926,2016-03-31T23:00:00Z,2,0.033333
7086361926,2016-04-01T00:00:00Z,0,0
7086361926,2016-04-01T01:00:00Z,0,0
7086361926,2016-04-01T02:00:00Z,0,0
7086361926,2016-04-01T03:00:00Z,1,0.016667
7086361926,2016-04-01T04:00:00Z,0,0
7086361926,2016-04-01T05:00:00Z,1,0.016667
7086361926,2016-04-01T06:00:00Z,3,0.05
7086361926,2016-04-01T07:00:00Z,18,0.3
7086361926,2016-04-01T08:00:00Z,16,0.266667
7086361926,2016-04-01T09:00:00Z,3,0.05
7086361926,2016-04-01T10:00:00Z,7,0.116667
7086361926,2016-04-01T11:00:00Z,0,0
7086361926,2016-04-01T12:00:00Z,8,0.133333
7086361926,2016-04-01T13:00:00Z,113,1.883333
7086361926,2016-04-01T14:00:00Z,17,0.283333
7086361926,2016-04-01T15:00:00Z,6,0.1
7086361926,2016-04-01T16:00:00Z,14,0.233333
7086361926,2016-04-01T17:00:00Z,17,0.283333
7086361926,2016-04-01T18:00:00Z,46,0.766667
7086361926,2016-04-01T19:00:00Z,46,0.766667
7086361926,2016-04-01T20:00:00Z,4,0.066667
7086361926,2016-04-01T21:00:00Z,4,0.066667
7086361926,2016-04-01T22:00:00Z,3,0.05
7086361926,2016-04-01T23:00:00Z,1,0.016667
7086361926,2016-04-02T00:00:00Z,0,0
7086361926,2016-04-02T01:00:00Z,0,0
7086361926,2016-04-02T02:00:00Z,0,0
7086361926,2016-04-02T03:00:00Z,0,0
7086361926,2016-04-02T04:00:00Z,0,0
7086361926,2016-04-02T05:00:00Z,0,0
7086361926,2016-04-02T06:00:00Z,0,0
7086361926,2016-04-02T07:00:00Z,0,0
7086361926,2016-04-02T08:00:00Z,0,0
7086361926,2016-04-02T09:00:00Z,1,0.016667
7086361926,2016-04-02T10:00:00Z,0,0
7086361926,2016-04-02T11:00:00Z,0,0
7086361926,2016-04-02T12:00:00Z,0,0
7086361926,2016-04-02T13:00:00Z,0,0
7086361926,2016-04-02T14:00:00Z,0,0
7086361926,2016-04-02T15:00:00Z,0,0
7086361926,2016-04-02T16:00:00Z,0,0
7086361926,2016-04-02T17:00:00Z,0,0
7086361926,2016-04-02T18:00:00Z,0,0
7086361926,2016-04-02T19:00:00Z,0,0
7086361926,2016-04-02T20:00:00Z,0,0
7086361926,2016-04-02T21:00:00Z,1,0.016667
7086361926,2016-04-02T22:00:00Z,0,0
7086361926,2016-04-02T23:00:00Z,0,0
7086361926,2016-04-03T00:00:00Z,0,0
7086361926,2016-04-03T01:00:00Z,0,0
7086361926,2016-04-03T02:00:00Z,0,0
7086361926,2016-04-03T03:00:00Z,0,0
7086361926,2016-04-03T04:00:00Z,0,0
7086361926,2016-04-03T05:00:00Z,0,0
7086361926,2016-04-03T06:00:00Z,0,0
7086361926,2016-04-03T07:00:00Z,0,0
7086361926,2016-04-03T08:00:00Z,0,0
7086361926,2016-04-03T09:00:00Z,0,0
7086361926,2016-04-03T10:00:00Z,0,0
7086361926,2016-04-03T11:00:00Z,0,0
7086361926,2016-04-03T12:00:00Z,0,0
7086361926,2016-04-03T13:00:00Z,0,0
7086361926,2016-04-03T14:00:00Z,41,0.683333
7086361926,2016-04-03T15:00:00Z,0,0
7086361926,2016-04-03T16:00:00Z,2,0.033333
7086361926,2016-04-03T17:00:00Z,1,0.016667
7086361926,2016-04-03T18:00:00Z,0,0
7086361926,2016-04-03T19:00:00Z,3,0.05
7086361926,2016-04-03T20:00:00Z,1,0.016667
7086361926,2016-04-03T21:00:00Z,0,0
7086361926,2016-04-03T22:00:00Z,0,0
7086361926,2016-04-03T23:00:00Z,0,0
7086361926,2016-04-04T00:00:00Z,0,0
7086361926,2016-04-04T01:00:00Z,0,0
7086361926,2016-04-04T02:00:00Z,0,0
7086361926,2016-04-04T03:00:00Z,0,0
7086361926,2016-04-04T04:00:00Z,0,0
7086361926,2016-04-04T05:00:00Z,0,0
7086361926,2016-04-04T06:00:00Z,0,0
7086361926,2016-04-04T07:00:00Z,18,0.3
7086361926,2016-04-04T08:00:00Z,1,0.016667
7086361926,2016-04-04T09:00:00Z,0,0
7086361926,2016-04-04T10:00:00Z,5,0.083333
7086361926,2016-04-04T11:00:00Z,14,0.233333
7086361926,2016-04-04T12:00:00Z,9,0.15
7086361926,2016-04-04T13:00:00Z,22,0.366667
7086361926,2016-04-04T14:00:00Z,0,0
7086361926,2016-04-04T15:00:00Z,6,0.1
7086361926,2016-04-04T16:00:00Z,23,0.383333
7086361926,2016-04-04T17:00:00Z,115,1.916667
7086361926,2016-04-04T18:00:00Z,56,0.933333
7086361926,2016-04-04T19:00:00Z,8,0.133333
7086361926,2016-04-04T20:00:00Z,2,0.033333
7086361926,2016-04-04T21:00:00Z,0,0
7086361926,2016-04-04T22:00:00Z,0,0
7086361926,2016-04-04T23:00:00Z,0,0
7086361926,2016-04-05T00:00:00Z,0,0
7086361926,2016-04-05T01:00:00Z,0,0
7086361926,2016-04-05T02:00:00Z,0,0
7086361926,2016-04-05T03:00:00Z,0,0
7086361926,2016-04-05T04:00:00Z,0,0
7086361926,2016-04-05T05:00:00Z,0,0
7086361926,2016-04-05T06:00:00Z,1,0.016667
7086361926,2016-04-05T07:00:00Z,15,0.25
7086361926,2016-04-05T08:00:00Z,4,0.066667
7086361926,2016-04-05T09:00:00Z,1,0.016667
7086361926,2016-04-05T10:00:00Z,5,0.083333
7086361926,2016-04-05T11:00:00Z,3,0.05
7086361926,2016-04-05T12:00:00Z,14,0.233333
7086361926,2016-04-05T13:00:00Z,21,0.35
7086361926,2016-04-05T14:00:00Z,3,0.05
7086361926,2016-04-05T15:00:00Z,0,0
7086361926,2016-04-05T16:00:00Z,20,0.333333
7086361926,2016-04-05T17:00:00Z,102,1.7
7086361926,2016-04-05T18:00:00Z,61,1.016667
7086361926,2016-04-05T19:00:00Z,16,0.266667
7086361926,2016-04-05T20:00:00Z,5,0.083333
7086361926,2016-04-05T21:00:00Z,2,0.033333
7086361926,2016-04-05T22:00:00Z,0,0
7086361926,2016-04-05T23:00:00Z,0,0
7086361926,2016-04-06T00:00:00Z,0,0
7086361926,2016-04-06T01:00:00Z,0,0
7086361926,2016-04-06T02:00:00Z,0,0
7086361926,2016-04-06T03:00:00Z,0,0
7086361926,2016-04-06T04:00:00Z,0,0
7086361926,2016-04-06T05:00:00Z,0,0
7086361926,2016-04-06T06:00:00Z,1,0.016667
7086361926,2016-04-06T07:00:00Z,22,0.366667
7086361926,2016-04-06T08:00:00Z,3,0.05
7086361926,2016-04-06T09:00:00Z,0,0
7086361926,2016-04-06T10:00:00Z,6,0.1
7086361926,2016-04-06T11:00:00Z,11,0.183333
7086361926,2016-04-06T12:00:00Z,10,0.166667
7086361926,2016-04-06T13:00:00Z,2,0.033333
7086361926,2016-04-06T14:00:00Z,3,0.05
7086361926,2016-04-06T15:00:00Z,8,0.133333
7086361926,2016-04-06T16:00:00Z,11,0.183333
7086361926,2016-04-06T17:00:00Z,100,1.666667
7086361926,2016-04-06T18:00:00Z,2,0.033333
7086361926,2016-04-06T19:00:00Z,1,0.016667
7086361926,2016-04-06T20:00:00Z,10,0.166667
7086361926,2016-04-06T21:00:00Z,7,0.116667
7086361926,2016-04-06T22:00:00Z,12,0.2
7086361926,2016-04-06T23:00:00Z,0,0
7086361926,2016-04-07T00:00:00Z,0,0
7086361926,2016-04-07T01:00:00Z,0,0
7086361926,2016-04-07T02:00:00Z,0,0
7086361926,2016-04-07T03:00:00Z,0,0
7086361926,2016-04-07T04:00:00Z,0,0
7086361926,2016-04-07T05:00:00Z,0,0
7086361926,2016-04-07T06:00:00Z,0,0
7086361926,2016-04-07T07:00:00Z,28,0.466667
7086361926,2016-04-07T08:00:00Z,6,0.1
7086361926,2016-04-07T09:00:00Z,0,0
7086361926,2016-04-07T10:00:00Z,3,0.05
7086361926,2016-04-07T11:00:00Z,7,0.116667
7086361926,2016-04-07T12:00:00Z,5,0.083333
7086361926,2016-04-07T13:00:00Z,97,1.616667
7086361926,2016-04-07T14:00:00Z,6,0.1
7086361926,2016-04-07T15:00:00Z,1,0.016667
7086361926,2016-04-07T16:00:00Z,21,0.35
7086361926,2016-04-07T17:00:00Z,138,2.3
7086361926,2016-04-07T18:00:00Z,84,1.4
7086361926,2016-04-07T19:00:00Z,18,0.3
7086361926,2016-04-07T20:00:00Z,0,0
7086361926,2016-04-07T21:00:00Z,0,0
7086361926,2016-04-07T22:00:00Z,1,0.016667
7086361926,2016-04-07T23:00:00Z,0,0
7086361926,2016-04-08T00:00:00Z,0,0
7086361926,2016-04-08T01:00:00Z,0,0
7086361926,2016-04-08T02:00:00Z,1,0.016667
7086361926,2016-04-08T03:00:00Z,0,0
7086361926,2016-04-08T04:00:00Z,0,0
7086361926,2016-04-08T05:00:00Z,0,0
7086361926,2016-04-08T06:00:00Z,3,0.05
7086361926,2016-04-08T07:00:00Z,15,0.25
7086361926,2016-04-08T08:00:00Z,4,0.066667
7086361926,2016-04-08T09:00:00Z,5,0.083333
7086361926,2016-04-08T10:00:00Z,6,0.1
7086361926,2016-04-08T11:00:00Z,2,0.033333
7086361926,2016-04-08T12:00:00Z,5,0.083333
7086361926,2016-04-08T13:00:00Z,100,1.666667
7086361926,2016-04-08T14:00:00Z,0,0
7086361926,2016-04-08T15:00:00Z,1,0.016667
7086361926,2016-04-08T16:00:00Z,30,0.5
7086361926,2016-04-08T17:00:00Z,130,2.166667
7086361926,2016-04-08T18:00:00Z,65,1.083333
7086361926,2016-04-08T19:00:00Z,5,0.083333
7086361926,2016-04-08T20:00:00Z,1,0.016667
7086361926,2016-04-08T21:00:00Z,8,0.133333
7086361926,2016-04-08T22:00:00Z,2,0.033333
7086361926,2016-04-08T23:00:00Z,3,0.05
7086361926,2016-04-09T00:00:00Z,5,0.083333
7086361926,2016-04-09T01:00:00Z,1,0.016667
7086361926,2016-04-09T02:00:00Z,0,0
7086361926,2016-04-09T03:00:00Z,0,0
7086361926,2016-04-09T04:00:00Z,0,0
7086361926,2016-04-09T05:00:00Z,0,0
7086361926,2016-04-09T06:00:00Z,0,0
7086361926,2016-04-09T07:00:00Z,1,0.016667
7086361926,2016-04-09T08:00:00Z,1,0.016667
7086361926,2016-04-09T09:00:00Z,18,0.3
7086361926,2016-04-09T10:00:00Z,74,1.233333
7086361926,2016-04-09T11:00:00Z,10,0.166667
7086361926,2016-04-09T12:00:00Z,26,0.433333
7086361926,2016-04-09T13:00:00Z,9,0.15
7086361926,2016-04-09T14:00:00Z,12,0.2
7086361926,2016-04-09T15:00:00Z,25,0.416667
7086361926,2016-04-09T16:00:00Z,8,0.133333
7086361926,2016-04-09T17:00:00Z,4,0.066667
7086361926,2016-04-09T18:00:00Z,61,1.016667
7086361926,2016-04-09T19:00:00Z,34,0.566667
7086361926,2016-04-09T20:00:00Z,6,0.1
7086361926,2016-04-09T21:00:00Z,0,0
7086361926,2016-04-09T22:00:00Z,0,0
7086361926,2016-04-09T23:00:00Z,0,0
7086361926,2016-04-10T00:00:00Z,0,0
7086361926,2016-04-10T01:00:00Z,0,0
7086361926,2016-04-10T02:00:00Z,0,0
7086361926,2016-04-10T03:00:00Z,0,0
7086361926,2016-04-10T04:00:00Z,0,0
7086361926,2016-04-10T05:00:00Z,0,0
7086361926,2016-04-10T06:00:00Z,0,0
7086361926,2016-04-10T07:00:00Z,0,0
7086361926,2016-04-10T08:00:00Z,0,0
7086361926,2016-04-10T09:00:00Z,0,0
7086361926,2016-04-10T10:00:00Z,0,0
7086361926,2016-04-10T11:00:00Z,0,0
7086361926,2016-04-10T12:00:00Z,0,0
7086361926,2016-04-10T13:00:00Z,1,0.016667
7086361926,2016-04-10T14:00:00Z,0,0
7086361926,2016-04-10T15:00:00Z,1,0.016667
7086361926,2016-04-10T16:00:00Z,2,0.033333
7086361926,2016-04-10T17:00:00Z,2,0.033333
7086361926,2016-04-10T18:00:00Z,1,0.016667
7086361926,2016-04-10T19:00:00Z,0,0
7086361926,2016-04-10T20:00:00Z,11,0.183333
7086361926,2016-04-10T21:00:00Z,4,0.066667
7086361926,2016-04-10T22:00:00Z,3,0.05
7086361926,2016-04-10T23:00:00Z,2,0.033333
7086361926,2016-04-11T00:00:00Z,0,0
7086361926,2016-04-11T01:00:00Z,0,0
7086361926,2016-04-11T02:00:00Z,0,0
7086361926,2016-04-11T03:00:00Z,0,0
7086361926,2016-04-11T04:00:00Z,0,0
7086361926,2016-04-11T05:00:00Z,0,0
7086361926,2016-04-11T06:00:00Z,3,0.05
7086361926,2016-04-11T07:00:00Z,18,0.3
7086361926,2016-04-11T08:00:00Z,1,0.016667
7086361926,2016-04-11T09:00:00Z,9,0.15
7086361926,2016-04-11T10:00:00Z,5,0.083333
7086361926,2016-04-11T11:00:00Z,0,0
7086361926,2016-04-11T12:00:00Z,7,0.116667
7086361926,2016-04-11T13:00:00Z,19,0.316667
7086361926,2016-04-11T14:00:00Z,2,0.033333
7086361926,2016-04-11T15:00:00Z,0,0
7086361926,2016-04-11T16:00:00Z,20,0.333333
7086361926,2016-04-11T17:00:00Z,142,2.366667
7086361926,2016-04-11T18:00:00Z,68,1.133333
7086361926,2016-04-11T19:00:00Z,5,0.083333
7086361926,2016-04-11T20:00:00Z,9,0.15
7086361926,2016-04-11T21:00:00Z,0,0
7086361926,2016-04-11T22:00:00Z,0,0
7086361926,2016-04-11T23:00:00Z,0,0
7086361926,2016-04-12T00:00:00Z,0,0
7086361926,2016-04-12T01:00:00Z,0,0
7086361926,2016-04-12T02:00:00Z,0,0
7086361926,2016-04-12T03:00:00Z,0,0
7086361926,2016-04-12T04:00:00Z,0,0
7086361926,2016-04-12T05:00:00Z,0,0
7086361926,2016-04-12T06:00:00Z,0,0
7086361926,2016-04-12T07:00:00Z,14,0.233333
8053475328,2016-03-12T00:00:00Z,3,0.05
8053475328,2016-03-12T01:00:00Z,6,0.1
8053475328,2016-03-12T02:00:00Z,0,0
8053475328,2016-03-12T03:00:00Z,0,0
8053475328,2016-03-12T04:00:00Z,0,0
8053475328,2016-03-12T05:00:00Z,0,0
8053475328,2016-03-12T06:00:00Z,0,0
8053475328,2016-03-12T07:00:00Z,0,0
8053475328,2016-03-12T08:00:00Z,0,0
8053475328,2016-03-12T09:00:00Z,0,0
8053475328,2016-03-12T10:00:00Z,0,0
8053475328,2016-03-12T11:00:00Z,0,0
8053475328,2016-03-12T12:00:00Z,9,0.15
8053475328,2016-03-12T13:00:00Z,15,0.25
8053475328,2016-03-12T14:00:00Z,102,1.7
8053475328,2016-03-12T15:00:00Z,19,0.316667
8053475328,2016-03-12T16:00:00Z,25,0.416667
8053475328,2016-03-12T17:00:00Z,83,1.383333
8053475328,2016-03-12T18:00:00Z,155,2.583333
8053475328,2016-03-12T19:00:00Z,28,0.466667
8053475328,2016-03-12T20:00:00Z,10,0.166667
8053475328,2016-03-12T21:00:00Z,4,0.066667
8053475328,2016-03-12T22:00:00Z,42,0.7
8053475328,2016-03-12T23:00:00Z,27,0.45
8053475328,2016-03-13T00:00:00Z,16,0.266667
8053475328,2016-03-13T01:00:00Z,11,0.183333
8053475328,2016-03-13T02:00:00Z,1,0.016667
8053475328,2016-03-13T03:00:00Z,0,0
8053475328,2016-03-13T04:00:00Z,0,0
8053475328,2016-03-13T05:00:00Z,0,0
8053475328,2016-03-13T06:00:00Z,0,0
8053475328,2016-03-13T07:00:00Z,0,0
8053475328,2016-03-13T08:00:00Z,0,0
8053475328,2016-03-13T09:00:00Z,0,0
8053475328,2016-03-13T10:00:00Z,0,0
8053475328,2016-03-13T11:00:00Z,0,0
8053475328,2016-03-13T12:00:00Z,0,0
8053475328,2016-03-13T13:00:00Z,37,0.616667
8053475328,2016-03-13T14:00:00Z,179,2.983333
8053475328,2016-03-13T15:00:00Z,56,0.933333
8053475328,2016-03-13T16:00:00Z,16,0.266667
8053475328,2016-03-13T17:00:00Z,35,0.583333
8053475328,2016-03-13T18:00:00Z,34,0.566667
8053475328,2016-03-13T19:00:00Z,84,1.4
8053475328,2016-03-13T20:00:00Z,180,3
8053475328,2016-03-13T21:00:00Z,135,2.25
8053475328,2016-03-13T22:00:00Z,180,3
8053475328,2016-03-13T23:00:00Z,11,0.183333
8053475328,2016-03-14T00:00:00Z,0,0
8053475328,2016-03-14T01:00:00Z,6,0.1
8053475328,2016-03-14T02:00:00Z,3,0.05
8053475328,2016-03-14T03:00:00Z,0,0
8053475328,2016-03-14T04:00:00Z,0,0
8053475328,2016-03-14T05:00:00Z,0,0
8053475328,2016-03-14T06:00:00Z,0,0
8053475328,2016-03-14T07:00:00Z,0,0
8053475328,2016-03-14T08:00:00Z,0,0
8053475328,2016-03-14T09:00:00Z,0,0
8053475328,2016-03-14T10:00:00Z,0,0
8053475328,2016-03-14T11:00:00Z,0,0
8053475328,2016-03-14T12:00:00Z,13,0.216667
8053475328,2016-03-14T13:00:00Z,11,0.183333
8053475328,2016-03-14T14:00:00Z,119,1.983333
8053475328,2016-03-14T15:00:00Z,8,0.133333
8053475328,2016-03-14T16:00:00Z,4,0.066667
8053475328,2016-03-14T17:00:00Z,3,0.05
8053475328,2016-03-14T18:00:00Z,18,0.3
8053475328,2016-03-14T19:00:00Z,19,0.316667
8053475328,2016-03-14T20:00:00Z,117,1.95
8053475328,2016-03-14T21:00:00Z,34,0.566667
8053475328,2016-03-14T22:00:00Z,10,0.166667
8053475328,2016-03-14T23:00:00Z,2,0.033333
8053475328,2016-03-15T00:00:00Z,8,0.133333
8053475328,2016-03-15T01:00:00Z,10,0.166667
8053475328,2016-03-15T02:00:00Z,6,0.1
8053475328,2016-03-15T03:00:00Z,0,0
8053475328,2016-03-15T04:00:00Z,0,0
8053475328,2016-03-15T05:00:00Z,0,0
8053475328,2016-03-15T06:00:00Z,0,0
8053475328,2016-03-15T07:00:00Z,0,0
8053475328,2016-03-15T08:00:00Z,0,0
8053475328,2016-03-15T09:00:00Z,0,0
8053475328,2016-03-15T10:00:00Z,14,0.233333
8053475328,2016-03-15T11:00:00Z,29,0.483333
8053475328,2016-03-15T12:00:00Z,45,0.75
8053475328,2016-03-15T13:00:00Z,119,1.983333
8053475328,2016-03-15T14:00:00Z,3,0.05
8053475328,2016-03-15T15:00:00Z,13,0.216667
8053475328,2016-03-15T16:00:00Z,27,0.45
8053475328,2016-03-15T17:00:00Z,10,0.166667
8053475328,2016-03-15T18:00:00Z,44,0.733333
8053475328,2016-03-15T19:00:00Z,74,1.233333
8053475328,2016-03-15T20:00:00Z,20,0.333333
8053475328,2016-03-15T21:00:00Z,37,0.616667
8053475328,2016-03-15T22:00:00Z,4,0.066667
8053475328,2016-03-15T23:00:00Z,7,0.116667
8053475328,2016-03-16T00:00:00Z,4,0.066667
8053475328,2016-03-16T01:00:00Z,9,0.15
8053475328,2016-03-16T02:00:00Z,2,0.033333
8053475328,2016-03-16T03:00:00Z,0,0
8053475328,2016-03-16T04:00:00Z,0,0
8053475328,2016-03-16T05:00:00Z,0,0
8053475328,2016-03-16T06:00:00Z,0,0
8053475328,2016-03-16T07:00:00Z,0,0
8053475328,2016-03-16T08:00:00Z,0,0
8053475328,2016-03-16T09:00:00Z,0,0
8053475328,2016-03-16T10:00:00Z,0,0
8053475328,2016-03-16T11:00:00Z,20,0.333333
8053475328,2016-03-16T12:00:00Z,27,0.45
8053475328,2016-03-16T13:00:00Z,9,0.15
8053475328,2016-03-16T14:00:00Z,113,1.883333
8053475328,2016-03-16T15:00:00Z,9,0.15
8053475328,2016-03-16T16:00:00Z,17,0.283333
8053475328,2016-03-16T17:00:00Z,13,0.216667
8053475328,2016-03-16T18:00:00Z,58,0.966667
8053475328,2016-03-16T19:00:00Z,82,1.366667
8053475328,2016-03-16T20:00:00Z,5,0.083333
8053475328,2016-03-16T21:00:00Z,46,0.766667
8053475328,2016-03-16T22:00:00Z,5,0.083333
8053475328,2016-03-16T23:00:00Z,6,0.1
8053475328,2016-03-17T00:00:00Z,1,0.016667
8053475328,2016-03-17T01:00:00Z,13,0.216667
8053475328,2016-03-17T02:00:00Z,0,0
8053475328,2016-03-17T03:00:00Z,0,0
8053475328,2016-03-17T04:00:00Z,0,0
8053475328,2016-03-17T05:00:00Z,0,0
8053475328,2016-03-17T06:00:00Z,0,0
8053475328,2016-03-17T07:00:00Z,0,0
8053475328,2016-03-17T08:00:00Z,0,0
8053475328,2016-03-17T09:00:00Z,0,0
8053475328,2016-03-17T10:00:00Z,6,0.1
8053475328,2016-03-17T11:00:00Z,12,0.2
8053475328,2016-03-17T12:00:00Z,22,0.366667
8053475328,2016-03-17T13:00:00Z,41,0.683333
8053475328,2016-03-17T14:00:00Z,75,1.25
8053475328,2016-03-17T15:00:00Z,128,2.133333
8053475328,2016-03-17T16:00:00Z,5,0.083333
8053475328,2016-03-17T17:00:00Z,27,0.45
8053475328,2016-03-17T18:00:00Z,116,1.933333
8053475328,2016-03-17T19:00:00Z,9,0.15
8053475328,2016-03-17T20:00:00Z,10,0.166667
8053475328,2016-03-17T21:00:00Z,42,0.7
8053475328,2016-03-17T22:00:00Z,10,0.166667
8053475328,2016-03-17T23:00:00Z,17,0.283333
8053475328,2016-03-18T00:00:00Z,0,0
8053475328,2016-03-18T01:00:00Z,6,0.1
8053475328,2016-03-18T02:00:00Z,7,0.116667
8053475328,2016-03-18T03:00:00Z,0,0
8053475328,2016-03-18T04:00:00Z,0,0
8053475328,2016-03-18T05:00:00Z,0,0
8053475328,2016-03-18T06:00:00Z,0,0
8053475328,2016-03-18T07:00:00Z,0,0
8053475328,2016-03-18T08:00:00Z,0,0
8053475328,2016-03-18T09:00:00Z,0,0
8053475328,2016-03-18T10:00:00Z,0,0
8053475328,2016-03-18T11:00:00Z,11,0.183333
8053475328,2016-03-18T12:00:00Z,7,0.116667
8053475328,2016-03-18T13:00:00Z,85,1.416667
8053475328,2016-03-18T14:00:00Z,36,0.6
8053475328,2016-03-18T15:00:00Z,11,0.183333
8053475328,2016-03-18T16:00:00Z,9,0.15
8053475328,2016-03-18T17:00:00Z,22,0.366667
8053475328,2016-03-18T18:00:00Z,118,1.966667
8053475328,2016-03-18T19:00:00Z,1,0.016667
8053475328,2016-03-18T20:00:00Z,10,0.166667
8053475328,2016-03-18T21:00:00Z,49,0.816667
8053475328,2016-03-18T22:00:00Z,7,0.116667
8053475328,2016-03-18T23:00:00Z,4,0.066667
8053475328,2016-03-19T00:00:00Z,4,0.066667
8053475328,2016-03-19T01:00:00Z,5,0.083333
8053475328,2016-03-19T02:00:00Z,13,0.216667
8053475328,2016-03-19T03:00:00Z,0,0
8053475328,2016-03-19T04:00:00Z,0,0
8053475328,2016-03-19T05:00:00Z,0,0
8053475328,2016-03-19T06:00:00Z,0,0
8053475328,2016-03-19T07:00:00Z,0,0
8053475328,2016-03-19T08:00:00Z,0,0
8053475328,2016-03-19T09:00:00Z,0,0
8053475328,2016-03-19T10:00:00Z,0,0
8053475328,2016-03-19T11:00:00Z,0,0
8053475328,2016-03-19T12:00:00Z,31,0.516667
8053475328,2016-03-19T13:00:00Z,50,0.833333
8053475328,2016-03-19T14:00:00Z,170,2.833333
8053475328,2016-03-19T15:00:00Z,76,1.266667
8053475328,2016-03-19T16:00:00Z,4,0.066667
8053475328,2016-03-19T17:00:00Z,5,0.083333
8053475328,2016-03-19T18:00:00Z,2,0.033333
8053475328,2016-03-19T19:00:00Z,15,0.25
8053475328,2016-03-19T20:00:00Z,103,1.716667
8053475328,2016-03-19T21:00:00Z,7,0.116667
8053475328,2016-03-19T22:00:00Z,33,0.55
8053475328,2016-03-19T23:00:00Z,7,0.116667
8053475328,2016-03-20T00:00:00Z,8,0.133333
8053475328,2016-03-20T01:00:00Z,5,0.083333
8053475328,2016-03-20T02:00:00Z,4,0.066667
8053475328,2016-03-20T03:00:00Z,9,0.15
8053475328,2016-03-20T04:00:00Z,0,0
8053475328,2016-03-20T05:00:00Z,0,0
8053475328,2016-03-20T06:00:00Z,0,0
8053475328,2016-03-20T07:00:00Z,0,0
8053475328,2016-03-20T08:00:00Z,0,0
8053475328,2016-03-20T09:00:00Z,0,0
8053475328,2016-03-20T10:00:00Z,0,0
8053475328,2016-03-20T11:00:00Z,0,0
8053475328,2016-03-20T12:00:00Z,0,0
8053475328,2016-03-20T13:00:00Z,16,0.266667
8053475328,2016-03-20T14:00:00Z,126,2.1
8053475328,2016-03-20T15:00:00Z,98,1.633333
8053475328,2016-03-20T16:00:00Z,8,0.133333
8053475328,2016-03-20T17:00:00Z,11,0.183333
8053475328,2016-03-20T18:00:00Z,17,0.283333
8053475328,2016-03-20T19:00:00Z,130,2.166667
8053475328,2016-03-20T20:00:00Z,107,1.783333
8053475328,2016-03-20T21:00:00Z,6,0.1
8053475328,2016-03-20T22:00:00Z,31,0.516667
8053475328,2016-03-20T23:00:00Z,2,0.033333
8053475328,2016-03-21T00:00:00Z,5,0.083333
8053475328,2016-03-21T01:00:00Z,1,0.016667
8053475328,2016-03-21T02:00:00Z,3,0.05
8053475328,2016-03-21T03:00:00Z,0,0
8053475328,2016-03-21T04:00:00Z,2,0.033333
8053475328,2016-03-21T05:00:00Z,0,0
8053475328,2016-03-21T06:00:00Z,0,0
8053475328,2016-03-21T07:00:00Z,0,0
8053475328,2016-03-21T08:00:00Z,0,0
8053475328,2016-03-21T09:00:00Z,0,0
8053475328,2016-03-21T10:00:00Z,0,0
8053475328,2016-03-21T11:00:00Z,11,0.183333
8053475328,2016-03-21T12:00:00Z,8,0.133333
8053475328,2016-03-21T13:00:00Z,7,0.116667
8053475328,2016-03-21T14:00:00Z,105,1.75
8053475328,2016-03-21T15:00:00Z,3,0.05
8053475328,2016-03-21T16:00:00Z,4,0.066667
8053475328,2016-03-21T17:00:00Z,5,0.083333
8053475328,2016-03-21T18:00:00Z,10,0.166667
8053475328,2016-03-21T19:00:00Z,19,0.316667
8053475328,2016-03-21T20:00:00Z,107,1.783333
8053475328,2016-03-21T21:00:00Z,22,0.366667
8053475328,2016-03-21T22:00:00Z,23,0.383333
8053475328,2016-03-21T23:00:00Z,1,0.016667
8053475328,2016-03-22T00:00:00Z,0,0
8053475328,2016-03-22T01:00:00Z,3,0.05
8053475328,2016-03-22T02:00:00Z,7,0.116667
8053475328,2016-03-22T03:00:00Z,0,0
8053475328,2016-03-22T04:00:00Z,0,0
8053475328,2016-03-22T05:00:00Z,0,0
8053475328,2016-03-22T06:00:00Z,0,0
8053475328,2016-03-22T07:00:00Z,0,0
8053475328,2016-03-22T08:00:00Z,0,0
8053475328,2016-03-22T09:00:00Z,0,0
8053475328,2016-03-22T10:00:00Z,8,0.133333
8053475328,2016-03-22T11:00:00Z,16,0.266667
8053475328,2016-03-22T12:00:00Z,49,0.816667
8053475328,2016-03-22T13:00:00Z,7,0.116667
8053475328,2016-03-22T14:00:00Z,107,1.783333
8053475328,2016-03-22T15:00:00Z,16,0.266667
8053475328,2016-03-22T16:00:00Z,14,0.233333
8053475328,2016-03-22T17:00:00Z,3,0.05
8053475328,2016-03-22T18:00:00Z,17,0.283333
8053475328,2016-03-22T19:00:00Z,110,1.833333
8053475328,2016-03-22T20:00:00Z,2,0.033333
8053475328,2016-03-22T21:00:00Z,27,0.45
8053475328,2016-03-22T22:00:00Z,25,0.416667
8053475328,2016-03-22T23:00:00Z,13,0.216667
8053475328,2016-03-23T00:00:00Z,14,0.233333
8053475328,2016-03-23T01:00:00Z,4,0.066667
8053475328,2016-03-23T02:00:00Z,3,0.05
8053475328,2016-03-23T03:00:00Z,2,0.033333
8053475328,2016-03-23T04:00:00Z,0,0
8053475328,2016-03-23T05:00:00Z,0,0
8053475328,2016-03-23T06:00:00Z,0,0
8053475328,2016-03-23T07:00:00Z,0,0
8053475328,2016-03-23T08:00:00Z,0,0
8053475328,2016-03-23T09:00:00Z,0,0
8053475328,2016-03-23T10:00:00Z,13,0.216667
8053475328,2016-03-23T11:00:00Z,31,0.516667
8053475328,2016-03-23T12:00:00Z,19,0.316667
8053475328,2016-03-23T13:00:00Z,13,0.216667
8053475328,2016-03-23T14:00:00Z,59,0.983333
8053475328,2016-03-23T15:00:00Z,54,0.9
8053475328,2016-03-23T16:00:00Z,5,0.083333
8053475328,2016-03-23T17:00:00Z,9,0.15
8053475328,2016-03-23T18:00:00Z,11,0.183333
8053475328,2016-03-23T19:00:00Z,101,1.683333
8053475328,2016-03-23T20:00:00Z,11,0.183333
8053475328,2016-03-23T21:00:00Z,1,0.016667
8053475328,2016-03-23T22:00:00Z,40,0.666667
8053475328,2016-03-23T23:00:00Z,10,0.166667
8053475328,2016-03-24T00:00:00Z,2,0.033333
8053475328,2016-03-24T01:00:00Z,6,0.1
8053475328,2016-03-24T02:00:00Z,3,0.05
8053475328,2016-03-24T03:00:00Z,0,0
8053475328,2016-03-24T04:00:00Z,0,0
8053475328,2016-03-24T05:00:00Z,0,0
8053475328,2016-03-24T06:00:00Z,0,0
8053475328,2016-03-24T07:00:00Z,0,0
8053475328,2016-03-24T08:00:00Z,0,0
8053475328,2016-03-24T09:00:00Z,0,0
8053475328,2016-03-24T10:00:00Z,0,0
8053475328,2016-03-24T11:00:00Z,0,0
8053475328,2016-03-24T12:00:00Z,7,0.116667
8053475328,2016-03-24T13:00:00Z,45,0.75
8053475328,2016-03-24T14:00:00Z,65,1.083333
8053475328,2016-03-24T15:00:00Z,9,0.15
8053475328,2016-03-24T16:00:00Z,5,0.083333
8053475328,2016-03-24T17:00:00Z,24,0.4
8053475328,2016-03-24T18:00:00Z,44,0.733333
8053475328,2016-03-24T19:00:00Z,74,1.233333
8053475328,2016-03-24T20:00:00Z,13,0.216667
8053475328,2016-03-24T21:00:00Z,32,0.533333
8053475328,2016-03-24T22:00:00Z,11,0.183333
8053475328,2016-03-24T23:00:00Z,1,0.016667
8053475328,2016-03-25T00:00:00Z,2,0.033333
8053475328,2016-03-25T01:00:00Z,3,0.05
8053475328,2016-03-25T02:00:00Z,3,0.05
8053475328,2016-03-25T03:00:00Z,0,0
8053475328,2016-03-25T04:00:00Z,0,0
8053475328,2016-03-25T05:00:00Z,0,0
8053475328,2016-03-25T06:00:00Z,0,0
8053475328,2016-03-25T07:00:00Z,0,0
8053475328,2016-03-25T08:00:00Z,0,0
8053475328,2016-03-25T09:00:00Z,0,0
8053475328,2016-03-25T10:00:00Z,0,0
8053475328,2016-03-25T11:00:00Z,106,1.766667
8053475328,2016-03-25T12:00:00Z,144,2.4
8053475328,2016-03-25T13:00:00Z,9,0.15
8053475328,2016-03-25T14:00:00Z,12,0.2
8053475328,2016-03-25T15:00:00Z,6,0.1
8053475328,2016-03-25T16:00:00Z,14,0.233333
8053475328,2016-03-25T17:00:00Z,12,0.2
8053475328,2016-03-25T18:00:00Z,17,0.283333
8053475328,2016-03-25T19:00:00Z,22,0.366667
8053475328,2016-03-25T20:00:00Z,85,1.416667
8053475328,2016-03-25T21:00:00Z,21,0.35
8053475328,2016-03-25T22:00:00Z,0,0
8053475328,2016-03-25T23:00:00Z,27,0.45
8053475328,2016-03-26T00:00:00Z,5,0.083333
8053475328,2016-03-26T01:00:00Z,0,0
8053475328,2016-03-26T02:00:00Z,3,0.05
8053475328,2016-03-26T03:00:00Z,1,0.016667
8053475328,2016-03-26T04:00:00Z,5,0.083333
8053475328,2016-03-26T05:00:00Z,2,0.033333
8053475328,2016-03-26T06:00:00Z,0,0
8053475328,2016-03-26T07:00:00Z,0,0
8053475328,2016-03-26T08:00:00Z,0,0
8053475328,2016-03-26T09:00:00Z,0,0
8053475328,2016-03-26T10:00:00Z,0,0
8053475328,2016-03-26T11:00:00Z,0,0
8053475328,2016-03-26T12:00:00Z,0,0
8053475328,2016-03-26T13:00:00Z,10,0.166667
8053475328,2016-03-26T14:00:00Z,111,1.85
8053475328,2016-03-26T15:00:00Z,12,0.2
8053475328,2016-03-26T16:00:00Z,24,0.4
8053475328,2016-03-26T17:00:00Z,3,0.05
8053475328,2016-03-26T18:00:00Z,61,1.016667
8053475328,2016-03-26T19:00:00Z,71,1.183333
8053475328,2016-03-26T20:00:00Z,2,0.033333
8053475328,2016-03-26T21:00:00Z,26,0.433333
8053475328,2016-03-26T22:00:00Z,0,0
8053475328,2016-03-26T23:00:00Z,0,0
8053475328,2016-03-27T00:00:00Z,9,0.15
8053475328,2016-03-27T01:00:00Z,0,0
8053475328,2016-03-27T02:00:00Z,3,0.05
8053475328,2016-03-27T03:00:00Z,0,0
8053475328,2016-03-27T04:00:00Z,0,0
8053475328,2016-03-27T05:00:00Z,0,0
8053475328,2016-03-27T06:00:00Z,0,0
8053475328,2016-03-27T07:00:00Z,0,0
8053475328,2016-03-27T08:00:00Z,0,0
8053475328,2016-03-27T09:00:00Z,27,0.45
8053475328,2016-03-27T10:00:00Z,35,0.583333
8053475328,2016-03-27T11:00:00Z,41,0.683333
8053475328,2016-03-27T12:00:00Z,55,0.916667
8053475328,2016-03-27T13:00:00Z,35,0.583333
8053475328,2016-03-27T14:00:00Z,26,0.433333
8053475328,2016-03-27T15:00:00Z,25,0.416667
8053475328,2016-03-27T16:00:00Z,56,0.933333
8053475328,2016-03-27T17:00:00Z,11,0.183333
8053475328,2016-03-27T18:00:00Z,12,0.2
8053475328,2016-03-27T19:00:00Z,13,0.216667
8053475328,2016-03-27T20:00:00Z,11,0.183333
8053475328,2016-03-27T21:00:00Z,10,0.166667
8053475328,2016-03-27T22:00:00Z,8,0.133333
8053475328,2016-03-27T23:00:00Z,7,0.116667
8053475328,2016-03-28T00:00:00Z,2,0.033333
8053475328,2016-03-28T01:00:00Z,0,0
8053475328,2016-03-28T02:00:00Z,0,0
8053475328,2016-03-28T03:00:00Z,0,0
8053475328,2016-03-28T04:00:00Z,0,0
8053475328,2016-03-28T05:00:00Z,0,0
8053475328,2016-03-28T06:00:00Z,0,0
8053475328,2016-03-28T07:00:00Z,0,0
8053475328,2016-03-28T08:00:00Z,0,0
8053475328,2016-03-28T09:00:00Z,0,0
8053475328,2016-03-28T10:00:00Z,0,0
8053475328,2016-03-28T11:00:00Z,0,0
8053475328,2016-03-28T12:00:00Z,2,0.033333
8053475328,2016-03-28T13:00:00Z,11,0.183333
8053475328,2016-03-28T14:00:00Z,101,1.683333
8053475328,2016-03-28T15:00:00Z,7,0.116667
8053475328,2016-03-28T16:00:00Z,11,0.183333
8053475328,2016-03-28T17:00:00Z,5,0.083333
8053475328,2016-03-28T18:00:00Z,4,0.066667
8053475328,2016-03-28T19:00:00Z,108,1.8
8053475328,2016-03-28T20:00:00Z,12,0.2
8053475328,2016-03-28T21:00:00Z,34,0.566667
8053475328,2016-03-28T22:00:00Z,4,0.066667
8053475328,2016-03-28T23:00:00Z,2,0.033333
8053475328,2016-03-29T00:00:00Z,9,0.15
8053475328,2016-03-29T01:00:00Z,2,0.033333
8053475328,2016-03-29T02:00:00Z,3,0.05
8053475328,2016-03-29T03:00:00Z,0,0
8053475328,2016-03-29T04:00:00Z,0,0
8053475328,2016-03-29T05:00:00Z,0,0
8053475328,2016-03-29T06:00:00Z,0,0
8053475328,2016-03-29T07:00:00Z,0,0
8053475328,2016-03-29T08:00:00Z,0,0
8053475328,2016-03-29T09:00:00Z,0,0
8053475328,2016-03-29T10:00:00Z,12,0.2
8053475328,2016-03-29T11:00:00Z,47,0.783333
8053475328,2016-03-29T12:00:00Z,20,0.333333
8053475328,2016-03-29T13:00:00Z,48,0.8
8053475328,2016-03-29T14:00:00Z,74,1.233333
8053475328,2016-03-29T15:00:00Z,14,0.233333
8053475328,2016-03-29T16:00:00Z,16,0.266667
8053475328,2016-03-29T17:00:00Z,22,0.366667
8053475328,2016-03-29T18:00:00Z,68,1.133333
8053475328,2016-03-29T19:00:00Z,40,0.666667
8053475328,2016-03-29T20:00:00Z,2,0.033333
8053475328,2016-03-29T21:00:00Z,33,0.55
8053475328,2016-03-29T22:00:00Z,5,0.083333
8053475328,2016-03-29T23:00:00Z,10,0.166667
8053475328,2016-03-30T00:00:00Z,10,0.166667
8053475328,2016-03-30T01:00:00Z,10,0.166667
8053475328,2016-03-30T02:00:00Z,2,0.033333
8053475328,2016-03-30T03:00:00Z,0,0
8053475328,2016-03-30T04:00:00Z,0,0
8053475328,2016-03-30T05:00:00Z,0,0
8053475328,2016-03-30T06:00:00Z,0,0
8053475328,2016-03-30T07:00:00Z,0,0
8053475328,2016-03-30T08:00:00Z,0,0
8053475328,2016-03-30T09:00:00Z,0,0
8053475328,2016-03-30T10:00:00Z,0,0
8053475328,2016-03-30T11:00:00Z,3,0.05
8053475328,2016-03-30T12:00:00Z,6,0.1
8053475328,2016-03-30T13:00:00Z,8,0.133333
8053475328,2016-03-30T14:00:00Z,4,0.066667
8053475328,2016-03-30T15:00:00Z,13,0.216667
8053475328,2016-03-30T16:00:00Z,3,0.05
8053475328,2016-03-30T17:00:00Z,29,0.483333
8053475328,2016-03-30T18:00:00Z,3,0.05
8053475328,2016-03-30T19:00:00Z,0,0
8053475328,2016-03-30T20:00:00Z,4,0.066667
8053475328,2016-03-30T21:00:00Z,5,0.083333
8053475328,2016-03-30T22:00:00Z,18,0.3
8053475328,2016-03-30T23:00:00Z,7,0.116667
8053475328,2016-03-31T00:00:00Z,11,0.183333
8053475328,2016-03-31T01:00:00Z,11,0.183333
8053475328,2016-03-31T02:00:00Z,0,0
8053475328,2016-03-31T03:00:00Z,0,0
8053475328,2016-03-31T04:00:00Z,0,0
8053475328,2016-03-31T05:00:00Z,0,0
8053475328,2016-03-31T06:00:00Z,0,0
8053475328,2016-03-31T07:00:00Z,0,0
8053475328,2016-03-31T08:00:00Z,0,0
8053475328,2016-03-31T09:00:00Z,0,0
8053475328,2016-03-31T10:00:00Z,0,0
8053475328,2016-03-31T11:00:00Z,0,0
8053475328,2016-03-31T12:00:00Z,2,0.033333
8053475328,2016-03-31T13:00:00Z,9,0.15
8053475328,2016-03-31T14:00:00Z,113,1.883333
8053475328,2016-03-31T15:00:00Z,5,0.083333
8053475328,2016-03-31T16:00:00Z,14,0.233333
8053475328,2016-03-31T17:00:00Z,9,0.15
8053475328,2016-03-31T18:00:00Z,47,0.783333
8053475328,2016-03-31T19:00:00Z,63,1.05
8053475328,2016-03-31T20:00:00Z,11,0.183333
8053475328,2016-03-31T21:00:00Z,36,0.6
8053475328,2016-03-31T22:00:00Z,5,0.083333
8053475328,2016-03-31T23:00:00Z,8,0.133333
8053475328,2016-04-01T00:00:00Z,1,0.016667
8053475328,2016-04-01T01:00:00Z,7,0.116667
8053475328,2016-04-01T02:00:00Z,3,0.05
8053475328,2016-04-01T03:00:00Z,0,0
8053475328,2016-04-01T04:00:00Z,0,0
8053475328,2016-04-01T05:00:00Z,0,0
8053475328,2016-04-01T06:00:00Z,0,0
8053475328,2016-04-01T07:00:00Z,0,0
8053475328,2016-04-01T08:00:00Z,0,0
8053475328,2016-04-01T09:00:00Z,0,0
8053475328,2016-04-01T10:00:00Z,9,0.15
8053475328,2016-04-01T11:00:00Z,2,0.033333
8053475328,2016-04-01T12:00:00Z,8,0.133333
8053475328,2016-04-01T13:00:00Z,5,0.083333
8053475328,2016-04-01T14:00:00Z,97,1.616667
8053475328,2016-04-01T15:00:00Z,35,0.583333
8053475328,2016-04-01T16:00:00Z,3,0.05
8053475328,2016-04-01T17:00:00Z,7,0.116667
8053475328,2016-04-01T18:00:00Z,24,0.4
8053475328,2016-04-01T19:00:00Z,75,1.25
8053475328,2016-04-01T20:00:00Z,40,0.666667
8053475328,2016-04-01T21:00:00Z,24,0.4
8053475328,2016-04-01T22:00:00Z,21,0.35
8053475328,2016-04-01T23:00:00Z,1,0.016667
8053475328,2016-04-02T00:00:00Z,4,0.066667
8053475328,2016-04-02T01:00:00Z,7,0.116667
8053475328,2016-04-02T02:00:00Z,2,0.033333
8053475328,2016-04-02T03:00:00Z,10,0.166667
8053475328,2016-04-02T04:00:00Z,0,0
8053475328,2016-04-02T05:00:00Z,0,0
8053475328,2016-04-02T06:00:00Z,0,0
8053475328,2016-04-02T07:00:00Z,0,0
8053475328,2016-04-02T08:00:00Z,0,0
8053475328,2016-04-02T09:00:00Z,0,0
8053475328,2016-04-02T10:00:00Z,0,0
8053475328,2016-04-02T11:00:00Z,5,0.083333
8053475328,2016-04-02T12:00:00Z,149,2.483333
8053475328,2016-04-02T13:00:00Z,74,1.233333
8053475328,2016-04-02T14:00:00Z,7,0.116667
8053475328,2016-04-02T15:00:00Z,19,0.316667
8053475328,2016-04-02T16:00:00Z,150,2.5
8053475328,2016-04-02T17:00:00Z,74,1.233333
8053475328,2016-04-02T18:00:00Z,14,0.233333
8053475328,2016-04-02T19:00:00Z,0,0
8053475328,2016-04-02T20:00:00Z,51,0.85
8053475328,2016-04-02T21:00:00Z,12,0.2
8053475328,2016-04-02T22:00:00Z,4,0.066667
8053475328,2016-04-02T23:00:00Z,0,0
8053475328,2016-04-03T00:00:00Z,0,0
8053475328,2016-04-03T01:00:00Z,0,0
8053475328,2016-04-03T02:00:00Z,0,0
8053475328,2016-04-03T03:00:00Z,0,0
8053475328,2016-04-03T04:00:00Z,6,0.1
8053475328,2016-04-03T05:00:00Z,0,0
8053475328,2016-04-03T06:00:00Z,0,0
8053475328,2016-04-03T07:00:00Z,0,0
8053475328,2016-04-03T08:00:00Z,0,0
8053475328,2016-04-03T09:00:00Z,0,0
8053475328,2016-04-03T10:00:00Z,0,0
8053475328,2016-04-03T11:00:00Z,0,0
8053475328,2016-04-03T12:00:00Z,0,0
8053475328,2016-04-03T13:00:00Z,0,0
8053475328,2016-04-03T14:00:00Z,51,0.85
8053475328,2016-04-03T15:00:00Z,180,3
8053475328,2016-04-03T16:00:00Z,33,0.55
8053475328,2016-04-03T17:00:00Z,46,0.766667
8053475328,2016-04-03T18:00:00Z,157,2.616667
8053475328,2016-04-03T19:00:00Z,61,1.016667
8053475328,2016-04-03T20:00:00Z,16,0.266667
8053475328,2016-04-03T21:00:00Z,95,1.583333
8053475328,2016-04-03T22:00:00Z,17,0.283333
8053475328,2016-04-03T23:00:00Z,2,0.033333
8053475328,2016-04-04T00:00:00Z,4,0.066667
8053475328,2016-04-04T01:00:00Z,12,0.2
8053475328,2016-04-04T02:00:00Z,0,0
8053475328,2016-04-04T03:00:00Z,0,0
8053475328,2016-04-04T04:00:00Z,0,0
8053475328,2016-04-04T05:00:00Z,0,0
8053475328,2016-04-04T06:00:00Z,0,0
8053475328,2016-04-04T07:00:00Z,0,0
8053475328,2016-04-04T08:00:00Z,0,0
8053475328,2016-04-04T09:00:00Z,0,0
8053475328,2016-04-04T10:00:00Z,11,0.183333
8053475328,2016-04-04T11:00:00Z,23,0.383333
8053475328,2016-04-04T12:00:00Z,20,0.333333
8053475328,2016-04-04T13:00:00Z,100,1.666667
8053475328,2016-04-04T14:00:00Z,5,0.083333
8053475328,2016-04-04T15:00:00Z,10,0.166667
8053475328,2016-04-04T16:00:00Z,10,0.166667
8053475328,2016-04-04T17:00:00Z,9,0.15
8053475328,2016-04-04T18:00:00Z,26,0.433333
8053475328,2016-04-04T19:00:00Z,53,0.883333
8053475328,2016-04-04T20:00:00Z,179,2.983333
8053475328,2016-04-04T21:00:00Z,2,0.033333
8053475328,2016-04-04T22:00:00Z,39,0.65
8053475328,2016-04-04T23:00:00Z,18,0.3
8053475328,2016-04-05T00:00:00Z,1,0.016667
8053475328,2016-04-05T01:00:00Z,3,0.05
8053475328,2016-04-05T02:00:00Z,0,0
8053475328,2016-04-05T03:00:00Z,0,0
8053475328,2016-04-05T04:00:00Z,0,0
8053475328,2016-04-05T05:00:00Z,0,0
8053475328,2016-04-05T06:00:00Z,0,0
8053475328,2016-04-05T07:00:00Z,0,0
8053475328,2016-04-05T08:00:00Z,0,0
8053475328,2016-04-05T09:00:00Z,0,0
8053475328,2016-04-05T10:00:00Z,5,0.083333
8053475328,2016-04-05T11:00:00Z,29,0.483333
8053475328,2016-04-05T12:00:00Z,17,0.283333
8053475328,2016-04-05T13:00:00Z,108,1.8
8053475328,2016-04-05T14:00:00Z,8,0.133333
8053475328,2016-04-05T15:00:00Z,7,0.116667
8053475328,2016-04-05T16:00:00Z,16,0.266667
8053475328,2016-04-05T17:00:00Z,38,0.633333
8053475328,2016-04-05T18:00:00Z,116,1.933333
8053475328,2016-04-05T19:00:00Z,103,1.716667
8053475328,2016-04-05T20:00:00Z,1,0.016667
8053475328,2016-04-05T21:00:00Z,33,0.55
8053475328,2016-04-05T22:00:00Z,5,0.083333
8053475328,2016-04-05T23:00:00Z,4,0.066667
8053475328,2016-04-06T00:00:00Z,3,0.05
8053475328,2016-04-06T01:00:00Z,10,0.166667
8053475328,2016-04-06T02:00:00Z,0,0
8053475328,2016-04-06T03:00:00Z,0,0
8053475328,2016-04-06T04:00:00Z,0,0
8053475328,2016-04-06T05:00:00Z,0,0
8053475328,2016-04-06T06:00:00Z,0,0
8053475328,2016-04-06T07:00:00Z,0,0
8053475328,2016-04-06T08:00:00Z,0,0
8053475328,2016-04-06T09:00:00Z,0,0
8053475328,2016-04-06T10:00:00Z,20,0.333333
8053475328,2016-04-06T11:00:00Z,15,0.25
8053475328,2016-04-06T12:00:00Z,12,0.2
8053475328,2016-04-06T13:00:00Z,7,0.116667
8053475328,2016-04-06T14:00:00Z,79,1.316667
8053475328,2016-04-06T15:00:00Z,45,0.75
8053475328,2016-04-06T16:00:00Z,7,0.116667
8053475328,2016-04-06T17:00:00Z,23,0.383333
8053475328,2016-04-06T18:00:00Z,24,0.4
8053475328,2016-04-06T19:00:00Z,166,2.766667
8053475328,2016-04-06T20:00:00Z,57,0.95
8053475328,2016-04-06T21:00:00Z,7,0.116667
8053475328,2016-04-06T22:00:00Z,36,0.6
8053475328,2016-04-06T23:00:00Z,8,0.133333
8053475328,2016-04-07T00:00:00Z,0,0
8053475328,2016-04-07T01:00:00Z,3,0.05
8053475328,2016-04-07T02:00:00Z,0,0
8053475328,2016-04-07T03:00:00Z,0,0
8053475328,2016-04-07T04:00:00Z,0,0
8053475328,2016-04-07T05:00:00Z,0,0
8053475328,2016-04-07T06:00:00Z,0,0
8053475328,2016-04-07T07:00:00Z,0,0
8053475328,2016-04-07T08:00:00Z,0,0
8053475328,2016-04-07T09:00:00Z,0,0
8053475328,2016-04-07T10:00:00Z,17,0.283333
8053475328,2016-04-07T11:00:00Z,2,0.033333
8053475328,2016-04-07T12:00:00Z,21,0.35
8053475328,2016-04-07T13:00:00Z,77,1.283333
8053475328,2016-04-07T14:00:00Z,28,0.466667
8053475328,2016-04-07T15:00:00Z,4,0.066667
8053475328,2016-04-07T16:00:00Z,7,0.116667
8053475328,2016-04-07T17:00:00Z,37,0.616667
8053475328,2016-04-07T18:00:00Z,32,0.533333
8053475328,2016-04-07T19:00:00Z,143,2.383333
8053475328,2016-04-07T20:00:00Z,81,1.35
8053475328,2016-04-07T21:00:00Z,39,0.65
8053475328,2016-04-07T22:00:00Z,7,0.116667
8053475328,2016-04-07T23:00:00Z,7,0.116667
8053475328,2016-04-08T00:00:00Z,4,0.066667
8053475328,2016-04-08T01:00:00Z,3,0.05
8053475328,2016-04-08T02:00:00Z,10,0.166667
8053475328,2016-04-08T03:00:00Z,0,0
8053475328,2016-04-08T04:00:00Z,0,0
8053475328,2016-04-08T05:00:00Z,0,0
8053475328,2016-04-08T06:00:00Z,0,0
8053475328,2016-04-08T07:00:00Z,0,0
8053475328,2016-04-08T08:00:00Z,0,0
8053475328,2016-04-08T09:00:00Z,0,0
8053475328,2016-04-08T10:00:00Z,0,0
8053475328,2016-04-08T11:00:00Z,0,0
8053475328,2016-04-08T12:00:00Z,12,0.2
8053475328,2016-04-08T13:00:00Z,45,0.75
8053475328,2016-04-08T14:00:00Z,65,1.083333
8053475328,2016-04-08T15:00:00Z,8,0.133333
8053475328,2016-04-08T16:00:00Z,1,0.016667
8053475328,2016-04-08T17:00:00Z,2,0.033333
8053475328,2016-04-08T18:00:00Z,29,0.483333
8053475328,2016-04-08T19:00:00Z,16,0.266667
8053475328,2016-04-08T20:00:00Z,103,1.716667
8053475328,2016-04-08T21:00:00Z,0,0
8053475328,2016-04-08T22:00:00Z,43,0.716667
8053475328,2016-04-08T23:00:00Z,4,0.066667
8053475328,2016-04-09T00:00:00Z,1,0.016667
8053475328,2016-04-09T01:00:00Z,6,0.1
8053475328,2016-04-09T02:00:00Z,12,0.2
8053475328,2016-04-09T03:00:00Z,0,0
8053475328,2016-04-09T04:00:00Z,0,0
8053475328,2016-04-09T05:00:00Z,0,0
8053475328,2016-04-09T06:00:00Z,0,0
8053475328,2016-04-09T07:00:00Z,0,0
8053475328,2016-04-09T08:00:00Z,0,0
8053475328,2016-04-09T09:00:00Z,0,0
8053475328,2016-04-09T10:00:00Z,0,0
8053475328,2016-04-09T11:00:00Z,0,0
8053475328,2016-04-09T12:00:00Z,3,0.05
8053475328,2016-04-09T13:00:00Z,14,0.233333
8053475328,2016-04-09T14:00:00Z,97,1.616667
8053475328,2016-04-09T15:00:00Z,4,0.066667
8053475328,2016-04-09T16:00:00Z,20,0.333333
8053475328,2016-04-09T17:00:00Z,30,0.5
8053475328,2016-04-09T18:00:00Z,10,0.166667
8053475328,2016-04-09T19:00:00Z,4,0.066667
8053475328,2016-04-09T20:00:00Z,64,1.066667
8053475328,2016-04-09T21:00:00Z,36,0.6
8053475328,2016-04-09T22:00:00Z,2,0.033333
8053475328,2016-04-09T23:00:00Z,6,0.1
8053475328,2016-04-10T00:00:00Z,1,0.016667
8053475328,2016-04-10T01:00:00Z,0,0
8053475328,2016-04-10T02:00:00Z,0,0
8053475328,2016-04-10T03:00:00Z,0,0
8053475328,2016-04-10T04:00:00Z,0,0
8053475328,2016-04-10T05:00:00Z,0,0
8053475328,2016-04-10T06:00:00Z,0,0
8053475328,2016-04-10T07:00:00Z,0,0
8053475328,2016-04-10T08:00:00Z,0,0
8053475328,2016-04-10T09:00:00Z,0,0
8053475328,2016-04-10T10:00:00Z,0,0
8053475328,2016-04-10T11:00:00Z,0,0
8053475328,2016-04-10T12:00:00Z,118,1.966667
8053475328,2016-04-10T13:00:00Z,20,0.333333
8053475328,2016-04-10T14:00:00Z,7,0.116667
8053475328,2016-04-10T15:00:00Z,35,0.583333
8053475328,2016-04-10T16:00:00Z,46,0.766667
8053475328,2016-04-10T17:00:00Z,27,0.45
8053475328,2016-04-10T18:00:00Z,14,0.233333
8053475328,2016-04-10T19:00:00Z,21,0.35
8053475328,2016-04-10T20:00:00Z,1,0.016667
8053475328,2016-04-10T21:00:00Z,14,0.233333
8053475328,2016-04-10T22:00:00Z,17,0.283333
8053475328,2016-04-10T23:00:00Z,12,0.2
8053475328,2016-04-11T00:00:00Z,6,0.1
8053475328,2016-04-11T01:00:00Z,0,0
8053475328,2016-04-11T02:00:00Z,0,0
8053475328,2016-04-11T03:00:00Z,0,0
8053475328,2016-04-11T04:00:00Z,0,0
8053475328,2016-04-11T05:00:00Z,0,0
8053475328,2016-04-11T06:00:00Z,0,0
8053475328,2016-04-11T07:00:00Z,0,0
8053475328,2016-04-11T08:00:00Z,0,0
8053475328,2016-04-11T09:00:00Z,0,0
8053475328,2016-04-11T10:00:00Z,0,0
8053475328,2016-04-11T11:00:00Z,24,0.4
8053475328,2016-04-11T12:00:00Z,26,0.433333
8053475328,2016-04-11T13:00:00Z,54,0.9
8053475328,2016-04-11T14:00:00Z,50,0.833333
8053475328,2016-04-11T15:00:00Z,1,0.016667
8053475328,2016-04-11T16:00:00Z,6,0.1
8053475328,2016-04-11T17:00:00Z,11,0.183333
8053475328,2016-04-11T18:00:00Z,18,0.3
8053475328,2016-04-11T19:00:00Z,180,3
8053475328,2016-04-11T20:00:00Z,30,0.5
8053475328,2016-04-11T21:00:00Z,37,0.616667
8053475328,2016-04-11T22:00:00Z,9,0.15
8053475328,2016-04-11T23:00:00Z,7,0.116667
8053475328,2016-04-12T00:00:00Z,0,0
8053475328,2016-04-12T01:00:00Z,1,0.016667
8053475328,2016-04-12T02:00:00Z,15,0.25
8053475328,2016-04-12T03:00:00Z,0,0
8053475328,2016-04-12T04:00:00Z,0,0
8053475328,2016-04-12T05:00:00Z,0,0
8053475328,2016-04-12T06:00:00Z,0,0
8053475328,2016-04-12T07:00:00Z,0,0
8053475328,2016-04-12T08:00:00Z,0,0
8053475328,2016-04-12T09:00:00Z,0,0
8253242879,2016-03-12T00:00:00Z,0,0
8253242879,2016-03-12T01:00:00Z,0,0
8253242879,2016-03-12T02:00:00Z,0,0
8253242879,2016-03-12T03:00:00Z,0,0
8253242879,2016-03-12T04:00:00Z,0,0
8253242879,2016-03-12T05:00:00Z,0,0
8253242879,2016-03-12T06:00:00Z,0,0
8253242879,2016-03-12T07:00:00Z,0,0
8253242879,2016-03-12T08:00:00Z,0,0
8253242879,2016-03-12T09:00:00Z,0,0
8253242879,2016-03-12T10:00:00Z,0,0
8253242879,2016-03-12T11:00:00Z,0,0
8253242879,2016-03-12T12:00:00Z,0,0
8253242879,2016-03-12T13:00:00Z,0,0
8253242879,2016-03-12T14:00:00Z,0,0
8253242879,2016-03-12T15:00:00Z,0,0
8253242879,2016-03-12T16:00:00Z,0,0
8253242879,2016-03-12T17:00:00Z,0,0
8253242879,2016-03-12T18:00:00Z,0,0
8253242879,2016-03-12T19:00:00Z,0,0
8253242879,2016-03-12T20:00:00Z,0,0
8253242879,2016-03-12T21:00:00Z,0,0
8253242879,2016-03-12T22:00:00Z,0,0
8253242879,2016-03-12T23:00:00Z,0,0
8253242879,2016-03-13T00:00:00Z,0,0
8253242879,2016-03-13T01:00:00Z,0,0
8253242879,2016-03-13T02:00:00Z,0,0
8253242879,2016-03-13T03:00:00Z,0,0
8253242879,2016-03-13T04:00:00Z,0,0
8253242879,2016-03-13T05:00:00Z,0,0
8253242879,2016-03-13T06:00:00Z,0,0
8253242879,2016-03-13T07:00:00Z,0,0
8253242879,2016-03-13T08:00:00Z,0,0
8253242879,2016-03-13T09:00:00Z,0,0
8253242879,2016-03-13T10:00:00Z,0,0
8253242879,2016-03-13T11:00:00Z,0,0
8253242879,2016-03-13T12:00:00Z,0,0
8253242879,2016-03-13T13:00:00Z,0,0
8253242879,2016-03-13T14:00:00Z,0,0
8253242879,2016-03-13T15:00:00Z,0,0
8253242879,2016-03-13T16:00:00Z,0,0
8253242879,2016-03-13T17:00:00Z,0,0
8253242879,2016-03-13T18:00:00Z,0,0
8253242879,2016-03-13T19:00:00Z,0,0
8253242879,2016-03-13T20:00:00Z,0,0
8253242879,2016-03-13T21:00:00Z,0,0
8253242879,2016-03-13T22:00:00Z,0,0
8253242879,2016-03-13T23:00:00Z,0,0
8253242879,2016-03-14T00:00:00Z,0,0
8253242879,2016-03-14T01:00:00Z,0,0
8253242879,2016-03-14T02:00:00Z,0,0
8253242879,2016-03-14T03:00:00Z,0,0
8253242879,2016-03-14T04:00:00Z,0,0
8253242879,2016-03-14T05:00:00Z,0,0
8253242879,2016-03-14T06:00:00Z,0,0
8253242879,2016-03-14T07:00:00Z,0,0
8253242879,2016-03-14T08:00:00Z,0,0
8253242879,2016-03-14T09:00:00Z,0,0
8253242879,2016-03-14T10:00:00Z,0,0
8253242879,2016-03-14T11:00:00Z,0,0
8253242879,2016-03-14T12:00:00Z,0,0
8253242879,2016-03-14T13:00:00Z,0,0
8253242879,2016-03-14T14:00:00Z,0,0
8253242879,2016-03-14T15:00:00Z,0,0
8253242879,2016-03-14T16:00:00Z,0,0
8253242879,2016-03-14T17:00:00Z,0,0
8253242879,2016-03-14T18:00:00Z,0,0
8253242879,2016-03-14T19:00:00Z,0,0
8253242879,2016-03-14T20:00:00Z,0,0
8253242879,2016-03-14T21:00:00Z,0,0
8253242879,2016-03-14T22:00:00Z,0,0
8253242879,2016-03-14T23:00:00Z,0,0
8253242879,2016-03-15T00:00:00Z,0,0
8253242879,2016-03-15T01:00:00Z,0,0
8253242879,2016-03-15T02:00:00Z,0,0
8253242879,2016-03-15T03:00:00Z,0,0
8253242879,2016-03-15T04:00:00Z,0,0
8253242879,2016-03-15T05:00:00Z,0,0
8253242879,2016-03-15T06:00:00Z,0,0
8253242879,2016-03-15T07:00:00Z,0,0
8253242879,2016-03-15T08:00:00Z,0,0
8253242879,2016-03-15T09:00:00Z,0,0
8253242879,2016-03-15T10:00:00Z,0,0
8253242879,2016-03-15T11:00:00Z,0,0
8253242879,2016-03-15T12:00:00Z,0,0
8253242879,2016-03-15T13:00:00Z,0,0
8253242879,2016-03-15T14:00:00Z,0,0
8253242879,2016-03-15T15:00:00Z,0,0
8253242879,2016-03-15T16:00:00Z,0,0
8253242879,2016-03-15T17:00:00Z,0,0
8253242879,2016-03-15T18:00:00Z,0,0
8253242879,2016-03-15T19:00:00Z,0,0
8253242879,2016-03-15T20:00:00Z,0,0
8253242879,2016-03-15T21:00:00Z,0,0
8253242879,2016-03-15T22:00:00Z,0,0
8253242879,2016-03-15T23:00:00Z,0,0
8253242879,2016-03-16T00:00:00Z,0,0
8253242879,2016-03-16T01:00:00Z,0,0
8253242879,2016-03-16T02:00:00Z,0,0
8253242879,2016-03-16T03:00:00Z,0,0
8253242879,2016-03-16T04:00:00Z,0,0
8253242879,2016-03-16T05:00:00Z,0,0
8253242879,2016-03-16T06:00:00Z,0,0
8253242879,2016-03-16T07:00:00Z,0,0
8253242879,2016-03-16T08:00:00Z,0,0
8253242879,2016-03-16T09:00:00Z,0,0
8253242879,2016-03-16T10:00:00Z,0,0
8253242879,2016-03-16T11:00:00Z,0,0
8253242879,2016-03-16T12:00:00Z,0,0
8253242879,2016-03-16T13:00:00Z,0,0
8253242879,2016-03-16T14:00:00Z,0,0
8253242879,2016-03-16T15:00:00Z,0,0
8253242879,2016-03-16T16:00:00Z,0,0
8253242879,2016-03-16T17:00:00Z,0,0
8253242879,2016-03-16T18:00:00Z,0,0
8253242879,2016-03-16T19:00:00Z,0,0
8253242879,2016-03-16T20:00:00Z,0,0
8253242879,2016-03-16T21:00:00Z,0,0
8253242879,2016-03-16T22:00:00Z,0,0
8253242879,2016-03-16T23:00:00Z,0,0
8253242879,2016-03-17T00:00:00Z,0,0
8253242879,2016-03-17T01:00:00Z,0,0
8253242879,2016-03-17T02:00:00Z,0,0
8253242879,2016-03-17T03:00:00Z,0,0
8253242879,2016-03-17T04:00:00Z,0,0
8253242879,2016-03-17T05:00:00Z,0,0
8253242879,2016-03-17T06:00:00Z,0,0
8253242879,2016-03-17T07:00:00Z,0,0
8253242879,2016-03-17T08:00:00Z,0,0
8253242879,2016-03-17T09:00:00Z,0,0
8253242879,2016-03-17T10:00:00Z,0,0
8253242879,2016-03-17T11:00:00Z,0,0
8253242879,2016-03-17T12:00:00Z,0,0
8253242879,2016-03-17T13:00:00Z,0,0
8253242879,2016-03-17T14:00:00Z,0,0
8253242879,2016-03-17T15:00:00Z,0,0
8253242879,2016-03-17T16:00:00Z,0,0
8253242879,2016-03-17T17:00:00Z,0,0
8253242879,2016-03-17T18:00:00Z,0,0
8253242879,2016-03-17T19:00:00Z,0,0
8253242879,2016-03-17T20:00:00Z,0,0
8253242879,2016-03-17T21:00:00Z,0,0
8253242879,2016-03-17T22:00:00Z,0,0
8253242879,2016-03-17T23:00:00Z,0,0
8253242879,2016-03-18T00:00:00Z,0,0
8253242879,2016-03-18T01:00:00Z,0,0
8253242879,2016-03-18T02:00:00Z,0,0
8253242879,2016-03-18T03:00:00Z,0,0
8253242879,2016-03-18T04:00:00Z,0,0
8253242879,2016-03-18T05:00:00Z,0,0
8253242879,2016-03-18T06:00:00Z,0,0
8253242879,2016-03-18T07:00:00Z,0,0
8253242879,2016-03-18T08:00:00Z,0,0
8253242879,2016-03-18T09:00:00Z,0,0
8253242879,2016-03-18T10:00:00Z,0,0
8253242879,2016-03-18T11:00:00Z,0,0
8253242879,2016-03-18T12:00:00Z,0,0
8253242879,2016-03-18T13:00:00Z,0,0
8253242879,2016-03-18T14:00:00Z,0,0
8253242879,2016-03-18T15:00:00Z,0,0
8253242879,2016-03-18T16:00:00Z,0,0
8253242879,2016-03-18T17:00:00Z,0,0
8253242879,2016-03-18T18:00:00Z,0,0
8253242879,2016-03-18T19:00:00Z,0,0
8253242879,2016-03-18T20:00:00Z,0,0
8253242879,2016-03-18T21:00:00Z,0,0
8253242879,2016-03-18T22:00:00Z,0,0
8253242879,2016-03-18T23:00:00Z,0,0
8253242879,2016-03-19T00:00:00Z,0,0
8253242879,2016-03-19T01:00:00Z,0,0
8253242879,2016-03-19T02:00:00Z,0,0
8253242879,2016-03-19T03:00:00Z,0,0
8253242879,2016-03-19T04:00:00Z,0,0
8253242879,2016-03-19T05:00:00Z,0,0
8253242879,2016-03-19T06:00:00Z,0,0
8253242879,2016-03-19T07:00:00Z,0,0
8253242879,2016-03-19T08:00:00Z,0,0
8253242879,2016-03-19T09:00:00Z,0,0
8253242879,2016-03-19T10:00:00Z,0,0
8253242879,2016-03-19T11:00:00Z,0,0
8253242879,2016-03-19T12:00:00Z,0,0
8253242879,2016-03-19T13:00:00Z,0,0
8253242879,2016-03-19T14:00:00Z,0,0
8253242879,2016-03-19T15:00:00Z,0,0
8253242879,2016-03-19T16:00:00Z,0,0
8253242879,2016-03-19T17:00:00Z,0,0
8253242879,2016-03-19T18:00:00Z,0,0
8253242879,2016-03-19T19:00:00Z,0,0
8253242879,2016-03-19T20:00:00Z,0,0
8253242879,2016-03-19T21:00:00Z,0,0
8253242879,2016-03-19T22:00:00Z,0,0
8253242879,2016-03-19T23:00:00Z,0,0
8253242879,2016-03-20T00:00:00Z,0,0
8253242879,2016-03-20T01:00:00Z,0,0
8253242879,2016-03-20T02:00:00Z,0,0
8253242879,2016-03-20T03:00:00Z,0,0
8253242879,2016-03-20T04:00:00Z,0,0
8253242879,2016-03-20T05:00:00Z,0,0
8253242879,2016-03-20T06:00:00Z,0,0
8253242879,2016-03-20T07:00:00Z,0,0
8253242879,2016-03-20T08:00:00Z,0,0
8253242879,2016-03-20T09:00:00Z,0,0
8253242879,2016-03-20T10:00:00Z,0,0
8253242879,2016-03-20T11:00:00Z,0,0
8253242879,2016-03-20T12:00:00Z,0,0
8253242879,2016-03-20T13:00:00Z,0,0
8253242879,2016-03-20T14:00:00Z,0,0
8253242879,2016-03-20T15:00:00Z,0,0
8253242879,2016-03-20T16:00:00Z,0,0
8253242879,2016-03-20T17:00:00Z,0,0
8253242879,2016-03-20T18:00:00Z,0,0
8253242879,2016-03-20T19:00:00Z,0,0
8253242879,2016-03-20T20:00:00Z,0,0
8253242879,2016-03-20T21:00:00Z,0,0
8253242879,2016-03-20T22:00:00Z,0,0
8253242879,2016-03-20T23:00:00Z,0,0
8253242879,2016-03-21T00:00:00Z,0,0
8253242879,2016-03-21T01:00:00Z,0,0
8253242879,2016-03-21T02:00:00Z,0,0
8253242879,2016-03-21T03:00:00Z,0,0
8253242879,2016-03-21T04:00:00Z,0,0
8253242879,2016-03-21T05:00:00Z,0,0
8253242879,2016-03-21T06:00:00Z,0,0
8253242879,2016-03-21T07:00:00Z,0,0
8253242879,2016-03-21T08:00:00Z,0,0
8253242879,2016-03-21T09:00:00Z,0,0
8253242879,2016-03-21T10:00:00Z,0,0
8253242879,2016-03-21T11:00:00Z,0,0
8253242879,2016-03-21T12:00:00Z,0,0
8253242879,2016-03-21T13:00:00Z,0,0
8253242879,2016-03-21T14:00:00Z,0,0
8253242879,2016-03-21T15:00:00Z,0,0
8253242879,2016-03-21T16:00:00Z,0,0
8253242879,2016-03-21T17:00:00Z,0,0
8253242879,2016-03-21T18:00:00Z,0,0
8253242879,2016-03-21T19:00:00Z,0,0
8253242879,2016-03-21T20:00:00Z,0,0
8253242879,2016-03-21T21:00:00Z,0,0
8253242879,2016-03-21T22:00:00Z,0,0
8253242879,2016-03-21T23:00:00Z,0,0
8253242879,2016-03-22T00:00:00Z,0,0
8253242879,2016-03-22T01:00:00Z,0,0
8253242879,2016-03-22T02:00:00Z,0,0
8253242879,2016-03-22T03:00:00Z,0,0
8253242879,2016-03-22T04:00:00Z,0,0
8253242879,2016-03-22T05:00:00Z,0,0
8253242879,2016-03-22T06:00:00Z,0,0
8253242879,2016-03-22T07:00:00Z,0,0
8253242879,2016-03-22T08:00:00Z,0,0
8253242879,2016-03-22T09:00:00Z,0,0
8253242879,2016-03-22T10:00:00Z,0,0
8253242879,2016-03-22T11:00:00Z,0,0
8253242879,2016-03-22T12:00:00Z,0,0
8253242879,2016-03-22T13:00:00Z,0,0
8253242879,2016-03-22T14:00:00Z,0,0
8253242879,2016-03-22T15:00:00Z,0,0
8253242879,2016-03-22T16:00:00Z,0,0
8253242879,2016-03-22T17:00:00Z,0,0
8253242879,2016-03-22T18:00:00Z,0,0
8253242879,2016-03-22T19:00:00Z,0,0
8253242879,2016-03-22T20:00:00Z,0,0
8253242879,2016-03-22T21:00:00Z,0,0
8253242879,2016-03-22T22:00:00Z,0,0
8253242879,2016-03-22T23:00:00Z,0,0
8253242879,2016-03-23T00:00:00Z,0,0
8253242879,2016-03-23T01:00:00Z,0,0
8253242879,2016-03-23T02:00:00Z,0,0
8253242879,2016-03-23T03:00:00Z,0,0
8253242879,2016-03-23T04:00:00Z,0,0
8253242879,2016-03-23T05:00:00Z,0,0
8253242879,2016-03-23T06:00:00Z,0,0
8253242879,2016-03-23T07:00:00Z,0,0
8253242879,2016-03-23T08:00:00Z,0,0
8253242879,2016-03-23T09:00:00Z,0,0
8253242879,2016-03-23T10:00:00Z,0,0
8253242879,2016-03-23T11:00:00Z,0,0
8253242879,2016-03-23T12:00:00Z,0,0
8253242879,2016-03-23T13:00:00Z,0,0
8253242879,2016-03-23T14:00:00Z,0,0
8253242879,2016-03-23T15:00:00Z,0,0
8253242879,2016-03-23T16:00:00Z,0,0
8253242879,2016-03-23T17:00:00Z,0,0
8253242879,2016-03-23T18:00:00Z,0,0
8253242879,2016-03-23T19:00:00Z,0,0
8253242879,2016-03-23T20:00:00Z,0,0
8253242879,2016-03-23T21:00:00Z,0,0
8253242879,2016-03-23T22:00:00Z,0,0
8253242879,2016-03-23T23:00:00Z,0,0
8253242879,2016-03-24T00:00:00Z,0,0
8253242879,2016-03-24T01:00:00Z,0,0
8253242879,2016-03-24T02:00:00Z,0,0
8253242879,2016-03-24T03:00:00Z,0,0
8253242879,2016-03-24T04:00:00Z,0,0
8253242879,2016-03-24T05:00:00Z,0,0
8253242879,2016-03-24T06:00:00Z,0,0
8253242879,2016-03-24T07:00:00Z,0,0
8253242879,2016-03-24T08:00:00Z,0,0
8253242879,2016-03-24T09:00:00Z,0,0
8253242879,2016-03-24T10:00:00Z,0,0
8253242879,2016-03-24T11:00:00Z,0,0
8253242879,2016-03-24T12:00:00Z,0,0
8253242879,2016-03-24T13:00:00Z,0,0
8253242879,2016-03-24T14:00:00Z,0,0
8253242879,2016-03-24T15:00:00Z,0,0
8253242879,2016-03-24T16:00:00Z,0,0
8253242879,2016-03-24T17:00:00Z,0,0
8253242879,2016-03-24T18:00:00Z,0,0
8253242879,2016-03-24T19:00:00Z,0,0
8253242879,2016-03-24T20:00:00Z,0,0
8253242879,2016-03-24T21:00:00Z,0,0
8253242879,2016-03-24T22:00:00Z,0,0
8253242879,2016-03-24T23:00:00Z,0,0
8253242879,2016-03-25T00:00:00Z,0,0
8253242879,2016-03-25T01:00:00Z,0,0
8253242879,2016-03-25T02:00:00Z,0,0
8253242879,2016-03-25T03:00:00Z,0,0
8253242879,2016-03-25T04:00:00Z,0,0
8253242879,2016-03-25T05:00:00Z,0,0
8253242879,2016-03-25T06:00:00Z,0,0
8253242879,2016-03-25T07:00:00Z,0,0
8253242879,2016-03-25T08:00:00Z,0,0
8253242879,2016-03-25T09:00:00Z,0,0
8253242879,2016-03-25T10:00:00Z,0,0
8253242879,2016-03-25T11:00:00Z,0,0
8253242879,2016-03-25T12:00:00Z,0,0
8253242879,2016-03-25T13:00:00Z,0,0
8253242879,2016-03-25T14:00:00Z,0,0
8253242879,2016-03-25T15:00:00Z,0,0
8253242879,2016-03-25T16:00:00Z,0,0
8253242879,2016-03-25T17:00:00Z,0,0
8253242879,2016-03-25T18:00:00Z,0,0
8253242879,2016-03-25T19:00:00Z,0,0
8253242879,2016-03-25T20:00:00Z,0,0
8253242879,2016-03-25T21:00:00Z,0,0
8253242879,2016-03-25T22:00:00Z,0,0
8253242879,2016-03-25T23:00:00Z,0,0
8253242879,2016-03-26T00:00:00Z,0,0
8253242879,2016-03-26T01:00:00Z,0,0
8253242879,2016-03-26T02:00:00Z,0,0
8253242879,2016-03-26T03:00:00Z,0,0
8253242879,2016-03-26T04:00:00Z,0,0
8253242879,2016-03-26T05:00:00Z,0,0
8253242879,2016-03-26T06:00:00Z,0,0
8253242879,2016-03-26T07:00:00Z,0,0
8253242879,2016-03-26T08:00:00Z,0,0
8253242879,2016-03-26T09:00:00Z,0,0
8253242879,2016-03-26T10:00:00Z,0,0
8253242879,2016-03-26T11:00:00Z,0,0
8253242879,2016-03-26T12:00:00Z,0,0
8253242879,2016-03-26T13:00:00Z,0,0
8253242879,2016-03-26T14:00:00Z,0,0
8253242879,2016-03-26T15:00:00Z,0,0
8253242879,2016-03-26T16:00:00Z,0,0
8253242879,2016-03-26T17:00:00Z,0,0
8253242879,2016-03-26T18:00:00Z,0,0
8253242879,2016-03-26T19:00:00Z,0,0
8253242879,2016-03-26T20:00:00Z,0,0
8253242879,2016-03-26T21:00:00Z,0,0
8253242879,2016-03-26T22:00:00Z,0,0
8253242879,2016-03-26T23:00:00Z,0,0
8253242879,2016-03-27T00:00:00Z,0,0
8253242879,2016-03-27T01:00:00Z,0,0
8253242879,2016-03-27T02:00:00Z,0,0
8253242879,2016-03-27T03:00:00Z,0,0
8253242879,2016-03-27T04:00:00Z,0,0
8253242879,2016-03-27T05:00:00Z,0,0
8253242879,2016-03-27T06:00:00Z,0,0
8253242879,2016-03-27T07:00:00Z,0,0
8253242879,2016-03-27T08:00:00Z,0,0
8253242879,2016-03-27T09:00:00Z,0,0
8253242879,2016-03-27T10:00:00Z,0,0
8253242879,2016-03-27T11:00:00Z,0,0
8253242879,2016-03-27T12:00:00Z,0,0
8253242879,2016-03-27T13:00:00Z,0,0
8253242879,2016-03-27T14:00:00Z,0,0
8253242879,2016-03-27T15:00:00Z,0,0
8253242879,2016-03-27T16:00:00Z,0,0
8253242879,2016-03-27T17:00:00Z,0,0
8253242879,2016-03-27T18:00:00Z,0,0
8253242879,2016-03-27T19:00:00Z,0,0
8253242879,2016-03-27T20:00:00Z,0,0
8253242879,2016-03-27T21:00:00Z,0,0
8253242879,2016-03-27T22:00:00Z,0,0
8253242879,2016-03-27T23:00:00Z,0,0
8253242879,2016-03-28T00:00:00Z,0,0
8253242879,2016-03-28T01:00:00Z,0,0
8253242879,2016-03-28T02:00:00Z,0,0
8253242879,2016-03-28T03:00:00Z,0,0
8253242879,2016-03-28T04:00:00Z,0,0
8253242879,2016-03-28T05:00:00Z,0,0
8253242879,2016-03-28T06:00:00Z,0,0
8253242879,2016-03-28T07:00:00Z,0,0
8253242879,2016-03-28T08:00:00Z,0,0
8253242879,2016-03-28T09:00:00Z,0,0
8253242879,2016-03-28T10:00:00Z,0,0
8253242879,2016-03-28T11:00:00Z,0,0
8253242879,2016-03-28T12:00:00Z,0,0
8253242879,2016-03-28T13:00:00Z,0,0
8253242879,2016-03-28T14:00:00Z,0,0
8253242879,2016-03-28T15:00:00Z,0,0
8253242879,2016-03-28T16:00:00Z,0,0
8253242879,2016-03-28T17:00:00Z,0,0
8253242879,2016-03-28T18:00:00Z,0,0
8253242879,2016-03-28T19:00:00Z,0,0
8253242879,2016-03-28T20:00:00Z,0,0
8253242879,2016-03-28T21:00:00Z,0,0
8253242879,2016-03-28T22:00:00Z,0,0
8253242879,2016-03-28T23:00:00Z,0,0
8253242879,2016-03-29T00:00:00Z,0,0
8253242879,2016-03-29T01:00:00Z,0,0
8253242879,2016-03-29T02:00:00Z,0,0
8253242879,2016-03-29T03:00:00Z,0,0
8253242879,2016-03-29T04:00:00Z,0,0
8253242879,2016-03-29T05:00:00Z,0,0
8253242879,2016-03-29T06:00:00Z,0,0
8253242879,2016-03-29T07:00:00Z,0,0
8253242879,2016-03-29T08:00:00Z,0,0
8253242879,2016-03-29T09:00:00Z,0,0
8253242879,2016-03-29T10:00:00Z,0,0
8253242879,2016-03-29T11:00:00Z,0,0
8253242879,2016-03-29T12:00:00Z,0,0
8253242879,2016-03-29T13:00:00Z,0,0
8253242879,2016-03-29T14:00:00Z,0,0
8253242879,2016-03-29T15:00:00Z,0,0
8253242879,2016-03-29T16:00:00Z,0,0
8253242879,2016-03-29T17:00:00Z,0,0
8253242879,2016-03-29T18:00:00Z,0,0
8253242879,2016-03-29T19:00:00Z,0,0
8253242879,2016-03-29T20:00:00Z,0,0
8253242879,2016-03-29T21:00:00Z,0,0
8253242879,2016-03-29T22:00:00Z,0,0
8253242879,2016-03-29T23:00:00Z,0,0
8253242879,2016-03-30T00:00:00Z,0,0
8253242879,2016-03-30T01:00:00Z,0,0
8253242879,2016-03-30T02:00:00Z,0,0
8253242879,2016-03-30T03:00:00Z,0,0
8253242879,2016-03-30T04:00:00Z,0,0
8253242879,2016-03-30T05:00:00Z,0,0
8253242879,2016-03-30T06:00:00Z,0,0
8253242879,2016-03-30T07:00:00Z,0,0
8253242879,2016-03-30T08:00:00Z,0,0
8253242879,2016-03-30T09:00:00Z,0,0
8253242879,2016-03-30T10:00:00Z,0,0
8253242879,2016-03-30T11:00:00Z,0,0
8253242879,2016-03-30T12:00:00Z,0,0
8253242879,2016-03-30T13:00:00Z,0,0
8253242879,2016-03-30T14:00:00Z,0,0
8253242879,2016-03-30T15:00:00Z,0,0
8253242879,2016-03-30T16:00:00Z,0,0
8253242879,2016-03-30T17:00:00Z,0,0
8253242879,2016-03-30T18:00:00Z,0,0
8253242879,2016-03-30T19:00:00Z,0,0
8253242879,2016-03-30T20:00:00Z,0,0
8253242879,2016-03-30T21:00:00Z,0,0
8253242879,2016-03-30T22:00:00Z,0,0
8253242879,2016-03-30T23:00:00Z,0,0
8253242879,2016-03-31T00:00:00Z,0,0
8253242879,2016-03-31T01:00:00Z,0,0
8253242879,2016-03-31T02:00:00Z,0,0
8253242879,2016-03-31T03:00:00Z,0,0
8253242879,2016-03-31T04:00:00Z,0,0
8253242879,2016-03-31T05:00:00Z,0,0
8253242879,2016-03-31T06:00:00Z,0,0
8253242879,2016-03-31T07:00:00Z,0,0
8253242879,2016-03-31T08:00:00Z,0,0
8253242879,2016-03-31T09:00:00Z,0,0
8253242879,2016-03-31T10:00:00Z,0,0
8253242879,2016-03-31T11:00:00Z,0,0
8253242879,2016-03-31T12:00:00Z,0,0
8253242879,2016-03-31T13:00:00Z,0,0
8253242879,2016-03-31T14:00:00Z,0,0
8253242879,2016-03-31T15:00:00Z,0,0
8253242879,2016-03-31T16:00:00Z,0,0
8253242879,2016-03-31T17:00:00Z,0,0
8253242879,2016-03-31T18:00:00Z,0,0
8253242879,2016-03-31T19:00:00Z,0,0
8253242879,2016-03-31T20:00:00Z,0,0
8253242879,2016-03-31T21:00:00Z,0,0
8253242879,2016-03-31T22:00:00Z,0,0
8253242879,2016-03-31T23:00:00Z,0,0
8253242879,2016-04-01T00:00:00Z,0,0
8253242879,2016-04-01T01:00:00Z,0,0
8253242879,2016-04-01T02:00:00Z,0,0
8253242879,2016-04-01T03:00:00Z,0,0
8253242879,2016-04-01T04:00:00Z,0,0
8253242879,2016-04-01T05:00:00Z,0,0
8253242879,2016-04-01T06:00:00Z,0,0
8253242879,2016-04-01T07:00:00Z,0,0
8253242879,2016-04-01T08:00:00Z,0,0
8253242879,2016-04-01T09:00:00Z,0,0
8253242879,2016-04-01T10:00:00Z,0,0
8253242879,2016-04-01T11:00:00Z,0,0
8253242879,2016-04-01T12:00:00Z,0,0
8253242879,2016-04-01T13:00:00Z,0,0
8253242879,2016-04-01T14:00:00Z,0,0
8253242879,2016-04-01T15:00:00Z,0,0
8253242879,2016-04-01T16:00:00Z,0,0
8253242879,2016-04-01T17:00:00Z,0,0
8253242879,2016-04-01T18:00:00Z,0,0
8253242879,2016-04-01T19:00:00Z,0,0
8253242879,2016-04-01T20:00:00Z,0,0
8253242879,2016-04-01T21:00:00Z,0,0
8253242879,2016-04-01T22:00:00Z,0,0
8253242879,2016-04-01T23:00:00Z,0,0
8253242879,2016-04-02T00:00:00Z,0,0
8253242879,2016-04-02T01:00:00Z,0,0
8253242879,2016-04-02T02:00:00Z,0,0
8253242879,2016-04-02T03:00:00Z,0,0
8253242879,2016-04-02T04:00:00Z,0,0
8253242879,2016-04-02T05:00:00Z,0,0
8253242879,2016-04-02T06:00:00Z,0,0
8253242879,2016-04-02T07:00:00Z,0,0
8253242879,2016-04-02T08:00:00Z,0,0
8253242879,2016-04-02T09:00:00Z,0,0
8253242879,2016-04-02T10:00:00Z,0,0
8253242879,2016-04-02T11:00:00Z,0,0
8253242879,2016-04-02T12:00:00Z,0,0
8253242879,2016-04-02T13:00:00Z,0,0
8253242879,2016-04-02T14:00:00Z,0,0
8253242879,2016-04-02T15:00:00Z,0,0
8253242879,2016-04-02T16:00:00Z,0,0
8253242879,2016-04-02T17:00:00Z,0,0
8253242879,2016-04-02T18:00:00Z,0,0
8253242879,2016-04-02T19:00:00Z,0,0
8253242879,2016-04-02T20:00:00Z,0,0
8253242879,2016-04-02T21:00:00Z,0,0
8253242879,2016-04-02T22:00:00Z,0,0
8253242879,2016-04-02T23:00:00Z,0,0
8253242879,2016-04-03T00:00:00Z,0,0
8253242879,2016-04-03T01:00:00Z,0,0
8253242879,2016-04-03T02:00:00Z,0,0
8253242879,2016-04-03T03:00:00Z,0,0
8253242879,2016-04-03T04:00:00Z,0,0
8253242879,2016-04-03T05:00:00Z,0,0
8253242879,2016-04-03T06:00:00Z,0,0
8253242879,2016-04-03T07:00:00Z,0,0
8253242879,2016-04-03T08:00:00Z,0,0
8253242879,2016-04-03T09:00:00Z,0,0
8253242879,2016-04-03T10:00:00Z,0,0
8253242879,2016-04-03T11:00:00Z,0,0
8253242879,2016-04-03T12:00:00Z,0,0
8253242879,2016-04-03T13:00:00Z,0,0
8253242879,2016-04-03T14:00:00Z,0,0
8253242879,2016-04-03T15:00:00Z,0,0
8253242879,2016-04-03T16:00:00Z,0,0
8253242879,2016-04-03T17:00:00Z,0,0
8253242879,2016-04-03T18:00:00Z,0,0
8253242879,2016-04-03T19:00:00Z,0,0
8253242879,2016-04-03T20:00:00Z,0,0
8253242879,2016-04-03T21:00:00Z,0,0
8253242879,2016-04-03T22:00:00Z,0,0
8253242879,2016-04-03T23:00:00Z,0,0
8253242879,2016-04-04T00:00:00Z,0,0
8253242879,2016-04-04T01:00:00Z,0,0
8253242879,2016-04-04T02:00:00Z,0,0
8253242879,2016-04-04T03:00:00Z,0,0
8253242879,2016-04-04T04:00:00Z,0,0
8253242879,2016-04-04T05:00:00Z,0,0
8253242879,2016-04-04T06:00:00Z,0,0
8253242879,2016-04-04T07:00:00Z,0,0
8253242879,2016-04-04T08:00:00Z,0,0
8253242879,2016-04-04T09:00:00Z,0,0
8253242879,2016-04-04T10:00:00Z,0,0
8253242879,2016-04-04T11:00:00Z,0,0
8253242879,2016-04-04T12:00:00Z,0,0
8253242879,2016-04-04T13:00:00Z,0,0
8253242879,2016-04-04T14:00:00Z,0,0
8253242879,2016-04-04T15:00:00Z,0,0
8253242879,2016-04-04T16:00:00Z,0,0
8253242879,2016-04-04T17:00:00Z,0,0
8253242879,2016-04-04T18:00:00Z,0,0
8253242879,2016-04-04T19:00:00Z,0,0
8253242879,2016-04-04T20:00:00Z,0,0
8253242879,2016-04-04T21:00:00Z,0,0
8253242879,2016-04-04T22:00:00Z,0,0
8253242879,2016-04-04T23:00:00Z,0,0
8253242879,2016-04-05T00:00:00Z,0,0
8253242879,2016-04-05T01:00:00Z,0,0
8253242879,2016-04-05T02:00:00Z,0,0
8253242879,2016-04-05T03:00:00Z,0,0
8253242879,2016-04-05T04:00:00Z,0,0
8253242879,2016-04-05T05:00:00Z,0,0
8253242879,2016-04-05T06:00:00Z,0,0
8253242879,2016-04-05T07:00:00Z,0,0
8253242879,2016-04-05T08:00:00Z,0,0
8253242879,2016-04-05T09:00:00Z,0,0
8253242879,2016-04-05T10:00:00Z,0,0
8253242879,2016-04-05T11:00:00Z,0,0
8253242879,2016-04-05T12:00:00Z,0,0
8253242879,2016-04-05T13:00:00Z,0,0
8253242879,2016-04-05T14:00:00Z,0,0
8253242879,2016-04-05T15:00:00Z,0,0
8253242879,2016-04-05T16:00:00Z,0,0
8253242879,2016-04-05T17:00:00Z,0,0
8253242879,2016-04-05T18:00:00Z,0,0
8253242879,2016-04-05T19:00:00Z,0,0
8253242879,2016-04-05T20:00:00Z,0,0
8253242879,2016-04-05T21:00:00Z,0,0
8253242879,2016-04-05T22:00:00Z,0,0
8253242879,2016-04-05T23:00:00Z,0,0
8253242879,2016-04-06T00:00:00Z,0,0
8253242879,2016-04-06T01:00:00Z,0,0
8253242879,2016-04-06T02:00:00Z,0,0
8253242879,2016-04-06T03:00:00Z,0,0
8253242879,2016-04-06T04:00:00Z,0,0
8253242879,2016-04-06T05:00:00Z,0,0
8253242879,2016-04-06T06:00:00Z,0,0
8253242879,2016-04-06T07:00:00Z,0,0
8253242879,2016-04-06T08:00:00Z,0,0
8253242879,2016-04-06T09:00:00Z,0,0
8253242879,2016-04-06T10:00:00Z,0,0
8253242879,2016-04-06T11:00:00Z,0,0
8253242879,2016-04-06T12:00:00Z,0,0
8253242879,2016-04-06T13:00:00Z,6,0.1
8253242879,2016-04-06T14:00:00Z,13,0.216667
8253242879,2016-04-06T15:00:00Z,5,0.083333
8253242879,2016-04-06T16:00:00Z,8,0.133333
8253242879,2016-04-06T17:00:00Z,11,0.183333
8253242879,2016-04-06T18:00:00Z,6,0.1
8253242879,2016-04-06T19:00:00Z,23,0.383333
8253242879,2016-04-06T20:00:00Z,2,0.033333
8253242879,2016-04-06T21:00:00Z,4,0.066667
8253242879,2016-04-06T22:00:00Z,11,0.183333
8253242879,2016-04-06T23:00:00Z,5,0.083333
8253242879,2016-04-07T00:00:00Z,0,0
8253242879,2016-04-07T01:00:00Z,0,0
8253242879,2016-04-07T02:00:00Z,0,0
8253242879,2016-04-07T03:00:00Z,0,0
8253242879,2016-04-07T04:00:00Z,0,0
8253242879,2016-04-07T05:00:00Z,0,0
8253242879,2016-04-07T06:00:00Z,0,0
8253242879,2016-04-07T07:00:00Z,0,0
8253242879,2016-04-07T08:00:00Z,0,0
8253242879,2016-04-07T09:00:00Z,0,0
8253242879,2016-04-07T10:00:00Z,0,0
8253242879,2016-04-07T11:00:00Z,1,0.016667
8253242879,2016-04-07T12:00:00Z,91,1.516667
8253242879,2016-04-07T13:00:00Z,17,0.283333
8253242879,2016-04-07T14:00:00Z,8,0.133333
8253242879,2016-04-07T15:00:00Z,10,0.166667
8253242879,2016-04-07T16:00:00Z,6,0.1
8253242879,2016-04-07T17:00:00Z,17,0.283333
8253242879,2016-04-07T18:00:00Z,1,0.016667
8253242879,2016-04-07T19:00:00Z,1,0.016667
8253242879,2016-04-07T20:00:00Z,2,0.033333
8253242879,2016-04-07T21:00:00Z,7,0.116667
8253242879,2016-04-07T22:00:00Z,6,0.1
8253242879,2016-04-07T23:00:00Z,15,0.25
8253242879,2016-04-08T00:00:00Z,0,0
8253242879,2016-04-08T01:00:00Z,0,0
8253242879,2016-04-08T02:00:00Z,0,0
8253242879,2016-04-08T03:00:00Z,0,0
8253242879,2016-04-08T04:00:00Z,0,0
8253242879,2016-04-08T05:00:00Z,0,0
8253242879,2016-04-08T06:00:00Z,0,0
8253242879,2016-04-08T07:00:00Z,0,0
8253242879,2016-04-08T08:00:00Z,0,0
8253242879,2016-04-08T09:00:00Z,0,0
8253242879,2016-04-08T10:00:00Z,0,0
8253242879,2016-04-08T11:00:00Z,82,1.366667
8253242879,2016-04-08T12:00:00Z,94,1.566667
8253242879,2016-04-08T13:00:00Z,18,0.3
8253242879,2016-04-08T14:00:00Z,11,0.183333
8253242879,2016-04-08T15:00:00Z,27,0.45
8253242879,2016-04-08T16:00:00Z,9,0.15
8253242879,2016-04-08T17:00:00Z,18,0.3
8253242879,2016-04-08T18:00:00Z,20,0.333333
8253242879,2016-04-08T19:00:00Z,5,0.083333
8253242879,2016-04-08T20:00:00Z,9,0.15
8253242879,2016-04-08T21:00:00Z,1,0.016667
8253242879,2016-04-08T22:00:00Z,12,0.2
8253242879,2016-04-08T23:00:00Z,11,0.183333
8253242879,2016-04-09T00:00:00Z,0,0
8253242879,2016-04-09T01:00:00Z,0,0
8253242879,2016-04-09T02:00:00Z,0,0
8253242879,2016-04-09T03:00:00Z,0,0
8253242879,2016-04-09T04:00:00Z,0,0
8253242879,2016-04-09T05:00:00Z,0,0
8253242879,2016-04-09T06:00:00Z,0,0
8253242879,2016-04-09T07:00:00Z,0,0
8253242879,2016-04-09T08:00:00Z,0,0
8253242879,2016-04-09T09:00:00Z,4,0.066667
8253242879,2016-04-09T10:00:00Z,52,0.866667
8253242879,2016-04-09T11:00:00Z,42,0.7
8253242879,2016-04-09T12:00:00Z,6,0.1
8253242879,2016-04-09T13:00:00Z,37,0.616667
8253242879,2016-04-09T14:00:00Z,19,0.316667
8253242879,2016-04-09T15:00:00Z,0,0
8253242879,2016-04-09T16:00:00Z,8,0.133333
8253242879,2016-04-09T17:00:00Z,5,0.083333
8253242879,2016-04-09T18:00:00Z,6,0.1
8253242879,2016-04-09T19:00:00Z,14,0.233333
8253242879,2016-04-09T20:00:00Z,8,0.133333
8253242879,2016-04-09T21:00:00Z,8,0.133333
8253242879,2016-04-09T22:00:00Z,12,0.2
8253242879,2016-04-09T23:00:00Z,7,0.116667
8253242879,2016-04-10T00:00:00Z,0,0
8253242879,2016-04-10T01:00:00Z,0,0
8253242879,2016-04-10T02:00:00Z,0,0
8253242879,2016-04-10T03:00:00Z,0,0
8253242879,2016-04-10T04:00:00Z,0,0
8253242879,2016-04-10T05:00:00Z,0,0
8253242879,2016-04-10T06:00:00Z,0,0
8253242879,2016-04-10T07:00:00Z,0,0
8253242879,2016-04-10T08:00:00Z,0,0
8253242879,2016-04-10T09:00:00Z,0,0
8253242879,2016-04-10T10:00:00Z,14,0.233333
8253242879,2016-04-10T11:00:00Z,21,0.35
8253242879,2016-04-10T12:00:00Z,9,0.15
8253242879,2016-04-10T13:00:00Z,0,0
8253242879,2016-04-10T14:00:00Z,4,0.066667
8253242879,2016-04-10T15:00:00Z,2,0.033333
8253242879,2016-04-10T16:00:00Z,0,0
8253242879,2016-04-10T17:00:00Z,14,0.233333
8253242879,2016-04-10T18:00:00Z,21,0.35
8253242879,2016-04-10T19:00:00Z,10,0.166667
8253242879,2016-04-10T20:00:00Z,5,0.083333
8253242879,2016-04-10T21:00:00Z,13,0.216667
8253242879,2016-04-10T22:00:00Z,12,0.2
8253242879,2016-04-10T23:00:00Z,1,0.016667
8253242879,2016-04-11T00:00:00Z,0,0
8253242879,2016-04-11T01:00:00Z,0,0
8253242879,2016-04-11T02:00:00Z,0,0
8253242879,2016-04-11T03:00:00Z,0,0
8253242879,2016-04-11T04:00:00Z,0,0
8253242879,2016-04-11T05:00:00Z,0,0
8253242879,2016-04-11T06:00:00Z,0,0
8253242879,2016-04-11T07:00:00Z,0,0
8253242879,2016-04-11T08:00:00Z,0,0
8253242879,2016-04-11T09:00:00Z,0,0
8253242879,2016-04-11T10:00:00Z,0,0
8253242879,2016-04-11T11:00:00Z,0,0
8253242879,2016-04-11T12:00:00Z,0,0
8253242879,2016-04-11T13:00:00Z,14,0.233333
8253242879,2016-04-11T14:00:00Z,15,0.25
8253242879,2016-04-11T15:00:00Z,17,0.283333
8253242879,2016-04-11T16:00:00Z,9,0.15
8253242879,2016-04-11T17:00:00Z,9,0.15
8253242879,2016-04-11T18:00:00Z,11,0.183333
8253242879,2016-04-11T19:00:00Z,3,0.05
8378563200,2016-03-12T00:00:00Z,3,0.05
8378563200,2016-03-12T01:00:00Z,2,0.033333
8378563200,2016-03-12T02:00:00Z,0,0
8378563200,2016-03-12T03:00:00Z,1,0.016667
8378563200,2016-03-12T04:00:00Z,3,0.05
8378563200,2016-03-12T05:00:00Z,1,0.016667
8378563200,2016-03-12T06:00:00Z,0,0
8378563200,2016-03-12T07:00:00Z,1,0.016667
8378563200,2016-03-12T08:00:00Z,10,0.166667
8378563200,2016-03-12T09:00:00Z,8,0.133333
8378563200,2016-03-12T10:00:00Z,11,0.183333
8378563200,2016-03-12T11:00:00Z,21,0.35
8378563200,2016-03-12T12:00:00Z,7,0.116667
8378563200,2016-03-12T13:00:00Z,17,0.283333
8378563200,2016-03-12T14:00:00Z,9,0.15
8378563200,2016-03-12T15:00:00Z,0,0
8378563200,2016-03-12T16:00:00Z,6,0.1
8378563200,2016-03-12T17:00:00Z,6,0.1
8378563200,2016-03-12T18:00:00Z,0,0
8378563200,2016-03-12T19:00:00Z,5,0.083333
8378563200,2016-03-12T20:00:00Z,4,0.066667
8378563200,2016-03-12T21:00:00Z,8,0.133333
8378563200,2016-03-12T22:00:00Z,9,0.15
8378563200,2016-03-12T23:00:00Z,2,0.033333
8378563200,2016-03-13T00:00:00Z,0,0
8378563200,2016-03-13T01:00:00Z,0,0
8378563200,2016-03-13T02:00:00Z,2,0.033333
8378563200,2016-03-13T03:00:00Z,1,0.016667
8378563200,2016-03-13T04:00:00Z,0,0
8378563200,2016-03-13T05:00:00Z,0,0
8378563200,2016-03-13T06:00:00Z,3,0.05
8378563200,2016-03-13T07:00:00Z,2,0.033333
8378563200,2016-03-13T08:00:00Z,0,0
8378563200,2016-03-13T09:00:00Z,20,0.333333
8378563200,2016-03-13T10:00:00Z,18,0.3
8378563200,2016-03-13T11:00:00Z,5,0.083333
8378563200,2016-03-13T12:00:00Z,0,0
8378563200,2016-03-13T13:00:00Z,8,0.133333
8378563200,2016-03-13T14:00:00Z,2,0.033333
8378563200,2016-03-13T15:00:00Z,14,0.233333
8378563200,2016-03-13T16:00:00Z,12,0.2
8378563200,2016-03-13T17:00:00Z,1,0.016667
8378563200,2016-03-13T18:00:00Z,3,0.05
8378563200,2016-03-13T19:00:00Z,5,0.083333
8378563200,2016-03-13T20:00:00Z,2,0.033333
8378563200,2016-03-13T21:00:00Z,15,0.25
8378563200,2016-03-13T22:00:00Z,0,0
8378563200,2016-03-13T23:00:00Z,0,0
8378563200,2016-03-14T00:00:00Z,0,0
8378563200,2016-03-14T01:00:00Z,3,0.05
8378563200,2016-03-14T02:00:00Z,0,0
8378563200,2016-03-14T03:00:00Z,1,0.016667
8378563200,2016-03-14T04:00:00Z,12,0.2
8378563200,2016-03-14T05:00:00Z,165,2.75
8378563200,2016-03-14T06:00:00Z,9,0.15
8378563200,2016-03-14T07:00:00Z,4,0.066667
8378563200,2016-03-14T08:00:00Z,14,0.233333
8378563200,2016-03-14T09:00:00Z,22,0.366667
8378563200,2016-03-14T10:00:00Z,2,0.033333
8378563200,2016-03-14T11:00:00Z,18,0.3
8378563200,2016-03-14T12:00:00Z,9,0.15
8378563200,2016-03-14T13:00:00Z,7,0.116667
8378563200,2016-03-14T14:00:00Z,1,0.016667
8378563200,2016-03-14T15:00:00Z,5,0.083333
8378563200,2016-03-14T16:00:00Z,4,0.066667
8378563200,2016-03-14T17:00:00Z,1,0.016667
8378563200,2016-03-14T18:00:00Z,8,0.133333
8378563200,2016-03-14T19:00:00Z,4,0.066667
8378563200,2016-03-14T20:00:00Z,7,0.116667
8378563200,2016-03-14T21:00:00Z,12,0.2
8378563200,2016-03-14T22:00:00Z,1,0.016667
8378563200,2016-03-14T23:00:00Z,1,0.016667
8378563200,2016-03-15T00:00:00Z,0,0
8378563200,2016-03-15T01:00:00Z,0,0
8378563200,2016-03-15T02:00:00Z,1,0.016667
8378563200,2016-03-15T03:00:00Z,0,0
8378563200,2016-03-15T04:00:00Z,14,0.233333
8378563200,2016-03-15T05:00:00Z,0,0
8378563200,2016-03-15T06:00:00Z,8,0.133333
8378563200,2016-03-15T07:00:00Z,25,0.416667
8378563200,2016-03-15T08:00:00Z,20,0.333333
8378563200,2016-03-15T09:00:00Z,36,0.6
8378563200,2016-03-15T10:00:00Z,15,0.25
8378563200,2016-03-15T11:00:00Z,4,0.066667
8378563200,2016-03-15T12:00:00Z,118,1.966667
8378563200,2016-03-15T13:00:00Z,5,0.083333
8378563200,2016-03-15T14:00:00Z,5,0.083333
8378563200,2016-03-15T15:00:00Z,15,0.25
8378563200,2016-03-15T16:00:00Z,52,0.866667
8378563200,2016-03-15T17:00:00Z,17,0.283333
8378563200,2016-03-15T18:00:00Z,7,0.116667
8378563200,2016-03-15T19:00:00Z,8,0.133333
8378563200,2016-03-15T20:00:00Z,12,0.2
8378563200,2016-03-15T21:00:00Z,9,0.15
8378563200,2016-03-15T22:00:00Z,4,0.066667
8378563200,2016-03-15T23:00:00Z,1,0.016667
8378563200,2016-03-16T00:00:00Z,0,0
8378563200,2016-03-16T01:00:00Z,0,0
8378563200,2016-03-16T02:00:00Z,0,0
8378563200,2016-03-16T03:00:00Z,0,0
8378563200,2016-03-16T04:00:00Z,2,0.033333
8378563200,2016-03-16T05:00:00Z,0,0
8378563200,2016-03-16T06:00:00Z,8,0.133333
8378563200,2016-03-16T07:00:00Z,17,0.283333
8378563200,2016-03-16T08:00:00Z,31,0.516667
8378563200,2016-03-16T09:00:00Z,10,0.166667
8378563200,2016-03-16T10:00:00Z,11,0.183333
8378563200,2016-03-16T11:00:00Z,21,0.35
8378563200,2016-03-16T12:00:00Z,20,0.333333
8378563200,2016-03-16T13:00:00Z,25,0.416667
8378563200,2016-03-16T14:00:00Z,3,0.05
8378563200,2016-03-16T15:00:00Z,22,0.366667
8378563200,2016-03-16T16:00:00Z,16,0.266667
8378563200,2016-03-16T17:00:00Z,2,0.033333
8378563200,2016-03-16T18:00:00Z,24,0.4
8378563200,2016-03-16T19:00:00Z,8,0.133333
8378563200,2016-03-16T20:00:00Z,0,0
8378563200,2016-03-16T21:00:00Z,7,0.116667
8378563200,2016-03-16T22:00:00Z,1,0.016667
8378563200,2016-03-16T23:00:00Z,6,0.1
8378563200,2016-03-17T00:00:00Z,8,0.133333
8378563200,2016-03-17T01:00:00Z,1,0.016667
8378563200,2016-03-17T02:00:00Z,0,0
8378563200,2016-03-17T03:00:00Z,1,0.016667
8378563200,2016-03-17T04:00:00Z,2,0.033333
8378563200,2016-03-17T05:00:00Z,0,0
8378563200,2016-03-17T06:00:00Z,0,0
8378563200,2016-03-17T07:00:00Z,7,0.116667
8378563200,2016-03-17T08:00:00Z,11,0.183333
8378563200,2016-03-17T09:00:00Z,21,0.35
8378563200,2016-03-17T10:00:00Z,7,0.116667
8378563200,2016-03-17T11:00:00Z,2,0.033333
8378563200,2016-03-17T12:00:00Z,1,0.016667
8378563200,2016-03-17T13:00:00Z,9,0.15
8378563200,2016-03-17T14:00:00Z,4,0.066667
8378563200,2016-03-17T15:00:00Z,12,0.2
8378563200,2016-03-17T16:00:00Z,8,0.133333
8378563200,2016-03-17T17:00:00Z,4,0.066667
8378563200,2016-03-17T18:00:00Z,10,0.166667
8378563200,2016-03-17T19:00:00Z,14,0.233333
8378563200,2016-03-17T20:00:00Z,5,0.083333
8378563200,2016-03-17T21:00:00Z,5,0.083333
8378563200,2016-03-17T22:00:00Z,14,0.233333
8378563200,2016-03-17T23:00:00Z,14,0.233333
8378563200,2016-03-18T00:00:00Z,0,0
8378563200,2016-03-18T01:00:00Z,0,0
8378563200,2016-03-18T02:00:00Z,0,0
8378563200,2016-03-18T03:00:00Z,1,0.016667
8378563200,2016-03-18T04:00:00Z,0,0
8378563200,2016-03-18T05:00:00Z,0,0
8378563200,2016-03-18T06:00:00Z,1,0.016667
8378563200,2016-03-18T07:00:00Z,4,0.066667
8378563200,2016-03-18T08:00:00Z,0,0
8378563200,2016-03-18T09:00:00Z,9,0.15
8378563200,2016-03-18T10:00:00Z,8,0.133333
8378563200,2016-03-18T11:00:00Z,1,0.016667
8378563200,2016-03-18T12:00:00Z,24,0.4
8378563200,2016-03-18T13:00:00Z,14,0.233333
8378563200,2016-03-18T14:00:00Z,51,0.85
8378563200,2016-03-18T15:00:00Z,82,1.366667
8378563200,2016-03-18T16:00:00Z,19,0.316667
8378563200,2016-03-18T17:00:00Z,96,1.6
8378563200,2016-03-18T18:00:00Z,55,0.916667
8378563200,2016-03-18T19:00:00Z,8,0.133333
8378563200,2016-03-18T20:00:00Z,4,0.066667
8378563200,2016-03-18T21:00:00Z,1,0.016667
8378563200,2016-03-18T22:00:00Z,11,0.183333
8378563200,2016-03-18T23:00:00Z,1,0.016667
8378563200,2016-03-19T00:00:00Z,0,0
8378563200,2016-03-19T01:00:00Z,0,0
8378563200,2016-03-19T02:00:00Z,0,0
8378563200,2016-03-19T03:00:00Z,0,0
8378563200,2016-03-19T04:00:00Z,3,0.05
8378563200,2016-03-19T05:00:00Z,2,0.033333
8378563200,2016-03-19T06:00:00Z,0,0
8378563200,2016-03-19T07:00:00Z,0,0
8378563200,2016-03-19T08:00:00Z,2,0.033333
8378563200,2016-03-19T09:00:00Z,7,0.116667
8378563200,2016-03-19T10:00:00Z,7,0.116667
8378563200,2016-03-19T11:00:00Z,13,0.216667
8378563200,2016-03-19T12:00:00Z,0,0
8378563200,2016-03-19T13:00:00Z,26,0.433333
8378563200,2016-03-19T14:00:00Z,22,0.366667
8378563200,2016-03-19T15:00:00Z,26,0.433333
8378563200,2016-03-19T16:00:00Z,4,0.066667
8378563200,2016-03-19T17:00:00Z,9,0.15
8378563200,2016-03-19T18:00:00Z,7,0.116667
8378563200,2016-03-19T19:00:00Z,11,0.183333
8378563200,2016-03-19T20:00:00Z,13,0.216667
8378563200,2016-03-19T21:00:00Z,2,0.033333
8378563200,2016-03-19T22:00:00Z,7,0.116667
8378563200,2016-03-19T23:00:00Z,3,0.05
8378563200,2016-03-20T00:00:00Z,2,0.033333
8378563200,2016-03-20T01:00:00Z,1,0.016667
8378563200,2016-03-20T02:00:00Z,0,0
8378563200,2016-03-20T03:00:00Z,2,0.033333
8378563200,2016-03-20T04:00:00Z,1,0.016667
8378563200,2016-03-20T05:00:00Z,0,0
8378563200,2016-03-20T06:00:00Z,0,0
8378563200,2016-03-20T07:00:00Z,2,0.033333
8378563200,2016-03-20T08:00:00Z,1,0.016667
8378563200,2016-03-20T09:00:00Z,7,0.116667
8378563200,2016-03-20T10:00:00Z,2,0.033333
8378563200,2016-03-20T11:00:00Z,18,0.3
8378563200,2016-03-20T12:00:00Z,9,0.15
8378563200,2016-03-20T13:00:00Z,65,1.083333
8378563200,2016-03-20T14:00:00Z,32,0.533333
8378563200,2016-03-20T15:00:00Z,28,0.466667
8378563200,2016-03-20T16:00:00Z,10,0.166667
8378563200,2016-03-20T17:00:00Z,13,0.216667
8378563200,2016-03-20T18:00:00Z,12,0.2
8378563200,2016-03-20T19:00:00Z,6,0.1
8378563200,2016-03-20T20:00:00Z,3,0.05
8378563200,2016-03-20T21:00:00Z,8,0.133333
8378563200,2016-03-20T22:00:00Z,1,0.016667
8378563200,2016-03-20T23:00:00Z,4,0.066667
8378563200,2016-03-21T00:00:00Z,3,0.05
8378563200,2016-03-21T01:00:00Z,7,0.116667
8378563200,2016-03-21T02:00:00Z,9,0.15
8378563200,2016-03-21T03:00:00Z,4,0.066667
8378563200,2016-03-21T04:00:00Z,0,0
8378563200,2016-03-21T05:00:00Z,1,0.016667
8378563200,2016-03-21T06:00:00Z,0,0
8378563200,2016-03-21T07:00:00Z,0,0
8378563200,2016-03-21T08:00:00Z,3,0.05
8378563200,2016-03-21T09:00:00Z,5,0.083333
8378563200,2016-03-21T10:00:00Z,2,0.033333
8378563200,2016-03-21T11:00:00Z,18,0.3
8378563200,2016-03-21T12:00:00Z,13,0.216667
8378563200,2016-03-21T13:00:00Z,8,0.133333
8378563200,2016-03-21T14:00:00Z,28,0.466667
8378563200,2016-03-21T15:00:00Z,18,0.3
8378563200,2016-03-21T16:00:00Z,4,0.066667
8378563200,2016-03-21T17:00:00Z,2,0.033333
8378563200,2016-03-21T18:00:00Z,7,0.116667
8378563200,2016-03-21T19:00:00Z,6,0.1
8378563200,2016-03-21T20:00:00Z,9,0.15
8378563200,2016-03-21T21:00:00Z,13,0.216667
8378563200,2016-03-21T22:00:00Z,0,0
8378563200,2016-03-21T23:00:00Z,1,0.016667
8378563200,2016-03-22T00:00:00Z,0,0
8378563200,2016-03-22T01:00:00Z,0,0
8378563200,2016-03-22T02:00:00Z,0,0
8378563200,2016-03-22T03:00:00Z,1,0.016667
8378563200,2016-03-22T04:00:00Z,11,0.183333
8378563200,2016-03-22T05:00:00Z,165,2.75
8378563200,2016-03-22T06:00:00Z,8,0.133333
8378563200,2016-03-22T07:00:00Z,18,0.3
8378563200,2016-03-22T08:00:00Z,110,1.833333
8378563200,2016-03-22T09:00:00Z,14,0.233333
8378563200,2016-03-22T10:00:00Z,13,0.216667
8378563200,2016-03-22T11:00:00Z,16,0.266667
8378563200,2016-03-22T12:00:00Z,5,0.083333
8378563200,2016-03-22T13:00:00Z,6,0.1
8378563200,2016-03-22T14:00:00Z,9,0.15
8378563200,2016-03-22T15:00:00Z,12,0.2
8378563200,2016-03-22T16:00:00Z,10,0.166667
8378563200,2016-03-22T17:00:00Z,25,0.416667
8378563200,2016-03-22T18:00:00Z,4,0.066667
8378563200,2016-03-22T19:00:00Z,9,0.15
8378563200,2016-03-22T20:00:00Z,3,0.05
8378563200,2016-03-22T21:00:00Z,5,0.083333
8378563200,2016-03-22T22:00:00Z,0,0
8378563200,2016-03-22T23:00:00Z,0,0
8378563200,2016-03-23T00:00:00Z,0,0
8378563200,2016-03-23T01:00:00Z,0,0
8378563200,2016-03-23T02:00:00Z,1,0.016667
8378563200,2016-03-23T03:00:00Z,0,0
8378563200,2016-03-23T04:00:00Z,9,0.15
8378563200,2016-03-23T05:00:00Z,165,2.75
8378563200,2016-03-23T06:00:00Z,9,0.15
8378563200,2016-03-23T07:00:00Z,15,0.25
8378563200,2016-03-23T08:00:00Z,112,1.866667
8378563200,2016-03-23T09:00:00Z,9,0.15
8378563200,2016-03-23T10:00:00Z,8,0.133333
8378563200,2016-03-23T11:00:00Z,12,0.2
8378563200,2016-03-23T12:00:00Z,8,0.133333
8378563200,2016-03-23T13:00:00Z,19,0.316667
8378563200,2016-03-23T14:00:00Z,4,0.066667
8378563200,2016-03-23T15:00:00Z,11,0.183333
8378563200,2016-03-23T16:00:00Z,16,0.266667
8378563200,2016-03-23T17:00:00Z,4,0.066667
8378563200,2016-03-23T18:00:00Z,13,0.216667
8378563200,2016-03-23T19:00:00Z,4,0.066667
8378563200,2016-03-23T20:00:00Z,12,0.2
8378563200,2016-03-23T21:00:00Z,8,0.133333
8378563200,2016-03-23T22:00:00Z,3,0.05
8378563200,2016-03-23T23:00:00Z,3,0.05
8378563200,2016-03-24T00:00:00Z,0,0
8378563200,2016-03-24T01:00:00Z,0,0
8378563200,2016-03-24T02:00:00Z,1,0.016667
8378563200,2016-03-24T03:00:00Z,0,0
8378563200,2016-03-24T04:00:00Z,4,0.066667
8378563200,2016-03-24T05:00:00Z,165,2.75
8378563200,2016-03-24T06:00:00Z,10,0.166667
8378563200,2016-03-24T07:00:00Z,14,0.233333
8378563200,2016-03-24T08:00:00Z,40,0.666667
8378563200,2016-03-24T09:00:00Z,14,0.233333
8378563200,2016-03-24T10:00:00Z,19,0.316667
8378563200,2016-03-24T11:00:00Z,11,0.183333
8378563200,2016-03-24T12:00:00Z,5,0.083333
8378563200,2016-03-24T13:00:00Z,8,0.133333
8378563200,2016-03-24T14:00:00Z,1,0.016667
8378563200,2016-03-24T15:00:00Z,15,0.25
8378563200,2016-03-24T16:00:00Z,11,0.183333
8378563200,2016-03-24T17:00:00Z,10,0.166667
8378563200,2016-03-24T18:00:00Z,11,0.183333
8378563200,2016-03-24T19:00:00Z,9,0.15
8378563200,2016-03-24T20:00:00Z,8,0.133333
8378563200,2016-03-24T21:00:00Z,1,0.016667
8378563200,2016-03-24T22:00:00Z,3,0.05
8378563200,2016-03-24T23:00:00Z,0,0
8378563200,2016-03-25T00:00:00Z,0,0
8378563200,2016-03-25T01:00:00Z,0,0
8378563200,2016-03-25T02:00:00Z,0,0
8378563200,2016-03-25T03:00:00Z,0,0
8378563200,2016-03-25T04:00:00Z,10,0.166667
8378563200,2016-03-25T05:00:00Z,165,2.75
8378563200,2016-03-25T06:00:00Z,8,0.133333
8378563200,2016-03-25T07:00:00Z,16,0.266667
8378563200,2016-03-25T08:00:00Z,112,1.866667
8378563200,2016-03-25T09:00:00Z,23,0.383333
8378563200,2016-03-25T10:00:00Z,10,0.166667
8378563200,2016-03-25T11:00:00Z,46,0.766667
8378563200,2016-03-25T12:00:00Z,13,0.216667
8378563200,2016-03-25T13:00:00Z,12,0.2
8378563200,2016-03-25T14:00:00Z,12,0.2
8378563200,2016-03-25T15:00:00Z,18,0.3
8378563200,2016-03-25T16:00:00Z,8,0.133333
8378563200,2016-03-25T17:00:00Z,11,0.183333
8378563200,2016-03-25T18:00:00Z,12,0.2
8378563200,2016-03-25T19:00:00Z,1,0.016667
8378563200,2016-03-25T20:00:00Z,4,0.066667
8378563200,2016-03-25T21:00:00Z,3,0.05
8378563200,2016-03-25T22:00:00Z,1,0.016667
8378563200,2016-03-25T23:00:00Z,11,0.183333
8378563200,2016-03-26T00:00:00Z,2,0.033333
8378563200,2016-03-26T01:00:00Z,0,0
8378563200,2016-03-26T02:00:00Z,1,0.016667
8378563200,2016-03-26T03:00:00Z,3,0.05
8378563200,2016-03-26T04:00:00Z,0,0
8378563200,2016-03-26T05:00:00Z,1,0.016667
8378563200,2016-03-26T06:00:00Z,3,0.05
8378563200,2016-03-26T07:00:00Z,0,0
8378563200,2016-03-26T08:00:00Z,0,0
8378563200,2016-03-26T09:00:00Z,10,0.166667
8378563200,2016-03-26T10:00:00Z,6,0.1
8378563200,2016-03-26T11:00:00Z,6,0.1
8378563200,2016-03-26T12:00:00Z,0,0
8378563200,2016-03-26T13:00:00Z,20,0.333333
8378563200,2016-03-26T14:00:00Z,23,0.383333
8378563200,2016-03-26T15:00:00Z,34,0.566667
8378563200,2016-03-26T16:00:00Z,24,0.4
8378563200,2016-03-26T17:00:00Z,0,0
8378563200,2016-03-26T18:00:00Z,11,0.183333
8378563200,2016-03-26T19:00:00Z,12,0.2
8378563200,2016-03-26T20:00:00Z,4,0.066667
8378563200,2016-03-26T21:00:00Z,14,0.233333
8378563200,2016-03-26T22:00:00Z,9,0.15
8378563200,2016-03-26T23:00:00Z,0,0
8378563200,2016-03-27T00:00:00Z,0,0
8378563200,2016-03-27T01:00:00Z,0,0
8378563200,2016-03-27T02:00:00Z,0,0
8378563200,2016-03-27T03:00:00Z,0,0
8378563200,2016-03-27T04:00:00Z,4,0.066667
8378563200,2016-03-27T05:00:00Z,0,0
8378563200,2016-03-27T06:00:00Z,0,0
8378563200,2016-03-27T07:00:00Z,1,0.016667
8378563200,2016-03-27T08:00:00Z,9,0.15
8378563200,2016-03-27T09:00:00Z,11,0.183333
8378563200,2016-03-27T10:00:00Z,6,0.1
8378563200,2016-03-27T11:00:00Z,3,0.05
8378563200,2016-03-27T12:00:00Z,10,0.166667
8378563200,2016-03-27T13:00:00Z,2,0.033333
8378563200,2016-03-27T14:00:00Z,9,0.15
8378563200,2016-03-27T15:00:00Z,6,0.1
8378563200,2016-03-27T16:00:00Z,8,0.133333
8378563200,2016-03-27T17:00:00Z,14,0.233333
8378563200,2016-03-27T18:00:00Z,8,0.133333
8378563200,2016-03-27T19:00:00Z,5,0.083333
8378563200,2016-03-27T20:00:00Z,3,0.05
8378563200,2016-03-27T21:00:00Z,0,0
8378563200,2016-03-27T22:00:00Z,6,0.1
8378563200,2016-03-27T23:00:00Z,0,0
8378563200,2016-03-28T00:00:00Z,0,0
8378563200,2016-03-28T01:00:00Z,0,0
8378563200,2016-03-28T02:00:00Z,0,0
8378563200,2016-03-28T03:00:00Z,0,0
8378563200,2016-03-28T04:00:00Z,11,0.183333
8378563200,2016-03-28T05:00:00Z,165,2.75
8378563200,2016-03-28T06:00:00Z,9,0.15
8378563200,2016-03-28T07:00:00Z,13,0.216667
8378563200,2016-03-28T08:00:00Z,104,1.733333
8378563200,2016-03-28T09:00:00Z,19,0.316667
8378563200,2016-03-28T10:00:00Z,17,0.283333
8378563200,2016-03-28T11:00:00Z,12,0.2
8378563200,2016-03-28T12:00:00Z,37,0.616667
8378563200,2016-03-28T13:00:00Z,7,0.116667
8378563200,2016-03-28T14:00:00Z,16,0.266667
8378563200,2016-03-28T15:00:00Z,12,0.2
8378563200,2016-03-28T16:00:00Z,31,0.516667
8378563200,2016-03-28T17:00:00Z,29,0.483333
8378563200,2016-03-28T18:00:00Z,30,0.5
8378563200,2016-03-28T19:00:00Z,5,0.083333
8378563200,2016-03-28T20:00:00Z,10,0.166667
8378563200,2016-03-28T21:00:00Z,0,0
8378563200,2016-03-28T22:00:00Z,2,0.033333
8378563200,2016-03-28T23:00:00Z,0,0
8378563200,2016-03-29T00:00:00Z,1,0.016667
8378563200,2016-03-29T01:00:00Z,4,0.066667
8378563200,2016-03-29T02:00:00Z,0,0
8378563200,2016-03-29T03:00:00Z,1,0.016667
8378563200,2016-03-29T04:00:00Z,14,0.233333
8378563200,2016-03-29T05:00:00Z,165,2.75
8378563200,2016-03-29T06:00:00Z,10,0.166667
8378563200,2016-03-29T07:00:00Z,18,0.3
8378563200,2016-03-29T08:00:00Z,103,1.716667
8378563200,2016-03-29T09:00:00Z,18,0.3
8378563200,2016-03-29T10:00:00Z,16,0.266667
8378563200,2016-03-29T11:00:00Z,16,0.266667
8378563200,2016-03-29T12:00:00Z,10,0.166667
8378563200,2016-03-29T13:00:00Z,40,0.666667
8378563200,2016-03-29T14:00:00Z,19,0.316667
8378563200,2016-03-29T15:00:00Z,10,0.166667
8378563200,2016-03-29T16:00:00Z,17,0.283333
8378563200,2016-03-29T17:00:00Z,17,0.283333
8378563200,2016-03-29T18:00:00Z,18,0.3
8378563200,2016-03-29T19:00:00Z,12,0.2
8378563200,2016-03-29T20:00:00Z,4,0.066667
8378563200,2016-03-29T21:00:00Z,17,0.283333
8378563200,2016-03-29T22:00:00Z,4,0.066667
8378563200,2016-03-29T23:00:00Z,0,0
8378563200,2016-03-30T00:00:00Z,0,0
8378563200,2016-03-30T01:00:00Z,1,0.016667
8378563200,2016-03-30T02:00:00Z,3,0.05
8378563200,2016-03-30T03:00:00Z,0,0
8378563200,2016-03-30T04:00:00Z,0,0
8378563200,2016-03-30T05:00:00Z,0,0
8378563200,2016-03-30T06:00:00Z,5,0.083333
8378563200,2016-03-30T07:00:00Z,11,0.183333
8378563200,2016-03-30T08:00:00Z,22,0.366667
8378563200,2016-03-30T09:00:00Z,81,1.35
8378563200,2016-03-30T10:00:00Z,10,0.166667
8378563200,2016-03-30T11:00:00Z,12,0.2
8378563200,2016-03-30T12:00:00Z,2,0.033333
8378563200,2016-03-30T13:00:00Z,19,0.316667
8378563200,2016-03-30T14:00:00Z,2,0.033333
8378563200,2016-03-30T15:00:00Z,19,0.316667
8378563200,2016-03-30T16:00:00Z,3,0.05
8378563200,2016-03-30T17:00:00Z,9,0.15
8378563200,2016-03-30T18:00:00Z,15,0.25
8378563200,2016-03-30T19:00:00Z,6,0.1
8378563200,2016-03-30T20:00:00Z,9,0.15
8378563200,2016-03-30T21:00:00Z,0,0
8378563200,2016-03-30T22:00:00Z,0,0
8378563200,2016-03-30T23:00:00Z,4,0.066667
8378563200,2016-03-31T00:00:00Z,0,0
8378563200,2016-03-31T01:00:00Z,0,0
8378563200,2016-03-31T02:00:00Z,0,0
8378563200,2016-03-31T03:00:00Z,0,0
8378563200,2016-03-31T04:00:00Z,11,0.183333
8378563200,2016-03-31T05:00:00Z,165,2.75
8378563200,2016-03-31T06:00:00Z,8,0.133333
8378563200,2016-03-31T07:00:00Z,19,0.316667
8378563200,2016-03-31T08:00:00Z,88,1.466667
8378563200,2016-03-31T09:00:00Z,31,0.516667
8378563200,2016-03-31T10:00:00Z,15,0.25
8378563200,2016-03-31T11:00:00Z,42,0.7
8378563200,2016-03-31T12:00:00Z,90,1.5
8378563200,2016-03-31T13:00:00Z,8,0.133333
8378563200,2016-03-31T14:00:00Z,0,0
8378563200,2016-03-31T15:00:00Z,19,0.316667
8378563200,2016-03-31T16:00:00Z,23,0.383333
8378563200,2016-03-31T17:00:00Z,11,0.183333
8378563200,2016-03-31T18:00:00Z,8,0.133333
8378563200,2016-03-31T19:00:00Z,11,0.183333
8378563200,2016-03-31T20:00:00Z,5,0.083333
8378563200,2016-03-31T21:00:00Z,1,0.016667
8378563200,2016-03-31T22:00:00Z,3,0.05
8378563200,2016-03-31T23:00:00Z,0,0
8378563200,2016-04-01T00:00:00Z,0,0
8378563200,2016-04-01T01:00:00Z,0,0
8378563200,2016-04-01T02:00:00Z,0,0
8378563200,2016-04-01T03:00:00Z,0,0
8378563200,2016-04-01T04:00:00Z,19,0.316667
8378563200,2016-04-01T05:00:00Z,13,0.216667
8378563200,2016-04-01T06:00:00Z,3,0.05
8378563200,2016-04-01T07:00:00Z,17,0.283333
8378563200,2016-04-01T08:00:00Z,127,2.116667
8378563200,2016-04-01T09:00:00Z,35,0.583333
8378563200,2016-04-01T10:00:00Z,15,0.25
8378563200,2016-04-01T11:00:00Z,93,1.55
8378563200,2016-04-01T12:00:00Z,16,0.266667
8378563200,2016-04-01T13:00:00Z,4,0.066667
8378563200,2016-04-01T14:00:00Z,30,0.5
8378563200,2016-04-01T15:00:00Z,11,0.183333
8378563200,2016-04-01T16:00:00Z,14,0.233333
8378563200,2016-04-01T17:00:00Z,9,0.15
8378563200,2016-04-01T18:00:00Z,17,0.283333
8378563200,2016-04-01T19:00:00Z,16,0.266667
8378563200,2016-04-01T20:00:00Z,13,0.216667
8378563200,2016-04-01T21:00:00Z,0,0
8378563200,2016-04-01T22:00:00Z,1,0.016667
8378563200,2016-04-01T23:00:00Z,3,0.05
8378563200,2016-04-02T00:00:00Z,0,0
8378563200,2016-04-02T01:00:00Z,0,0
8378563200,2016-04-02T02:00:00Z,2,0.033333
8378563200,2016-04-02T03:00:00Z,3,0.05
8378563200,2016-04-02T04:00:00Z,8,0.133333
8378563200,2016-04-02T05:00:00Z,0,0
8378563200,2016-04-02T06:00:00Z,0,0
8378563200,2016-04-02T07:00:00Z,7,0.116667
8378563200,2016-04-02T08:00:00Z,6,0.1
8378563200,2016-04-02T09:00:00Z,6,0.1
8378563200,2016-04-02T10:00:00Z,12,0.2
8378563200,2016-04-02T11:00:00Z,24,0.4
8378563200,2016-04-02T12:00:00Z,11,0.183333
8378563200,2016-04-02T13:00:00Z,12,0.2
8378563200,2016-04-02T14:00:00Z,5,0.083333
8378563200,2016-04-02T15:00:00Z,0,0
8378563200,2016-04-02T16:00:00Z,4,0.066667
8378563200,2016-04-02T17:00:00Z,11,0.183333
8378563200,2016-04-02T18:00:00Z,12,0.2
8378563200,2016-04-02T19:00:00Z,9,0.15
8378563200,2016-04-02T20:00:00Z,6,0.1
8378563200,2016-04-02T21:00:00Z,5,0.083333
8378563200,2016-04-02T22:00:00Z,0,0
8378563200,2016-04-02T23:00:00Z,1,0.016667
8378563200,2016-04-03T00:00:00Z,0,0
8378563200,2016-04-03T01:00:00Z,3,0.05
8378563200,2016-04-03T02:00:00Z,1,0.016667
8378563200,2016-04-03T03:00:00Z,0,0
8378563200,2016-04-03T04:00:00Z,0,0
8378563200,2016-04-03T05:00:00Z,0,0
8378563200,2016-04-03T06:00:00Z,1,0.016667
8378563200,2016-04-03T07:00:00Z,11,0.183333
8378563200,2016-04-03T08:00:00Z,12,0.2
8378563200,2016-04-03T09:00:00Z,5,0.083333
8378563200,2016-04-03T10:00:00Z,11,0.183333
8378563200,2016-04-03T11:00:00Z,111,1.85
8378563200,2016-04-03T12:00:00Z,20,0.333333
8378563200,2016-04-03T13:00:00Z,11,0.183333
8378563200,2016-04-03T14:00:00Z,4,0.066667
8378563200,2016-04-03T15:00:00Z,7,0.116667
8378563200,2016-04-03T16:00:00Z,8,0.133333
8378563200,2016-04-03T17:00:00Z,31,0.516667
8378563200,2016-04-03T18:00:00Z,43,0.716667
8378563200,2016-04-03T19:00:00Z,28,0.466667
8378563200,2016-04-03T20:00:00Z,26,0.433333
8378563200,2016-04-03T21:00:00Z,9,0.15
8378563200,2016-04-03T22:00:00Z,2,0.033333
8378563200,2016-04-03T23:00:00Z,0,0
8378563200,2016-04-04T00:00:00Z,1,0.016667
8378563200,2016-04-04T01:00:00Z,1,0.016667
8378563200,2016-04-04T02:00:00Z,0,0
8378563200,2016-04-04T03:00:00Z,0,0
8378563200,2016-04-04T04:00:00Z,8,0.133333
8378563200,2016-04-04T05:00:00Z,165,2.75
8378563200,2016-04-04T06:00:00Z,9,0.15
8378563200,2016-04-04T07:00:00Z,12,0.2
8378563200,2016-04-04T08:00:00Z,14,0.233333
8378563200,2016-04-04T09:00:00Z,19,0.316667
8378563200,2016-04-04T10:00:00Z,18,0.3
8378563200,2016-04-04T11:00:00Z,48,0.8
8378563200,2016-04-04T12:00:00Z,101,1.683333
8378563200,2016-04-04T13:00:00Z,13,0.216667
8378563200,2016-04-04T14:00:00Z,17,0.283333
8378563200,2016-04-04T15:00:00Z,12,0.2
8378563200,2016-04-04T16:00:00Z,19,0.316667
8378563200,2016-04-04T17:00:00Z,15,0.25
8378563200,2016-04-04T18:00:00Z,75,1.25
8378563200,2016-04-04T19:00:00Z,9,0.15
8378563200,2016-04-04T20:00:00Z,11,0.183333
8378563200,2016-04-04T21:00:00Z,0,0
8378563200,2016-04-04T22:00:00Z,0,0
8378563200,2016-04-04T23:00:00Z,0,0
8378563200,2016-04-05T00:00:00Z,0,0
8378563200,2016-04-05T01:00:00Z,0,0
8378563200,2016-04-05T02:00:00Z,1,0.016667
8378563200,2016-04-05T03:00:00Z,0,0
8378563200,2016-04-05T04:00:00Z,9,0.15
8378563200,2016-04-05T05:00:00Z,165,2.75
8378563200,2016-04-05T06:00:00Z,10,0.166667
8378563200,2016-04-05T07:00:00Z,15,0.25
8378563200,2016-04-05T08:00:00Z,107,1.783333
8378563200,2016-04-05T09:00:00Z,8,0.133333
8378563200,2016-04-05T10:00:00Z,23,0.383333
8378563200,2016-04-05T11:00:00Z,8,0.133333
8378563200,2016-04-05T12:00:00Z,81,1.35
8378563200,2016-04-05T13:00:00Z,19,0.316667
8378563200,2016-04-05T14:00:00Z,15,0.25
8378563200,2016-04-05T15:00:00Z,38,0.633333
8378563200,2016-04-05T16:00:00Z,12,0.2
8378563200,2016-04-05T17:00:00Z,12,0.2
8378563200,2016-04-05T18:00:00Z,3,0.05
8378563200,2016-04-05T19:00:00Z,13,0.216667
8378563200,2016-04-05T20:00:00Z,15,0.25
8378563200,2016-04-05T21:00:00Z,0,0
8378563200,2016-04-05T22:00:00Z,1,0.016667
8378563200,2016-04-05T23:00:00Z,3,0.05
8378563200,2016-04-06T00:00:00Z,1,0.016667
8378563200,2016-04-06T01:00:00Z,1,0.016667
8378563200,2016-04-06T02:00:00Z,1,0.016667
8378563200,2016-04-06T03:00:00Z,0,0
8378563200,2016-04-06T04:00:00Z,9,0.15
8378563200,2016-04-06T05:00:00Z,165,2.75
8378563200,2016-04-06T06:00:00Z,12,0.2
8378563200,2016-04-06T07:00:00Z,20,0.333333
8378563200,2016-04-06T08:00:00Z,16,0.266667
8378563200,2016-04-06T09:00:00Z,19,0.316667
8378563200,2016-04-06T10:00:00Z,19,0.316667
8378563200,2016-04-06T11:00:00Z,13,0.216667
8378563200,2016-04-06T12:00:00Z,16,0.266667
8378563200,2016-04-06T13:00:00Z,12,0.2
8378563200,2016-04-06T14:00:00Z,17,0.283333
8378563200,2016-04-06T15:00:00Z,20,0.333333
8378563200,2016-04-06T16:00:00Z,21,0.35
8378563200,2016-04-06T17:00:00Z,4,0.066667
8378563200,2016-04-06T18:00:00Z,13,0.216667
8378563200,2016-04-06T19:00:00Z,5,0.083333
8378563200,2016-04-06T20:00:00Z,18,0.3
8378563200,2016-04-06T21:00:00Z,1,0.016667
8378563200,2016-04-06T22:00:00Z,3,0.05
8378563200,2016-04-06T23:00:00Z,1,0.016667
8378563200,2016-04-07T00:00:00Z,1,0.016667
8378563200,2016-04-07T01:00:00Z,3,0.05
8378563200,2016-04-07T02:00:00Z,1,0.016667
8378563200,2016-04-07T03:00:00Z,1,0.016667
8378563200,2016-04-07T04:00:00Z,8,0.133333
8378563200,2016-04-07T05:00:00Z,165,2.75
8378563200,2016-04-07T06:00:00Z,9,0.15
8378563200,2016-04-07T07:00:00Z,16,0.266667
8378563200,2016-04-07T08:00:00Z,35,0.583333
8378563200,2016-04-07T09:00:00Z,10,0.166667
8378563200,2016-04-07T10:00:00Z,21,0.35
8378563200,2016-04-07T11:00:00Z,52,0.866667
8378563200,2016-04-07T12:00:00Z,17,0.283333
8378563200,2016-04-07T13:00:00Z,38,0.633333
8378563200,2016-04-07T14:00:00Z,4,0.066667
8378563200,2016-04-07T15:00:00Z,12,0.2
8378563200,2016-04-07T16:00:00Z,18,0.3
8378563200,2016-04-07T17:00:00Z,10,0.166667
8378563200,2016-04-07T18:00:00Z,11,0.183333
8378563200,2016-04-07T19:00:00Z,8,0.133333
8378563200,2016-04-07T20:00:00Z,2,0.033333
8378563200,2016-04-07T21:00:00Z,7,0.116667
8378563200,2016-04-07T22:00:00Z,0,0
8378563200,2016-04-07T23:00:00Z,3,0.05
8378563200,2016-04-08T00:00:00Z,0,0
8378563200,2016-04-08T01:00:00Z,1,0.016667
8378563200,2016-04-08T02:00:00Z,0,0
8378563200,2016-04-08T03:00:00Z,2,0.033333
8378563200,2016-04-08T04:00:00Z,13,0.216667
8378563200,2016-04-08T05:00:00Z,165,2.75
8378563200,2016-04-08T06:00:00Z,9,0.15
8378563200,2016-04-08T07:00:00Z,18,0.3
8378563200,2016-04-08T08:00:00Z,40,0.666667
8378563200,2016-04-08T09:00:00Z,11,0.183333
8378563200,2016-04-08T10:00:00Z,15,0.25
8378563200,2016-04-08T11:00:00Z,5,0.083333
8378563200,2016-04-08T12:00:00Z,56,0.933333
8378563200,2016-04-08T13:00:00Z,7,0.116667
8378563200,2016-04-08T14:00:00Z,10,0.166667
8378563200,2016-04-08T15:00:00Z,13,0.216667
8378563200,2016-04-08T16:00:00Z,8,0.133333
8378563200,2016-04-08T17:00:00Z,5,0.083333
8378563200,2016-04-08T18:00:00Z,1,0.016667
8378563200,2016-04-08T19:00:00Z,8,0.133333
8378563200,2016-04-08T20:00:00Z,1,0.016667
8378563200,2016-04-08T21:00:00Z,7,0.116667
8378563200,2016-04-08T22:00:00Z,7,0.116667
8378563200,2016-04-08T23:00:00Z,1,0.016667
8378563200,2016-04-09T00:00:00Z,3,0.05
8378563200,2016-04-09T01:00:00Z,0,0
8378563200,2016-04-09T02:00:00Z,0,0
8378563200,2016-04-09T03:00:00Z,3,0.05
8378563200,2016-04-09T04:00:00Z,1,0.016667
8378563200,2016-04-09T05:00:00Z,2,0.033333
8378563200,2016-04-09T06:00:00Z,5,0.083333
8378563200,2016-04-09T07:00:00Z,11,0.183333
8378563200,2016-04-09T08:00:00Z,3,0.05
8378563200,2016-04-09T09:00:00Z,21,0.35
8378563200,2016-04-09T10:00:00Z,2,0.033333
8378563200,2016-04-09T11:00:00Z,10,0.166667
8378563200,2016-04-09T12:00:00Z,11,0.183333
8378563200,2016-04-09T13:00:00Z,6,0.1
8378563200,2016-04-09T14:00:00Z,6,0.1
8378563200,2016-04-09T15:00:00Z,8,0.133333
8378563200,2016-04-09T16:00:00Z,2,0.033333
8378563200,2016-04-09T17:00:00Z,0,0
8378563200,2016-04-09T18:00:00Z,1,0.016667
8378563200,2016-04-09T19:00:00Z,7,0.116667
8378563200,2016-04-09T20:00:00Z,1,0.016667
8378563200,2016-04-09T21:00:00Z,4,0.066667
8378563200,2016-04-09T22:00:00Z,2,0.033333
8378563200,2016-04-09T23:00:00Z,1,0.016667
8378563200,2016-04-10T00:00:00Z,6,0.1
8378563200,2016-04-10T01:00:00Z,0,0
8378563200,2016-04-10T02:00:00Z,1,0.016667
8378563200,2016-04-10T03:00:00Z,0,0
8378563200,2016-04-10T04:00:00Z,2,0.033333
8378563200,2016-04-10T05:00:00Z,0,0
8378563200,2016-04-10T06:00:00Z,0,0
8378563200,2016-04-10T07:00:00Z,0,0
8378563200,2016-04-10T08:00:00Z,10,0.166667
8378563200,2016-04-10T09:00:00Z,9,0.15
8378563200,2016-04-10T10:00:00Z,6,0.1
8378563200,2016-04-10T11:00:00Z,9,0.15
8378563200,2016-04-10T12:00:00Z,8,0.133333
8378563200,2016-04-10T13:00:00Z,10,0.166667
8378563200,2016-04-10T14:00:00Z,5,0.083333
8378563200,2016-04-10T15:00:00Z,0,0
8378563200,2016-04-10T16:00:00Z,5,0.083333
8378563200,2016-04-10T17:00:00Z,2,0.033333
8378563200,2016-04-10T18:00:00Z,9,0.15
8378563200,2016-04-10T19:00:00Z,17,0.283333
8378563200,2016-04-10T20:00:00Z,7,0.116667
8378563200,2016-04-10T21:00:00Z,11,0.183333
8378563200,2016-04-10T22:00:00Z,0,0
8378563200,2016-04-10T23:00:00Z,0,0
8378563200,2016-04-11T00:00:00Z,1,0.016667
8378563200,2016-04-11T01:00:00Z,4,0.066667
8378563200,2016-04-11T02:00:00Z,0,0
8378563200,2016-04-11T03:00:00Z,0,0
8378563200,2016-04-11T04:00:00Z,8,0.133333
8378563200,2016-04-11T05:00:00Z,165,2.75
8378563200,2016-04-11T06:00:00Z,7,0.116667
8378563200,2016-04-11T07:00:00Z,17,0.283333
8378563200,2016-04-11T08:00:00Z,35,0.583333
8378563200,2016-04-11T09:00:00Z,9,0.15
8378563200,2016-04-11T10:00:00Z,18,0.3
8378563200,2016-04-11T11:00:00Z,16,0.266667
8378563200,2016-04-11T12:00:00Z,16,0.266667
8378563200,2016-04-11T13:00:00Z,39,0.65
8378563200,2016-04-11T14:00:00Z,31,0.516667
8378563200,2016-04-11T15:00:00Z,7,0.116667
8378563200,2016-04-11T16:00:00Z,21,0.35
8378563200,2016-04-11T17:00:00Z,2,0.033333
8378563200,2016-04-11T18:00:00Z,16,0.266667
8378563200,2016-04-11T19:00:00Z,8,0.133333
8378563200,2016-04-11T20:00:00Z,8,0.133333
8378563200,2016-04-11T21:00:00Z,6,0.1
8378563200,2016-04-11T22:00:00Z,4,0.066667
8378563200,2016-04-11T23:00:00Z,0,0
8378563200,2016-04-12T00:00:00Z,0,0
8378563200,2016-04-12T01:00:00Z,3,0.05
8378563200,2016-04-12T02:00:00Z,0,0
8378563200,2016-04-12T03:00:00Z,0,0
8378563200,2016-04-12T04:00:00Z,9,0.15
8378563200,2016-04-12T05:00:00Z,165,2.75
8378563200,2016-04-12T06:00:00Z,10,0.166667
8378563200,2016-04-12T07:00:00Z,28,0.466667
8378563200,2016-04-12T08:00:00Z,48,0.8
8378563200,2016-04-12T09:00:00Z,7,0.116667
8583815059,2016-03-12T00:00:00Z,1,0.016667
8583815059,2016-03-12T01:00:00Z,7,0.116667
8583815059,2016-03-12T02:00:00Z,0,0
8583815059,2016-03-12T03:00:00Z,0,0
8583815059,2016-03-12T04:00:00Z,0,0
8583815059,2016-03-12T05:00:00Z,0,0
8583815059,2016-03-12T06:00:00Z,0,0
8583815059,2016-03-12T07:00:00Z,0,0
8583815059,2016-03-12T08:00:00Z,0,0
8583815059,2016-03-12T09:00:00Z,0,0
8583815059,2016-03-12T10:00:00Z,0,0
8583815059,2016-03-12T11:00:00Z,29,0.483333
8583815059,2016-03-12T12:00:00Z,15,0.25
8583815059,2016-03-12T13:00:00Z,13,0.216667
8583815059,2016-03-12T14:00:00Z,7,0.116667
8583815059,2016-03-12T15:00:00Z,8,0.133333
8583815059,2016-03-12T16:00:00Z,7,0.116667
8583815059,2016-03-12T17:00:00Z,7,0.116667
8583815059,2016-03-12T18:00:00Z,15,0.25
8583815059,2016-03-12T19:00:00Z,8,0.133333
8583815059,2016-03-12T20:00:00Z,1,0.016667
8583815059,2016-03-12T21:00:00Z,5,0.083333
8583815059,2016-03-12T22:00:00Z,7,0.116667
8583815059,2016-03-12T23:00:00Z,11,0.183333
8583815059,2016-03-13T00:00:00Z,2,0.033333
8583815059,2016-03-13T01:00:00Z,3,0.05
8583815059,2016-03-13T02:00:00Z,0,0
8583815059,2016-03-13T03:00:00Z,0,0
8583815059,2016-03-13T04:00:00Z,0,0
8583815059,2016-03-13T05:00:00Z,0,0
8583815059,2016-03-13T06:00:00Z,0,0
8583815059,2016-03-13T07:00:00Z,0,0
8583815059,2016-03-13T08:00:00Z,0,0
8583815059,2016-03-13T09:00:00Z,0,0
8583815059,2016-03-13T10:00:00Z,0,0
8583815059,2016-03-13T11:00:00Z,19,0.316667
8583815059,2016-03-13T12:00:00Z,30,0.5
8583815059,2016-03-13T13:00:00Z,14,0.233333
8583815059,2016-03-13T14:00:00Z,11,0.183333
8583815059,2016-03-13T15:00:00Z,4,0.066667
8583815059,2016-03-13T16:00:00Z,3,0.05
8583815059,2016-03-13T17:00:00Z,2,0.033333
8583815059,2016-03-13T18:00:00Z,3,0.05
8583815059,2016-03-13T19:00:00Z,14,0.233333
8583815059,2016-03-13T20:00:00Z,4,0.066667
8583815059,2016-03-13T21:00:00Z,3,0.05
8583815059,2016-03-13T22:00:00Z,0,0
8583815059,2016-03-13T23:00:00Z,6,0.1
8583815059,2016-03-14T00:00:00Z,0,0
8583815059,2016-03-14T01:00:00Z,0,0
8583815059,2016-03-14T02:00:00Z,0,0
8583815059,2016-03-14T03:00:00Z,0,0
8583815059,2016-03-14T04:00:00Z,0,0
8583815059,2016-03-14T05:00:00Z,0,0
8583815059,2016-03-14T06:00:00Z,0,0
8583815059,2016-03-14T07:00:00Z,0,0
8583815059,2016-03-14T08:00:00Z,0,0
8583815059,2016-03-14T09:00:00Z,10,0.166667
8583815059,2016-03-14T10:00:00Z,19,0.316667
8583815059,2016-03-14T11:00:00Z,9,0.15
8583815059,2016-03-14T12:00:00Z,5,0.083333
8583815059,2016-03-14T13:00:00Z,4,0.066667
8583815059,2016-03-14T14:00:00Z,3,0.05
8583815059,2016-03-14T15:00:00Z,0,0
8583815059,2016-03-14T16:00:00Z,4,0.066667
8583815059,2016-03-14T17:00:00Z,4,0.066667
8583815059,2016-03-14T18:00:00Z,17,0.283333
8583815059,2016-03-14T19:00:00Z,6,0.1
8583815059,2016-03-14T20:00:00Z,5,0.083333
8583815059,2016-03-14T21:00:00Z,6,0.1
8583815059,2016-03-14T22:00:00Z,2,0.033333
8583815059,2016-03-14T23:00:00Z,8,0.133333
8583815059,2016-03-15T00:00:00Z,0,0
8583815059,2016-03-15T01:00:00Z,0,0
8583815059,2016-03-15T02:00:00Z,0,0
8583815059,2016-03-15T03:00:00Z,0,0
8583815059,2016-03-15T04:00:00Z,0,0
8583815059,2016-03-15T05:00:00Z,0,0
8583815059,2016-03-15T06:00:00Z,0,0
8583815059,2016-03-15T07:00:00Z,0,0
8583815059,2016-03-15T08:00:00Z,1,0.016667
8583815059,2016-03-15T09:00:00Z,4,0.066667
8583815059,2016-03-15T10:00:00Z,8,0.133333
8583815059,2016-03-15T11:00:00Z,16,0.266667
8583815059,2016-03-15T12:00:00Z,2,0.033333
8583815059,2016-03-15T13:00:00Z,15,0.25
8583815059,2016-03-15T14:00:00Z,15,0.25
8583815059,2016-03-15T15:00:00Z,3,0.05
8583815059,2016-03-15T16:00:00Z,2,0.033333
8583815059,2016-03-15T17:00:00Z,18,0.3
8583815059,2016-03-15T18:00:00Z,10,0.166667
8583815059,2016-03-15T19:00:00Z,5,0.083333
8583815059,2016-03-15T20:00:00Z,0,0
8583815059,2016-03-15T21:00:00Z,4,0.066667
8583815059,2016-03-15T22:00:00Z,7,0.116667
8583815059,2016-03-15T23:00:00Z,0,0
8583815059,2016-03-16T00:00:00Z,0,0
8583815059,2016-03-16T01:00:00Z,0,0
8583815059,2016-03-16T02:00:00Z,0,0
8583815059,2016-03-16T03:00:00Z,0,0
8583815059,2016-03-16T04:00:00Z,0,0
8583815059,2016-03-16T05:00:00Z,0,0
8583815059,2016-03-16T06:00:00Z,0,0
8583815059,2016-03-16T07:00:00Z,0,0
8583815059,2016-03-16T08:00:00Z,9,0.15
8583815059,2016-03-16T09:00:00Z,0,0
8583815059,2016-03-16T10:00:00Z,9,0.15
8583815059,2016-03-16T11:00:00Z,24,0.4
8583815059,2016-03-16T12:00:00Z,8,0.133333
8583815059,2016-03-16T13:00:00Z,3,0.05
8583815059,2016-03-16T14:00:00Z,3,0.05
8583815059,2016-03-16T15:00:00Z,13,0.216667
8583815059,2016-03-16T16:00:00Z,3,0.05
8583815059,2016-03-16T17:00:00Z,0,0
8583815059,2016-03-16T18:00:00Z,10,0.166667
8583815059,2016-03-16T19:00:00Z,25,0.416667
8583815059,2016-03-16T20:00:00Z,5,0.083333
8583815059,2016-03-16T21:00:00Z,0,0
8583815059,2016-03-16T22:00:00Z,5,0.083333
8583815059,2016-03-16T23:00:00Z,0,0
8583815059,2016-03-17T00:00:00Z,0,0
8583815059,2016-03-17T01:00:00Z,0,0
8583815059,2016-03-17T02:00:00Z,0,0
8583815059,2016-03-17T03:00:00Z,0,0
8583815059,2016-03-17T04:00:00Z,0,0
8583815059,2016-03-17T05:00:00Z,0,0
8583815059,2016-03-17T06:00:00Z,0,0
8583815059,2016-03-17T07:00:00Z,0,0
8583815059,2016-03-17T08:00:00Z,0,0
8583815059,2016-03-17T09:00:00Z,0,0
8583815059,2016-03-17T10:00:00Z,0,0
8583815059,2016-03-17T11:00:00Z,0,0
8583815059,2016-03-17T12:00:00Z,0,0
8583815059,2016-03-17T13:00:00Z,0,0
8583815059,2016-03-17T14:00:00Z,0,0
8583815059,2016-03-17T15:00:00Z,0,0
8583815059,2016-03-17T16:00:00Z,0,0
8583815059,2016-03-17T17:00:00Z,0,0
8583815059,2016-03-17T18:00:00Z,0,0
8583815059,2016-03-17T19:00:00Z,0,0
8583815059,2016-03-17T20:00:00Z,0,0
8583815059,2016-03-17T21:00:00Z,0,0
8583815059,2016-03-17T22:00:00Z,0,0
8583815059,2016-03-17T23:00:00Z,0,0
8583815059,2016-03-18T00:00:00Z,0,0
8583815059,2016-03-18T01:00:00Z,0,0
8583815059,2016-03-18T02:00:00Z,0,0
8583815059,2016-03-18T03:00:00Z,0,0
8583815059,2016-03-18T04:00:00Z,0,0
8583815059,2016-03-18T05:00:00Z,0,0
8583815059,2016-03-18T06:00:00Z,0,0
8583815059,2016-03-18T07:00:00Z,0,0
8583815059,2016-03-18T08:00:00Z,0,0
8583815059,2016-03-18T09:00:00Z,0,0
8583815059,2016-03-18T10:00:00Z,0,0
8583815059,2016-03-18T11:00:00Z,0,0
8583815059,2016-03-18T12:00:00Z,0,0
8583815059,2016-03-18T13:00:00Z,0,0
8583815059,2016-03-18T14:00:00Z,0,0
8583815059,2016-03-18T15:00:00Z,0,0
8583815059,2016-03-18T16:00:00Z,0,0
8583815059,2016-03-18T17:00:00Z,0,0
8583815059,2016-03-18T18:00:00Z,0,0
8583815059,2016-03-18T19:00:00Z,0,0
8583815059,2016-03-18T20:00:00Z,0,0
8583815059,2016-03-18T21:00:00Z,0,0
8583815059,2016-03-18T22:00:00Z,0,0
8583815059,2016-03-18T23:00:00Z,0,0
8583815059,2016-03-19T00:00:00Z,0,0
8583815059,2016-03-19T01:00:00Z,0,0
8583815059,2016-03-19T02:00:00Z,0,0
8583815059,2016-03-19T03:00:00Z,0,0
8583815059,2016-03-19T04:00:00Z,0,0
8583815059,2016-03-19T05:00:00Z,0,0
8583815059,2016-03-19T06:00:00Z,0,0
8583815059,2016-03-19T07:00:00Z,0,0
8583815059,2016-03-19T08:00:00Z,0,0
8583815059,2016-03-19T09:00:00Z,0,0
8583815059,2016-03-19T10:00:00Z,0,0
8583815059,2016-03-19T11:00:00Z,0,0
8583815059,2016-03-19T12:00:00Z,0,0
8583815059,2016-03-19T13:00:00Z,0,0
8583815059,2016-03-19T14:00:00Z,0,0
8583815059,2016-03-19T15:00:00Z,0,0
8583815059,2016-03-19T16:00:00Z,0,0
8583815059,2016-03-19T17:00:00Z,0,0
8583815059,2016-03-19T18:00:00Z,0,0
8583815059,2016-03-19T19:00:00Z,0,0
8583815059,2016-03-19T20:00:00Z,0,0
8583815059,2016-03-19T21:00:00Z,0,0
8583815059,2016-03-19T22:00:00Z,0,0
8583815059,2016-03-19T23:00:00Z,0,0
8583815059,2016-03-20T00:00:00Z,0,0
8583815059,2016-03-20T01:00:00Z,0,0
8583815059,2016-03-20T02:00:00Z,0,0
8583815059,2016-03-20T03:00:00Z,0,0
8583815059,2016-03-20T04:00:00Z,0,0
8583815059,2016-03-20T05:00:00Z,0,0
8583815059,2016-03-20T06:00:00Z,0,0
8583815059,2016-03-20T07:00:00Z,0,0
8583815059,2016-03-20T08:00:00Z,0,0
8583815059,2016-03-20T09:00:00Z,0,0
8583815059,2016-03-20T10:00:00Z,0,0
8583815059,2016-03-20T11:00:00Z,0,0
8583815059,2016-03-20T12:00:00Z,0,0
8583815059,2016-03-20T13:00:00Z,0,0
8583815059,2016-03-20T14:00:00Z,0,0
8583815059,2016-03-20T15:00:00Z,0,0
8583815059,2016-03-20T16:00:00Z,0,0
8583815059,2016-03-20T17:00:00Z,0,0
8583815059,2016-03-20T18:00:00Z,0,0
8583815059,2016-03-20T19:00:00Z,0,0
8583815059,2016-03-20T20:00:00Z,0,0
8583815059,2016-03-20T21:00:00Z,0,0
8583815059,2016-03-20T22:00:00Z,0,0
8583815059,2016-03-20T23:00:00Z,0,0
8583815059,2016-03-21T00:00:00Z,0,0
8583815059,2016-03-21T01:00:00Z,0,0
8583815059,2016-03-21T02:00:00Z,0,0
8583815059,2016-03-21T03:00:00Z,0,0
8583815059,2016-03-21T04:00:00Z,0,0
8583815059,2016-03-21T05:00:00Z,0,0
8583815059,2016-03-21T06:00:00Z,0,0
8583815059,2016-03-21T07:00:00Z,0,0
8583815059,2016-03-21T08:00:00Z,0,0
8583815059,2016-03-21T09:00:00Z,0,0
8583815059,2016-03-21T10:00:00Z,0,0
8583815059,2016-03-21T11:00:00Z,0,0
8583815059,2016-03-21T12:00:00Z,0,0
8583815059,2016-03-21T13:00:00Z,0,0
8583815059,2016-03-21T14:00:00Z,0,0
8583815059,2016-03-21T15:00:00Z,0,0
8583815059,2016-03-21T16:00:00Z,0,0
8583815059,2016-03-21T17:00:00Z,0,0
8583815059,2016-03-21T18:00:00Z,0,0
8583815059,2016-03-21T19:00:00Z,0,0
8583815059,2016-03-21T20:00:00Z,0,0
8583815059,2016-03-21T21:00:00Z,0,0
8583815059,2016-03-21T22:00:00Z,0,0
8583815059,2016-03-21T23:00:00Z,0,0
8583815059,2016-03-22T00:00:00Z,0,0
8583815059,2016-03-22T01:00:00Z,0,0
8583815059,2016-03-22T02:00:00Z,0,0
8583815059,2016-03-22T03:00:00Z,0,0
8583815059,2016-03-22T04:00:00Z,0,0
8583815059,2016-03-22T05:00:00Z,0,0
8583815059,2016-03-22T06:00:00Z,0,0
8583815059,2016-03-22T07:00:00Z,0,0
8583815059,2016-03-22T08:00:00Z,0,0
8583815059,2016-03-22T09:00:00Z,0,0
8583815059,2016-03-22T10:00:00Z,0,0
8583815059,2016-03-22T11:00:00Z,0,0
8583815059,2016-03-22T12:00:00Z,0,0
8583815059,2016-03-22T13:00:00Z,0,0
8583815059,2016-03-22T14:00:00Z,0,0
8583815059,2016-03-22T15:00:00Z,0,0
8583815059,2016-03-22T16:00:00Z,0,0
8583815059,2016-03-22T17:00:00Z,0,0
8583815059,2016-03-22T18:00:00Z,0,0
8583815059,2016-03-22T19:00:00Z,0,0
8583815059,2016-03-22T20:00:00Z,0,0
8583815059,2016-03-22T21:00:00Z,0,0
8583815059,2016-03-22T22:00:00Z,0,0
8583815059,2016-03-22T23:00:00Z,0,0
8583815059,2016-03-23T00:00:00Z,0,0
8583815059,2016-03-23T01:00:00Z,0,0
8583815059,2016-03-23T02:00:00Z,0,0
8583815059,2016-03-23T03:00:00Z,0,0
8583815059,2016-03-23T04:00:00Z,0,0
8583815059,2016-03-23T05:00:00Z,0,0
8583815059,2016-03-23T06:00:00Z,0,0
8583815059,2016-03-23T07:00:00Z,0,0
8583815059,2016-03-23T08:00:00Z,0,0
8583815059,2016-03-23T09:00:00Z,0,0
8583815059,2016-03-23T10:00:00Z,0,0
8583815059,2016-03-23T11:00:00Z,0,0
8583815059,2016-03-23T12:00:00Z,0,0
8583815059,2016-03-23T13:00:00Z,0,0
8583815059,2016-03-23T14:00:00Z,0,0
8583815059,2016-03-23T15:00:00Z,0,0
8583815059,2016-03-23T16:00:00Z,0,0
8583815059,2016-03-23T17:00:00Z,0,0
8583815059,2016-03-23T18:00:00Z,0,0
8583815059,2016-03-23T19:00:00Z,0,0
8583815059,2016-03-23T20:00:00Z,0,0
8583815059,2016-03-23T21:00:00Z,0,0
8583815059,2016-03-23T22:00:00Z,0,0
8583815059,2016-03-23T23:00:00Z,0,0
8583815059,2016-03-24T00:00:00Z,0,0
8583815059,2016-03-24T01:00:00Z,0,0
8583815059,2016-03-24T02:00:00Z,0,0
8583815059,2016-03-24T03:00:00Z,0,0
8583815059,2016-03-24T04:00:00Z,0,0
8583815059,2016-03-24T05:00:00Z,0,0
8583815059,2016-03-24T06:00:00Z,0,0
8583815059,2016-03-24T07:00:00Z,0,0
8583815059,2016-03-24T08:00:00Z,0,0
8583815059,2016-03-24T09:00:00Z,0,0
8583815059,2016-03-24T10:00:00Z,0,0
8583815059,2016-03-24T11:00:00Z,0,0
8583815059,2016-03-24T12:00:00Z,0,0
8583815059,2016-03-24T13:00:00Z,0,0
8583815059,2016-03-24T14:00:00Z,0,0
8583815059,2016-03-24T15:00:00Z,0,0
8583815059,2016-03-24T16:00:00Z,0,0
8583815059,2016-03-24T17:00:00Z,0,0
8583815059,2016-03-24T18:00:00Z,0,0
8583815059,2016-03-24T19:00:00Z,0,0
8583815059,2016-03-24T20:00:00Z,0,0
8583815059,2016-03-24T21:00:00Z,0,0
8583815059,2016-03-24T22:00:00Z,0,0
8583815059,2016-03-24T23:00:00Z,0,0
8583815059,2016-03-25T00:00:00Z,0,0
8583815059,2016-03-25T01:00:00Z,0,0
8583815059,2016-03-25T02:00:00Z,0,0
8583815059,2016-03-25T03:00:00Z,0,0
8583815059,2016-03-25T04:00:00Z,0,0
8583815059,2016-03-25T05:00:00Z,0,0
8583815059,2016-03-25T06:00:00Z,0,0
8583815059,2016-03-25T07:00:00Z,0,0
8583815059,2016-03-25T08:00:00Z,0,0
8583815059,2016-03-25T09:00:00Z,0,0
8583815059,2016-03-25T10:00:00Z,0,0
8583815059,2016-03-25T11:00:00Z,0,0
8583815059,2016-03-25T12:00:00Z,0,0
8583815059,2016-03-25T13:00:00Z,0,0
8583815059,2016-03-25T14:00:00Z,0,0
8583815059,2016-03-25T15:00:00Z,0,0
8583815059,2016-03-25T16:00:00Z,0,0
8583815059,2016-03-25T17:00:00Z,0,0
8583815059,2016-03-25T18:00:00Z,0,0
8583815059,2016-03-25T19:00:00Z,0,0
8583815059,2016-03-25T20:00:00Z,0,0
8583815059,2016-03-25T21:00:00Z,0,0
8583815059,2016-03-25T22:00:00Z,0,0
8583815059,2016-03-25T23:00:00Z,0,0
8583815059,2016-03-26T00:00:00Z,0,0
8583815059,2016-03-26T01:00:00Z,0,0
8583815059,2016-03-26T02:00:00Z,0,0
8583815059,2016-03-26T03:00:00Z,0,0
8583815059,2016-03-26T04:00:00Z,0,0
8583815059,2016-03-26T05:00:00Z,0,0
8583815059,2016-03-26T06:00:00Z,0,0
8583815059,2016-03-26T07:00:00Z,0,0
8583815059,2016-03-26T08:00:00Z,0,0
8583815059,2016-03-26T09:00:00Z,0,0
8583815059,2016-03-26T10:00:00Z,0,0
8583815059,2016-03-26T11:00:00Z,0,0
8583815059,2016-03-26T12:00:00Z,0,0
8583815059,2016-03-26T13:00:00Z,0,0
8583815059,2016-03-26T14:00:00Z,0,0
8583815059,2016-03-26T15:00:00Z,0,0
8583815059,2016-03-26T16:00:00Z,0,0
8583815059,2016-03-26T17:00:00Z,0,0
8583815059,2016-03-26T18:00:00Z,0,0
8583815059,2016-03-26T19:00:00Z,0,0
8583815059,2016-03-26T20:00:00Z,0,0
8583815059,2016-03-26T21:00:00Z,0,0
8583815059,2016-03-26T22:00:00Z,0,0
8583815059,2016-03-26T23:00:00Z,0,0
8583815059,2016-03-27T00:00:00Z,0,0
8583815059,2016-03-27T01:00:00Z,0,0
8583815059,2016-03-27T02:00:00Z,0,0
8583815059,2016-03-27T03:00:00Z,0,0
8583815059,2016-03-27T04:00:00Z,0,0
8583815059,2016-03-27T05:00:00Z,0,0
8583815059,2016-03-27T06:00:00Z,0,0
8583815059,2016-03-27T07:00:00Z,0,0
8583815059,2016-03-27T08:00:00Z,0,0
8583815059,2016-03-27T09:00:00Z,0,0
8583815059,2016-03-27T10:00:00Z,0,0
8583815059,2016-03-27T11:00:00Z,0,0
8583815059,2016-03-27T12:00:00Z,0,0
8583815059,2016-03-27T13:00:00Z,0,0
8583815059,2016-03-27T14:00:00Z,0,0
8583815059,2016-03-27T15:00:00Z,0,0
8583815059,2016-03-27T16:00:00Z,0,0
8583815059,2016-03-27T17:00:00Z,0,0
8583815059,2016-03-27T18:00:00Z,0,0
8583815059,2016-03-27T19:00:00Z,0,0
8583815059,2016-03-27T20:00:00Z,0,0
8583815059,2016-03-27T21:00:00Z,0,0
8583815059,2016-03-27T22:00:00Z,0,0
8583815059,2016-03-27T23:00:00Z,0,0
8583815059,2016-03-28T00:00:00Z,0,0
8583815059,2016-03-28T01:00:00Z,0,0
8583815059,2016-03-28T02:00:00Z,0,0
8583815059,2016-03-28T03:00:00Z,0,0
8583815059,2016-03-28T04:00:00Z,0,0
8583815059,2016-03-28T05:00:00Z,0,0
8583815059,2016-03-28T06:00:00Z,0,0
8583815059,2016-03-28T07:00:00Z,0,0
8583815059,2016-03-28T08:00:00Z,0,0
8583815059,2016-03-28T09:00:00Z,0,0
8583815059,2016-03-28T10:00:00Z,0,0
8583815059,2016-03-28T11:00:00Z,8,0.133333
8583815059,2016-03-28T12:00:00Z,24,0.4
8583815059,2016-03-28T13:00:00Z,6,0.1
8583815059,2016-03-28T14:00:00Z,16,0.266667
8583815059,2016-03-28T15:00:00Z,14,0.233333
8583815059,2016-03-28T16:00:00Z,0,0
8583815059,2016-03-28T17:00:00Z,0,0
8583815059,2016-03-28T18:00:00Z,3,0.05
8583815059,2016-03-28T19:00:00Z,35,0.583333
8583815059,2016-03-28T20:00:00Z,9,0.15
8583815059,2016-03-28T21:00:00Z,1,0.016667
8583815059,2016-03-28T22:00:00Z,4,0.066667
8583815059,2016-03-28T23:00:00Z,9,0.15
8583815059,2016-03-29T00:00:00Z,7,0.116667
8583815059,2016-03-29T01:00:00Z,0,0
8583815059,2016-03-29T02:00:00Z,0,0
8583815059,2016-03-29T03:00:00Z,0,0
8583815059,2016-03-29T04:00:00Z,0,0
8583815059,2016-03-29T05:00:00Z,0,0
8583815059,2016-03-29T06:00:00Z,0,0
8583815059,2016-03-29T07:00:00Z,0,0
8583815059,2016-03-29T08:00:00Z,0,0
8583815059,2016-03-29T09:00:00Z,0,0
8583815059,2016-03-29T10:00:00Z,21,0.35
8583815059,2016-03-29T11:00:00Z,6,0.1
8583815059,2016-03-29T12:00:00Z,81,1.35
8583815059,2016-03-29T13:00:00Z,46,0.766667
8583815059,2016-03-29T14:00:00Z,38,0.633333
8583815059,2016-03-29T15:00:00Z,0,0
8583815059,2016-03-29T16:00:00Z,0,0
8583815059,2016-03-29T17:00:00Z,8,0.133333
8583815059,2016-03-29T18:00:00Z,3,0.05
8583815059,2016-03-29T19:00:00Z,5,0.083333
8583815059,2016-03-29T20:00:00Z,18,0.3
8583815059,2016-03-29T21:00:00Z,18,0.3
8583815059,2016-03-29T22:00:00Z,7,0.116667
8583815059,2016-03-29T23:00:00Z,5,0.083333
8583815059,2016-03-30T00:00:00Z,0,0
8583815059,2016-03-30T01:00:00Z,0,0
8583815059,2016-03-30T02:00:00Z,0,0
8583815059,2016-03-30T03:00:00Z,0,0
8583815059,2016-03-30T04:00:00Z,0,0
8583815059,2016-03-30T05:00:00Z,0,0
8583815059,2016-03-30T06:00:00Z,0,0
8583815059,2016-03-30T07:00:00Z,0,0
8583815059,2016-03-30T08:00:00Z,0,0
8583815059,2016-03-30T09:00:00Z,0,0
8583815059,2016-03-30T10:00:00Z,20,0.333333
8583815059,2016-03-30T11:00:00Z,32,0.533333
8583815059,2016-03-30T12:00:00Z,41,0.683333
8583815059,2016-03-30T13:00:00Z,53,0.883333
8583815059,2016-03-30T14:00:00Z,28,0.466667
8583815059,2016-03-30T15:00:00Z,10,0.166667
8583815059,2016-03-30T16:00:00Z,42,0.7
8583815059,2016-03-30T17:00:00Z,13,0.216667
8583815059,2016-03-30T18:00:00Z,0,0
8583815059,2016-03-30T19:00:00Z,0,0
8583815059,2016-03-30T20:00:00Z,1,0.016667
8583815059,2016-03-30T21:00:00Z,22,0.366667
8583815059,2016-03-30T22:00:00Z,6,0.1
8583815059,2016-03-30T23:00:00Z,0,0
8583815059,2016-03-31T00:00:00Z,9,0.15
8583815059,2016-03-31T01:00:00Z,0,0
8583815059,2016-03-31T02:00:00Z,0,0
8583815059,2016-03-31T03:00:00Z,0,0
8583815059,2016-03-31T04:00:00Z,0,0
8583815059,2016-03-31T05:00:00Z,0,0
8583815059,2016-03-31T06:00:00Z,0,0
8583815059,2016-03-31T07:00:00Z,0,0
8583815059,2016-03-31T08:00:00Z,0,0
8583815059,2016-03-31T09:00:00Z,6,0.1
8583815059,2016-03-31T10:00:00Z,16,0.266667
8583815059,2016-03-31T11:00:00Z,0,0
8583815059,2016-03-31T12:00:00Z,18,0.3
8583815059,2016-03-31T13:00:00Z,16,0.266667
8583815059,2016-03-31T14:00:00Z,13,0.216667
8583815059,2016-03-31T15:00:00Z,74,1.233333
8583815059,2016-03-31T16:00:00Z,37,0.616667
8583815059,2016-03-31T17:00:00Z,43,0.716667
8583815059,2016-03-31T18:00:00Z,28,0.466667
8583815059,2016-03-31T19:00:00Z,14,0.233333
8583815059,2016-03-31T20:00:00Z,12,0.2
8583815059,2016-03-31T21:00:00Z,9,0.15
8583815059,2016-03-31T22:00:00Z,2,0.033333
8583815059,2016-03-31T23:00:00Z,4,0.066667
8583815059,2016-04-01T00:00:00Z,7,0.116667
8583815059,2016-04-01T01:00:00Z,0,0
8583815059,2016-04-01T02:00:00Z,0,0
8583815059,2016-04-01T03:00:00Z,0,0
8583815059,2016-04-01T04:00:00Z,0,0
8583815059,2016-04-01T05:00:00Z,0,0
8583815059,2016-04-01T06:00:00Z,0,0
8583815059,2016-04-01T07:00:00Z,0,0
8583815059,2016-04-01T08:00:00Z,0,0
8583815059,2016-04-01T09:00:00Z,12,0.2
8583815059,2016-04-01T10:00:00Z,9,0.15
8583815059,2016-04-01T11:00:00Z,9,0.15
8583815059,2016-04-01T12:00:00Z,2,0.033333
8583815059,2016-04-01T13:00:00Z,2,0.033333
8583815059,2016-04-01T14:00:00Z,10,0.166667
8583815059,2016-04-01T15:00:00Z,4,0.066667
8583815059,2016-04-01T16:00:00Z,0,0
8583815059,2016-04-01T17:00:00Z,3,0.05
8583815059,2016-04-01T18:00:00Z,11,0.183333
8583815059,2016-04-01T19:00:00Z,13,0.216667
8583815059,2016-04-01T20:00:00Z,16,0.266667
8583815059,2016-04-01T21:00:00Z,8,0.133333
8583815059,2016-04-01T22:00:00Z,5,0.083333
8583815059,2016-04-01T23:00:00Z,1,0.016667
8583815059,2016-04-02T00:00:00Z,9,0.15
8583815059,2016-04-02T01:00:00Z,0,0
8583815059,2016-04-02T02:00:00Z,0,0
8583815059,2016-04-02T03:00:00Z,0,0
8583815059,2016-04-02T04:00:00Z,0,0
8583815059,2016-04-02T05:00:00Z,0,0
8583815059,2016-04-02T06:00:00Z,0,0
8583815059,2016-04-02T07:00:00Z,0,0
8583815059,2016-04-02T08:00:00Z,0,0
8583815059,2016-04-02T09:00:00Z,11,0.183333
8583815059,2016-04-02T10:00:00Z,24,0.4
8583815059,2016-04-02T11:00:00Z,20,0.333333
8583815059,2016-04-02T12:00:00Z,13,0.216667
8583815059,2016-04-02T13:00:00Z,20,0.333333
8583815059,2016-04-02T14:00:00Z,1,0.016667
8583815059,2016-04-02T15:00:00Z,6,0.1
8583815059,2016-04-02T16:00:00Z,8,0.133333
8583815059,2016-04-02T17:00:00Z,5,0.083333
8583815059,2016-04-02T18:00:00Z,19,0.316667
8583815059,2016-04-02T19:00:00Z,10,0.166667
8583815059,2016-04-02T20:00:00Z,2,0.033333
8583815059,2016-04-02T21:00:00Z,6,0.1
8583815059,2016-04-02T22:00:00Z,7,0.116667
8583815059,2016-04-02T23:00:00Z,5,0.083333
8583815059,2016-04-03T00:00:00Z,8,0.133333
8583815059,2016-04-03T01:00:00Z,0,0
8583815059,2016-04-03T02:00:00Z,0,0
8583815059,2016-04-03T03:00:00Z,0,0
8583815059,2016-04-03T04:00:00Z,0,0
8583815059,2016-04-03T05:00:00Z,0,0
8583815059,2016-04-03T06:00:00Z,0,0
8583815059,2016-04-03T07:00:00Z,0,0
8583815059,2016-04-03T08:00:00Z,0,0
8583815059,2016-04-03T09:00:00Z,0,0
8583815059,2016-04-03T10:00:00Z,16,0.266667
8583815059,2016-04-03T11:00:00Z,16,0.266667
8583815059,2016-04-03T12:00:00Z,1,0.016667
8583815059,2016-04-03T13:00:00Z,5,0.083333
8583815059,2016-04-03T14:00:00Z,2,0.033333
8583815059,2016-04-03T15:00:00Z,18,0.3
8583815059,2016-04-03T16:00:00Z,5,0.083333
8583815059,2016-04-03T17:00:00Z,5,0.083333
8583815059,2016-04-03T18:00:00Z,4,0.066667
8583815059,2016-04-03T19:00:00Z,6,0.1
8583815059,2016-04-03T20:00:00Z,31,0.516667
8583815059,2016-04-03T21:00:00Z,10,0.166667
8583815059,2016-04-03T22:00:00Z,3,0.05
8583815059,2016-04-03T23:00:00Z,1,0.016667
8583815059,2016-04-04T00:00:00Z,6,0.1
8583815059,2016-04-04T01:00:00Z,0,0
8583815059,2016-04-04T02:00:00Z,0,0
8583815059,2016-04-04T03:00:00Z,0,0
8583815059,2016-04-04T04:00:00Z,0,0
8583815059,2016-04-04T05:00:00Z,0,0
8583815059,2016-04-04T06:00:00Z,0,0
8583815059,2016-04-04T07:00:00Z,0,0
8583815059,2016-04-04T08:00:00Z,0,0
8583815059,2016-04-04T09:00:00Z,0,0
8583815059,2016-04-04T10:00:00Z,4,0.066667
8583815059,2016-04-04T11:00:00Z,3,0.05
8583815059,2016-04-04T12:00:00Z,3,0.05
8583815059,2016-04-04T13:00:00Z,3,0.05
8583815059,2016-04-04T14:00:00Z,12,0.2
8583815059,2016-04-04T15:00:00Z,17,0.283333
8583815059,2016-04-04T16:00:00Z,0,0
8583815059,2016-04-04T17:00:00Z,0,0
8583815059,2016-04-04T18:00:00Z,20,0.333333
8583815059,2016-04-04T19:00:00Z,43,0.716667
8583815059,2016-04-04T20:00:00Z,25,0.416667
8583815059,2016-04-04T21:00:00Z,5,0.083333
8583815059,2016-04-04T22:00:00Z,4,0.066667
8583815059,2016-04-04T23:00:00Z,2,0.033333
8583815059,2016-04-05T00:00:00Z,2,0.033333
8583815059,2016-04-05T01:00:00Z,0,0
8583815059,2016-04-05T02:00:00Z,0,0
8583815059,2016-04-05T03:00:00Z,0,0
8583815059,2016-04-05T04:00:00Z,0,0
8583815059,2016-04-05T05:00:00Z,0,0
8583815059,2016-04-05T06:00:00Z,0,0
8583815059,2016-04-05T07:00:00Z,0,0
8583815059,2016-04-05T08:00:00Z,0,0
8583815059,2016-04-05T09:00:00Z,2,0.033333
8583815059,2016-04-05T10:00:00Z,1,0.016667
8583815059,2016-04-05T11:00:00Z,11,0.183333
8583815059,2016-04-05T12:00:00Z,26,0.433333
8583815059,2016-04-05T13:00:00Z,59,0.983333
8583815059,2016-04-05T14:00:00Z,58,0.966667
8583815059,2016-04-05T15:00:00Z,48,0.8
8583815059,2016-04-05T16:00:00Z,13,0.216667
8583815059,2016-04-05T17:00:00Z,6,0.1
8583815059,2016-04-05T18:00:00Z,7,0.116667
8583815059,2016-04-05T19:00:00Z,3,0.05
8583815059,2016-04-05T20:00:00Z,8,0.133333
8583815059,2016-04-05T21:00:00Z,11,0.183333
8583815059,2016-04-05T22:00:00Z,2,0.033333
8583815059,2016-04-05T23:00:00Z,0,0
8583815059,2016-04-06T00:00:00Z,7,0.116667
8583815059,2016-04-06T01:00:00Z,0,0
8583815059,2016-04-06T02:00:00Z,0,0
8583815059,2016-04-06T03:00:00Z,0,0
8583815059,2016-04-06T04:00:00Z,0,0
8583815059,2016-04-06T05:00:00Z,0,0
8583815059,2016-04-06T06:00:00Z,0,0
8583815059,2016-04-06T07:00:00Z,0,0
8583815059,2016-04-06T08:00:00Z,0,0
8583815059,2016-04-06T09:00:00Z,0,0
8583815059,2016-04-06T10:00:00Z,12,0.2
8583815059,2016-04-06T11:00:00Z,4,0.066667
8583815059,2016-04-06T12:00:00Z,3,0.05
8583815059,2016-04-06T13:00:00Z,2,0.033333
8583815059,2016-04-06T14:00:00Z,3,0.05
8583815059,2016-04-06T15:00:00Z,4,0.066667
8583815059,2016-04-06T16:00:00Z,6,0.1
8583815059,2016-04-06T17:00:00Z,19,0.316667
8583815059,2016-04-06T18:00:00Z,9,0.15
8583815059,2016-04-06T19:00:00Z,3,0.05
8583815059,2016-04-06T20:00:00Z,13,0.216667
8583815059,2016-04-06T21:00:00Z,8,0.133333
8583815059,2016-04-06T22:00:00Z,4,0.066667
8583815059,2016-04-06T23:00:00Z,15,0.25
8583815059,2016-04-07T00:00:00Z,17,0.283333
8583815059,2016-04-07T01:00:00Z,1,0.016667
8583815059,2016-04-07T02:00:00Z,0,0
8583815059,2016-04-07T03:00:00Z,0,0
8583815059,2016-04-07T04:00:00Z,0,0
8583815059,2016-04-07T05:00:00Z,0,0
8583815059,2016-04-07T06:00:00Z,0,0
8583815059,2016-04-07T07:00:00Z,0,0
8583815059,2016-04-07T08:00:00Z,0,0
8583815059,2016-04-07T09:00:00Z,0,0
8583815059,2016-04-07T10:00:00Z,13,0.216667
8583815059,2016-04-07T11:00:00Z,3,0.05
8583815059,2016-04-07T12:00:00Z,18,0.3
8583815059,2016-04-07T13:00:00Z,0,0
8583815059,2016-04-07T14:00:00Z,13,0.216667
8583815059,2016-04-07T15:00:00Z,3,0.05
8583815059,2016-04-07T16:00:00Z,10,0.166667
8583815059,2016-04-07T17:00:00Z,0,0
8583815059,2016-04-07T18:00:00Z,9,0.15
8583815059,2016-04-07T19:00:00Z,9,0.15
8583815059,2016-04-07T20:00:00Z,9,0.15
8583815059,2016-04-07T21:00:00Z,23,0.383333
8583815059,2016-04-07T22:00:00Z,1,0.016667
8583815059,2016-04-07T23:00:00Z,9,0.15
8583815059,2016-04-08T00:00:00Z,0,0
8583815059,2016-04-08T01:00:00Z,0,0
8583815059,2016-04-08T02:00:00Z,0,0
8583815059,2016-04-08T03:00:00Z,0,0
8583815059,2016-04-08T04:00:00Z,0,0
8583815059,2016-04-08T05:00:00Z,0,0
8583815059,2016-04-08T06:00:00Z,0,0
8583815059,2016-04-08T07:00:00Z,0,0
8583815059,2016-04-08T08:00:00Z,0,0
8583815059,2016-04-08T09:00:00Z,5,0.083333
8583815059,2016-04-08T10:00:00Z,13,0.216667
8583815059,2016-04-08T11:00:00Z,3,0.05
8583815059,2016-04-08T12:00:00Z,2,0.033333
8583815059,2016-04-08T13:00:00Z,2,0.033333
8583815059,2016-04-08T14:00:00Z,26,0.433333
8583815059,2016-04-08T15:00:00Z,16,0.266667
8583815059,2016-04-08T16:00:00Z,1,0.016667
8583815059,2016-04-08T17:00:00Z,5,0.083333
8792009665,2016-03-12T00:00:00Z,0,0
8792009665,2016-03-12T01:00:00Z,0,0
8792009665,2016-03-12T02:00:00Z,0,0
8792009665,2016-03-12T03:00:00Z,0,0
8792009665,2016-03-12T04:00:00Z,0,0
8792009665,2016-03-12T05:00:00Z,0,0
8792009665,2016-03-12T06:00:00Z,0,0
8792009665,2016-03-12T07:00:00Z,0,0
8792009665,2016-03-12T08:00:00Z,0,0
8792009665,2016-03-12T09:00:00Z,0,0
8792009665,2016-03-12T10:00:00Z,0,0
8792009665,2016-03-12T11:00:00Z,0,0
8792009665,2016-03-12T12:00:00Z,0,0
8792009665,2016-03-12T13:00:00Z,0,0
8792009665,2016-03-12T14:00:00Z,0,0
8792009665,2016-03-12T15:00:00Z,0,0
8792009665,2016-03-12T16:00:00Z,0,0
8792009665,2016-03-12T17:00:00Z,0,0
8792009665,2016-03-12T18:00:00Z,0,0
8792009665,2016-03-12T19:00:00Z,0,0
8792009665,2016-03-12T20:00:00Z,0,0
8792009665,2016-03-12T21:00:00Z,0,0
8792009665,2016-03-12T22:00:00Z,0,0
8792009665,2016-03-12T23:00:00Z,0,0
8792009665,2016-03-13T00:00:00Z,0,0
8792009665,2016-03-13T01:00:00Z,0,0
8792009665,2016-03-13T02:00:00Z,0,0
8792009665,2016-03-13T03:00:00Z,0,0
8792009665,2016-03-13T04:00:00Z,0,0
8792009665,2016-03-13T05:00:00Z,0,0
8792009665,2016-03-13T06:00:00Z,0,0
8792009665,2016-03-13T07:00:00Z,0,0
8792009665,2016-03-13T08:00:00Z,0,0
8792009665,2016-03-13T09:00:00Z,0,0
8792009665,2016-03-13T10:00:00Z,0,0
8792009665,2016-03-13T11:00:00Z,0,0
8792009665,2016-03-13T12:00:00Z,0,0
8792009665,2016-03-13T13:00:00Z,0,0
8792009665,2016-03-13T14:00:00Z,0,0
8792009665,2016-03-13T15:00:00Z,0,0
8792009665,2016-03-13T16:00:00Z,0,0
8792009665,2016-03-13T17:00:00Z,0,0
8792009665,2016-03-13T18:00:00Z,0,0
8792009665,2016-03-13T19:00:00Z,0,0
8792009665,2016-03-13T20:00:00Z,0,0
8792009665,2016-03-13T21:00:00Z,0,0
8792009665,2016-03-13T22:00:00Z,0,0
8792009665,2016-03-13T23:00:00Z,0,0
8792009665,2016-03-14T00:00:00Z,0,0
8792009665,2016-03-14T01:00:00Z,0,0
8792009665,2016-03-14T02:00:00Z,0,0
8792009665,2016-03-14T03:00:00Z,0,0
8792009665,2016-03-14T04:00:00Z,0,0
8792009665,2016-03-14T05:00:00Z,0,0
8792009665,2016-03-14T06:00:00Z,0,0
8792009665,2016-03-14T07:00:00Z,0,0
8792009665,2016-03-14T08:00:00Z,0,0
8792009665,2016-03-14T09:00:00Z,0,0
8792009665,2016-03-14T10:00:00Z,0,0
8792009665,2016-03-14T11:00:00Z,0,0
8792009665,2016-03-14T12:00:00Z,0,0
8792009665,2016-03-14T13:00:00Z,0,0
8792009665,2016-03-14T14:00:00Z,0,0
8792009665,2016-03-14T15:00:00Z,0,0
8792009665,2016-03-14T16:00:00Z,0,0
8792009665,2016-03-14T17:00:00Z,0,0
8792009665,2016-03-14T18:00:00Z,0,0
8792009665,2016-03-14T19:00:00Z,0,0
8792009665,2016-03-14T20:00:00Z,0,0
8792009665,2016-03-14T21:00:00Z,0,0
8792009665,2016-03-14T22:00:00Z,0,0
8792009665,2016-03-14T23:00:00Z,0,0
8792009665,2016-03-15T00:00:00Z,0,0
8792009665,2016-03-15T01:00:00Z,0,0
8792009665,2016-03-15T02:00:00Z,0,0
8792009665,2016-03-15T03:00:00Z,0,0
8792009665,2016-03-15T04:00:00Z,0,0
8792009665,2016-03-15T05:00:00Z,0,0
8792009665,2016-03-15T06:00:00Z,0,0
8792009665,2016-03-15T07:00:00Z,0,0
8792009665,2016-03-15T08:00:00Z,0,0
8792009665,2016-03-15T09:00:00Z,0,0
8792009665,2016-03-15T10:00:00Z,0,0
8792009665,2016-03-15T11:00:00Z,0,0
8792009665,2016-03-15T12:00:00Z,0,0
8792009665,2016-03-15T13:00:00Z,0,0
8792009665,2016-03-15T14:00:00Z,0,0
8792009665,2016-03-15T15:00:00Z,0,0
8792009665,2016-03-15T16:00:00Z,0,0
8792009665,2016-03-15T17:00:00Z,0,0
8792009665,2016-03-15T18:00:00Z,0,0
8792009665,2016-03-15T19:00:00Z,0,0
8792009665,2016-03-15T20:00:00Z,0,0
8792009665,2016-03-15T21:00:00Z,0,0
8792009665,2016-03-15T22:00:00Z,0,0
8792009665,2016-03-15T23:00:00Z,0,0
8792009665,2016-03-16T00:00:00Z,0,0
8792009665,2016-03-16T01:00:00Z,0,0
8792009665,2016-03-16T02:00:00Z,0,0
8792009665,2016-03-16T03:00:00Z,0,0
8792009665,2016-03-16T04:00:00Z,0,0
8792009665,2016-03-16T05:00:00Z,0,0
8792009665,2016-03-16T06:00:00Z,0,0
8792009665,2016-03-16T07:00:00Z,0,0
8792009665,2016-03-16T08:00:00Z,0,0
8792009665,2016-03-16T09:00:00Z,0,0
8792009665,2016-03-16T10:00:00Z,0,0
8792009665,2016-03-16T11:00:00Z,0,0
8792009665,2016-03-16T12:00:00Z,0,0
8792009665,2016-03-16T13:00:00Z,0,0
8792009665,2016-03-16T14:00:00Z,0,0
8792009665,2016-03-16T15:00:00Z,0,0
8792009665,2016-03-16T16:00:00Z,0,0
8792009665,2016-03-16T17:00:00Z,0,0
8792009665,2016-03-16T18:00:00Z,0,0
8792009665,2016-03-16T19:00:00Z,0,0
8792009665,2016-03-16T20:00:00Z,0,0
8792009665,2016-03-16T21:00:00Z,0,0
8792009665,2016-03-16T22:00:00Z,0,0
8792009665,2016-03-16T23:00:00Z,0,0
8792009665,2016-03-17T00:00:00Z,0,0
8792009665,2016-03-17T01:00:00Z,0,0
8792009665,2016-03-17T02:00:00Z,0,0
8792009665,2016-03-17T03:00:00Z,0,0
8792009665,2016-03-17T04:00:00Z,0,0
8792009665,2016-03-17T05:00:00Z,0,0
8792009665,2016-03-17T06:00:00Z,0,0
8792009665,2016-03-17T07:00:00Z,0,0
8792009665,2016-03-17T08:00:00Z,0,0
8792009665,2016-03-17T09:00:00Z,0,0
8792009665,2016-03-17T10:00:00Z,0,0
8792009665,2016-03-17T11:00:00Z,0,0
8792009665,2016-03-17T12:00:00Z,0,0
8792009665,2016-03-17T13:00:00Z,0,0
8792009665,2016-03-17T14:00:00Z,0,0
8792009665,2016-03-17T15:00:00Z,0,0
8792009665,2016-03-17T16:00:00Z,0,0
8792009665,2016-03-17T17:00:00Z,0,0
8792009665,2016-03-17T18:00:00Z,0,0
8792009665,2016-03-17T19:00:00Z,0,0
8792009665,2016-03-17T20:00:00Z,0,0
8792009665,2016-03-17T21:00:00Z,0,0
8792009665,2016-03-17T22:00:00Z,0,0
8792009665,2016-03-17T23:00:00Z,0,0
8792009665,2016-03-18T00:00:00Z,0,0
8792009665,2016-03-18T01:00:00Z,0,0
8792009665,2016-03-18T02:00:00Z,0,0
8792009665,2016-03-18T03:00:00Z,0,0
8792009665,2016-03-18T04:00:00Z,0,0
8792009665,2016-03-18T05:00:00Z,0,0
8792009665,2016-03-18T06:00:00Z,0,0
8792009665,2016-03-18T07:00:00Z,0,0
8792009665,2016-03-18T08:00:00Z,0,0
8792009665,2016-03-18T09:00:00Z,0,0
8792009665,2016-03-18T10:00:00Z,0,0
8792009665,2016-03-18T11:00:00Z,0,0
8792009665,2016-03-18T12:00:00Z,0,0
8792009665,2016-03-18T13:00:00Z,0,0
8792009665,2016-03-18T14:00:00Z,0,0
8792009665,2016-03-18T15:00:00Z,0,0
8792009665,2016-03-18T16:00:00Z,0,0
8792009665,2016-03-18T17:00:00Z,0,0
8792009665,2016-03-18T18:00:00Z,0,0
8792009665,2016-03-18T19:00:00Z,0,0
8792009665,2016-03-18T20:00:00Z,0,0
8792009665,2016-03-18T21:00:00Z,0,0
8792009665,2016-03-18T22:00:00Z,0,0
8792009665,2016-03-18T23:00:00Z,0,0
8792009665,2016-03-19T00:00:00Z,0,0
8792009665,2016-03-19T01:00:00Z,0,0
8792009665,2016-03-19T02:00:00Z,0,0
8792009665,2016-03-19T03:00:00Z,0,0
8792009665,2016-03-19T04:00:00Z,0,0
8792009665,2016-03-19T05:00:00Z,0,0
8792009665,2016-03-19T06:00:00Z,0,0
8792009665,2016-03-19T07:00:00Z,0,0
8792009665,2016-03-19T08:00:00Z,0,0
8792009665,2016-03-19T09:00:00Z,0,0
8792009665,2016-03-19T10:00:00Z,0,0
8792009665,2016-03-19T11:00:00Z,0,0
8792009665,2016-03-19T12:00:00Z,0,0
8792009665,2016-03-19T13:00:00Z,0,0
8792009665,2016-03-19T14:00:00Z,0,0
8792009665,2016-03-19T15:00:00Z,0,0
8792009665,2016-03-19T16:00:00Z,0,0
8792009665,2016-03-19T17:00:00Z,0,0
8792009665,2016-03-19T18:00:00Z,0,0
8792009665,2016-03-19T19:00:00Z,0,0
8792009665,2016-03-19T20:00:00Z,0,0
8792009665,2016-03-19T21:00:00Z,0,0
8792009665,2016-03-19T22:00:00Z,0,0
8792009665,2016-03-19T23:00:00Z,0,0
8792009665,2016-03-20T00:00:00Z,0,0
8792009665,2016-03-20T01:00:00Z,0,0
8792009665,2016-03-20T02:00:00Z,0,0
8792009665,2016-03-20T03:00:00Z,0,0
8792009665,2016-03-20T04:00:00Z,0,0
8792009665,2016-03-20T05:00:00Z,0,0
8792009665,2016-03-20T06:00:00Z,0,0
8792009665,2016-03-20T07:00:00Z,0,0
8792009665,2016-03-20T08:00:00Z,0,0
8792009665,2016-03-20T09:00:00Z,0,0
8792009665,2016-03-20T10:00:00Z,0,0
8792009665,2016-03-20T11:00:00Z,0,0
8792009665,2016-03-20T12:00:00Z,0,0
8792009665,2016-03-20T13:00:00Z,0,0
8792009665,2016-03-20T14:00:00Z,0,0
8792009665,2016-03-20T15:00:00Z,0,0
8792009665,2016-03-20T16:00:00Z,0,0
8792009665,2016-03-20T17:00:00Z,0,0
8792009665,2016-03-20T18:00:00Z,0,0
8792009665,2016-03-20T19:00:00Z,0,0
8792009665,2016-03-20T20:00:00Z,0,0
8792009665,2016-03-20T21:00:00Z,0,0
8792009665,2016-03-20T22:00:00Z,0,0
8792009665,2016-03-20T23:00:00Z,0,0
8792009665,2016-03-21T00:00:00Z,0,0
8792009665,2016-03-21T01:00:00Z,0,0
8792009665,2016-03-21T02:00:00Z,0,0
8792009665,2016-03-21T03:00:00Z,0,0
8792009665,2016-03-21T04:00:00Z,0,0
8792009665,2016-03-21T05:00:00Z,0,0
8792009665,2016-03-21T06:00:00Z,0,0
8792009665,2016-03-21T07:00:00Z,0,0
8792009665,2016-03-21T08:00:00Z,0,0
8792009665,2016-03-21T09:00:00Z,0,0
8792009665,2016-03-21T10:00:00Z,0,0
8792009665,2016-03-21T11:00:00Z,0,0
8792009665,2016-03-21T12:00:00Z,0,0
8792009665,2016-03-21T13:00:00Z,0,0
8792009665,2016-03-21T14:00:00Z,0,0
8792009665,2016-03-21T15:00:00Z,0,0
8792009665,2016-03-21T16:00:00Z,0,0
8792009665,2016-03-21T17:00:00Z,0,0
8792009665,2016-03-21T18:00:00Z,0,0
8792009665,2016-03-21T19:00:00Z,0,0
8792009665,2016-03-21T20:00:00Z,0,0
8792009665,2016-03-21T21:00:00Z,0,0
8792009665,2016-03-21T22:00:00Z,0,0
8792009665,2016-03-21T23:00:00Z,0,0
8792009665,2016-03-22T00:00:00Z,0,0
8792009665,2016-03-22T01:00:00Z,0,0
8792009665,2016-03-22T02:00:00Z,0,0
8792009665,2016-03-22T03:00:00Z,0,0
8792009665,2016-03-22T04:00:00Z,0,0
8792009665,2016-03-22T05:00:00Z,0,0
8792009665,2016-03-22T06:00:00Z,0,0
8792009665,2016-03-22T07:00:00Z,0,0
8792009665,2016-03-22T08:00:00Z,0,0
8792009665,2016-03-22T09:00:00Z,0,0
8792009665,2016-03-22T10:00:00Z,0,0
8792009665,2016-03-22T11:00:00Z,0,0
8792009665,2016-03-22T12:00:00Z,0,0
8792009665,2016-03-22T13:00:00Z,0,0
8792009665,2016-03-22T14:00:00Z,0,0
8792009665,2016-03-22T15:00:00Z,0,0
8792009665,2016-03-22T16:00:00Z,0,0
8792009665,2016-03-22T17:00:00Z,0,0
8792009665,2016-03-22T18:00:00Z,0,0
8792009665,2016-03-22T19:00:00Z,0,0
8792009665,2016-03-22T20:00:00Z,0,0
8792009665,2016-03-22T21:00:00Z,0,0
8792009665,2016-03-22T22:00:00Z,0,0
8792009665,2016-03-22T23:00:00Z,0,0
8792009665,2016-03-23T00:00:00Z,0,0
8792009665,2016-03-23T01:00:00Z,0,0
8792009665,2016-03-23T02:00:00Z,0,0
8792009665,2016-03-23T03:00:00Z,0,0
8792009665,2016-03-23T04:00:00Z,0,0
8792009665,2016-03-23T05:00:00Z,0,0
8792009665,2016-03-23T06:00:00Z,0,0
8792009665,2016-03-23T07:00:00Z,0,0
8792009665,2016-03-23T08:00:00Z,0,0
8792009665,2016-03-23T09:00:00Z,0,0
8792009665,2016-03-23T10:00:00Z,0,0
8792009665,2016-03-23T11:00:00Z,0,0
8792009665,2016-03-23T12:00:00Z,0,0
8792009665,2016-03-23T13:00:00Z,0,0
8792009665,2016-03-23T14:00:00Z,0,0
8792009665,2016-03-23T15:00:00Z,0,0
8792009665,2016-03-23T16:00:00Z,0,0
8792009665,2016-03-23T17:00:00Z,0,0
8792009665,2016-03-23T18:00:00Z,0,0
8792009665,2016-03-23T19:00:00Z,0,0
8792009665,2016-03-23T20:00:00Z,0,0
8792009665,2016-03-23T21:00:00Z,0,0
8792009665,2016-03-23T22:00:00Z,0,0
8792009665,2016-03-23T23:00:00Z,0,0
8792009665,2016-03-24T00:00:00Z,0,0
8792009665,2016-03-24T01:00:00Z,0,0
8792009665,2016-03-24T02:00:00Z,0,0
8792009665,2016-03-24T03:00:00Z,0,0
8792009665,2016-03-24T04:00:00Z,0,0
8792009665,2016-03-24T05:00:00Z,0,0
8792009665,2016-03-24T06:00:00Z,0,0
8792009665,2016-03-24T07:00:00Z,0,0
8792009665,2016-03-24T08:00:00Z,0,0
8792009665,2016-03-24T09:00:00Z,0,0
8792009665,2016-03-24T10:00:00Z,0,0
8792009665,2016-03-24T11:00:00Z,0,0
8792009665,2016-03-24T12:00:00Z,0,0
8792009665,2016-03-24T13:00:00Z,0,0
8792009665,2016-03-24T14:00:00Z,0,0
8792009665,2016-03-24T15:00:00Z,0,0
8792009665,2016-03-24T16:00:00Z,0,0
8792009665,2016-03-24T17:00:00Z,0,0
8792009665,2016-03-24T18:00:00Z,0,0
8792009665,2016-03-24T19:00:00Z,0,0
8792009665,2016-03-24T20:00:00Z,0,0
8792009665,2016-03-24T21:00:00Z,0,0
8792009665,2016-03-24T22:00:00Z,0,0
8792009665,2016-03-24T23:00:00Z,0,0
8792009665,2016-03-25T00:00:00Z,0,0
8792009665,2016-03-25T01:00:00Z,0,0
8792009665,2016-03-25T02:00:00Z,0,0
8792009665,2016-03-25T03:00:00Z,0,0
8792009665,2016-03-25T04:00:00Z,0,0
8792009665,2016-03-25T05:00:00Z,0,0
8792009665,2016-03-25T06:00:00Z,0,0
8792009665,2016-03-25T07:00:00Z,0,0
8792009665,2016-03-25T08:00:00Z,0,0
8792009665,2016-03-25T09:00:00Z,0,0
8792009665,2016-03-25T10:00:00Z,0,0
8792009665,2016-03-25T11:00:00Z,0,0
8792009665,2016-03-25T12:00:00Z,0,0
8792009665,2016-03-25T13:00:00Z,0,0
8792009665,2016-03-25T14:00:00Z,0,0
8792009665,2016-03-25T15:00:00Z,0,0
8792009665,2016-03-25T16:00:00Z,0,0
8792009665,2016-03-25T17:00:00Z,0,0
8792009665,2016-03-25T18:00:00Z,0,0
8792009665,2016-03-25T19:00:00Z,0,0
8792009665,2016-03-25T20:00:00Z,0,0
8792009665,2016-03-25T21:00:00Z,0,0
8792009665,2016-03-25T22:00:00Z,0,0
8792009665,2016-03-25T23:00:00Z,0,0
8792009665,2016-03-26T00:00:00Z,0,0
8792009665,2016-03-26T01:00:00Z,0,0
8792009665,2016-03-26T02:00:00Z,0,0
8792009665,2016-03-26T03:00:00Z,0,0
8792009665,2016-03-26T04:00:00Z,0,0
8792009665,2016-03-26T05:00:00Z,0,0
8792009665,2016-03-26T06:00:00Z,0,0
8792009665,2016-03-26T07:00:00Z,0,0
8792009665,2016-03-26T08:00:00Z,0,0
8792009665,2016-03-26T09:00:00Z,0,0
8792009665,2016-03-26T10:00:00Z,0,0
8792009665,2016-03-26T11:00:00Z,0,0
8792009665,2016-03-26T12:00:00Z,0,0
8792009665,2016-03-26T13:00:00Z,0,0
8792009665,2016-03-26T14:00:00Z,0,0
8792009665,2016-03-26T15:00:00Z,0,0
8792009665,2016-03-26T16:00:00Z,0,0
8792009665,2016-03-26T17:00:00Z,0,0
8792009665,2016-03-26T18:00:00Z,0,0
8792009665,2016-03-26T19:00:00Z,0,0
8792009665,2016-03-26T20:00:00Z,0,0
8792009665,2016-03-26T21:00:00Z,0,0
8792009665,2016-03-26T22:00:00Z,0,0
8792009665,2016-03-26T23:00:00Z,0,0
8792009665,2016-03-27T00:00:00Z,0,0
8792009665,2016-03-27T01:00:00Z,0,0
8792009665,2016-03-27T02:00:00Z,0,0
8792009665,2016-03-27T03:00:00Z,3,0.05
8792009665,2016-03-27T04:00:00Z,0,0
8792009665,2016-03-27T05:00:00Z,1,0.016667
8792009665,2016-03-27T06:00:00Z,0,0
8792009665,2016-03-27T07:00:00Z,0,0
8792009665,2016-03-27T08:00:00Z,0,0
8792009665,2016-03-27T09:00:00Z,2,0.033333
8792009665,2016-03-27T10:00:00Z,0,0
8792009665,2016-03-27T11:00:00Z,22,0.366667
8792009665,2016-03-27T12:00:00Z,42,0.7
8792009665,2016-03-27T13:00:00Z,6,0.1
8792009665,2016-03-27T14:00:00Z,4,0.066667
8792009665,2016-03-27T15:00:00Z,42,0.7
8792009665,2016-03-27T16:00:00Z,40,0.666667
8792009665,2016-03-27T17:00:00Z,56,0.933333
8792009665,2016-03-27T18:00:00Z,17,0.283333
8792009665,2016-03-27T19:00:00Z,24,0.4
8792009665,2016-03-27T20:00:00Z,12,0.2
8792009665,2016-03-27T21:00:00Z,0,0
8792009665,2016-03-27T22:00:00Z,3,0.05
8792009665,2016-03-27T23:00:00Z,1,0.016667
8792009665,2016-03-28T00:00:00Z,34,0.566667
8792009665,2016-03-28T01:00:00Z,24,0.4
8792009665,2016-03-28T02:00:00Z,2,0.033333
8792009665,2016-03-28T03:00:00Z,2,0.033333
8792009665,2016-03-28T04:00:00Z,7,0.116667
8792009665,2016-03-28T05:00:00Z,0,0
8792009665,2016-03-28T06:00:00Z,1,0.016667
8792009665,2016-03-28T07:00:00Z,0,0
8792009665,2016-03-28T08:00:00Z,2,0.033333
8792009665,2016-03-28T09:00:00Z,0,0
8792009665,2016-03-28T10:00:00Z,0,0
8792009665,2016-03-28T11:00:00Z,0,0
8792009665,2016-03-28T12:00:00Z,15,0.25
8792009665,2016-03-28T13:00:00Z,3,0.05
8792009665,2016-03-28T14:00:00Z,9,0.15
8792009665,2016-03-28T15:00:00Z,19,0.316667
8792009665,2016-03-28T16:00:00Z,1,0.016667
8792009665,2016-03-28T17:00:00Z,0,0
8792009665,2016-03-28T18:00:00Z,0,0
8792009665,2016-03-28T19:00:00Z,0,0
8792009665,2016-03-28T20:00:00Z,0,0
8792009665,2016-03-28T21:00:00Z,0,0
8792009665,2016-03-28T22:00:00Z,0,0
8792009665,2016-03-28T23:00:00Z,0,0
8792009665,2016-03-29T00:00:00Z,0,0
8792009665,2016-03-29T01:00:00Z,0,0
8792009665,2016-03-29T02:00:00Z,0,0
8792009665,2016-03-29T03:00:00Z,0,0
8792009665,2016-03-29T04:00:00Z,0,0
8792009665,2016-03-29T05:00:00Z,0,0
8792009665,2016-03-29T06:00:00Z,0,0
8792009665,2016-03-29T07:00:00Z,1,0.016667
8792009665,2016-03-29T08:00:00Z,0,0
8792009665,2016-03-29T09:00:00Z,0,0
8792009665,2016-03-29T10:00:00Z,0,0
8792009665,2016-03-29T11:00:00Z,11,0.183333
8792009665,2016-03-29T12:00:00Z,1,0.016667
8792009665,2016-03-29T13:00:00Z,8,0.133333
8792009665,2016-03-29T14:00:00Z,0,0
8792009665,2016-03-29T15:00:00Z,0,0
8792009665,2016-03-29T16:00:00Z,0,0
8792009665,2016-03-29T17:00:00Z,28,0.466667
8792009665,2016-03-29T18:00:00Z,10,0.166667
8792009665,2016-03-29T19:00:00Z,15,0.25
8792009665,2016-03-29T20:00:00Z,2,0.033333
8792009665,2016-03-29T21:00:00Z,4,0.066667
8792009665,2016-03-29T22:00:00Z,3,0.05
8792009665,2016-03-29T23:00:00Z,4,0.066667
8792009665,2016-03-30T00:00:00Z,16,0.266667
8792009665,2016-03-30T01:00:00Z,11,0.183333
8792009665,2016-03-30T02:00:00Z,3,0.05
8792009665,2016-03-30T03:00:00Z,0,0
8792009665,2016-03-30T04:00:00Z,0,0
8792009665,2016-03-30T05:00:00Z,0,0
8792009665,2016-03-30T06:00:00Z,3,0.05
8792009665,2016-03-30T07:00:00Z,0,0
8792009665,2016-03-30T08:00:00Z,0,0
8792009665,2016-03-30T09:00:00Z,0,0
8792009665,2016-03-30T10:00:00Z,0,0
8792009665,2016-03-30T11:00:00Z,7,0.116667
8792009665,2016-03-30T12:00:00Z,1,0.016667
8792009665,2016-03-30T13:00:00Z,3,0.05
8792009665,2016-03-30T14:00:00Z,1,0.016667
8792009665,2016-03-30T15:00:00Z,1,0.016667
8792009665,2016-03-30T16:00:00Z,0,0
8792009665,2016-03-30T17:00:00Z,14,0.233333
8792009665,2016-03-30T18:00:00Z,1,0.016667
8792009665,2016-03-30T19:00:00Z,0,0
8792009665,2016-03-30T20:00:00Z,0,0
8792009665,2016-03-30T21:00:00Z,0,0
8792009665,2016-03-30T22:00:00Z,0,0
8792009665,2016-03-30T23:00:00Z,0,0
8792009665,2016-03-31T00:00:00Z,0,0
8792009665,2016-03-31T01:00:00Z,2,0.033333
8792009665,2016-03-31T02:00:00Z,0,0
8792009665,2016-03-31T03:00:00Z,0,0
8792009665,2016-03-31T04:00:00Z,0,0
8792009665,2016-03-31T05:00:00Z,0,0
8792009665,2016-03-31T06:00:00Z,0,0
8792009665,2016-03-31T07:00:00Z,0,0
8792009665,2016-03-31T08:00:00Z,0,0
8792009665,2016-03-31T09:00:00Z,0,0
8792009665,2016-03-31T10:00:00Z,0,0
8792009665,2016-03-31T11:00:00Z,0,0
8792009665,2016-03-31T12:00:00Z,0,0
8792009665,2016-03-31T13:00:00Z,0,0
8792009665,2016-03-31T14:00:00Z,0,0
8792009665,2016-03-31T15:00:00Z,2,0.033333
8792009665,2016-03-31T16:00:00Z,18,0.3
8792009665,2016-03-31T17:00:00Z,22,0.366667
8792009665,2016-03-31T18:00:00Z,6,0.1
8792009665,2016-03-31T19:00:00Z,31,0.516667
8792009665,2016-03-31T20:00:00Z,37,0.616667
8792009665,2016-03-31T21:00:00Z,24,0.4
8792009665,2016-03-31T22:00:00Z,1,0.016667
8792009665,2016-03-31T23:00:00Z,1,0.016667
8792009665,2016-04-01T00:00:00Z,1,0.016667
8792009665,2016-04-01T01:00:00Z,43,0.716667
8792009665,2016-04-01T02:00:00Z,1,0.016667
8792009665,2016-04-01T03:00:00Z,1,0.016667
8792009665,2016-04-01T04:00:00Z,1,0.016667
8792009665,2016-04-01T05:00:00Z,0,0
8792009665,2016-04-01T06:00:00Z,0,0
8792009665,2016-04-01T07:00:00Z,0,0
8792009665,2016-04-01T08:00:00Z,3,0.05
8792009665,2016-04-01T09:00:00Z,5,0.083333
8792009665,2016-04-01T10:00:00Z,0,0
8792009665,2016-04-01T11:00:00Z,5,0.083333
8792009665,2016-04-01T12:00:00Z,10,0.166667
8792009665,2016-04-01T13:00:00Z,1,0.016667
8792009665,2016-04-01T14:00:00Z,10,0.166667
8792009665,2016-04-01T15:00:00Z,4,0.066667
8792009665,2016-04-01T16:00:00Z,19,0.316667
8792009665,2016-04-01T17:00:00Z,50,0.833333
8792009665,2016-04-01T18:00:00Z,16,0.266667
8792009665,2016-04-01T19:00:00Z,7,0.116667
8792009665,2016-04-01T20:00:00Z,3,0.05
8792009665,2016-04-01T21:00:00Z,3,0.05
8792009665,2016-04-01T22:00:00Z,21,0.35
8792009665,2016-04-01T23:00:00Z,0,0
8792009665,2016-04-02T00:00:00Z,0,0
8792009665,2016-04-02T01:00:00Z,2,0.033333
8792009665,2016-04-02T02:00:00Z,0,0
8792009665,2016-04-02T03:00:00Z,0,0
8792009665,2016-04-02T04:00:00Z,0,0
8792009665,2016-04-02T05:00:00Z,0,0
8792009665,2016-04-02T06:00:00Z,0,0
8792009665,2016-04-02T07:00:00Z,0,0
8792009665,2016-04-02T08:00:00Z,0,0
8792009665,2016-04-02T09:00:00Z,0,0
8792009665,2016-04-02T10:00:00Z,18,0.3
8792009665,2016-04-02T11:00:00Z,28,0.466667
8792009665,2016-04-02T12:00:00Z,10,0.166667
8792009665,2016-04-02T13:00:00Z,35,0.583333
8792009665,2016-04-02T14:00:00Z,39,0.65
8792009665,2016-04-02T15:00:00Z,55,0.916667
8792009665,2016-04-02T16:00:00Z,28,0.466667
8792009665,2016-04-02T17:00:00Z,25,0.416667
8792009665,2016-04-02T18:00:00Z,35,0.583333
8792009665,2016-04-02T19:00:00Z,46,0.766667
8792009665,2016-04-02T20:00:00Z,15,0.25
8792009665,2016-04-02T21:00:00Z,16,0.266667
8792009665,2016-04-02T22:00:00Z,48,0.8
8792009665,2016-04-02T23:00:00Z,3,0.05
8792009665,2016-04-03T00:00:00Z,5,0.083333
8792009665,2016-04-03T01:00:00Z,0,0
8792009665,2016-04-03T02:00:00Z,0,0
8792009665,2016-04-03T03:00:00Z,0,0
8792009665,2016-04-03T04:00:00Z,0,0
8792009665,2016-04-03T05:00:00Z,2,0.033333
8792009665,2016-04-03T06:00:00Z,0,0
8792009665,2016-04-03T07:00:00Z,4,0.066667
8792009665,2016-04-03T08:00:00Z,0,0
8792009665,2016-04-03T09:00:00Z,10,0.166667
8792009665,2016-04-03T10:00:00Z,30,0.5
8792009665,2016-04-03T11:00:00Z,13,0.216667
8792009665,2016-04-03T12:00:00Z,15,0.25
8792009665,2016-04-03T13:00:00Z,37,0.616667
8792009665,2016-04-03T14:00:00Z,24,0.4
8792009665,2016-04-03T15:00:00Z,44,0.733333
8792009665,2016-04-03T16:00:00Z,14,0.233333
8792009665,2016-04-03T17:00:00Z,22,0.366667
8792009665,2016-04-03T18:00:00Z,14,0.233333
8792009665,2016-04-03T19:00:00Z,23,0.383333
8792009665,2016-04-03T20:00:00Z,17,0.283333
8792009665,2016-04-03T21:00:00Z,13,0.216667
8792009665,2016-04-03T22:00:00Z,6,0.1
8792009665,2016-04-03T23:00:00Z,4,0.066667
8792009665,2016-04-04T00:00:00Z,8,0.133333
8792009665,2016-04-04T01:00:00Z,2,0.033333
8792009665,2016-04-04T02:00:00Z,0,0
8792009665,2016-04-04T03:00:00Z,0,0
8792009665,2016-04-04T04:00:00Z,0,0
8792009665,2016-04-04T05:00:00Z,0,0
8792009665,2016-04-04T06:00:00Z,2,0.033333
8792009665,2016-04-04T07:00:00Z,0,0
8792009665,2016-04-04T08:00:00Z,0,0
8792009665,2016-04-04T09:00:00Z,2,0.033333
8792009665,2016-04-04T10:00:00Z,6,0.1
8792009665,2016-04-04T11:00:00Z,11,0.183333
8792009665,2016-04-04T12:00:00Z,7,0.116667
8792009665,2016-04-04T13:00:00Z,10,0.166667
8792009665,2016-04-04T14:00:00Z,3,0.05
8792009665,2016-04-04T15:00:00Z,4,0.066667
8792009665,2016-04-04T16:00:00Z,28,0.466667
8792009665,2016-04-04T17:00:00Z,26,0.433333
8792009665,2016-04-04T18:00:00Z,30,0.5
8792009665,2016-04-04T19:00:00Z,30,0.5
8792009665,2016-04-04T20:00:00Z,3,0.05
8792009665,2016-04-04T21:00:00Z,4,0.066667
8792009665,2016-04-04T22:00:00Z,0,0
8792009665,2016-04-04T23:00:00Z,3,0.05
8792009665,2016-04-05T00:00:00Z,1,0.016667
8792009665,2016-04-05T01:00:00Z,53,0.883333
8792009665,2016-04-05T02:00:00Z,11,0.183333
8792009665,2016-04-05T03:00:00Z,5,0.083333
8792009665,2016-04-05T04:00:00Z,0,0
8792009665,2016-04-05T05:00:00Z,0,0
8792009665,2016-04-05T06:00:00Z,0,0
8792009665,2016-04-05T07:00:00Z,0,0
8792009665,2016-04-05T08:00:00Z,0,0
8792009665,2016-04-05T09:00:00Z,3,0.05
8792009665,2016-04-05T10:00:00Z,4,0.066667
8792009665,2016-04-05T11:00:00Z,5,0.083333
8792009665,2016-04-05T12:00:00Z,10,0.166667
8792009665,2016-04-05T13:00:00Z,0,0
8792009665,2016-04-05T14:00:00Z,5,0.083333
8792009665,2016-04-05T15:00:00Z,11,0.183333
8792009665,2016-04-05T16:00:00Z,0,0
8792009665,2016-04-05T17:00:00Z,3,0.05
8792009665,2016-04-05T18:00:00Z,0,0
8792009665,2016-04-05T19:00:00Z,10,0.166667
8792009665,2016-04-05T20:00:00Z,9,0.15
8792009665,2016-04-05T21:00:00Z,1,0.016667
8792009665,2016-04-05T22:00:00Z,0,0
8792009665,2016-04-05T23:00:00Z,3,0.05
8792009665,2016-04-06T00:00:00Z,7,0.116667
8792009665,2016-04-06T01:00:00Z,8,0.133333
8792009665,2016-04-06T02:00:00Z,1,0.016667
8792009665,2016-04-06T03:00:00Z,0,0
8792009665,2016-04-06T04:00:00Z,0,0
8792009665,2016-04-06T05:00:00Z,0,0
8792009665,2016-04-06T06:00:00Z,2,0.033333
8792009665,2016-04-06T07:00:00Z,0,0
8792009665,2016-04-06T08:00:00Z,4,0.066667
8792009665,2016-04-06T09:00:00Z,1,0.016667
8792009665,2016-04-06T10:00:00Z,5,0.083333
8792009665,2016-04-06T11:00:00Z,13,0.216667
8792009665,2016-04-06T12:00:00Z,5,0.083333
8792009665,2016-04-06T13:00:00Z,1,0.016667
8792009665,2016-04-06T14:00:00Z,6,0.1
8792009665,2016-04-06T15:00:00Z,9,0.15
8792009665,2016-04-06T16:00:00Z,6,0.1
8792009665,2016-04-06T17:00:00Z,21,0.35
8792009665,2016-04-06T18:00:00Z,14,0.233333
8792009665,2016-04-06T19:00:00Z,11,0.183333
8792009665,2016-04-06T20:00:00Z,6,0.1
8792009665,2016-04-06T21:00:00Z,1,0.016667
8792009665,2016-04-06T22:00:00Z,0,0
8792009665,2016-04-06T23:00:00Z,1,0.016667
8792009665,2016-04-07T00:00:00Z,10,0.166667
8792009665,2016-04-07T01:00:00Z,13,0.216667
8792009665,2016-04-07T02:00:00Z,2,0.033333
8792009665,2016-04-07T03:00:00Z,0,0
8792009665,2016-04-07T04:00:00Z,0,0
8792009665,2016-04-07T05:00:00Z,0,0
8792009665,2016-04-07T06:00:00Z,0,0
8792009665,2016-04-07T07:00:00Z,0,0
8792009665,2016-04-07T08:00:00Z,3,0.05
8792009665,2016-04-07T09:00:00Z,1,0.016667
8792009665,2016-04-07T10:00:00Z,5,0.083333
8792009665,2016-04-07T11:00:00Z,9,0.15
8792009665,2016-04-07T12:00:00Z,11,0.183333
8792009665,2016-04-07T13:00:00Z,1,0.016667
8792009665,2016-04-07T14:00:00Z,4,0.066667
8792009665,2016-04-07T15:00:00Z,4,0.066667
8792009665,2016-04-07T16:00:00Z,1,0.016667
8792009665,2016-04-07T17:00:00Z,13,0.216667
8792009665,2016-04-07T18:00:00Z,0,0
8792009665,2016-04-07T19:00:00Z,0,0
8792009665,2016-04-07T20:00:00Z,0,0
8792009665,2016-04-07T21:00:00Z,0,0
8792009665,2016-04-07T22:00:00Z,0,0
8792009665,2016-04-07T23:00:00Z,0,0
8792009665,2016-04-08T00:00:00Z,0,0
8792009665,2016-04-08T01:00:00Z,5,0.083333
8792009665,2016-04-08T02:00:00Z,4,0.066667
8792009665,2016-04-08T03:00:00Z,5,0.083333
8792009665,2016-04-08T04:00:00Z,0,0
8792009665,2016-04-08T05:00:00Z,0,0
8792009665,2016-04-08T06:00:00Z,5,0.083333
8792009665,2016-04-08T07:00:00Z,0,0
8792009665,2016-04-08T08:00:00Z,1,0.016667
8792009665,2016-04-08T09:00:00Z,0,0
8792009665,2016-04-08T10:00:00Z,0,0
8792009665,2016-04-08T11:00:00Z,33,0.55
8792009665,2016-04-08T12:00:00Z,10,0.166667
8792009665,2016-04-08T13:00:00Z,6,0.1
8792009665,2016-04-08T14:00:00Z,0,0
8792009665,2016-04-08T15:00:00Z,0,0
8792009665,2016-04-08T16:00:00Z,12,0.2
8792009665,2016-04-08T17:00:00Z,7,0.116667
8792009665,2016-04-08T18:00:00Z,5,0.083333
8792009665,2016-04-08T19:00:00Z,0,0
8792009665,2016-04-08T20:00:00Z,0,0
8792009665,2016-04-08T21:00:00Z,0,0
8792009665,2016-04-08T22:00:00Z,0,0
8792009665,2016-04-08T23:00:00Z,0,0
8792009665,2016-04-09T00:00:00Z,0,0
8792009665,2016-04-09T01:00:00Z,14,0.233333
8792009665,2016-04-09T02:00:00Z,0,0
8792009665,2016-04-09T03:00:00Z,0,0
8792009665,2016-04-09T04:00:00Z,0,0
8792009665,2016-04-09T05:00:00Z,0,0
8792009665,2016-04-09T06:00:00Z,5,0.083333
8792009665,2016-04-09T07:00:00Z,0,0
8792009665,2016-04-09T08:00:00Z,0,0
8792009665,2016-04-09T09:00:00Z,0,0
8792009665,2016-04-09T10:00:00Z,0,0
8792009665,2016-04-09T11:00:00Z,9,0.15
8792009665,2016-04-09T12:00:00Z,5,0.083333
8792009665,2016-04-09T13:00:00Z,0,0
8792009665,2016-04-09T14:00:00Z,13,0.216667
8792009665,2016-04-09T15:00:00Z,5,0.083333
8792009665,2016-04-09T16:00:00Z,3,0.05
8792009665,2016-04-09T17:00:00Z,6,0.1
8792009665,2016-04-09T18:00:00Z,3,0.05
8792009665,2016-04-09T19:00:00Z,0,0
8792009665,2016-04-09T20:00:00Z,0,0
8792009665,2016-04-09T21:00:00Z,0,0
8792009665,2016-04-09T22:00:00Z,0,0
8792009665,2016-04-09T23:00:00Z,0,0
8792009665,2016-04-10T00:00:00Z,0,0
8792009665,2016-04-10T01:00:00Z,0,0
8792009665,2016-04-10T02:00:00Z,0,0
8792009665,2016-04-10T03:00:00Z,0,0
8792009665,2016-04-10T04:00:00Z,0,0
8792009665,2016-04-10T05:00:00Z,0,0
8792009665,2016-04-10T06:00:00Z,0,0
8792009665,2016-04-10T07:00:00Z,0,0
8792009665,2016-04-10T08:00:00Z,0,0
8792009665,2016-04-10T09:00:00Z,0,0
8792009665,2016-04-10T10:00:00Z,0,0
8792009665,2016-04-10T11:00:00Z,0,0
8792009665,2016-04-10T12:00:00Z,6,0.1
8792009665,2016-04-10T13:00:00Z,20,0.333333
8792009665,2016-04-10T14:00:00Z,23,0.383333
8792009665,2016-04-10T15:00:00Z,14,0.233333
8792009665,2016-04-10T16:00:00Z,30,0.5
8792009665,2016-04-10T17:00:00Z,31,0.516667
8792009665,2016-04-10T18:00:00Z,23,0.383333
8792009665,2016-04-10T19:00:00Z,16,0.266667
8792009665,2016-04-10T20:00:00Z,5,0.083333
8792009665,2016-04-10T21:00:00Z,4,0.066667
8792009665,2016-04-10T22:00:00Z,4,0.066667
8792009665,2016-04-10T23:00:00Z,3,0.05
8792009665,2016-04-11T00:00:00Z,11,0.183333
8792009665,2016-04-11T01:00:00Z,1,0.016667
8792009665,2016-04-11T02:00:00Z,0,0
8792009665,2016-04-11T03:00:00Z,0,0
8792009665,2016-04-11T04:00:00Z,0,0
8792009665,2016-04-11T05:00:00Z,0,0
8792009665,2016-04-11T06:00:00Z,0,0
8792009665,2016-04-11T07:00:00Z,0,0
8792009665,2016-04-11T08:00:00Z,0,0
8792009665,2016-04-11T09:00:00Z,0,0
8792009665,2016-04-11T10:00:00Z,0,0
8792009665,2016-04-11T11:00:00Z,0,0
8792009665,2016-04-11T12:00:00Z,0,0
8792009665,2016-04-11T13:00:00Z,0,0
8792009665,2016-04-11T14:00:00Z,0,0
8792009665,2016-04-11T15:00:00Z,0,0
8792009665,2016-04-11T16:00:00Z,0,0
8792009665,2016-04-11T17:00:00Z,0,0
8792009665,2016-04-11T18:00:00Z,0,0
8792009665,2016-04-11T19:00:00Z,0,0
8792009665,2016-04-11T20:00:00Z,0,0
8792009665,2016-04-11T21:00:00Z,0,0
8792009665,2016-04-11T22:00:00Z,0,0
8792009665,2016-04-11T23:00:00Z,0,0
8792009665,2016-04-12T00:00:00Z,0,0
8792009665,2016-04-12T01:00:00Z,0,0
8792009665,2016-04-12T02:00:00Z,3,0.05
8792009665,2016-04-12T03:00:00Z,0,0
8792009665,2016-04-12T04:00:00Z,0,0
8792009665,2016-04-12T05:00:00Z,0,0
8792009665,2016-04-12T06:00:00Z,0,0
8792009665,2016-04-12T07:00:00Z,0,0
8792009665,2016-04-12T08:00:00Z,3,0.05
8792009665,2016-04-12T09:00:00Z,0,0
8877689391,2016-03-12T00:00:00Z,0,0
8877689391,2016-03-12T01:00:00Z,0,0
8877689391,2016-03-12T02:00:00Z,0,0
8877689391,2016-03-12T03:00:00Z,0,0
8877689391,2016-03-12T04:00:00Z,0,0
8877689391,2016-03-12T05:00:00Z,0,0
8877689391,2016-03-12T06:00:00Z,0,0
8877689391,2016-03-12T07:00:00Z,0,0
8877689391,2016-03-12T08:00:00Z,11,0.183333
8877689391,2016-03-12T09:00:00Z,7,0.116667
8877689391,2016-03-12T10:00:00Z,32,0.533333
8877689391,2016-03-12T11:00:00Z,49,0.816667
8877689391,2016-03-12T12:00:00Z,36,0.6
8877689391,2016-03-12T13:00:00Z,30,0.5
8877689391,2016-03-12T14:00:00Z,160,2.666667
8877689391,2016-03-12T15:00:00Z,72,1.2
8877689391,2016-03-12T16:00:00Z,11,0.183333
8877689391,2016-03-12T17:00:00Z,11,0.183333
8877689391,2016-03-12T18:00:00Z,18,0.3
8877689391,2016-03-12T19:00:00Z,19,0.316667
8877689391,2016-03-12T20:00:00Z,12,0.2
8877689391,2016-03-12T21:00:00Z,41,0.683333
8877689391,2016-03-12T22:00:00Z,25,0.416667
8877689391,2016-03-12T23:00:00Z,0,0
8877689391,2016-03-13T00:00:00Z,0,0
8877689391,2016-03-13T01:00:00Z,0,0
8877689391,2016-03-13T02:00:00Z,0,0
8877689391,2016-03-13T03:00:00Z,0,0
8877689391,2016-03-13T04:00:00Z,0,0
8877689391,2016-03-13T05:00:00Z,0,0
8877689391,2016-03-13T06:00:00Z,0,0
8877689391,2016-03-13T07:00:00Z,4,0.066667
8877689391,2016-03-13T08:00:00Z,19,0.316667
8877689391,2016-03-13T09:00:00Z,24,0.4
8877689391,2016-03-13T10:00:00Z,21,0.35
8877689391,2016-03-13T11:00:00Z,11,0.183333
8877689391,2016-03-13T12:00:00Z,32,0.533333
8877689391,2016-03-13T13:00:00Z,11,0.183333
8877689391,2016-03-13T14:00:00Z,7,0.116667
8877689391,2016-03-13T15:00:00Z,4,0.066667
8877689391,2016-03-13T16:00:00Z,13,0.216667
8877689391,2016-03-13T17:00:00Z,8,0.133333
8877689391,2016-03-13T18:00:00Z,19,0.316667
8877689391,2016-03-13T19:00:00Z,55,0.916667
8877689391,2016-03-13T20:00:00Z,20,0.333333
8877689391,2016-03-13T21:00:00Z,31,0.516667
8877689391,2016-03-13T22:00:00Z,0,0
8877689391,2016-03-13T23:00:00Z,0,0
8877689391,2016-03-14T00:00:00Z,0,0
8877689391,2016-03-14T01:00:00Z,0,0
8877689391,2016-03-14T02:00:00Z,0,0
8877689391,2016-03-14T03:00:00Z,0,0
8877689391,2016-03-14T04:00:00Z,0,0
8877689391,2016-03-14T05:00:00Z,0,0
8877689391,2016-03-14T06:00:00Z,8,0.133333
8877689391,2016-03-14T07:00:00Z,26,0.433333
8877689391,2016-03-14T08:00:00Z,14,0.233333
8877689391,2016-03-14T09:00:00Z,15,0.25
8877689391,2016-03-14T10:00:00Z,8,0.133333
8877689391,2016-03-14T11:00:00Z,12,0.2
8877689391,2016-03-14T12:00:00Z,79,1.316667
8877689391,2016-03-14T13:00:00Z,10,0.166667
8877689391,2016-03-14T14:00:00Z,2,0.033333
8877689391,2016-03-14T15:00:00Z,27,0.45
8877689391,2016-03-14T16:00:00Z,18,0.3
8877689391,2016-03-14T17:00:00Z,7,0.116667
8877689391,2016-03-14T18:00:00Z,24,0.4
8877689391,2016-03-14T19:00:00Z,127,2.116667
8877689391,2016-03-14T20:00:00Z,100,1.666667
8877689391,2016-03-14T21:00:00Z,11,0.183333
8877689391,2016-03-14T22:00:00Z,2,0.033333
8877689391,2016-03-14T23:00:00Z,0,0
8877689391,2016-03-15T00:00:00Z,0,0
8877689391,2016-03-15T01:00:00Z,0,0
8877689391,2016-03-15T02:00:00Z,0,0
8877689391,2016-03-15T03:00:00Z,0,0
8877689391,2016-03-15T04:00:00Z,0,0
8877689391,2016-03-15T05:00:00Z,0,0
8877689391,2016-03-15T06:00:00Z,6,0.1
8877689391,2016-03-15T07:00:00Z,19,0.316667
8877689391,2016-03-15T08:00:00Z,10,0.166667
8877689391,2016-03-15T09:00:00Z,13,0.216667
8877689391,2016-03-15T10:00:00Z,10,0.166667
8877689391,2016-03-15T11:00:00Z,17,0.283333
8877689391,2016-03-15T12:00:00Z,112,1.866667
8877689391,2016-03-15T13:00:00Z,12,0.2
8877689391,2016-03-15T14:00:00Z,21,0.35
8877689391,2016-03-15T15:00:00Z,5,0.083333
8877689391,2016-03-15T16:00:00Z,12,0.2
8877689391,2016-03-15T17:00:00Z,5,0.083333
8877689391,2016-03-15T18:00:00Z,12,0.2
8877689391,2016-03-15T19:00:00Z,17,0.283333
8877689391,2016-03-15T20:00:00Z,9,0.15
8877689391,2016-03-15T21:00:00Z,0,0
8877689391,2016-03-15T22:00:00Z,16,0.266667
8877689391,2016-03-15T23:00:00Z,0,0
8877689391,2016-03-16T00:00:00Z,0,0
8877689391,2016-03-16T01:00:00Z,0,0
8877689391,2016-03-16T02:00:00Z,0,0
8877689391,2016-03-16T03:00:00Z,0,0
8877689391,2016-03-16T04:00:00Z,0,0
8877689391,2016-03-16T05:00:00Z,0,0
8877689391,2016-03-16T06:00:00Z,0,0
8877689391,2016-03-16T07:00:00Z,6,0.1
8877689391,2016-03-16T08:00:00Z,21,0.35
8877689391,2016-03-16T09:00:00Z,7,0.116667
8877689391,2016-03-16T10:00:00Z,22,0.366667
8877689391,2016-03-16T11:00:00Z,16,0.266667
8877689391,2016-03-16T12:00:00Z,6,0.1
8877689391,2016-03-16T13:00:00Z,11,0.183333
8877689391,2016-03-16T14:00:00Z,11,0.183333
8877689391,2016-03-16T15:00:00Z,8,0.133333
8877689391,2016-03-16T16:00:00Z,15,0.25
8877689391,2016-03-16T17:00:00Z,20,0.333333
8877689391,2016-03-16T18:00:00Z,145,2.416667
8877689391,2016-03-16T19:00:00Z,75,1.25
8877689391,2016-03-16T20:00:00Z,22,0.366667
8877689391,2016-03-16T21:00:00Z,29,0.483333
8877689391,2016-03-16T22:00:00Z,10,0.166667
8877689391,2016-03-16T23:00:00Z,0,0
8877689391,2016-03-17T00:00:00Z,0,0
8877689391,2016-03-17T01:00:00Z,0,0
8877689391,2016-03-17T02:00:00Z,0,0
8877689391,2016-03-17T03:00:00Z,0,0
8877689391,2016-03-17T04:00:00Z,0,0
8877689391,2016-03-17T05:00:00Z,0,0
8877689391,2016-03-17T06:00:00Z,0,0
8877689391,2016-03-17T07:00:00Z,22,0.366667
8877689391,2016-03-17T08:00:00Z,12,0.2
8877689391,2016-03-17T09:00:00Z,9,0.15
8877689391,2016-03-17T10:00:00Z,18,0.3
8877689391,2016-03-17T11:00:00Z,12,0.2
8877689391,2016-03-17T12:00:00Z,41,0.683333
8877689391,2016-03-17T13:00:00Z,14,0.233333
8877689391,2016-03-17T14:00:00Z,24,0.4
8877689391,2016-03-17T15:00:00Z,15,0.25
8877689391,2016-03-17T16:00:00Z,9,0.15
8877689391,2016-03-17T17:00:00Z,41,0.683333
8877689391,2016-03-17T18:00:00Z,180,3
8877689391,2016-03-17T19:00:00Z,62,1.033333
8877689391,2016-03-17T20:00:00Z,8,0.133333
8877689391,2016-03-17T21:00:00Z,8,0.133333
8877689391,2016-03-17T22:00:00Z,23,0.383333
8877689391,2016-03-17T23:00:00Z,17,0.283333
8877689391,2016-03-18T00:00:00Z,0,0
8877689391,2016-03-18T01:00:00Z,0,0
8877689391,2016-03-18T02:00:00Z,0,0
8877689391,2016-03-18T03:00:00Z,0,0
8877689391,2016-03-18T04:00:00Z,0,0
8877689391,2016-03-18T05:00:00Z,0,0
8877689391,2016-03-18T06:00:00Z,10,0.166667
8877689391,2016-03-18T07:00:00Z,20,0.333333
8877689391,2016-03-18T08:00:00Z,21,0.35
8877689391,2016-03-18T09:00:00Z,12,0.2
8877689391,2016-03-18T10:00:00Z,6,0.1
8877689391,2016-03-18T11:00:00Z,15,0.25
8877689391,2016-03-18T12:00:00Z,80,1.333333
8877689391,2016-03-18T13:00:00Z,23,0.383333
8877689391,2016-03-18T14:00:00Z,11,0.183333
8877689391,2016-03-18T15:00:00Z,10,0.166667
8877689391,2016-03-18T16:00:00Z,17,0.283333
8877689391,2016-03-18T17:00:00Z,142,2.366667
8877689391,2016-03-18T18:00:00Z,68,1.133333
8877689391,2016-03-18T19:00:00Z,15,0.25
8877689391,2016-03-18T20:00:00Z,11,0.183333
8877689391,2016-03-18T21:00:00Z,6,0.1
8877689391,2016-03-18T22:00:00Z,9,0.15
8877689391,2016-03-18T23:00:00Z,0,0
8877689391,2016-03-19T00:00:00Z,0,0
8877689391,2016-03-19T01:00:00Z,0,0
8877689391,2016-03-19T02:00:00Z,0,0
8877689391,2016-03-19T03:00:00Z,0,0
8877689391,2016-03-19T04:00:00Z,0,0
8877689391,2016-03-19T05:00:00Z,0,0
8877689391,2016-03-19T06:00:00Z,0,0
8877689391,2016-03-19T07:00:00Z,0,0
8877689391,2016-03-19T08:00:00Z,6,0.1
8877689391,2016-03-19T09:00:00Z,9,0.15
8877689391,2016-03-19T10:00:00Z,29,0.483333
8877689391,2016-03-19T11:00:00Z,16,0.266667
8877689391,2016-03-19T12:00:00Z,22,0.366667
8877689391,2016-03-19T13:00:00Z,120,2
8877689391,2016-03-19T14:00:00Z,165,2.75
8877689391,2016-03-19T15:00:00Z,12,0.2
8877689391,2016-03-19T16:00:00Z,9,0.15
8877689391,2016-03-19T17:00:00Z,0,0
8877689391,2016-03-19T18:00:00Z,18,0.3
8877689391,2016-03-19T19:00:00Z,4,0.066667
8877689391,2016-03-19T20:00:00Z,5,0.083333
8877689391,2016-03-19T21:00:00Z,34,0.566667
8877689391,2016-03-19T22:00:00Z,58,0.966667
8877689391,2016-03-19T23:00:00Z,76,1.266667
8877689391,2016-03-20T00:00:00Z,0,0
8877689391,2016-03-20T01:00:00Z,0,0
8877689391,2016-03-20T02:00:00Z,0,0
8877689391,2016-03-20T03:00:00Z,0,0
8877689391,2016-03-20T04:00:00Z,0,0
8877689391,2016-03-20T05:00:00Z,0,0
8877689391,2016-03-20T06:00:00Z,0,0
8877689391,2016-03-20T07:00:00Z,0,0
8877689391,2016-03-20T08:00:00Z,5,0.083333
8877689391,2016-03-20T09:00:00Z,9,0.15
8877689391,2016-03-20T10:00:00Z,6,0.1
8877689391,2016-03-20T11:00:00Z,27,0.45
8877689391,2016-03-20T12:00:00Z,20,0.333333
8877689391,2016-03-20T13:00:00Z,17,0.283333
8877689391,2016-03-20T14:00:00Z,9,0.15
8877689391,2016-03-20T15:00:00Z,22,0.366667
8877689391,2016-03-20T16:00:00Z,101,1.683333
8877689391,2016-03-20T17:00:00Z,108,1.8
8877689391,2016-03-20T18:00:00Z,1,0.016667
8877689391,2016-03-20T19:00:00Z,29,0.483333
8877689391,2016-03-20T20:00:00Z,11,0.183333
8877689391,2016-03-20T21:00:00Z,15,0.25
8877689391,2016-03-20T22:00:00Z,14,0.233333
8877689391,2016-03-20T23:00:00Z,0,0
8877689391,2016-03-21T00:00:00Z,0,0
8877689391,2016-03-21T01:00:00Z,0,0
8877689391,2016-03-21T02:00:00Z,0,0
8877689391,2016-03-21T03:00:00Z,0,0
8877689391,2016-03-21T04:00:00Z,0,0
8877689391,2016-03-21T05:00:00Z,0,0
8877689391,2016-03-21T06:00:00Z,3,0.05
8877689391,2016-03-21T07:00:00Z,21,0.35
8877689391,2016-03-21T08:00:00Z,11,0.183333
8877689391,2016-03-21T09:00:00Z,14,0.233333
8877689391,2016-03-21T10:00:00Z,14,0.233333
8877689391,2016-03-21T11:00:00Z,46,0.766667
8877689391,2016-03-21T12:00:00Z,95,1.583333
8877689391,2016-03-21T13:00:00Z,9,0.15
8877689391,2016-03-21T14:00:00Z,15,0.25
8877689391,2016-03-21T15:00:00Z,19,0.316667
8877689391,2016-03-21T16:00:00Z,17,0.283333
8877689391,2016-03-21T17:00:00Z,14,0.233333
8877689391,2016-03-21T18:00:00Z,10,0.166667
8877689391,2016-03-21T19:00:00Z,8,0.133333
8877689391,2016-03-21T20:00:00Z,12,0.2
8877689391,2016-03-21T21:00:00Z,5,0.083333
8877689391,2016-03-21T22:00:00Z,0,0
8877689391,2016-03-21T23:00:00Z,0,0
8877689391,2016-03-22T00:00:00Z,0,0
8877689391,2016-03-22T01:00:00Z,0,0
8877689391,2016-03-22T02:00:00Z,0,0
8877689391,2016-03-22T03:00:00Z,0,0
8877689391,2016-03-22T04:00:00Z,0,0
8877689391,2016-03-22T05:00:00Z,0,0
8877689391,2016-03-22T06:00:00Z,11,0.183333
8877689391,2016-03-22T07:00:00Z,23,0.383333
8877689391,2016-03-22T08:00:00Z,10,0.166667
8877689391,2016-03-22T09:00:00Z,17,0.283333
8877689391,2016-03-22T10:00:00Z,23,0.383333
8877689391,2016-03-22T11:00:00Z,17,0.283333
8877689391,2016-03-22T12:00:00Z,64,1.066667
8877689391,2016-03-22T13:00:00Z,11,0.183333
8877689391,2016-03-22T14:00:00Z,15,0.25
8877689391,2016-03-22T15:00:00Z,15,0.25
8877689391,2016-03-22T16:00:00Z,24,0.4
8877689391,2016-03-22T17:00:00Z,118,1.966667
8877689391,2016-03-22T18:00:00Z,179,2.983333
8877689391,2016-03-22T19:00:00Z,51,0.85
8877689391,2016-03-22T20:00:00Z,34,0.566667
8877689391,2016-03-22T21:00:00Z,21,0.35
8877689391,2016-03-22T22:00:00Z,2,0.033333
8877689391,2016-03-22T23:00:00Z,0,0
8877689391,2016-03-23T00:00:00Z,0,0
8877689391,2016-03-23T01:00:00Z,0,0
8877689391,2016-03-23T02:00:00Z,0,0
8877689391,2016-03-23T03:00:00Z,0,0
8877689391,2016-03-23T04:00:00Z,0,0
8877689391,2016-03-23T05:00:00Z,0,0
8877689391,2016-03-23T06:00:00Z,4,0.066667
8877689391,2016-03-23T07:00:00Z,29,0.483333
8877689391,2016-03-23T08:00:00Z,24,0.4
8877689391,2016-03-23T09:00:00Z,12,0.2
8877689391,2016-03-23T10:00:00Z,15,0.25
8877689391,2016-03-23T11:00:00Z,12,0.2
8877689391,2016-03-23T12:00:00Z,6,0.1
8877689391,2016-03-23T13:00:00Z,11,0.183333
8877689391,2016-03-23T14:00:00Z,2,0.033333
8877689391,2016-03-23T15:00:00Z,11,0.183333
8877689391,2016-03-23T16:00:00Z,35,0.583333
8877689391,2016-03-23T17:00:00Z,95,1.583333
8877689391,2016-03-23T18:00:00Z,180,3
8877689391,2016-03-23T19:00:00Z,71,1.183333
8877689391,2016-03-23T20:00:00Z,8,0.133333
8877689391,2016-03-23T21:00:00Z,1,0.016667
8877689391,2016-03-23T22:00:00Z,0,0
8877689391,2016-03-23T23:00:00Z,0,0
8877689391,2016-03-24T00:00:00Z,0,0
8877689391,2016-03-24T01:00:00Z,0,0
8877689391,2016-03-24T02:00:00Z,0,0
8877689391,2016-03-24T03:00:00Z,0,0
8877689391,2016-03-24T04:00:00Z,0,0
8877689391,2016-03-24T05:00:00Z,0,0
8877689391,2016-03-24T06:00:00Z,24,0.4
8877689391,2016-03-24T07:00:00Z,19,0.316667
8877689391,2016-03-24T08:00:00Z,23,0.383333
8877689391,2016-03-24T09:00:00Z,18,0.3
8877689391,2016-03-24T10:00:00Z,1,0.016667
8877689391,2016-03-24T11:00:00Z,54,0.9
8877689391,2016-03-24T12:00:00Z,14,0.233333
8877689391,2016-03-24T13:00:00Z,21,0.35
8877689391,2016-03-24T14:00:00Z,13,0.216667
8877689391,2016-03-24T15:00:00Z,2,0.033333
8877689391,2016-03-24T16:00:00Z,113,1.883333
8877689391,2016-03-24T17:00:00Z,1,0.016667
8877689391,2016-03-24T18:00:00Z,16,0.266667
8877689391,2016-03-24T19:00:00Z,6,0.1
8877689391,2016-03-24T20:00:00Z,22,0.366667
8877689391,2016-03-24T21:00:00Z,16,0.266667
8877689391,2016-03-24T22:00:00Z,10,0.166667
8877689391,2016-03-24T23:00:00Z,0,0
8877689391,2016-03-25T00:00:00Z,0,0
8877689391,2016-03-25T01:00:00Z,0,0
8877689391,2016-03-25T02:00:00Z,0,0
8877689391,2016-03-25T03:00:00Z,0,0
8877689391,2016-03-25T04:00:00Z,0,0
8877689391,2016-03-25T05:00:00Z,0,0
8877689391,2016-03-25T06:00:00Z,0,0
8877689391,2016-03-25T07:00:00Z,26,0.433333
8877689391,2016-03-25T08:00:00Z,23,0.383333
8877689391,2016-03-25T09:00:00Z,7,0.116667
8877689391,2016-03-25T10:00:00Z,13,0.216667
8877689391,2016-03-25T11:00:00Z,16,0.266667
8877689391,2016-03-25T12:00:00Z,10,0.166667
8877689391,2016-03-25T13:00:00Z,13,0.216667
8877689391,2016-03-25T14:00:00Z,13,0.216667
8877689391,2016-03-25T15:00:00Z,8,0.133333
8877689391,2016-03-25T16:00:00Z,17,0.283333
8877689391,2016-03-25T17:00:00Z,14,0.233333
8877689391,2016-03-25T18:00:00Z,13,0.216667
8877689391,2016-03-25T19:00:00Z,7,0.116667
8877689391,2016-03-25T20:00:00Z,10,0.166667
8877689391,2016-03-25T21:00:00Z,52,0.866667
8877689391,2016-03-25T22:00:00Z,53,0.883333
8877689391,2016-03-25T23:00:00Z,0,0
8877689391,2016-03-26T00:00:00Z,0,0
8877689391,2016-03-26T01:00:00Z,0,0
8877689391,2016-03-26T02:00:00Z,0,0
8877689391,2016-03-26T03:00:00Z,0,0
8877689391,2016-03-26T04:00:00Z,0,0
8877689391,2016-03-26T05:00:00Z,0,0
8877689391,2016-03-26T06:00:00Z,0,0
8877689391,2016-03-26T07:00:00Z,0,0
8877689391,2016-03-26T08:00:00Z,4,0.066667
8877689391,2016-03-26T09:00:00Z,21,0.35
8877689391,2016-03-26T10:00:00Z,30,0.5
8877689391,2016-03-26T11:00:00Z,18,0.3
8877689391,2016-03-26T12:00:00Z,14,0.233333
8877689391,2016-03-26T13:00:00Z,25,0.416667
8877689391,2016-03-26T14:00:00Z,25,0.416667
8877689391,2016-03-26T15:00:00Z,6,0.1
8877689391,2016-03-26T16:00:00Z,23,0.383333
8877689391,2016-03-26T17:00:00Z,29,0.483333
8877689391,2016-03-26T18:00:00Z,7,0.116667
8877689391,2016-03-26T19:00:00Z,8,0.133333
8877689391,2016-03-26T20:00:00Z,14,0.233333
8877689391,2016-03-26T21:00:00Z,12,0.2
8877689391,2016-03-26T22:00:00Z,14,0.233333
8877689391,2016-03-26T23:00:00Z,9,0.15
8877689391,2016-03-27T00:00:00Z,0,0
8877689391,2016-03-27T01:00:00Z,0,0
8877689391,2016-03-27T02:00:00Z,0,0
8877689391,2016-03-27T03:00:00Z,0,0
8877689391,2016-03-27T04:00:00Z,0,0
8877689391,2016-03-27T05:00:00Z,0,0
8877689391,2016-03-27T06:00:00Z,0,0
8877689391,2016-03-27T07:00:00Z,0,0
8877689391,2016-03-27T08:00:00Z,2,0.033333
8877689391,2016-03-27T09:00:00Z,4,0.066667
8877689391,2016-03-27T10:00:00Z,29,0.483333
8877689391,2016-03-27T11:00:00Z,6,0.1
8877689391,2016-03-27T12:00:00Z,27,0.45
8877689391,2016-03-27T13:00:00Z,29,0.483333
8877689391,2016-03-27T14:00:00Z,53,0.883333
8877689391,2016-03-27T15:00:00Z,180,3
8877689391,2016-03-27T16:00:00Z,180,3
8877689391,2016-03-27T17:00:00Z,91,1.516667
8877689391,2016-03-27T18:00:00Z,15,0.25
8877689391,2016-03-27T19:00:00Z,25,0.416667
8877689391,2016-03-27T20:00:00Z,27,0.45
8877689391,2016-03-27T21:00:00Z,26,0.433333
8877689391,2016-03-27T22:00:00Z,0,0
8877689391,2016-03-27T23:00:00Z,0,0
8877689391,2016-03-28T00:00:00Z,0,0
8877689391,2016-03-28T01:00:00Z,0,0
8877689391,2016-03-28T02:00:00Z,0,0
8877689391,2016-03-28T03:00:00Z,0,0
8877689391,2016-03-28T04:00:00Z,0,0
8877689391,2016-03-28T05:00:00Z,0,0
8877689391,2016-03-28T06:00:00Z,6,0.1
8877689391,2016-03-28T07:00:00Z,26,0.433333
8877689391,2016-03-28T08:00:00Z,10,0.166667
8877689391,2016-03-28T09:00:00Z,7,0.116667
8877689391,2016-03-28T10:00:00Z,11,0.183333
8877689391,2016-03-28T11:00:00Z,12,0.2
8877689391,2016-03-28T12:00:00Z,85,1.416667
8877689391,2016-03-28T13:00:00Z,12,0.2
8877689391,2016-03-28T14:00:00Z,9,0.15
8877689391,2016-03-28T15:00:00Z,18,0.3
8877689391,2016-03-28T16:00:00Z,14,0.233333
8877689391,2016-03-28T17:00:00Z,15,0.25
8877689391,2016-03-28T18:00:00Z,41,0.683333
8877689391,2016-03-28T19:00:00Z,18,0.3
8877689391,2016-03-28T20:00:00Z,15,0.25
8877689391,2016-03-28T21:00:00Z,6,0.1
8877689391,2016-03-28T22:00:00Z,6,0.1
8877689391,2016-03-28T23:00:00Z,0,0
8877689391,2016-03-29T00:00:00Z,0,0
8877689391,2016-03-29T01:00:00Z,0,0
8877689391,2016-03-29T02:00:00Z,0,0
8877689391,2016-03-29T03:00:00Z,0,0
8877689391,2016-03-29T04:00:00Z,0,0
8877689391,2016-03-29T05:00:00Z,0,0
8877689391,2016-03-29T06:00:00Z,8,0.133333
8877689391,2016-03-29T07:00:00Z,27,0.45
8877689391,2016-03-29T08:00:00Z,18,0.3
8877689391,2016-03-29T09:00:00Z,13,0.216667
8877689391,2016-03-29T10:00:00Z,24,0.4
8877689391,2016-03-29T11:00:00Z,66,1.1
8877689391,2016-03-29T12:00:00Z,122,2.033333
8877689391,2016-03-29T13:00:00Z,6,0.1
8877689391,2016-03-29T14:00:00Z,9,0.15
8877689391,2016-03-29T15:00:00Z,14,0.233333
8877689391,2016-03-29T16:00:00Z,13,0.216667
8877689391,2016-03-29T17:00:00Z,14,0.233333
8877689391,2016-03-29T18:00:00Z,9,0.15
8877689391,2016-03-29T19:00:00Z,6,0.1
8877689391,2016-03-29T20:00:00Z,50,0.833333
8877689391,2016-03-29T21:00:00Z,19,0.316667
8877689391,2016-03-29T22:00:00Z,8,0.133333
8877689391,2016-03-29T23:00:00Z,0,0
8877689391,2016-03-30T00:00:00Z,0,0
8877689391,2016-03-30T01:00:00Z,0,0
8877689391,2016-03-30T02:00:00Z,0,0
8877689391,2016-03-30T03:00:00Z,0,0
8877689391,2016-03-30T04:00:00Z,0,0
8877689391,2016-03-30T05:00:00Z,0,0
8877689391,2016-03-30T06:00:00Z,3,0.05
8877689391,2016-03-30T07:00:00Z,22,0.366667
8877689391,2016-03-30T08:00:00Z,34,0.566667
8877689391,2016-03-30T09:00:00Z,8,0.133333
8877689391,2016-03-30T10:00:00Z,23,0.383333
8877689391,2016-03-30T11:00:00Z,63,1.05
8877689391,2016-03-30T12:00:00Z,143,2.383333
8877689391,2016-03-30T13:00:00Z,11,0.183333
8877689391,2016-03-30T14:00:00Z,4,0.066667
8877689391,2016-03-30T15:00:00Z,19,0.316667
8877689391,2016-03-30T16:00:00Z,11,0.183333
8877689391,2016-03-30T17:00:00Z,21,0.35
8877689391,2016-03-30T18:00:00Z,136,2.266667
8877689391,2016-03-30T19:00:00Z,114,1.9
8877689391,2016-03-30T20:00:00Z,33,0.55
8877689391,2016-03-30T21:00:00Z,18,0.3
8877689391,2016-03-30T22:00:00Z,12,0.2
8877689391,2016-03-30T23:00:00Z,0,0
8877689391,2016-03-31T00:00:00Z,0,0
8877689391,2016-03-31T01:00:00Z,0,0
8877689391,2016-03-31T02:00:00Z,0,0
8877689391,2016-03-31T03:00:00Z,0,0
8877689391,2016-03-31T04:00:00Z,0,0
8877689391,2016-03-31T05:00:00Z,0,0
8877689391,2016-03-31T06:00:00Z,3,0.05
8877689391,2016-03-31T07:00:00Z,24,0.4
8877689391,2016-03-31T08:00:00Z,12,0.2
8877689391,2016-03-31T09:00:00Z,18,0.3
8877689391,2016-03-31T10:00:00Z,21,0.35
8877689391,2016-03-31T11:00:00Z,19,0.316667
8877689391,2016-03-31T12:00:00Z,83,1.383333
8877689391,2016-03-31T13:00:00Z,9,0.15
8877689391,2016-03-31T14:00:00Z,12,0.2
8877689391,2016-03-31T15:00:00Z,26,0.433333
8877689391,2016-03-31T16:00:00Z,16,0.266667
8877689391,2016-03-31T17:00:00Z,12,0.2
8877689391,2016-03-31T18:00:00Z,28,0.466667
8877689391,2016-03-31T19:00:00Z,16,0.266667
8877689391,2016-03-31T20:00:00Z,22,0.366667
8877689391,2016-03-31T21:00:00Z,6,0.1
8877689391,2016-03-31T22:00:00Z,8,0.133333
8877689391,2016-03-31T23:00:00Z,0,0
8877689391,2016-04-01T00:00:00Z,0,0
8877689391,2016-04-01T01:00:00Z,0,0
8877689391,2016-04-01T02:00:00Z,0,0
8877689391,2016-04-01T03:00:00Z,0,0
8877689391,2016-04-01T04:00:00Z,0,0
8877689391,2016-04-01T05:00:00Z,0,0
8877689391,2016-04-01T06:00:00Z,4,0.066667
8877689391,2016-04-01T07:00:00Z,24,0.4
8877689391,2016-04-01T08:00:00Z,15,0.25
8877689391,2016-04-01T09:00:00Z,15,0.25
8877689391,2016-04-01T10:00:00Z,14,0.233333
8877689391,2016-04-01T11:00:00Z,15,0.25
8877689391,2016-04-01T12:00:00Z,91,1.516667
8877689391,2016-04-01T13:00:00Z,12,0.2
8877689391,2016-04-01T14:00:00Z,26,0.433333
8877689391,2016-04-01T15:00:00Z,18,0.3
8877689391,2016-04-01T16:00:00Z,22,0.366667
8877689391,2016-04-01T17:00:00Z,18,0.3
8877689391,2016-04-01T18:00:00Z,50,0.833333
8877689391,2016-04-01T19:00:00Z,98,1.633333
8877689391,2016-04-01T20:00:00Z,20,0.333333
8877689391,2016-04-01T21:00:00Z,11,0.183333
8877689391,2016-04-01T22:00:00Z,1,0.016667
8877689391,2016-04-01T23:00:00Z,0,0
8877689391,2016-04-02T00:00:00Z,0,0
8877689391,2016-04-02T01:00:00Z,0,0
8877689391,2016-04-02T02:00:00Z,0,0
8877689391,2016-04-02T03:00:00Z,0,0
8877689391,2016-04-02T04:00:00Z,0,0
8877689391,2016-04-02T05:00:00Z,0,0
8877689391,2016-04-02T06:00:00Z,0,0
8877689391,2016-04-02T07:00:00Z,9,0.15
8877689391,2016-04-02T08:00:00Z,34,0.566667
8877689391,2016-04-02T09:00:00Z,25,0.416667
8877689391,2016-04-02T10:00:00Z,15,0.25
8877689391,2016-04-02T11:00:00Z,53,0.883333
8877689391,2016-04-02T12:00:00Z,36,0.6
8877689391,2016-04-02T13:00:00Z,72,1.2
8877689391,2016-04-02T14:00:00Z,61,1.016667
8877689391,2016-04-02T15:00:00Z,88,1.466667
8877689391,2016-04-02T16:00:00Z,175,2.916667
8877689391,2016-04-02T17:00:00Z,25,0.416667
8877689391,2016-04-02T18:00:00Z,13,0.216667
8877689391,2016-04-02T19:00:00Z,10,0.166667
8877689391,2016-04-02T20:00:00Z,7,0.116667
8877689391,2016-04-02T21:00:00Z,21,0.35
8877689391,2016-04-02T22:00:00Z,12,0.2
8877689391,2016-04-02T23:00:00Z,0,0
8877689391,2016-04-03T00:00:00Z,0,0
8877689391,2016-04-03T01:00:00Z,0,0
8877689391,2016-04-03T02:00:00Z,0,0
8877689391,2016-04-03T03:00:00Z,0,0
8877689391,2016-04-03T04:00:00Z,0,0
8877689391,2016-04-03T05:00:00Z,0,0
8877689391,2016-04-03T06:00:00Z,0,0
8877689391,2016-04-03T07:00:00Z,0,0
8877689391,2016-04-03T08:00:00Z,8,0.133333
8877689391,2016-04-03T09:00:00Z,25,0.416667
8877689391,2016-04-03T10:00:00Z,34,0.566667
8877689391,2016-04-03T11:00:00Z,72,1.2
8877689391,2016-04-03T12:00:00Z,13,0.216667
8877689391,2016-04-03T13:00:00Z,11,0.183333
8877689391,2016-04-03T14:00:00Z,14,0.233333
8877689391,2016-04-03T15:00:00Z,117,1.95
8877689391,2016-04-03T16:00:00Z,152,2.533333
8877689391,2016-04-03T17:00:00Z,7,0.116667
8877689391,2016-04-03T18:00:00Z,18,0.3
8877689391,2016-04-03T19:00:00Z,18,0.3
8877689391,2016-04-03T20:00:00Z,46,0.766667
8877689391,2016-04-03T21:00:00Z,20,0.333333
8877689391,2016-04-03T22:00:00Z,35,0.583333
8877689391,2016-04-03T23:00:00Z,21,0.35
8877689391,2016-04-04T00:00:00Z,0,0
8877689391,2016-04-04T01:00:00Z,0,0
8877689391,2016-04-04T02:00:00Z,0,0
8877689391,2016-04-04T03:00:00Z,0,0
8877689391,2016-04-04T04:00:00Z,0,0
8877689391,2016-04-04T05:00:00Z,0,0
8877689391,2016-04-04T06:00:00Z,0,0
8877689391,2016-04-04T07:00:00Z,25,0.416667
8877689391,2016-04-04T08:00:00Z,12,0.2
8877689391,2016-04-04T09:00:00Z,11,0.183333
8877689391,2016-04-04T10:00:00Z,20,0.333333
8877689391,2016-04-04T11:00:00Z,13,0.216667
8877689391,2016-04-04T12:00:00Z,75,1.25
8877689391,2016-04-04T13:00:00Z,10,0.166667
8877689391,2016-04-04T14:00:00Z,8,0.133333
8877689391,2016-04-04T15:00:00Z,11,0.183333
8877689391,2016-04-04T16:00:00Z,18,0.3
8877689391,2016-04-04T17:00:00Z,8,0.133333
8877689391,2016-04-04T18:00:00Z,17,0.283333
8877689391,2016-04-04T19:00:00Z,172,2.866667
8877689391,2016-04-04T20:00:00Z,48,0.8
8877689391,2016-04-04T21:00:00Z,8,0.133333
8877689391,2016-04-04T22:00:00Z,18,0.3
8877689391,2016-04-04T23:00:00Z,0,0
8877689391,2016-04-05T00:00:00Z,0,0
8877689391,2016-04-05T01:00:00Z,0,0
8877689391,2016-04-05T02:00:00Z,0,0
8877689391,2016-04-05T03:00:00Z,0,0
8877689391,2016-04-05T04:00:00Z,0,0
8877689391,2016-04-05T05:00:00Z,0,0
8877689391,2016-04-05T06:00:00Z,9,0.15
8877689391,2016-04-05T07:00:00Z,21,0.35
8877689391,2016-04-05T08:00:00Z,12,0.2
8877689391,2016-04-05T09:00:00Z,18,0.3
8877689391,2016-04-05T10:00:00Z,6,0.1
8877689391,2016-04-05T11:00:00Z,15,0.25
8877689391,2016-04-05T12:00:00Z,51,0.85
8877689391,2016-04-05T13:00:00Z,14,0.233333
8877689391,2016-04-05T14:00:00Z,24,0.4
8877689391,2016-04-05T15:00:00Z,15,0.25
8877689391,2016-04-05T16:00:00Z,6,0.1
8877689391,2016-04-05T17:00:00Z,18,0.3
8877689391,2016-04-05T18:00:00Z,8,0.133333
8877689391,2016-04-05T19:00:00Z,14,0.233333
8877689391,2016-04-05T20:00:00Z,27,0.45
8877689391,2016-04-05T21:00:00Z,14,0.233333
8877689391,2016-04-05T22:00:00Z,10,0.166667
8877689391,2016-04-05T23:00:00Z,0,0
8877689391,2016-04-06T00:00:00Z,0,0
8877689391,2016-04-06T01:00:00Z,0,0
8877689391,2016-04-06T02:00:00Z,0,0
8877689391,2016-04-06T03:00:00Z,0,0
8877689391,2016-04-06T04:00:00Z,0,0
8877689391,2016-04-06T05:00:00Z,0,0
8877689391,2016-04-06T06:00:00Z,5,0.083333
8877689391,2016-04-06T07:00:00Z,21,0.35
8877689391,2016-04-06T08:00:00Z,28,0.466667
8877689391,2016-04-06T09:00:00Z,10,0.166667
8877689391,2016-04-06T10:00:00Z,51,0.85
8877689391,2016-04-06T11:00:00Z,22,0.366667
8877689391,2016-04-06T12:00:00Z,60,1
8877689391,2016-04-06T13:00:00Z,22,0.366667
8877689391,2016-04-06T14:00:00Z,31,0.516667
8877689391,2016-04-06T15:00:00Z,29,0.483333
8877689391,2016-04-06T16:00:00Z,20,0.333333
8877689391,2016-04-06T17:00:00Z,14,0.233333
8877689391,2016-04-06T18:00:00Z,97,1.616667
8877689391,2016-04-06T19:00:00Z,121,2.016667
8877689391,2016-04-06T20:00:00Z,54,0.9
8877689391,2016-04-06T21:00:00Z,26,0.433333
8877689391,2016-04-06T22:00:00Z,0,0
8877689391,2016-04-06T23:00:00Z,0,0
8877689391,2016-04-07T00:00:00Z,0,0
8877689391,2016-04-07T01:00:00Z,0,0
8877689391,2016-04-07T02:00:00Z,0,0
8877689391,2016-04-07T03:00:00Z,0,0
8877689391,2016-04-07T04:00:00Z,0,0
8877689391,2016-04-07T05:00:00Z,0,0
8877689391,2016-04-07T06:00:00Z,5,0.083333
8877689391,2016-04-07T07:00:00Z,15,0.25
8877689391,2016-04-07T08:00:00Z,8,0.133333
8877689391,2016-04-07T09:00:00Z,17,0.283333
8877689391,2016-04-07T10:00:00Z,12,0.2
8877689391,2016-04-07T11:00:00Z,11,0.183333
8877689391,2016-04-07T12:00:00Z,14,0.233333
8877689391,2016-04-07T13:00:00Z,16,0.266667
8877689391,2016-04-07T14:00:00Z,6,0.1
8877689391,2016-04-07T15:00:00Z,31,0.516667
8877689391,2016-04-07T16:00:00Z,14,0.233333
8877689391,2016-04-07T17:00:00Z,21,0.35
8877689391,2016-04-07T18:00:00Z,29,0.483333
8877689391,2016-04-07T19:00:00Z,8,0.133333
8877689391,2016-04-07T20:00:00Z,101,1.683333
8877689391,2016-04-07T21:00:00Z,5,0.083333
8877689391,2016-04-07T22:00:00Z,17,0.283333
8877689391,2016-04-07T23:00:00Z,0,0
8877689391,2016-04-08T00:00:00Z,0,0
8877689391,2016-04-08T01:00:00Z,0,0
8877689391,2016-04-08T02:00:00Z,0,0
8877689391,2016-04-08T03:00:00Z,0,0
8877689391,2016-04-08T04:00:00Z,0,0
8877689391,2016-04-08T05:00:00Z,0,0
8877689391,2016-04-08T06:00:00Z,14,0.233333
8877689391,2016-04-08T07:00:00Z,21,0.35
8877689391,2016-04-08T08:00:00Z,20,0.333333
8877689391,2016-04-08T09:00:00Z,26,0.433333
8877689391,2016-04-08T10:00:00Z,10,0.166667
8877689391,2016-04-08T11:00:00Z,12,0.2
8877689391,2016-04-08T12:00:00Z,50,0.833333
8877689391,2016-04-08T13:00:00Z,17,0.283333
8877689391,2016-04-08T14:00:00Z,13,0.216667
8877689391,2016-04-08T15:00:00Z,27,0.45
8877689391,2016-04-08T16:00:00Z,136,2.266667
8877689391,2016-04-08T17:00:00Z,82,1.366667
8877689391,2016-04-08T18:00:00Z,25,0.416667
8877689391,2016-04-08T19:00:00Z,36,0.6
8877689391,2016-04-08T20:00:00Z,43,0.716667
8877689391,2016-04-08T21:00:00Z,75,1.25
8877689391,2016-04-08T22:00:00Z,17,0.283333
8877689391,2016-04-08T23:00:00Z,3,0.05
8877689391,2016-04-09T00:00:00Z,0,0
8877689391,2016-04-09T01:00:00Z,0,0
8877689391,2016-04-09T02:00:00Z,0,0
8877689391,2016-04-09T03:00:00Z,0,0
8877689391,2016-04-09T04:00:00Z,0,0
8877689391,2016-04-09T05:00:00Z,0,0
8877689391,2016-04-09T06:00:00Z,0,0
8877689391,2016-04-09T07:00:00Z,0,0
8877689391,2016-04-09T08:00:00Z,27,0.45
8877689391,2016-04-09T09:00:00Z,8,0.133333
8877689391,2016-04-09T10:00:00Z,24,0.4
8877689391,2016-04-09T11:00:00Z,18,0.3
8877689391,2016-04-09T12:00:00Z,35,0.583333
8877689391,2016-04-09T13:00:00Z,13,0.216667
8877689391,2016-04-09T14:00:00Z,38,0.633333
8877689391,2016-04-09T15:00:00Z,176,2.933333
8877689391,2016-04-09T16:00:00Z,112,1.866667
8877689391,2016-04-09T17:00:00Z,9,0.15
8877689391,2016-04-09T18:00:00Z,6,0.1
8877689391,2016-04-09T19:00:00Z,15,0.25
8877689391,2016-04-09T20:00:00Z,18,0.3
8877689391,2016-04-09T21:00:00Z,30,0.5
8877689391,2016-04-09T22:00:00Z,38,0.633333
8877689391,2016-04-09T23:00:00Z,10,0.166667
8877689391,2016-04-10T00:00:00Z,0,0
8877689391,2016-04-10T01:00:00Z,0,0
8877689391,2016-04-10T02:00:00Z,0,0
8877689391,2016-04-10T03:00:00Z,0,0
8877689391,2016-04-10T04:00:00Z,0,0
8877689391,2016-04-10T05:00:00Z,0,0
8877689391,2016-04-10T06:00:00Z,0,0
8877689391,2016-04-10T07:00:00Z,0,0
8877689391,2016-04-10T08:00:00Z,0,0
8877689391,2016-04-10T09:00:00Z,19,0.316667
8877689391,2016-04-10T10:00:00Z,93,1.55
8877689391,2016-04-10T11:00:00Z,180,3
8877689391,2016-04-10T12:00:00Z,130,2.166667
8877689391,2016-04-10T13:00:00Z,13,0.216667
8877689391,2016-04-10T14:00:00Z,56,0.933333
8877689391,2016-04-10T15:00:00Z,94,1.566667
8877689391,2016-04-10T16:00:00Z,24,0.4
8877689391,2016-04-10T17:00:00Z,21,0.35
8877689391,2016-04-10T18:00:00Z,17,0.283333
8877689391,2016-04-10T19:00:00Z,10,0.166667
8877689391,2016-04-10T20:00:00Z,8,0.133333
8877689391,2016-04-10T21:00:00Z,22,0.366667
8877689391,2016-04-10T22:00:00Z,0,0
8877689391,2016-04-10T23:00:00Z,0,0
8877689391,2016-04-11T00:00:00Z,0,0
8877689391,2016-04-11T01:00:00Z,0,0
8877689391,2016-04-11T02:00:00Z,0,0
8877689391,2016-04-11T03:00:00Z,0,0
8877689391,2016-04-11T04:00:00Z,0,0
8877689391,2016-04-11T05:00:00Z,0,0
8877689391,2016-04-11T06:00:00Z,0,0
8877689391,2016-04-11T07:00:00Z,28,0.466667
8877689391,2016-04-11T08:00:00Z,9,0.15
8877689391,2016-04-11T09:00:00Z,14,0.233333
8877689391,2016-04-11T10:00:00Z,21,0.35
8877689391,2016-04-11T11:00:00Z,25,0.416667
8877689391,2016-04-11T12:00:00Z,59,0.983333
8877689391,2016-04-11T13:00:00Z,5,0.083333
8877689391,2016-04-11T14:00:00Z,28,0.466667
8877689391,2016-04-11T15:00:00Z,9,0.15
8877689391,2016-04-11T16:00:00Z,16,0.266667
8877689391,2016-04-11T17:00:00Z,29,0.483333
8877689391,2016-04-11T18:00:00Z,21,0.35
8877689391,2016-04-11T19:00:00Z,9,0.15
8877689391,2016-04-11T20:00:00Z,12,0.2
8877689391,2016-04-11T21:00:00Z,8,0.133333
8877689391,2016-04-11T22:00:00Z,0,0
8877689391,2016-04-11T23:00:00Z,0,0
8877689391,2016-04-12T00:00:00Z,0,0
8877689391,2016-04-12T01:00:00Z,0,0
8877689391,2016-04-12T02:00:00Z,0,0
8877689391,2016-04-12T03:00:00Z,0,0
8877689391,2016-04-12T04:00:00Z,0,0
8877689391,2016-04-12T05:00:00Z,0,0
8877689391,2016-04-12T06:00:00Z,7,0.116667
8877689391,2016-04-12T07:00:00Z,26,0.433333
8877689391,2016-04-12T08:00:00Z,17,0.283333
