id,activity_hour,calories
1503960366,2016-03-12T00:00:00Z,48
1503960366,2016-03-12T01:00:00Z,48
1503960366,2016-03-12T02:00:00Z,48
1503960366,2016-03-12T03:00:00Z,48
1503960366,2016-03-12T04:00:00Z,48
1503960366,2016-03-12T05:00:00Z,48
1503960366,2016-03-12T06:00:00Z,48
1503960366,2016-03-12T07:00:00Z,48
1503960366,2016-03-12T08:00:00Z,48
1503960366,2016-03-12T09:00:00Z,49
1503960366,2016-03-12T10:00:00Z,89
1503960366,2016-03-12T11:00:00Z,134
1503960366,2016-03-12T12:00:00Z,130
1503960366,2016-03-12T13:00:00Z,81
1503960366,2016-03-12T14:00:00Z,254
1503960366,2016-03-12T15:00:00Z,271
1503960366,2016-03-12T16:00:00Z,141
1503960366,2016-03-12T17:00:00Z,104
1503960366,2016-03-12T18:00:00Z,54
1503960366,2016-03-12T19:00:00Z,97
1503960366,2016-03-12T20:00:00Z,58
1503960366,2016-03-12T21:00:00Z,100
1503960366,2016-03-12T22:00:00Z,123
1503960366,2016-03-12T23:00:00Z,111
1503960366,2016-03-13T00:00:00Z,55
1503960366,2016-03-13T01:00:00Z,48
1503960366,2016-03-13T02:00:00Z,50
1503960366,2016-03-13T03:00:00Z,48
1503960366,2016-03-13T04:00:00Z,48
1503960366,2016-03-13T05:00:00Z,48
1503960366,2016-03-13T06:00:00Z,48
1503960366,2016-03-13T07:00:00Z,49
1503960366,2016-03-13T08:00:00Z,49
1503960366,2016-03-13T09:00:00Z,56
1503960366,2016-03-13T10:00:00Z,189
1503960366,2016-03-13T11:00:00Z,270
1503960366,2016-03-13T12:00:00Z,52
1503960366,2016-03-13T13:00:00Z,66
1503960366,2016-03-13T14:00:00Z,57
1503960366,2016-03-13T15:00:00Z,89
1503960366,2016-03-13T16:00:00Z,91
1503960366,2016-03-13T17:00:00Z,61
1503960366,2016-03-13T18:00:00Z,237
1503960366,2016-03-13T19:00:00Z,146
1503960366,2016-03-13T20:00:00Z,87
1503960366,2016-03-13T21:00:00Z,66
1503960366,2016-03-13T22:00:00Z,72
1503960366,2016-03-13T23:00:00Z,118
1503960366,2016-03-14T00:00:00Z,56
1503960366,2016-03-14T01:00:00Z,54
1503960366,2016-03-14T02:00:00Z,49
1503960366,2016-03-14T03:00:00Z,48
1503960366,2016-03-14T04:00:00Z,48
1503960366,2016-03-14T05:00:00Z,49
1503960366,2016-03-14T06:00:00Z,48
1503960366,2016-03-14T07:00:00Z,53
1503960366,2016-03-14T08:00:00Z,68
1503960366,2016-03-14T09:00:00Z,199
1503960366,2016-03-14T10:00:00Z,59
1503960366,2016-03-14T11:00:00Z,72
1503960366,2016-03-14T12:00:00Z,66
1503960366,2016-03-14T13:00:00Z,54
1503960366,2016-03-14T14:00:00Z,59
1503960366,2016-03-14T15:00:00Z,71
1503960366,2016-03-14T16:00:00Z,68
1503960366,2016-03-14T17:00:00Z,76
1503960366,2016-03-14T18:00:00Z,96
1503960366,2016-03-14T19:00:00Z,100
1503960366,2016-03-14T20:00:00Z,124
1503960366,2016-03-14T21:00:00Z,67
1503960366,2016-03-14T22:00:00Z,48
1503960366,2016-03-14T23:00:00Z,198
1503960366,2016-03-15T00:00:00Z,56
1503960366,2016-03-15T01:00:00Z,55
1503960366,2016-03-15T02:00:00Z,54
1503960366,2016-03-15T03:00:00Z,48
1503960366,2016-03-15T04:00:00Z,49
1503960366,2016-03-15T05:00:00Z,48
1503960366,2016-03-15T06:00:00Z,49
1503960366,2016-03-15T07:00:00Z,49
1503960366,2016-03-15T08:00:00Z,91
1503960366,2016-03-15T09:00:00Z,148
1503960366,2016-03-15T10:00:00Z,92
1503960366,2016-03-15T11:00:00Z,104
1503960366,2016-03-15T12:00:00Z,142
1503960366,2016-03-15T13:00:00Z,77
1503960366,2016-03-15T14:00:00Z,107
1503960366,2016-03-15T15:00:00Z,77
1503960366,2016-03-15T16:00:00Z,96
1503960366,2016-03-15T17:00:00Z,90
1503960366,2016-03-15T18:00:00Z,82
1503960366,2016-03-15T19:00:00Z,75
1503960366,2016-03-15T20:00:00Z,207
1503960366,2016-03-15T21:00:00Z,131
1503960366,2016-03-15T22:00:00Z,108
1503960366,2016-03-15T23:00:00Z,76
1503960366,2016-03-16T00:00:00Z,48
1503960366,2016-03-16T01:00:00Z,48
1503960366,2016-03-16T02:00:00Z,50
1503960366,2016-03-16T03:00:00Z,48
1503960366,2016-03-16T04:00:00Z,48
1503960366,2016-03-16T05:00:00Z,49
1503960366,2016-03-16T06:00:00Z,48
1503960366,2016-03-16T07:00:00Z,56
1503960366,2016-03-16T08:00:00Z,91
1503960366,2016-03-16T09:00:00Z,125
1503960366,2016-03-16T10:00:00Z,73
1503960366,2016-03-16T11:00:00Z,105
1503960366,2016-03-16T12:00:00Z,124
1503960366,2016-03-16T13:00:00Z,79
1503960366,2016-03-16T14:00:00Z,61
1503960366,2016-03-16T15:00:00Z,86
1503960366,2016-03-16T16:00:00Z,103
1503960366,2016-03-16T17:00:00Z,122
1503960366,2016-03-16T18:00:00Z,166
1503960366,2016-03-16T19:00:00Z,59
1503960366,2016-03-16T20:00:00Z,72
1503960366,2016-03-16T21:00:00Z,146
1503960366,2016-03-16T22:00:00Z,78
1503960366,2016-03-16T23:00:00Z,82
1503960366,2016-03-17T00:00:00Z,70
1503960366,2016-03-17T01:00:00Z,50
1503960366,2016-03-17T02:00:00Z,49
1503960366,2016-03-17T03:00:00Z,48
1503960366,2016-03-17T04:00:00Z,48
1503960366,2016-03-17T05:00:00Z,48
1503960366,2016-03-17T06:00:00Z,49
1503960366,2016-03-17T07:00:00Z,50
1503960366,2016-03-17T08:00:00Z,67
1503960366,2016-03-17T09:00:00Z,125
1503960366,2016-03-17T10:00:00Z,69
1503960366,2016-03-17T11:00:00Z,148
1503960366,2016-03-17T12:00:00Z,70
1503960366,2016-03-17T13:00:00Z,113
1503960366,2016-03-17T14:00:00Z,119
1503960366,2016-03-17T15:00:00Z,86
1503960366,2016-03-17T16:00:00Z,94
1503960366,2016-03-17T17:00:00Z,66
1503960366,2016-03-17T18:00:00Z,76
1503960366,2016-03-17T19:00:00Z,158
1503960366,2016-03-17T20:00:00Z,75
1503960366,2016-03-17T21:00:00Z,146
1503960366,2016-03-17T22:00:00Z,97
1503960366,2016-03-17T23:00:00Z,118
1503960366,2016-03-18T00:00:00Z,76
1503960366,2016-03-18T01:00:00Z,58
1503960366,2016-03-18T02:00:00Z,48
1503960366,2016-03-18T03:00:00Z,48
1503960366,2016-03-18T04:00:00Z,48
1503960366,2016-03-18T05:00:00Z,49
1503960366,2016-03-18T06:00:00Z,51
1503960366,2016-03-18T07:00:00Z,49
1503960366,2016-03-18T08:00:00Z,67
1503960366,2016-03-18T09:00:00Z,147
1503960366,2016-03-18T10:00:00Z,73
1503960366,2016-03-18T11:00:00Z,72
1503960366,2016-03-18T12:00:00Z,64
1503960366,2016-03-18T13:00:00Z,68
1503960366,2016-03-18T14:00:00Z,207
1503960366,2016-03-18T15:00:00Z,101
1503960366,2016-03-18T16:00:00Z,76
1503960366,2016-03-18T17:00:00Z,59
1503960366,2016-03-18T18:00:00Z,82
1503960366,2016-03-18T19:00:00Z,238
1503960366,2016-03-18T20:00:00Z,121
1503960366,2016-03-18T21:00:00Z,72
1503960366,2016-03-18T22:00:00Z,54
1503960366,2016-03-18T23:00:00Z,74
1503960366,2016-03-19T00:00:00Z,57
1503960366,2016-03-19T01:00:00Z,48
1503960366,2016-03-19T02:00:00Z,48
1503960366,2016-03-19T03:00:00Z,49
1503960366,2016-03-19T04:00:00Z,48
1503960366,2016-03-19T05:00:00Z,48
1503960366,2016-03-19T06:00:00Z,49
1503960366,2016-03-19T07:00:00Z,52
1503960366,2016-03-19T08:00:00Z,92
1503960366,2016-03-19T09:00:00Z,216
1503960366,2016-03-19T10:00:00Z,148
1503960366,2016-03-19T11:00:00Z,130
1503960366,2016-03-19T12:00:00Z,109
1503960366,2016-03-19T13:00:00Z,74
1503960366,2016-03-19T14:00:00Z,71
1503960366,2016-03-19T15:00:00Z,61
1503960366,2016-03-19T16:00:00Z,63
1503960366,2016-03-19T17:00:00Z,69
1503960366,2016-03-19T18:00:00Z,58
1503960366,2016-03-19T19:00:00Z,92
1503960366,2016-03-19T20:00:00Z,86
1503960366,2016-03-19T21:00:00Z,58
1503960366,2016-03-19T22:00:00Z,97
1503960366,2016-03-19T23:00:00Z,234
1503960366,2016-03-20T00:00:00Z,64
1503960366,2016-03-20T01:00:00Z,49
1503960366,2016-03-20T02:00:00Z,48
1503960366,2016-03-20T03:00:00Z,48
1503960366,2016-03-20T04:00:00Z,48
1503960366,2016-03-20T05:00:00Z,48
1503960366,2016-03-20T06:00:00Z,48
1503960366,2016-03-20T07:00:00Z,48
1503960366,2016-03-20T08:00:00Z,48
1503960366,2016-03-20T09:00:00Z,119
1503960366,2016-03-20T10:00:00Z,294
1503960366,2016-03-20T11:00:00Z,121
1503960366,2016-03-20T12:00:00Z,82
1503960366,2016-03-20T13:00:00Z,80
1503960366,2016-03-20T14:00:00Z,96
1503960366,2016-03-20T15:00:00Z,109
1503960366,2016-03-20T16:00:00Z,116
1503960366,2016-03-20T17:00:00Z,142
1503960366,2016-03-20T18:00:00Z,104
1503960366,2016-03-20T19:00:00Z,109
1503960366,2016-03-20T20:00:00Z,76
1503960366,2016-03-20T21:00:00Z,55
1503960366,2016-03-20T22:00:00Z,57
1503960366,2016-03-20T23:00:00Z,87
1503960366,2016-03-21T00:00:00Z,58
1503960366,2016-03-21T01:00:00Z,48
1503960366,2016-03-21T02:00:00Z,48
1503960366,2016-03-21T03:00:00Z,50
1503960366,2016-03-21T04:00:00Z,48
1503960366,2016-03-21T05:00:00Z,48
1503960366,2016-03-21T06:00:00Z,48
1503960366,2016-03-21T07:00:00Z,56
1503960366,2016-03-21T08:00:00Z,116
1503960366,2016-03-21T09:00:00Z,104
1503960366,2016-03-21T10:00:00Z,79
1503960366,2016-03-21T11:00:00Z,82
1503960366,2016-03-21T12:00:00Z,142
1503960366,2016-03-21T13:00:00Z,67
1503960366,2016-03-21T14:00:00Z,79
1503960366,2016-03-21T15:00:00Z,83
1503960366,2016-03-21T16:00:00Z,83
1503960366,2016-03-21T17:00:00Z,99
1503960366,2016-03-21T18:00:00Z,132
1503960366,2016-03-21T19:00:00Z,79
1503960366,2016-03-21T20:00:00Z,67
1503960366,2016-03-21T21:00:00Z,70
1503960366,2016-03-21T22:00:00Z,81
1503960366,2016-03-21T23:00:00Z,79
1503960366,2016-03-22T00:00:00Z,47
1503960366,2016-03-22T01:00:00Z,47
1503960366,2016-03-22T02:00:00Z,47
1503960366,2016-03-22T03:00:00Z,47
1503960366,2016-03-22T04:00:00Z,47
1503960366,2016-03-22T05:00:00Z,47
1503960366,2016-03-22T06:00:00Z,47
1503960366,2016-03-22T07:00:00Z,47
1503960366,2016-03-22T08:00:00Z,50
1503960366,2016-03-22T09:00:00Z,135
1503960366,2016-03-22T10:00:00Z,90
1503960366,2016-03-22T11:00:00Z,76
1503960366,2016-03-22T12:00:00Z,78
1503960366,2016-03-22T13:00:00Z,95
1503960366,2016-03-22T14:00:00Z,134
1503960366,2016-03-22T15:00:00Z,80
1503960366,2016-03-22T16:00:00Z,71
1503960366,2016-03-22T17:00:00Z,107
1503960366,2016-03-22T18:00:00Z,109
1503960366,2016-03-22T19:00:00Z,120
1503960366,2016-03-22T20:00:00Z,83
1503960366,2016-03-22T21:00:00Z,74
1503960366,2016-03-22T22:00:00Z,265
1503960366,2016-03-22T23:00:00Z,71
1503960366,2016-03-23T00:00:00Z,53
1503960366,2016-03-23T01:00:00Z,53
1503960366,2016-03-23T02:00:00Z,54
1503960366,2016-03-23T03:00:00Z,47
1503960366,2016-03-23T04:00:00Z,47
1503960366,2016-03-23T05:00:00Z,48
1503960366,2016-03-23T06:00:00Z,48
1503960366,2016-03-23T07:00:00Z,56
1503960366,2016-03-23T08:00:00Z,89
1503960366,2016-03-23T09:00:00Z,133
1503960366,2016-03-23T10:00:00Z,85
1503960366,2016-03-23T11:00:00Z,83
1503960366,2016-03-23T12:00:00Z,81
1503960366,2016-03-23T13:00:00Z,114
1503960366,2016-03-23T14:00:00Z,176
1503960366,2016-03-23T15:00:00Z,71
1503960366,2016-03-23T16:00:00Z,81
1503960366,2016-03-23T17:00:00Z,78
1503960366,2016-03-23T18:00:00Z,70
1503960366,2016-03-23T19:00:00Z,183
1503960366,2016-03-23T20:00:00Z,113
1503960366,2016-03-23T21:00:00Z,57
1503960366,2016-03-23T22:00:00Z,65
1503960366,2016-03-23T23:00:00Z,81
1503960366,2016-03-24T00:00:00Z,82
1503960366,2016-03-24T01:00:00Z,48
1503960366,2016-03-24T02:00:00Z,50
1503960366,2016-03-24T03:00:00Z,49
1503960366,2016-03-24T04:00:00Z,47
1503960366,2016-03-24T05:00:00Z,49
1503960366,2016-03-24T06:00:00Z,48
1503960366,2016-03-24T07:00:00Z,52
1503960366,2016-03-24T08:00:00Z,100
1503960366,2016-03-24T09:00:00Z,149
1503960366,2016-03-24T10:00:00Z,66
1503960366,2016-03-24T11:00:00Z,63
1503960366,2016-03-24T12:00:00Z,115
1503960366,2016-03-24T13:00:00Z,104
1503960366,2016-03-24T14:00:00Z,123
1503960366,2016-03-24T15:00:00Z,84
1503960366,2016-03-24T16:00:00Z,84
1503960366,2016-03-24T17:00:00Z,84
1503960366,2016-03-24T18:00:00Z,61
1503960366,2016-03-24T19:00:00Z,59
1503960366,2016-03-24T20:00:00Z,225
1503960366,2016-03-24T21:00:00Z,114
1503960366,2016-03-24T22:00:00Z,64
1503960366,2016-03-24T23:00:00Z,71
1503960366,2016-03-25T00:00:00Z,53
1503960366,2016-03-25T01:00:00Z,58
1503960366,2016-03-25T02:00:00Z,49
1503960366,2016-03-25T03:00:00Z,49
1503960366,2016-03-25T04:00:00Z,48
1503960366,2016-03-25T05:00:00Z,48
1503960366,2016-03-25T06:00:00Z,48
1503960366,2016-03-25T07:00:00Z,52
1503960366,2016-03-25T08:00:00Z,90
1503960366,2016-03-25T09:00:00Z,125
1503960366,2016-03-25T10:00:00Z,76
1503960366,2016-03-25T11:00:00Z,111
1503960366,2016-03-25T12:00:00Z,61
1503960366,2016-03-25T13:00:00Z,63
1503960366,2016-03-25T14:00:00Z,77
1503960366,2016-03-25T15:00:00Z,54
1503960366,2016-03-25T16:00:00Z,82
1503960366,2016-03-25T17:00:00Z,77
1503960366,2016-03-25T18:00:00Z,70
1503960366,2016-03-25T19:00:00Z,62
1503960366,2016-03-25T20:00:00Z,171
1503960366,2016-03-25T21:00:00Z,164
1503960366,2016-03-25T22:00:00Z,69
1503960366,2016-03-25T23:00:00Z,62
1503960366,2016-03-26T00:00:00Z,53
1503960366,2016-03-26T01:00:00Z,63
1503960366,2016-03-26T02:00:00Z,47
1503960366,2016-03-26T03:00:00Z,51
1503960366,2016-03-26T04:00:00Z,48
1503960366,2016-03-26T05:00:00Z,48
1503960366,2016-03-26T06:00:00Z,48
1503960366,2016-03-26T07:00:00Z,48
1503960366,2016-03-26T08:00:00Z,48
1503960366,2016-03-26T09:00:00Z,58
1503960366,2016-03-26T10:00:00Z,82
1503960366,2016-03-26T11:00:00Z,62
1503960366,2016-03-26T12:00:00Z,69
1503960366,2016-03-26T13:00:00Z,82
1503960366,2016-03-26T14:00:00Z,92
1503960366,2016-03-26T15:00:00Z,103
1503960366,2016-03-26T16:00:00Z,304
1503960366,2016-03-26T17:00:00Z,197
1503960366,2016-03-26T18:00:00Z,226
1503960366,2016-03-26T19:00:00Z,75
1503960366,2016-03-26T20:00:00Z,71
1503960366,2016-03-26T21:00:00Z,76
1503960366,2016-03-26T22:00:00Z,110
1503960366,2016-03-26T23:00:00Z,93
1503960366,2016-03-27T00:00:00Z,52
1503960366,2016-03-27T01:00:00Z,56
1503960366,2016-03-27T02:00:00Z,47
1503960366,2016-03-27T03:00:00Z,48
1503960366,2016-03-27T04:00:00Z,47
1503960366,2016-03-27T05:00:00Z,48
1503960366,2016-03-27T06:00:00Z,49
1503960366,2016-03-27T07:00:00Z,50
1503960366,2016-03-27T08:00:00Z,48
1503960366,2016-03-27T09:00:00Z,81
1503960366,2016-03-27T10:00:00Z,299
1503960366,2016-03-27T11:00:00Z,67
1503960366,2016-03-27T12:00:00Z,61
1503960366,2016-03-27T13:00:00Z,96
1503960366,2016-03-27T14:00:00Z,95
1503960366,2016-03-27T15:00:00Z,66
1503960366,2016-03-27T16:00:00Z,61
1503960366,2016-03-27T17:00:00Z,76
1503960366,2016-03-27T18:00:00Z,92
1503960366,2016-03-27T19:00:00Z,191
1503960366,2016-03-27T20:00:00Z,84
1503960366,2016-03-27T21:00:00Z,90
1503960366,2016-03-27T22:00:00Z,76
1503960366,2016-03-27T23:00:00Z,63
1503960366,2016-03-28T00:00:00Z,63
1503960366,2016-03-28T01:00:00Z,50
1503960366,2016-03-28T02:00:00Z,47
1503960366,2016-03-28T03:00:00Z,47
1503960366,2016-03-28T04:00:00Z,47
1503960366,2016-03-28T05:00:00Z,47
1503960366,2016-03-28T06:00:00Z,47
1503960366,2016-03-28T07:00:00Z,47
1503960366,2016-03-28T08:00:00Z,55
1503960366,2016-03-28T09:00:00Z,140
1503960366,2016-03-28T10:00:00Z,68
1503960366,2016-03-28T11:00:00Z,70
1503960366,2016-03-28T12:00:00Z,69
1503960366,2016-03-28T13:00:00Z,207
1503960366,2016-03-28T14:00:00Z,105
1503960366,2016-03-28T15:00:00Z,72
1503960366,2016-03-28T16:00:00Z,68
1503960366,2016-03-28T17:00:00Z,71
1503960366,2016-03-28T18:00:00Z,78
1503960366,2016-03-28T19:00:00Z,209
1503960366,2016-03-28T20:00:00Z,99
1503960366,2016-03-28T21:00:00Z,62
1503960366,2016-03-28T22:00:00Z,69
1503960366,2016-03-28T23:00:00Z,94
1503960366,2016-03-29T00:00:00Z,51
1503960366,2016-03-29T01:00:00Z,68
1503960366,2016-03-29T02:00:00Z,50
1503960366,2016-03-29T03:00:00Z,48
1503960366,2016-03-29T04:00:00Z,47
1503960366,2016-03-29T05:00:00Z,49
1503960366,2016-03-29T06:00:00Z,49
1503960366,2016-03-29T07:00:00Z,52
1503960366,2016-03-29T08:00:00Z,65
1503960366,2016-03-29T09:00:00Z,132
1503960366,2016-03-29T10:00:00Z,84
1503960366,2016-03-29T11:00:00Z,102
1503960366,2016-03-29T12:00:00Z,62
1503960366,2016-03-29T13:00:00Z,113
1503960366,2016-03-29T14:00:00Z,65
1503960366,2016-03-29T15:00:00Z,79
1503960366,2016-03-29T16:00:00Z,80
1503960366,2016-03-29T17:00:00Z,74
1503960366,2016-03-29T18:00:00Z,90
1503960366,2016-03-29T19:00:00Z,82
1503960366,2016-03-29T20:00:00Z,214
1503960366,2016-03-29T21:00:00Z,105
1503960366,2016-03-29T22:00:00Z,47
1503960366,2016-03-29T23:00:00Z,79
1503960366,2016-03-30T00:00:00Z,47
1503960366,2016-03-30T01:00:00Z,47
1503960366,2016-03-30T02:00:00Z,47
1503960366,2016-03-30T03:00:00Z,47
1503960366,2016-03-30T04:00:00Z,47
1503960366,2016-03-30T05:00:00Z,47
1503960366,2016-03-30T06:00:00Z,47
1503960366,2016-03-30T07:00:00Z,47
1503960366,2016-03-30T08:00:00Z,49
1503960366,2016-03-30T09:00:00Z,117
1503960366,2016-03-30T10:00:00Z,74
1503960366,2016-03-30T11:00:00Z,78
1503960366,2016-03-30T12:00:00Z,152
1503960366,2016-03-30T13:00:00Z,59
1503960366,2016-03-30T14:00:00Z,77
1503960366,2016-03-30T15:00:00Z,71
1503960366,2016-03-30T16:00:00Z,62
1503960366,2016-03-30T17:00:00Z,58
1503960366,2016-03-30T18:00:00Z,175
1503960366,2016-03-30T19:00:00Z,128
1503960366,2016-03-30T20:00:00Z,120
1503960366,2016-03-30T21:00:00Z,94
1503960366,2016-03-30T22:00:00Z,55
1503960366,2016-03-30T23:00:00Z,74
1503960366,2016-03-31T00:00:00Z,65
1503960366,2016-03-31T01:00:00Z,47
1503960366,2016-03-31T02:00:00Z,59
1503960366,2016-03-31T03:00:00Z,48
1503960366,2016-03-31T04:00:00Z,48
1503960366,2016-03-31T05:00:00Z,48
1503960366,2016-03-31T06:00:00Z,47
1503960366,2016-03-31T07:00:00Z,53
1503960366,2016-03-31T08:00:00Z,63
1503960366,2016-03-31T09:00:00Z,135
1503960366,2016-03-31T10:00:00Z,76
1503960366,2016-03-31T11:00:00Z,59
1503960366,2016-03-31T12:00:00Z,74
1503960366,2016-03-31T13:00:00Z,79
1503960366,2016-03-31T14:00:00Z,92
1503960366,2016-03-31T15:00:00Z,107
1503960366,2016-03-31T16:00:00Z,65
1503960366,2016-03-31T17:00:00Z,68
1503960366,2016-03-31T18:00:00Z,69
1503960366,2016-03-31T19:00:00Z,66
1503960366,2016-03-31T20:00:00Z,124
1503960366,2016-03-31T21:00:00Z,109
1503960366,2016-03-31T22:00:00Z,81
1503960366,2016-03-31T23:00:00Z,208
1503960366,2016-04-01T00:00:00Z,57
1503960366,2016-04-01T01:00:00Z,52
1503960366,2016-04-01T02:00:00Z,53
1503960366,2016-04-01T03:00:00Z,56
1503960366,2016-04-01T04:00:00Z,47
1503960366,2016-04-01T05:00:00Z,47
1503960366,2016-04-01T06:00:00Z,47
1503960366,2016-04-01T07:00:00Z,53
1503960366,2016-04-01T08:00:00Z,71
1503960366,2016-04-01T09:00:00Z,70
1503960366,2016-04-01T10:00:00Z,60
1503960366,2016-04-01T11:00:00Z,58
1503960366,2016-04-01T12:00:00Z,55
1503960366,2016-04-01T13:00:00Z,52
1503960366,2016-04-01T14:00:00Z,68
1503960366,2016-04-01T15:00:00Z,66
1503960366,2016-04-01T16:00:00Z,76
1503960366,2016-04-01T17:00:00Z,56
1503960366,2016-04-01T18:00:00Z,65
1503960366,2016-04-01T19:00:00Z,55
1503960366,2016-04-01T20:00:00Z,172
1503960366,2016-04-01T21:00:00Z,186
1503960366,2016-04-01T22:00:00Z,224
1503960366,2016-04-01T23:00:00Z,119
1503960366,2016-04-02T00:00:00Z,69
1503960366,2016-04-02T01:00:00Z,47
1503960366,2016-04-02T02:00:00Z,48
1503960366,2016-04-02T03:00:00Z,58
1503960366,2016-04-02T04:00:00Z,48
1503960366,2016-04-02T05:00:00Z,49
1503960366,2016-04-02T06:00:00Z,48
1503960366,2016-04-02T07:00:00Z,56
1503960366,2016-04-02T08:00:00Z,52
1503960366,2016-04-02T09:00:00Z,58
1503960366,2016-04-02T10:00:00Z,57
1503960366,2016-04-02T11:00:00Z,76
1503960366,2016-04-02T12:00:00Z,55
1503960366,2016-04-02T13:00:00Z,87
1503960366,2016-04-02T14:00:00Z,60
1503960366,2016-04-02T15:00:00Z,77
1503960366,2016-04-02T16:00:00Z,95
1503960366,2016-04-02T17:00:00Z,70
1503960366,2016-04-02T18:00:00Z,59
1503960366,2016-04-02T19:00:00Z,214
1503960366,2016-04-02T20:00:00Z,142
1503960366,2016-04-02T21:00:00Z,91
1503960366,2016-04-02T22:00:00Z,100
1503960366,2016-04-02T23:00:00Z,128
1503960366,2016-04-03T00:00:00Z,70
1503960366,2016-04-03T01:00:00Z,51
1503960366,2016-04-03T02:00:00Z,55
1503960366,2016-04-03T03:00:00Z,52
1503960366,2016-04-03T04:00:00Z,49
1503960366,2016-04-03T05:00:00Z,49
1503960366,2016-04-03T06:00:00Z,48
1503960366,2016-04-03T07:00:00Z,48
1503960366,2016-04-03T08:00:00Z,48
1503960366,2016-04-03T09:00:00Z,60
1503960366,2016-04-03T10:00:00Z,140
1503960366,2016-04-03T11:00:00Z,86
1503960366,2016-04-03T12:00:00Z,96
1503960366,2016-04-03T13:00:00Z,106
1503960366,2016-04-03T14:00:00Z,55
1503960366,2016-04-03T15:00:00Z,97
1503960366,2016-04-03T16:00:00Z,62
1503960366,2016-04-03T17:00:00Z,77
1503960366,2016-04-03T18:00:00Z,73
1503960366,2016-04-03T19:00:00Z,81
1503960366,2016-04-03T20:00:00Z,79
1503960366,2016-04-03T21:00:00Z,84
1503960366,2016-04-03T22:00:00Z,75
1503960366,2016-04-03T23:00:00Z,210
1503960366,2016-04-04T00:00:00Z,63
1503960366,2016-04-04T01:00:00Z,53
1503960366,2016-04-04T02:00:00Z,52
1503960366,2016-04-04T03:00:00Z,49
1503960366,2016-04-04T04:00:00Z,47
1503960366,2016-04-04T05:00:00Z,50
1503960366,2016-04-04T06:00:00Z,48
1503960366,2016-04-04T07:00:00Z,52
1503960366,2016-04-04T08:00:00Z,83
1503960366,2016-04-04T09:00:00Z,148
1503960366,2016-04-04T10:00:00Z,79
1503960366,2016-04-04T11:00:00Z,73
1503960366,2016-04-04T12:00:00Z,147
1503960366,2016-04-04T13:00:00Z,71
1503960366,2016-04-04T14:00:00Z,83
1503960366,2016-04-04T15:00:00Z,70
1503960366,2016-04-04T16:00:00Z,67
1503960366,2016-04-04T17:00:00Z,104
1503960366,2016-04-04T18:00:00Z,127
1503960366,2016-04-04T19:00:00Z,174
1503960366,2016-04-04T20:00:00Z,133
1503960366,2016-04-04T21:00:00Z,89
1503960366,2016-04-04T22:00:00Z,66
1503960366,2016-04-04T23:00:00Z,109
1503960366,2016-04-05T00:00:00Z,73
1503960366,2016-04-05T01:00:00Z,55
1503960366,2016-04-05T02:00:00Z,71
1503960366,2016-04-05T03:00:00Z,52
1503960366,2016-04-05T04:00:00Z,47
1503960366,2016-04-05T05:00:00Z,48
1503960366,2016-04-05T06:00:00Z,48
1503960366,2016-04-05T07:00:00Z,50
1503960366,2016-04-05T08:00:00Z,66
1503960366,2016-04-05T09:00:00Z,141
1503960366,2016-04-05T10:00:00Z,73
1503960366,2016-04-05T11:00:00Z,74
1503960366,2016-04-05T12:00:00Z,71
1503960366,2016-04-05T13:00:00Z,178
1503960366,2016-04-05T14:00:00Z,131
1503960366,2016-04-05T15:00:00Z,107
1503960366,2016-04-05T16:00:00Z,85
1503960366,2016-04-05T17:00:00Z,89
1503960366,2016-04-05T18:00:00Z,136
1503960366,2016-04-05T19:00:00Z,83
1503960366,2016-04-05T20:00:00Z,161
1503960366,2016-04-05T21:00:00Z,82
1503960366,2016-04-05T22:00:00Z,65
1503960366,2016-04-05T23:00:00Z,95
1503960366,2016-04-06T00:00:00Z,61
1503960366,2016-04-06T01:00:00Z,53
1503960366,2016-04-06T02:00:00Z,52
1503960366,2016-04-06T03:00:00Z,47
1503960366,2016-04-06T04:00:00Z,47
1503960366,2016-04-06T05:00:00Z,47
1503960366,2016-04-06T06:00:00Z,47
1503960366,2016-04-06T07:00:00Z,47
1503960366,2016-04-06T08:00:00Z,88
1503960366,2016-04-06T09:00:00Z,120
1503960366,2016-04-06T10:00:00Z,81
1503960366,2016-04-06T11:00:00Z,68
1503960366,2016-04-06T12:00:00Z,69
1503960366,2016-04-06T13:00:00Z,179
1503960366,2016-04-06T14:00:00Z,61
1503960366,2016-04-06T15:00:00Z,65
1503960366,2016-04-06T16:00:00Z,64
1503960366,2016-04-06T17:00:00Z,67
1503960366,2016-04-06T18:00:00Z,103
1503960366,2016-04-06T19:00:00Z,135
1503960366,2016-04-06T20:00:00Z,113
1503960366,2016-04-06T21:00:00Z,116
1503960366,2016-04-06T22:00:00Z,71
1503960366,2016-04-06T23:00:00Z,58
1503960366,2016-04-07T00:00:00Z,53
1503960366,2016-04-07T01:00:00Z,48
1503960366,2016-04-07T02:00:00Z,47
1503960366,2016-04-07T03:00:00Z,47
1503960366,2016-04-07T04:00:00Z,47
1503960366,2016-04-07T05:00:00Z,47
1503960366,2016-04-07T06:00:00Z,47
1503960366,2016-04-07T07:00:00Z,47
1503960366,2016-04-07T08:00:00Z,47
1503960366,2016-04-07T09:00:00Z,130
1503960366,2016-04-07T10:00:00Z,97
1503960366,2016-04-07T11:00:00Z,58
1503960366,2016-04-07T12:00:00Z,107
1503960366,2016-04-07T13:00:00Z,67
1503960366,2016-04-07T14:00:00Z,129
1503960366,2016-04-07T15:00:00Z,79
1503960366,2016-04-07T16:00:00Z,96
1503960366,2016-04-07T17:00:00Z,73
1503960366,2016-04-07T18:00:00Z,74
1503960366,2016-04-07T19:00:00Z,128
1503960366,2016-04-07T20:00:00Z,66
1503960366,2016-04-07T21:00:00Z,53
1503960366,2016-04-07T22:00:00Z,59
1503960366,2016-04-07T23:00:00Z,107
1503960366,2016-04-08T00:00:00Z,73
1503960366,2016-04-08T01:00:00Z,56
1503960366,2016-04-08T02:00:00Z,49
1503960366,2016-04-08T03:00:00Z,47
1503960366,2016-04-08T04:00:00Z,47
1503960366,2016-04-08T05:00:00Z,47
1503960366,2016-04-08T06:00:00Z,47
1503960366,2016-04-08T07:00:00Z,47
1503960366,2016-04-08T08:00:00Z,47
1503960366,2016-04-08T09:00:00Z,101
1503960366,2016-04-08T10:00:00Z,103
1503960366,2016-04-08T11:00:00Z,67
1503960366,2016-04-08T12:00:00Z,61
1503960366,2016-04-08T13:00:00Z,69
1503960366,2016-04-08T14:00:00Z,196
1503960366,2016-04-08T15:00:00Z,65
1503960366,2016-04-08T16:00:00Z,65
1503960366,2016-04-08T17:00:00Z,119
1503960366,2016-04-08T18:00:00Z,81
1503960366,2016-04-08T19:00:00Z,165
1503960366,2016-04-08T20:00:00Z,115
1503960366,2016-04-08T21:00:00Z,88
1503960366,2016-04-08T22:00:00Z,68
1503960366,2016-04-08T23:00:00Z,70
1503960366,2016-04-09T00:00:00Z,62
1503960366,2016-04-09T01:00:00Z,61
1503960366,2016-04-09T02:00:00Z,70
1503960366,2016-04-09T03:00:00Z,48
1503960366,2016-04-09T04:00:00Z,47
1503960366,2016-04-09T05:00:00Z,47
1503960366,2016-04-09T06:00:00Z,49
1503960366,2016-04-09T07:00:00Z,49
1503960366,2016-04-09T08:00:00Z,52
1503960366,2016-04-09T09:00:00Z,53
1503960366,2016-04-09T10:00:00Z,93
1503960366,2016-04-09T11:00:00Z,60
1503960366,2016-04-09T12:00:00Z,145
1503960366,2016-04-09T13:00:00Z,147
1503960366,2016-04-09T14:00:00Z,59
1503960366,2016-04-09T15:00:00Z,111
1503960366,2016-04-09T16:00:00Z,53
1503960366,2016-04-09T17:00:00Z,190
1503960366,2016-04-09T18:00:00Z,130
1503960366,2016-04-09T19:00:00Z,57
1503960366,2016-04-09T20:00:00Z,63
1503960366,2016-04-09T21:00:00Z,78
1503960366,2016-04-09T22:00:00Z,110
1503960366,2016-04-09T23:00:00Z,50
1503960366,2016-04-10T00:00:00Z,75
1503960366,2016-04-10T01:00:00Z,49
1503960366,2016-04-10T02:00:00Z,48
1503960366,2016-04-10T03:00:00Z,59
1503960366,2016-04-10T04:00:00Z,47
1503960366,2016-04-10T05:00:00Z,47
1503960366,2016-04-10T06:00:00Z,48
1503960366,2016-04-10T07:00:00Z,49
1503960366,2016-04-10T08:00:00Z,48
1503960366,2016-04-10T09:00:00Z,48
1503960366,2016-04-10T10:00:00Z,48
1503960366,2016-04-10T11:00:00Z,54
1503960366,2016-04-10T12:00:00Z,122
1503960366,2016-04-10T13:00:00Z,213
1503960366,2016-04-10T14:00:00Z,138
1503960366,2016-04-10T15:00:00Z,73
1503960366,2016-04-10T16:00:00Z,56
1503960366,2016-04-10T17:00:00Z,53
1503960366,2016-04-10T18:00:00Z,52
1503960366,2016-04-10T19:00:00Z,63
1503960366,2016-04-10T20:00:00Z,96
1503960366,2016-04-10T21:00:00Z,59
1503960366,2016-04-10T22:00:00Z,54
1503960366,2016-04-10T23:00:00Z,158
1503960366,2016-04-11T00:00:00Z,48
1503960366,2016-04-11T01:00:00Z,47
1503960366,2016-04-11T02:00:00Z,57
1503960366,2016-04-11T03:00:00Z,47
1503960366,2016-04-11T04:00:00Z,47
1503960366,2016-04-11T05:00:00Z,47
1503960366,2016-04-11T06:00:00Z,48
1503960366,2016-04-11T07:00:00Z,50
1503960366,2016-04-11T08:00:00Z,66
1503960366,2016-04-11T09:00:00Z,138
1503960366,2016-04-11T10:00:00Z,75
1503960366,2016-04-11T11:00:00Z,66
1503960366,2016-04-11T12:00:00Z,107
1503960366,2016-04-11T13:00:00Z,116
1503960366,2016-04-11T14:00:00Z,83
1503960366,2016-04-11T15:00:00Z,81
1503960366,2016-04-11T16:00:00Z,80
1503960366,2016-04-11T17:00:00Z,77
1503960366,2016-04-11T18:00:00Z,156
1503960366,2016-04-11T19:00:00Z,106
1503960366,2016-04-11T20:00:00Z,74
1503960366,2016-04-11T21:00:00Z,58
1503960366,2016-04-11T22:00:00Z,59
1503960366,2016-04-11T23:00:00Z,77
1624580081,2016-03-12T00:00:00Z,70
1624580081,2016-03-12T01:00:00Z,65
1624580081,2016-03-12T02:00:00Z,50
1624580081,2016-03-12T03:00:00Z,50
1624580081,2016-03-12T04:00:00Z,50
1624580081,2016-03-12T05:00:00Z,50
1624580081,2016-03-12T06:00:00Z,50
1624580081,2016-03-12T07:00:00Z,50
1624580081,2016-03-12T08:00:00Z,50
1624580081,2016-03-12T09:00:00Z,50
1624580081,2016-03-12T10:00:00Z,50
1624580081,2016-03-12T11:00:00Z,54
1624580081,2016-03-12T12:00:00Z,59
1624580081,2016-03-12T13:00:00Z,54
1624580081,2016-03-12T14:00:00Z,55
1624580081,2016-03-12T15:00:00Z,60
1624580081,2016-03-12T16:00:00Z,50
1624580081,2016-03-12T17:00:00Z,50
1624580081,2016-03-12T18:00:00Z,76
1624580081,2016-03-12T19:00:00Z,75
1624580081,2016-03-12T20:00:00Z,68
1624580081,2016-03-12T21:00:00Z,61
1624580081,2016-03-12T22:00:00Z,52
1624580081,2016-03-12T23:00:00Z,65
1624580081,2016-03-13T00:00:00Z,55
1624580081,2016-03-13T01:00:00Z,51
1624580081,2016-03-13T02:00:00Z,51
1624580081,2016-03-13T03:00:00Z,67
1624580081,2016-03-13T04:00:00Z,50
1624580081,2016-03-13T05:00:00Z,53
1624580081,2016-03-13T06:00:00Z,51
1624580081,2016-03-13T07:00:00Z,50
1624580081,2016-03-13T08:00:00Z,50
1624580081,2016-03-13T09:00:00Z,50
1624580081,2016-03-13T10:00:00Z,50
1624580081,2016-03-13T11:00:00Z,50
1624580081,2016-03-13T12:00:00Z,63
1624580081,2016-03-13T13:00:00Z,56
1624580081,2016-03-13T14:00:00Z,50
1624580081,2016-03-13T15:00:00Z,51
1624580081,2016-03-13T16:00:00Z,54
1624580081,2016-03-13T17:00:00Z,54
1624580081,2016-03-13T18:00:00Z,50
1624580081,2016-03-13T19:00:00Z,50
1624580081,2016-03-13T20:00:00Z,74
1624580081,2016-03-13T21:00:00Z,50
1624580081,2016-03-13T22:00:00Z,53
1624580081,2016-03-13T23:00:00Z,52
1624580081,2016-03-14T00:00:00Z,56
1624580081,2016-03-14T01:00:00Z,52
1624580081,2016-03-14T02:00:00Z,50
1624580081,2016-03-14T03:00:00Z,50
1624580081,2016-03-14T04:00:00Z,50
1624580081,2016-03-14T05:00:00Z,52
1624580081,2016-03-14T06:00:00Z,53
1624580081,2016-03-14T07:00:00Z,50
1624580081,2016-03-14T08:00:00Z,50
1624580081,2016-03-14T09:00:00Z,50
1624580081,2016-03-14T10:00:00Z,50
1624580081,2016-03-14T11:00:00Z,50
1624580081,2016-03-14T12:00:00Z,62
1624580081,2016-03-14T13:00:00Z,50
1624580081,2016-03-14T14:00:00Z,50
1624580081,2016-03-14T15:00:00Z,70
1624580081,2016-03-14T16:00:00Z,56
1624580081,2016-03-14T17:00:00Z,64
1624580081,2016-03-14T18:00:00Z,72
1624580081,2016-03-14T19:00:00Z,72
1624580081,2016-03-14T20:00:00Z,62
1624580081,2016-03-14T21:00:00Z,62
1624580081,2016-03-14T22:00:00Z,58
1624580081,2016-03-14T23:00:00Z,65
1624580081,2016-03-15T00:00:00Z,54
1624580081,2016-03-15T01:00:00Z,50
1624580081,2016-03-15T02:00:00Z,56
1624580081,2016-03-15T03:00:00Z,50
1624580081,2016-03-15T04:00:00Z,50
1624580081,2016-03-15T05:00:00Z,50
1624580081,2016-03-15T06:00:00Z,50
1624580081,2016-03-15T07:00:00Z,52
1624580081,2016-03-15T08:00:00Z,50
1624580081,2016-03-15T09:00:00Z,50
1624580081,2016-03-15T10:00:00Z,57
1624580081,2016-03-15T11:00:00Z,95
1624580081,2016-03-15T12:00:00Z,111
1624580081,2016-03-15T13:00:00Z,53
1624580081,2016-03-15T14:00:00Z,58
1624580081,2016-03-15T15:00:00Z,50
1624580081,2016-03-15T16:00:00Z,56
1624580081,2016-03-15T17:00:00Z,50
1624580081,2016-03-15T18:00:00Z,88
1624580081,2016-03-15T19:00:00Z,76
1624580081,2016-03-15T20:00:00Z,50
1624580081,2016-03-15T21:00:00Z,66
1624580081,2016-03-15T22:00:00Z,67
1624580081,2016-03-15T23:00:00Z,80
1624580081,2016-03-16T00:00:00Z,52
1624580081,2016-03-16T01:00:00Z,58
1624580081,2016-03-16T02:00:00Z,58
1624580081,2016-03-16T03:00:00Z,50
1624580081,2016-03-16T04:00:00Z,50
1624580081,2016-03-16T05:00:00Z,50
1624580081,2016-03-16T06:00:00Z,50
1624580081,2016-03-16T07:00:00Z,54
1624580081,2016-03-16T08:00:00Z,50
1624580081,2016-03-16T09:00:00Z,53
1624580081,2016-03-16T10:00:00Z,55
1624580081,2016-03-16T11:00:00Z,119
1624580081,2016-03-16T12:00:00Z,85
1624580081,2016-03-16T13:00:00Z,59
1624580081,2016-03-16T14:00:00Z,54
1624580081,2016-03-16T15:00:00Z,52
1624580081,2016-03-16T16:00:00Z,85
1624580081,2016-03-16T17:00:00Z,75
1624580081,2016-03-16T18:00:00Z,84
1624580081,2016-03-16T19:00:00Z,119
1624580081,2016-03-16T20:00:00Z,66
1624580081,2016-03-16T21:00:00Z,63
1624580081,2016-03-16T22:00:00Z,108
1624580081,2016-03-16T23:00:00Z,76
1624580081,2016-03-17T00:00:00Z,69
1624580081,2016-03-17T01:00:00Z,53
1624580081,2016-03-17T02:00:00Z,51
1624580081,2016-03-17T03:00:00Z,50
1624580081,2016-03-17T04:00:00Z,50
1624580081,2016-03-17T05:00:00Z,50
1624580081,2016-03-17T06:00:00Z,50
1624580081,2016-03-17T07:00:00Z,102
1624580081,2016-03-17T08:00:00Z,86
1624580081,2016-03-17T09:00:00Z,57
1624580081,2016-03-17T10:00:00Z,58
1624580081,2016-03-17T11:00:00Z,123
1624580081,2016-03-17T12:00:00Z,90
1624580081,2016-03-17T13:00:00Z,50
1624580081,2016-03-17T14:00:00Z,50
1624580081,2016-03-17T15:00:00Z,51
1624580081,2016-03-17T16:00:00Z,63
1624580081,2016-03-17T17:00:00Z,93
1624580081,2016-03-17T18:00:00Z,129
1624580081,2016-03-17T19:00:00Z,100
1624580081,2016-03-17T20:00:00Z,80
1624580081,2016-03-17T21:00:00Z,121
1624580081,2016-03-17T22:00:00Z,71
1624580081,2016-03-17T23:00:00Z,55
1624580081,2016-03-18T00:00:00Z,62
1624580081,2016-03-18T01:00:00Z,50
1624580081,2016-03-18T02:00:00Z,51
1624580081,2016-03-18T03:00:00Z,50
1624580081,2016-03-18T04:00:00Z,50
1624580081,2016-03-18T05:00:00Z,50
1624580081,2016-03-18T06:00:00Z,50
1624580081,2016-03-18T07:00:00Z,51
1624580081,2016-03-18T08:00:00Z,54
1624580081,2016-03-18T09:00:00Z,54
1624580081,2016-03-18T10:00:00Z,54
1624580081,2016-03-18T11:00:00Z,54
1624580081,2016-03-18T12:00:00Z,52
1624580081,2016-03-18T13:00:00Z,56
1624580081,2016-03-18T14:00:00Z,62
1624580081,2016-03-18T15:00:00Z,52
1624580081,2016-03-18T16:00:00Z,51
1624580081,2016-03-18T17:00:00Z,58
1624580081,2016-03-18T18:00:00Z,71
1624580081,2016-03-18T19:00:00Z,99
1624580081,2016-03-18T20:00:00Z,89
1624580081,2016-03-18T21:00:00Z,59
1624580081,2016-03-18T22:00:00Z,50
1624580081,2016-03-18T23:00:00Z,81
1624580081,2016-03-19T00:00:00Z,61
1624580081,2016-03-19T01:00:00Z,59
1624580081,2016-03-19T02:00:00Z,54
1624580081,2016-03-19T03:00:00Z,50
1624580081,2016-03-19T04:00:00Z,50
1624580081,2016-03-19T05:00:00Z,50
1624580081,2016-03-19T06:00:00Z,50
1624580081,2016-03-19T07:00:00Z,50
1624580081,2016-03-19T08:00:00Z,50
1624580081,2016-03-19T09:00:00Z,50
1624580081,2016-03-19T10:00:00Z,50
1624580081,2016-03-19T11:00:00Z,52
1624580081,2016-03-19T12:00:00Z,77
1624580081,2016-03-19T13:00:00Z,61
1624580081,2016-03-19T14:00:00Z,51
1624580081,2016-03-19T15:00:00Z,61
1624580081,2016-03-19T16:00:00Z,50
1624580081,2016-03-19T17:00:00Z,59
1624580081,2016-03-19T18:00:00Z,57
1624580081,2016-03-19T19:00:00Z,83
1624580081,2016-03-19T20:00:00Z,59
1624580081,2016-03-19T21:00:00Z,57
1624580081,2016-03-19T22:00:00Z,55
1624580081,2016-03-19T23:00:00Z,76
1624580081,2016-03-20T00:00:00Z,50
1624580081,2016-03-20T01:00:00Z,79
1624580081,2016-03-20T02:00:00Z,56
1624580081,2016-03-20T03:00:00Z,53
1624580081,2016-03-20T04:00:00Z,50
1624580081,2016-03-20T05:00:00Z,50
1624580081,2016-03-20T06:00:00Z,50
1624580081,2016-03-20T07:00:00Z,50
1624580081,2016-03-20T08:00:00Z,50
1624580081,2016-03-20T09:00:00Z,50
1624580081,2016-03-20T10:00:00Z,50
1624580081,2016-03-20T11:00:00Z,59
1624580081,2016-03-20T12:00:00Z,112
1624580081,2016-03-20T13:00:00Z,78
1624580081,2016-03-20T14:00:00Z,53
1624580081,2016-03-20T15:00:00Z,50
1624580081,2016-03-20T16:00:00Z,56
1624580081,2016-03-20T17:00:00Z,61
1624580081,2016-03-20T18:00:00Z,56
1624580081,2016-03-20T19:00:00Z,59
1624580081,2016-03-20T20:00:00Z,52
1624580081,2016-03-20T21:00:00Z,56
1624580081,2016-03-20T22:00:00Z,57
1624580081,2016-03-20T23:00:00Z,54
1624580081,2016-03-21T00:00:00Z,55
1624580081,2016-03-21T01:00:00Z,55
1624580081,2016-03-21T02:00:00Z,50
1624580081,2016-03-21T03:00:00Z,53
1624580081,2016-03-21T04:00:00Z,50
1624580081,2016-03-21T05:00:00Z,50
1624580081,2016-03-21T06:00:00Z,50
1624580081,2016-03-21T07:00:00Z,50
1624580081,2016-03-21T08:00:00Z,50
1624580081,2016-03-21T09:00:00Z,53
1624580081,2016-03-21T10:00:00Z,59
1624580081,2016-03-21T11:00:00Z,58
1624580081,2016-03-21T12:00:00Z,58
1624580081,2016-03-21T13:00:00Z,50
1624580081,2016-03-21T14:00:00Z,57
1624580081,2016-03-21T15:00:00Z,61
1624580081,2016-03-21T16:00:00Z,51
1624580081,2016-03-21T17:00:00Z,53
1624580081,2016-03-21T18:00:00Z,101
1624580081,2016-03-21T19:00:00Z,50
1624580081,2016-03-21T20:00:00Z,57
1624580081,2016-03-21T21:00:00Z,59
1624580081,2016-03-21T22:00:00Z,52
1624580081,2016-03-21T23:00:00Z,61
1624580081,2016-03-22T00:00:00Z,54
1624580081,2016-03-22T01:00:00Z,58
1624580081,2016-03-22T02:00:00Z,50
1624580081,2016-03-22T03:00:00Z,50
1624580081,2016-03-22T04:00:00Z,50
1624580081,2016-03-22T05:00:00Z,50
1624580081,2016-03-22T06:00:00Z,50
1624580081,2016-03-22T07:00:00Z,50
1624580081,2016-03-22T08:00:00Z,51
1624580081,2016-03-22T09:00:00Z,51
1624580081,2016-03-22T10:00:00Z,61
1624580081,2016-03-22T11:00:00Z,95
1624580081,2016-03-22T12:00:00Z,62
1624580081,2016-03-22T13:00:00Z,61
1624580081,2016-03-22T14:00:00Z,54
1624580081,2016-03-22T15:00:00Z,50
1624580081,2016-03-22T16:00:00Z,50
1624580081,2016-03-22T17:00:00Z,50
1624580081,2016-03-22T18:00:00Z,57
1624580081,2016-03-22T19:00:00Z,50
1624580081,2016-03-22T20:00:00Z,114
1624580081,2016-03-22T21:00:00Z,55
1624580081,2016-03-22T22:00:00Z,50
1624580081,2016-03-22T23:00:00Z,50
1624580081,2016-03-23T00:00:00Z,50
1624580081,2016-03-23T01:00:00Z,55
1624580081,2016-03-23T02:00:00Z,50
1624580081,2016-03-23T03:00:00Z,50
1624580081,2016-03-23T04:00:00Z,50
1624580081,2016-03-23T05:00:00Z,51
1624580081,2016-03-23T06:00:00Z,50
1624580081,2016-03-23T07:00:00Z,51
1624580081,2016-03-23T08:00:00Z,52
1624580081,2016-03-23T09:00:00Z,80
1624580081,2016-03-23T10:00:00Z,54
1624580081,2016-03-23T11:00:00Z,50
1624580081,2016-03-23T12:00:00Z,56
1624580081,2016-03-23T13:00:00Z,70
1624580081,2016-03-23T14:00:00Z,75
1624580081,2016-03-23T15:00:00Z,59
1624580081,2016-03-23T16:00:00Z,54
1624580081,2016-03-23T17:00:00Z,81
1624580081,2016-03-23T18:00:00Z,82
1624580081,2016-03-23T19:00:00Z,155
1624580081,2016-03-23T20:00:00Z,56
1624580081,2016-03-23T21:00:00Z,57
1624580081,2016-03-23T22:00:00Z,66
1624580081,2016-03-23T23:00:00Z,56
1624580081,2016-03-24T00:00:00Z,71
1624580081,2016-03-24T01:00:00Z,67
1624580081,2016-03-24T02:00:00Z,52
1624580081,2016-03-24T03:00:00Z,50
1624580081,2016-03-24T04:00:00Z,50
1624580081,2016-03-24T05:00:00Z,50
1624580081,2016-03-24T06:00:00Z,50
1624580081,2016-03-24T07:00:00Z,50
1624580081,2016-03-24T08:00:00Z,50
1624580081,2016-03-24T09:00:00Z,50
1624580081,2016-03-24T10:00:00Z,51
1624580081,2016-03-24T11:00:00Z,58
1624580081,2016-03-24T12:00:00Z,57
1624580081,2016-03-24T13:00:00Z,66
1624580081,2016-03-24T14:00:00Z,54
1624580081,2016-03-24T15:00:00Z,50
1624580081,2016-03-24T16:00:00Z,64
1624580081,2016-03-24T17:00:00Z,71
1624580081,2016-03-24T18:00:00Z,51
1624580081,2016-03-24T19:00:00Z,56
1624580081,2016-03-24T20:00:00Z,57
1624580081,2016-03-24T21:00:00Z,53
1624580081,2016-03-24T22:00:00Z,54
1624580081,2016-03-24T23:00:00Z,56
1624580081,2016-03-25T00:00:00Z,54
1624580081,2016-03-25T01:00:00Z,54
1624580081,2016-03-25T02:00:00Z,50
1624580081,2016-03-25T03:00:00Z,52
1624580081,2016-03-25T04:00:00Z,50
1624580081,2016-03-25T05:00:00Z,50
1624580081,2016-03-25T06:00:00Z,50
1624580081,2016-03-25T07:00:00Z,50
1624580081,2016-03-25T08:00:00Z,50
1624580081,2016-03-25T09:00:00Z,55
1624580081,2016-03-25T10:00:00Z,50
1624580081,2016-03-25T11:00:00Z,60
1624580081,2016-03-25T12:00:00Z,50
1624580081,2016-03-25T13:00:00Z,50
1624580081,2016-03-25T14:00:00Z,50
1624580081,2016-03-25T15:00:00Z,50
1624580081,2016-03-25T16:00:00Z,51
1624580081,2016-03-25T17:00:00Z,53
1624580081,2016-03-25T18:00:00Z,92
1624580081,2016-03-25T19:00:00Z,76
1624580081,2016-03-25T20:00:00Z,95
1624580081,2016-03-25T21:00:00Z,69
1624580081,2016-03-25T22:00:00Z,50
1624580081,2016-03-25T23:00:00Z,64
1624580081,2016-03-26T00:00:00Z,60
1624580081,2016-03-26T01:00:00Z,50
1624580081,2016-03-26T02:00:00Z,52
1624580081,2016-03-26T03:00:00Z,50
1624580081,2016-03-26T04:00:00Z,50
1624580081,2016-03-26T05:00:00Z,50
1624580081,2016-03-26T06:00:00Z,50
1624580081,2016-03-26T07:00:00Z,50
1624580081,2016-03-26T08:00:00Z,50
1624580081,2016-03-26T09:00:00Z,51
1624580081,2016-03-26T10:00:00Z,50
1624580081,2016-03-26T11:00:00Z,51
1624580081,2016-03-26T12:00:00Z,52
1624580081,2016-03-26T13:00:00Z,67
1624580081,2016-03-26T14:00:00Z,55
1624580081,2016-03-26T15:00:00Z,50
1624580081,2016-03-26T16:00:00Z,77
1624580081,2016-03-26T17:00:00Z,51
1624580081,2016-03-26T18:00:00Z,50
1624580081,2016-03-26T19:00:00Z,50
1624580081,2016-03-26T20:00:00Z,50
1624580081,2016-03-26T21:00:00Z,50
1624580081,2016-03-26T22:00:00Z,50
1624580081,2016-03-26T23:00:00Z,50
1624580081,2016-03-27T00:00:00Z,50
1624580081,2016-03-27T01:00:00Z,50
1624580081,2016-03-27T02:00:00Z,50
1624580081,2016-03-27T03:00:00Z,51
1624580081,2016-03-27T04:00:00Z,50
1624580081,2016-03-27T05:00:00Z,50
1624580081,2016-03-27T06:00:00Z,50
1624580081,2016-03-27T07:00:00Z,50
1624580081,2016-03-27T08:00:00Z,50
1624580081,2016-03-27T09:00:00Z,50
1624580081,2016-03-27T10:00:00Z,50
1624580081,2016-03-27T11:00:00Z,50
1624580081,2016-03-27T12:00:00Z,50
1624580081,2016-03-27T13:00:00Z,62
1624580081,2016-03-27T14:00:00Z,90
1624580081,2016-03-27T15:00:00Z,75
1624580081,2016-03-27T16:00:00Z,50
1624580081,2016-03-27T17:00:00Z,73
1624580081,2016-03-27T18:00:00Z,59
1624580081,2016-03-27T19:00:00Z,63
1624580081,2016-03-27T20:00:00Z,57
1624580081,2016-03-27T21:00:00Z,59
1624580081,2016-03-27T22:00:00Z,63
1624580081,2016-03-27T23:00:00Z,51
1624580081,2016-03-28T00:00:00Z,71
1624580081,2016-03-28T01:00:00Z,57
1624580081,2016-03-28T02:00:00Z,52
1624580081,2016-03-28T03:00:00Z,50
1624580081,2016-03-28T04:00:00Z,50
1624580081,2016-03-28T05:00:00Z,50
1624580081,2016-03-28T06:00:00Z,51
1624580081,2016-03-28T07:00:00Z,50
1624580081,2016-03-28T08:00:00Z,50
1624580081,2016-03-28T09:00:00Z,50
1624580081,2016-03-28T10:00:00Z,64
1624580081,2016-03-28T11:00:00Z,54
1624580081,2016-03-28T12:00:00Z,50
1624580081,2016-03-28T13:00:00Z,58
1624580081,2016-03-28T14:00:00Z,82
1624580081,2016-03-28T15:00:00Z,50
1624580081,2016-03-28T16:00:00Z,55
1624580081,2016-03-28T17:00:00Z,50
1624580081,2016-03-28T18:00:00Z,54
1624580081,2016-03-28T19:00:00Z,80
1624580081,2016-03-28T20:00:00Z,53
1624580081,2016-03-28T21:00:00Z,58
1624580081,2016-03-28T22:00:00Z,50
1624580081,2016-03-28T23:00:00Z,55
1624580081,2016-03-29T00:00:00Z,51
1624580081,2016-03-29T01:00:00Z,52
1624580081,2016-03-29T02:00:00Z,50
1624580081,2016-03-29T03:00:00Z,50
1624580081,2016-03-29T04:00:00Z,50
1624580081,2016-03-29T05:00:00Z,51
1624580081,2016-03-29T06:00:00Z,50
1624580081,2016-03-29T07:00:00Z,50
1624580081,2016-03-29T08:00:00Z,50
1624580081,2016-03-29T09:00:00Z,52
1624580081,2016-03-29T10:00:00Z,53
1624580081,2016-03-29T11:00:00Z,57
1624580081,2016-03-29T12:00:00Z,59
1624580081,2016-03-29T13:00:00Z,52
1624580081,2016-03-29T14:00:00Z,50
1624580081,2016-03-29T15:00:00Z,66
1624580081,2016-03-29T16:00:00Z,50
1624580081,2016-03-29T17:00:00Z,50
1624580081,2016-03-29T18:00:00Z,60
1624580081,2016-03-29T19:00:00Z,67
1624580081,2016-03-29T20:00:00Z,53
1624580081,2016-03-29T21:00:00Z,58
1624580081,2016-03-29T22:00:00Z,68
1624580081,2016-03-29T23:00:00Z,53
1624580081,2016-03-30T00:00:00Z,79
1624580081,2016-03-30T01:00:00Z,51
1624580081,2016-03-30T02:00:00Z,51
1624580081,2016-03-30T03:00:00Z,50
1624580081,2016-03-30T04:00:00Z,50
1624580081,2016-03-30T05:00:00Z,50
1624580081,2016-03-30T06:00:00Z,50
1624580081,2016-03-30T07:00:00Z,51
1624580081,2016-03-30T08:00:00Z,52
1624580081,2016-03-30T09:00:00Z,53
1624580081,2016-03-30T10:00:00Z,50
1624580081,2016-03-30T11:00:00Z,51
1624580081,2016-03-30T12:00:00Z,68
1624580081,2016-03-30T13:00:00Z,52
1624580081,2016-03-30T14:00:00Z,50
1624580081,2016-03-30T15:00:00Z,51
1624580081,2016-03-30T16:00:00Z,52
1624580081,2016-03-30T17:00:00Z,59
1624580081,2016-03-30T18:00:00Z,61
1624580081,2016-03-30T19:00:00Z,54
1624580081,2016-03-30T20:00:00Z,52
1624580081,2016-03-30T21:00:00Z,59
1624580081,2016-03-30T22:00:00Z,56
1624580081,2016-03-30T23:00:00Z,61
1624580081,2016-03-31T00:00:00Z,50
1624580081,2016-03-31T01:00:00Z,50
1624580081,2016-03-31T02:00:00Z,61
1624580081,2016-03-31T03:00:00Z,50
1624580081,2016-03-31T04:00:00Z,50
1624580081,2016-03-31T05:00:00Z,50
1624580081,2016-03-31T06:00:00Z,50
1624580081,2016-03-31T07:00:00Z,52
1624580081,2016-03-31T08:00:00Z,50
1624580081,2016-03-31T09:00:00Z,50
1624580081,2016-03-31T10:00:00Z,54
1624580081,2016-03-31T11:00:00Z,52
1624580081,2016-03-31T12:00:00Z,55
1624580081,2016-03-31T13:00:00Z,56
1624580081,2016-03-31T14:00:00Z,52
1624580081,2016-03-31T15:00:00Z,55
1624580081,2016-03-31T16:00:00Z,58
1624580081,2016-03-31T17:00:00Z,87
1624580081,2016-03-31T18:00:00Z,76
1624580081,2016-03-31T19:00:00Z,116
1624580081,2016-03-31T20:00:00Z,70
1624580081,2016-03-31T21:00:00Z,112
1624580081,2016-03-31T22:00:00Z,70
1624580081,2016-03-31T23:00:00Z,73
1624580081,2016-04-01T00:00:00Z,53
1624580081,2016-04-01T01:00:00Z,53
1624580081,2016-04-01T02:00:00Z,51
1624580081,2016-04-01T03:00:00Z,51
1624580081,2016-04-01T04:00:00Z,50
1624580081,2016-04-01T05:00:00Z,50
1624580081,2016-04-01T06:00:00Z,51
1624580081,2016-04-01T07:00:00Z,50
1624580081,2016-04-01T08:00:00Z,121
1624580081,2016-04-01T09:00:00Z,132
1624580081,2016-04-01T10:00:00Z,53
1624580081,2016-04-01T11:00:00Z,50
1624580081,2016-04-01T12:00:00Z,56
1624580081,2016-04-01T13:00:00Z,53
1624580081,2016-04-01T14:00:00Z,50
1624580081,2016-04-01T15:00:00Z,55
1624580081,2016-04-01T16:00:00Z,54
1624580081,2016-04-01T17:00:00Z,53
1624580081,2016-04-01T18:00:00Z,64
1624580081,2016-04-01T19:00:00Z,94
1624580081,2016-04-01T20:00:00Z,99
1624580081,2016-04-01T21:00:00Z,63
1624580081,2016-04-01T22:00:00Z,54
1624580081,2016-04-01T23:00:00Z,84
1624580081,2016-04-02T00:00:00Z,57
1624580081,2016-04-02T01:00:00Z,50
1624580081,2016-04-02T02:00:00Z,57
1624580081,2016-04-02T03:00:00Z,50
1624580081,2016-04-02T04:00:00Z,50
1624580081,2016-04-02T05:00:00Z,50
1624580081,2016-04-02T06:00:00Z,51
1624580081,2016-04-02T07:00:00Z,50
1624580081,2016-04-02T08:00:00Z,50
1624580081,2016-04-02T09:00:00Z,50
1624580081,2016-04-02T10:00:00Z,51
1624580081,2016-04-02T11:00:00Z,56
1624580081,2016-04-02T12:00:00Z,57
1624580081,2016-04-02T13:00:00Z,50
1624580081,2016-04-02T14:00:00Z,50
1624580081,2016-04-02T15:00:00Z,68
1624580081,2016-04-02T16:00:00Z,50
1624580081,2016-04-02T17:00:00Z,52
1624580081,2016-04-02T18:00:00Z,61
1624580081,2016-04-02T19:00:00Z,81
1624580081,2016-04-02T20:00:00Z,69
1624580081,2016-04-02T21:00:00Z,50
1624580081,2016-04-02T22:00:00Z,55
1624580081,2016-04-02T23:00:00Z,66
1624580081,2016-04-03T00:00:00Z,69
1624580081,2016-04-03T01:00:00Z,55
1624580081,2016-04-03T02:00:00Z,55
1624580081,2016-04-03T03:00:00Z,50
1624580081,2016-04-03T04:00:00Z,50
1624580081,2016-04-03T05:00:00Z,50
1624580081,2016-04-03T06:00:00Z,50
1624580081,2016-04-03T07:00:00Z,50
1624580081,2016-04-03T08:00:00Z,50
1624580081,2016-04-03T09:00:00Z,60
1624580081,2016-04-03T10:00:00Z,65
1624580081,2016-04-03T11:00:00Z,55
1624580081,2016-04-03T12:00:00Z,72
1624580081,2016-04-03T13:00:00Z,68
1624580081,2016-04-03T14:00:00Z,120
1624580081,2016-04-03T15:00:00Z,84
1624580081,2016-04-03T16:00:00Z,51
1624580081,2016-04-03T17:00:00Z,58
1624580081,2016-04-03T18:00:00Z,50
1624580081,2016-04-03T19:00:00Z,50
1624580081,2016-04-03T20:00:00Z,55
1624580081,2016-04-03T21:00:00Z,76
1624580081,2016-04-03T22:00:00Z,59
1624580081,2016-04-03T23:00:00Z,51
1624580081,2016-04-04T00:00:00Z,63
1624580081,2016-04-04T01:00:00Z,64
1624580081,2016-04-04T02:00:00Z,50
1624580081,2016-04-04T03:00:00Z,50
1624580081,2016-04-04T04:00:00Z,50
1624580081,2016-04-04T05:00:00Z,50
1624580081,2016-04-04T06:00:00Z,51
1624580081,2016-04-04T07:00:00Z,51
1624580081,2016-04-04T08:00:00Z,50
1624580081,2016-04-04T09:00:00Z,54
1624580081,2016-04-04T10:00:00Z,68
1624580081,2016-04-04T11:00:00Z,100
1624580081,2016-04-04T12:00:00Z,127
1624580081,2016-04-04T13:00:00Z,130
1624580081,2016-04-04T14:00:00Z,107
1624580081,2016-04-04T15:00:00Z,53
1624580081,2016-04-04T16:00:00Z,68
1624580081,2016-04-04T17:00:00Z,55
1624580081,2016-04-04T18:00:00Z,54
1624580081,2016-04-04T19:00:00Z,59
1624580081,2016-04-04T20:00:00Z,58
1624580081,2016-04-04T21:00:00Z,53
1624580081,2016-04-04T22:00:00Z,56
1624580081,2016-04-04T23:00:00Z,56
1624580081,2016-04-05T00:00:00Z,56
1624580081,2016-04-05T01:00:00Z,51
1624580081,2016-04-05T02:00:00Z,51
1624580081,2016-04-05T03:00:00Z,50
1624580081,2016-04-05T04:00:00Z,50
1624580081,2016-04-05T05:00:00Z,50
1624580081,2016-04-05T06:00:00Z,51
1624580081,2016-04-05T07:00:00Z,50
1624580081,2016-04-05T08:00:00Z,51
1624580081,2016-04-05T09:00:00Z,50
1624580081,2016-04-05T10:00:00Z,58
1624580081,2016-04-05T11:00:00Z,59
1624580081,2016-04-05T12:00:00Z,56
1624580081,2016-04-05T13:00:00Z,53
1624580081,2016-04-05T14:00:00Z,50
1624580081,2016-04-05T15:00:00Z,58
1624580081,2016-04-05T16:00:00Z,50
1624580081,2016-04-05T17:00:00Z,69
1624580081,2016-04-05T18:00:00Z,67
1624580081,2016-04-05T19:00:00Z,53
1624580081,2016-04-05T20:00:00Z,54
1624580081,2016-04-05T21:00:00Z,73
1624580081,2016-04-05T22:00:00Z,50
1624580081,2016-04-05T23:00:00Z,50
1624580081,2016-04-06T00:00:00Z,50
1624580081,2016-04-06T01:00:00Z,54
1624580081,2016-04-06T02:00:00Z,50
1624580081,2016-04-06T03:00:00Z,50
1624580081,2016-04-06T04:00:00Z,50
1624580081,2016-04-06T05:00:00Z,50
1624580081,2016-04-06T06:00:00Z,50
1624580081,2016-04-06T07:00:00Z,51
1624580081,2016-04-06T08:00:00Z,50
1624580081,2016-04-06T09:00:00Z,50
1624580081,2016-04-06T10:00:00Z,51
1624580081,2016-04-06T11:00:00Z,55
1624580081,2016-04-06T12:00:00Z,60
1624580081,2016-04-06T13:00:00Z,53
1624580081,2016-04-06T14:00:00Z,60
1624580081,2016-04-06T15:00:00Z,54
1624580081,2016-04-06T16:00:00Z,52
1624580081,2016-04-06T17:00:00Z,50
1624580081,2016-04-06T18:00:00Z,50
1624580081,2016-04-06T19:00:00Z,73
1624580081,2016-04-06T20:00:00Z,51
1624580081,2016-04-06T21:00:00Z,52
1624580081,2016-04-06T22:00:00Z,56
1624580081,2016-04-06T23:00:00Z,56
1624580081,2016-04-07T00:00:00Z,54
1624580081,2016-04-07T01:00:00Z,50
1624580081,2016-04-07T02:00:00Z,50
1624580081,2016-04-07T03:00:00Z,59
1624580081,2016-04-07T04:00:00Z,50
1624580081,2016-04-07T05:00:00Z,50
1624580081,2016-04-07T06:00:00Z,52
1624580081,2016-04-07T07:00:00Z,50
1624580081,2016-04-07T08:00:00Z,50
1624580081,2016-04-07T09:00:00Z,50
1624580081,2016-04-07T10:00:00Z,51
1624580081,2016-04-07T11:00:00Z,50
1624580081,2016-04-07T12:00:00Z,55
1624580081,2016-04-07T13:00:00Z,59
1624580081,2016-04-07T14:00:00Z,50
1624580081,2016-04-07T15:00:00Z,52
1624580081,2016-04-07T16:00:00Z,57
1624580081,2016-04-07T17:00:00Z,50
1624580081,2016-04-07T18:00:00Z,58
1624580081,2016-04-07T19:00:00Z,59
1624580081,2016-04-07T20:00:00Z,56
1624580081,2016-04-07T21:00:00Z,50
1624580081,2016-04-07T22:00:00Z,68
1624580081,2016-04-07T23:00:00Z,52
1624580081,2016-04-08T00:00:00Z,62
1624580081,2016-04-08T01:00:00Z,50
1624580081,2016-04-08T02:00:00Z,53
1624580081,2016-04-08T03:00:00Z,52
1624580081,2016-04-08T04:00:00Z,52
1624580081,2016-04-08T05:00:00Z,50
1624580081,2016-04-08T06:00:00Z,50
1624580081,2016-04-08T07:00:00Z,52
1624580081,2016-04-08T08:00:00Z,50
1624580081,2016-04-08T09:00:00Z,50
1624580081,2016-04-08T10:00:00Z,50
1624580081,2016-04-08T11:00:00Z,53
1624580081,2016-04-08T12:00:00Z,130
1624580081,2016-04-08T13:00:00Z,57
1624580081,2016-04-08T14:00:00Z,50
1624580081,2016-04-08T15:00:00Z,50
1624580081,2016-04-08T16:00:00Z,52
1624580081,2016-04-08T17:00:00Z,59
1624580081,2016-04-08T18:00:00Z,54
1624580081,2016-04-08T19:00:00Z,93
1624580081,2016-04-08T20:00:00Z,55
1624580081,2016-04-08T21:00:00Z,52
1624580081,2016-04-08T22:00:00Z,57
1624580081,2016-04-08T23:00:00Z,78
1624580081,2016-04-09T00:00:00Z,51
1624580081,2016-04-09T01:00:00Z,54
1624580081,2016-04-09T02:00:00Z,51
1624580081,2016-04-09T03:00:00Z,50
1624580081,2016-04-09T04:00:00Z,50
1624580081,2016-04-09T05:00:00Z,50
1624580081,2016-04-09T06:00:00Z,57
1624580081,2016-04-09T07:00:00Z,58
1624580081,2016-04-09T08:00:00Z,51
1624580081,2016-04-09T09:00:00Z,50
1624580081,2016-04-09T10:00:00Z,50
1624580081,2016-04-09T11:00:00Z,50
1624580081,2016-04-09T12:00:00Z,50
1624580081,2016-04-09T13:00:00Z,80
1624580081,2016-04-09T14:00:00Z,69
1624580081,2016-04-09T15:00:00Z,61
1624580081,2016-04-09T16:00:00Z,60
1624580081,2016-04-09T17:00:00Z,56
1624580081,2016-04-09T18:00:00Z,51
1624580081,2016-04-09T19:00:00Z,78
1624580081,2016-04-09T20:00:00Z,50
1624580081,2016-04-09T21:00:00Z,65
1624580081,2016-04-09T22:00:00Z,73
1624580081,2016-04-09T23:00:00Z,57
1624580081,2016-04-10T00:00:00Z,73
1624580081,2016-04-10T01:00:00Z,67
1624580081,2016-04-10T02:00:00Z,50
1624580081,2016-04-10T03:00:00Z,59
1624580081,2016-04-10T04:00:00Z,57
1624580081,2016-04-10T05:00:00Z,50
1624580081,2016-04-10T06:00:00Z,50
1624580081,2016-04-10T07:00:00Z,50
1624580081,2016-04-10T08:00:00Z,52
1624580081,2016-04-10T09:00:00Z,50
1624580081,2016-04-10T10:00:00Z,66
1624580081,2016-04-10T11:00:00Z,82
1624580081,2016-04-10T12:00:00Z,101
1624580081,2016-04-10T13:00:00Z,76
1624580081,2016-04-10T14:00:00Z,69
1624580081,2016-04-10T15:00:00Z,93
1624580081,2016-04-10T16:00:00Z,83
1624580081,2016-04-10T17:00:00Z,53
1624580081,2016-04-10T18:00:00Z,75
1624580081,2016-04-10T19:00:00Z,51
1624580081,2016-04-10T20:00:00Z,50
1624580081,2016-04-10T21:00:00Z,68
1624580081,2016-04-10T22:00:00Z,79
1624580081,2016-04-10T23:00:00Z,50
1624580081,2016-04-11T00:00:00Z,54
1624580081,2016-04-11T01:00:00Z,54
1624580081,2016-04-11T02:00:00Z,53
1624580081,2016-04-11T03:00:00Z,53
1624580081,2016-04-11T04:00:00Z,50
1624580081,2016-04-11T05:00:00Z,50
1624580081,2016-04-11T06:00:00Z,53
1624580081,2016-04-11T07:00:00Z,50
1624580081,2016-04-11T08:00:00Z,50
1624580081,2016-04-11T09:00:00Z,53
1624580081,2016-04-11T10:00:00Z,132
1624580081,2016-04-11T11:00:00Z,101
1624580081,2016-04-11T12:00:00Z,61
1624580081,2016-04-11T13:00:00Z,53
1624580081,2016-04-11T14:00:00Z,64
1624580081,2016-04-11T15:00:00Z,55
1624580081,2016-04-11T16:00:00Z,55
1624580081,2016-04-11T17:00:00Z,61
1624580081,2016-04-11T18:00:00Z,66
1624580081,2016-04-11T19:00:00Z,65
1624580081,2016-04-11T20:00:00Z,50
1624580081,2016-04-11T21:00:00Z,59
1624580081,2016-04-11T22:00:00Z,73
1624580081,2016-04-11T23:00:00Z,55
1624580081,2016-04-12T00:00:00Z,55
1624580081,2016-04-12T01:00:00Z,51
1624580081,2016-04-12T02:00:00Z,50
1624580081,2016-04-12T03:00:00Z,51
1624580081,2016-04-12T04:00:00Z,50
1624580081,2016-04-12T05:00:00Z,50
1624580081,2016-04-12T06:00:00Z,50
1624580081,2016-04-12T07:00:00Z,50
1624580081,2016-04-12T08:00:00Z,51
1624580081,2016-04-12T09:00:00Z,74
1624580081,2016-04-12T10:00:00Z,141
1644430081,2016-03-12T00:00:00Z,147
1644430081,2016-03-12T01:00:00Z,105
1644430081,2016-03-12T02:00:00Z,86
1644430081,2016-03-12T03:00:00Z,86
1644430081,2016-03-12T04:00:00Z,86
1644430081,2016-03-12T05:00:00Z,86
1644430081,2016-03-12T06:00:00Z,88
1644430081,2016-03-12T07:00:00Z,86
1644430081,2016-03-12T08:00:00Z,86
1644430081,2016-03-12T09:00:00Z,86
1644430081,2016-03-12T10:00:00Z,86
1644430081,2016-03-12T11:00:00Z,110
1644430081,2016-03-12T12:00:00Z,149
1644430081,2016-03-12T13:00:00Z,160
1644430081,2016-03-12T14:00:00Z,156
1644430081,2016-03-12T15:00:00Z,206
1644430081,2016-03-12T16:00:00Z,250
1644430081,2016-03-12T17:00:00Z,163
1644430081,2016-03-12T18:00:00Z,324
1644430081,2016-03-12T19:00:00Z,302
1644430081,2016-03-12T20:00:00Z,284
1644430081,2016-03-12T21:00:00Z,286
1644430081,2016-03-12T22:00:00Z,232
1644430081,2016-03-12T23:00:00Z,103
1644430081,2016-03-13T00:00:00Z,103
1644430081,2016-03-13T01:00:00Z,98
1644430081,2016-03-13T02:00:00Z,149
1644430081,2016-03-13T03:00:00Z,84
1644430081,2016-03-13T04:00:00Z,84
1644430081,2016-03-13T05:00:00Z,84
1644430081,2016-03-13T06:00:00Z,84
1644430081,2016-03-13T07:00:00Z,84
1644430081,2016-03-13T08:00:00Z,84
1644430081,2016-03-13T09:00:00Z,92
1644430081,2016-03-13T10:00:00Z,99
1644430081,2016-03-13T11:00:00Z,143
1644430081,2016-03-13T12:00:00Z,84
1644430081,2016-03-13T13:00:00Z,98
1644430081,2016-03-13T14:00:00Z,458
1644430081,2016-03-13T15:00:00Z,202
1644430081,2016-03-13T16:00:00Z,191
1644430081,2016-03-13T17:00:00Z,99
1644430081,2016-03-13T18:00:00Z,86
1644430081,2016-03-13T19:00:00Z,86
1644430081,2016-03-13T20:00:00Z,84
1644430081,2016-03-13T21:00:00Z,84
1644430081,2016-03-13T22:00:00Z,87
1644430081,2016-03-13T23:00:00Z,84
1644430081,2016-03-14T00:00:00Z,87
1644430081,2016-03-14T01:00:00Z,84
1644430081,2016-03-14T02:00:00Z,84
1644430081,2016-03-14T03:00:00Z,84
1644430081,2016-03-14T04:00:00Z,84
1644430081,2016-03-14T05:00:00Z,84
1644430081,2016-03-14T06:00:00Z,84
1644430081,2016-03-14T07:00:00Z,85
1644430081,2016-03-14T08:00:00Z,157
1644430081,2016-03-14T09:00:00Z,113
1644430081,2016-03-14T10:00:00Z,126
1644430081,2016-03-14T11:00:00Z,108
1644430081,2016-03-14T12:00:00Z,135
1644430081,2016-03-14T13:00:00Z,133
1644430081,2016-03-14T14:00:00Z,120
1644430081,2016-03-14T15:00:00Z,118
1644430081,2016-03-14T16:00:00Z,104
1644430081,2016-03-14T17:00:00Z,159
1644430081,2016-03-14T18:00:00Z,107
1644430081,2016-03-14T19:00:00Z,148
1644430081,2016-03-14T20:00:00Z,129
1644430081,2016-03-14T21:00:00Z,84
1644430081,2016-03-14T22:00:00Z,84
1644430081,2016-03-14T23:00:00Z,83
1644430081,2016-03-15T00:00:00Z,84
1644430081,2016-03-15T01:00:00Z,84
1644430081,2016-03-15T02:00:00Z,84
1644430081,2016-03-15T03:00:00Z,84
1644430081,2016-03-15T04:00:00Z,84
1644430081,2016-03-15T05:00:00Z,84
1644430081,2016-03-15T06:00:00Z,84
1644430081,2016-03-15T07:00:00Z,86
1644430081,2016-03-15T08:00:00Z,137
1644430081,2016-03-15T09:00:00Z,123
1644430081,2016-03-15T10:00:00Z,107
1644430081,2016-03-15T11:00:00Z,99
1644430081,2016-03-15T12:00:00Z,113
1644430081,2016-03-15T13:00:00Z,135
1644430081,2016-03-15T14:00:00Z,124
1644430081,2016-03-15T15:00:00Z,103
1644430081,2016-03-15T16:00:00Z,109
1644430081,2016-03-15T17:00:00Z,119
1644430081,2016-03-15T18:00:00Z,229
1644430081,2016-03-15T19:00:00Z,320
1644430081,2016-03-15T20:00:00Z,291
1644430081,2016-03-15T21:00:00Z,277
1644430081,2016-03-15T22:00:00Z,203
1644430081,2016-03-15T23:00:00Z,84
1644430081,2016-03-16T00:00:00Z,121
1644430081,2016-03-16T01:00:00Z,88
1644430081,2016-03-16T02:00:00Z,86
1644430081,2016-03-16T03:00:00Z,86
1644430081,2016-03-16T04:00:00Z,86
1644430081,2016-03-16T05:00:00Z,86
1644430081,2016-03-16T06:00:00Z,86
1644430081,2016-03-16T07:00:00Z,86
1644430081,2016-03-16T08:00:00Z,153
1644430081,2016-03-16T09:00:00Z,200
1644430081,2016-03-16T10:00:00Z,182
1644430081,2016-03-16T11:00:00Z,91
1644430081,2016-03-16T12:00:00Z,135
1644430081,2016-03-16T13:00:00Z,114
1644430081,2016-03-16T14:00:00Z,107
1644430081,2016-03-16T15:00:00Z,120
1644430081,2016-03-16T16:00:00Z,134
1644430081,2016-03-16T17:00:00Z,126
1644430081,2016-03-16T18:00:00Z,232
1644430081,2016-03-16T19:00:00Z,300
1644430081,2016-03-16T20:00:00Z,210
1644430081,2016-03-16T21:00:00Z,283
1644430081,2016-03-16T22:00:00Z,201
1644430081,2016-03-16T23:00:00Z,173
1644430081,2016-03-17T00:00:00Z,103
1644430081,2016-03-17T01:00:00Z,88
1644430081,2016-03-17T02:00:00Z,86
1644430081,2016-03-17T03:00:00Z,88
1644430081,2016-03-17T04:00:00Z,88
1644430081,2016-03-17T05:00:00Z,88
1644430081,2016-03-17T06:00:00Z,88
1644430081,2016-03-17T07:00:00Z,88
1644430081,2016-03-17T08:00:00Z,114
1644430081,2016-03-17T09:00:00Z,130
1644430081,2016-03-17T10:00:00Z,116
1644430081,2016-03-17T11:00:00Z,177
1644430081,2016-03-17T12:00:00Z,202
1644430081,2016-03-17T13:00:00Z,97
1644430081,2016-03-17T14:00:00Z,107
1644430081,2016-03-17T15:00:00Z,116
1644430081,2016-03-17T16:00:00Z,116
1644430081,2016-03-17T17:00:00Z,101
1644430081,2016-03-17T18:00:00Z,144
1644430081,2016-03-17T19:00:00Z,91
1644430081,2016-03-17T20:00:00Z,146
1644430081,2016-03-17T21:00:00Z,157
1644430081,2016-03-17T22:00:00Z,130
1644430081,2016-03-17T23:00:00Z,190
1644430081,2016-03-18T00:00:00Z,149
1644430081,2016-03-18T01:00:00Z,115
1644430081,2016-03-18T02:00:00Z,94
1644430081,2016-03-18T03:00:00Z,84
1644430081,2016-03-18T04:00:00Z,84
1644430081,2016-03-18T05:00:00Z,84
1644430081,2016-03-18T06:00:00Z,84
1644430081,2016-03-18T07:00:00Z,84
1644430081,2016-03-18T08:00:00Z,84
1644430081,2016-03-18T09:00:00Z,84
1644430081,2016-03-18T10:00:00Z,84
1644430081,2016-03-18T11:00:00Z,142
1644430081,2016-03-18T12:00:00Z,142
1644430081,2016-03-18T13:00:00Z,170
1644430081,2016-03-18T14:00:00Z,112
1644430081,2016-03-18T15:00:00Z,92
1644430081,2016-03-18T16:00:00Z,87
1644430081,2016-03-18T17:00:00Z,87
1644430081,2016-03-18T18:00:00Z,98
1644430081,2016-03-18T19:00:00Z,98
1644430081,2016-03-18T20:00:00Z,102
1644430081,2016-03-18T21:00:00Z,104
1644430081,2016-03-18T22:00:00Z,101
1644430081,2016-03-18T23:00:00Z,94
1644430081,2016-03-19T00:00:00Z,99
1644430081,2016-03-19T01:00:00Z,99
1644430081,2016-03-19T02:00:00Z,106
1644430081,2016-03-19T03:00:00Z,106
1644430081,2016-03-19T04:00:00Z,106
1644430081,2016-03-19T05:00:00Z,106
1644430081,2016-03-19T06:00:00Z,106
1644430081,2016-03-19T07:00:00Z,106
1644430081,2016-03-19T08:00:00Z,106
1644430081,2016-03-19T09:00:00Z,106
1644430081,2016-03-19T10:00:00Z,115
1644430081,2016-03-19T11:00:00Z,89
1644430081,2016-03-19T12:00:00Z,91
1644430081,2016-03-19T13:00:00Z,88
1644430081,2016-03-19T14:00:00Z,152
1644430081,2016-03-19T15:00:00Z,141
1644430081,2016-03-19T16:00:00Z,153
1644430081,2016-03-19T17:00:00Z,117
1644430081,2016-03-19T18:00:00Z,101
1644430081,2016-03-19T19:00:00Z,105
1644430081,2016-03-19T20:00:00Z,94
1644430081,2016-03-19T21:00:00Z,121
1644430081,2016-03-19T22:00:00Z,106
1644430081,2016-03-19T23:00:00Z,109
1644430081,2016-03-20T00:00:00Z,117
1644430081,2016-03-20T01:00:00Z,128
1644430081,2016-03-20T02:00:00Z,124
1644430081,2016-03-20T03:00:00Z,84
1644430081,2016-03-20T04:00:00Z,84
1644430081,2016-03-20T05:00:00Z,84
1644430081,2016-03-20T06:00:00Z,84
1644430081,2016-03-20T07:00:00Z,84
1644430081,2016-03-20T08:00:00Z,84
1644430081,2016-03-20T09:00:00Z,84
1644430081,2016-03-20T10:00:00Z,104
1644430081,2016-03-20T11:00:00Z,151
1644430081,2016-03-20T12:00:00Z,163
1644430081,2016-03-20T13:00:00Z,289
1644430081,2016-03-20T14:00:00Z,142
1644430081,2016-03-20T15:00:00Z,113
1644430081,2016-03-20T16:00:00Z,93
1644430081,2016-03-20T17:00:00Z,127
1644430081,2016-03-20T18:00:00Z,133
1644430081,2016-03-20T19:00:00Z,117
1644430081,2016-03-20T20:00:00Z,176
1644430081,2016-03-20T21:00:00Z,150
1644430081,2016-03-20T22:00:00Z,113
1644430081,2016-03-20T23:00:00Z,117
1644430081,2016-03-21T00:00:00Z,94
1644430081,2016-03-21T01:00:00Z,94
1644430081,2016-03-21T02:00:00Z,96
1644430081,2016-03-21T03:00:00Z,94
1644430081,2016-03-21T04:00:00Z,96
1644430081,2016-03-21T05:00:00Z,94
1644430081,2016-03-21T06:00:00Z,96
1644430081,2016-03-21T07:00:00Z,92
1644430081,2016-03-21T08:00:00Z,169
1644430081,2016-03-21T09:00:00Z,109
1644430081,2016-03-21T10:00:00Z,141
1644430081,2016-03-21T11:00:00Z,114
1644430081,2016-03-21T12:00:00Z,142
1644430081,2016-03-21T13:00:00Z,103
1644430081,2016-03-21T14:00:00Z,104
1644430081,2016-03-21T15:00:00Z,127
1644430081,2016-03-21T16:00:00Z,116
1644430081,2016-03-21T17:00:00Z,170
1644430081,2016-03-21T18:00:00Z,188
1644430081,2016-03-21T19:00:00Z,111
1644430081,2016-03-21T20:00:00Z,102
1644430081,2016-03-21T21:00:00Z,88
1644430081,2016-03-21T22:00:00Z,151
1644430081,2016-03-21T23:00:00Z,190
1644430081,2016-03-22T00:00:00Z,103
1644430081,2016-03-22T01:00:00Z,90
1644430081,2016-03-22T02:00:00Z,90
1644430081,2016-03-22T03:00:00Z,90
1644430081,2016-03-22T04:00:00Z,90
1644430081,2016-03-22T05:00:00Z,90
1644430081,2016-03-22T06:00:00Z,90
1644430081,2016-03-22T07:00:00Z,90
1644430081,2016-03-22T08:00:00Z,146
1644430081,2016-03-22T09:00:00Z,150
1644430081,2016-03-22T10:00:00Z,98
1644430081,2016-03-22T11:00:00Z,95
1644430081,2016-03-22T12:00:00Z,100
1644430081,2016-03-22T13:00:00Z,132
1644430081,2016-03-22T14:00:00Z,108
1644430081,2016-03-22T15:00:00Z,97
1644430081,2016-03-22T16:00:00Z,128
1644430081,2016-03-22T17:00:00Z,152
1644430081,2016-03-22T18:00:00Z,229
1644430081,2016-03-22T19:00:00Z,304
1644430081,2016-03-22T20:00:00Z,264
1644430081,2016-03-22T21:00:00Z,309
1644430081,2016-03-22T22:00:00Z,271
1644430081,2016-03-22T23:00:00Z,176
1644430081,2016-03-23T00:00:00Z,147
1644430081,2016-03-23T01:00:00Z,88
1644430081,2016-03-23T02:00:00Z,88
1644430081,2016-03-23T03:00:00Z,88
1644430081,2016-03-23T04:00:00Z,88
1644430081,2016-03-23T05:00:00Z,88
1644430081,2016-03-23T06:00:00Z,88
1644430081,2016-03-23T07:00:00Z,88
1644430081,2016-03-23T08:00:00Z,116
1644430081,2016-03-23T09:00:00Z,196
1644430081,2016-03-23T10:00:00Z,202
1644430081,2016-03-23T11:00:00Z,201
1644430081,2016-03-23T12:00:00Z,205
1644430081,2016-03-23T13:00:00Z,132
1644430081,2016-03-23T14:00:00Z,133
1644430081,2016-03-23T15:00:00Z,134
1644430081,2016-03-23T16:00:00Z,127
1644430081,2016-03-23T17:00:00Z,139
1644430081,2016-03-23T18:00:00Z,254
1644430081,2016-03-23T19:00:00Z,246
1644430081,2016-03-23T20:00:00Z,190
1644430081,2016-03-23T21:00:00Z,248
1644430081,2016-03-23T22:00:00Z,222
1644430081,2016-03-23T23:00:00Z,191
1644430081,2016-03-24T00:00:00Z,98
1644430081,2016-03-24T01:00:00Z,100
1644430081,2016-03-24T02:00:00Z,98
1644430081,2016-03-24T03:00:00Z,98
1644430081,2016-03-24T04:00:00Z,84
1644430081,2016-03-24T05:00:00Z,84
1644430081,2016-03-24T06:00:00Z,84
1644430081,2016-03-24T07:00:00Z,84
1644430081,2016-03-24T08:00:00Z,185
1644430081,2016-03-24T09:00:00Z,123
1644430081,2016-03-24T10:00:00Z,127
1644430081,2016-03-24T11:00:00Z,100
1644430081,2016-03-24T12:00:00Z,147
1644430081,2016-03-24T13:00:00Z,105
1644430081,2016-03-24T14:00:00Z,99
1644430081,2016-03-24T15:00:00Z,100
1644430081,2016-03-24T16:00:00Z,100
1644430081,2016-03-24T17:00:00Z,154
1644430081,2016-03-24T18:00:00Z,207
1644430081,2016-03-24T19:00:00Z,189
1644430081,2016-03-24T20:00:00Z,171
1644430081,2016-03-24T21:00:00Z,194
1644430081,2016-03-24T22:00:00Z,98
1644430081,2016-03-24T23:00:00Z,94
1644430081,2016-03-25T00:00:00Z,91
1644430081,2016-03-25T01:00:00Z,92
1644430081,2016-03-25T02:00:00Z,90
1644430081,2016-03-25T03:00:00Z,84
1644430081,2016-03-25T04:00:00Z,84
1644430081,2016-03-25T05:00:00Z,84
1644430081,2016-03-25T06:00:00Z,84
1644430081,2016-03-25T07:00:00Z,144
1644430081,2016-03-25T08:00:00Z,92
1644430081,2016-03-25T09:00:00Z,92
1644430081,2016-03-25T10:00:00Z,90
1644430081,2016-03-25T11:00:00Z,92
1644430081,2016-03-25T12:00:00Z,92
1644430081,2016-03-25T13:00:00Z,90
1644430081,2016-03-25T14:00:00Z,91
1644430081,2016-03-25T15:00:00Z,92
1644430081,2016-03-25T16:00:00Z,103
1644430081,2016-03-25T17:00:00Z,133
1644430081,2016-03-25T18:00:00Z,96
1644430081,2016-03-25T19:00:00Z,148
1644430081,2016-03-25T20:00:00Z,144
1644430081,2016-03-25T21:00:00Z,84
1644430081,2016-03-25T22:00:00Z,84
1644430081,2016-03-25T23:00:00Z,84
1644430081,2016-03-26T00:00:00Z,88
1644430081,2016-03-26T01:00:00Z,89
1644430081,2016-03-26T02:00:00Z,84
1644430081,2016-03-26T03:00:00Z,84
1644430081,2016-03-26T04:00:00Z,84
1644430081,2016-03-26T05:00:00Z,84
1644430081,2016-03-26T06:00:00Z,84
1644430081,2016-03-26T07:00:00Z,84
1644430081,2016-03-26T08:00:00Z,84
1644430081,2016-03-26T09:00:00Z,84
1644430081,2016-03-26T10:00:00Z,84
1644430081,2016-03-26T11:00:00Z,84
1644430081,2016-03-26T12:00:00Z,84
1644430081,2016-03-26T13:00:00Z,84
1644430081,2016-03-26T14:00:00Z,119
1644430081,2016-03-26T15:00:00Z,183
1644430081,2016-03-26T16:00:00Z,84
1644430081,2016-03-26T17:00:00Z,84
1644430081,2016-03-26T18:00:00Z,87
1644430081,2016-03-26T19:00:00Z,84
1644430081,2016-03-26T20:00:00Z,87
1644430081,2016-03-26T21:00:00Z,88
1644430081,2016-03-26T22:00:00Z,153
1644430081,2016-03-26T23:00:00Z,99
1644430081,2016-03-27T00:00:00Z,103
1644430081,2016-03-27T01:00:00Z,144
1644430081,2016-03-27T02:00:00Z,94
1644430081,2016-03-27T03:00:00Z,113
1644430081,2016-03-27T04:00:00Z,84
1644430081,2016-03-27T05:00:00Z,84
1644430081,2016-03-27T06:00:00Z,84
1644430081,2016-03-27T07:00:00Z,84
1644430081,2016-03-27T08:00:00Z,84
1644430081,2016-03-27T09:00:00Z,84
1644430081,2016-03-27T10:00:00Z,88
1644430081,2016-03-27T11:00:00Z,95
1644430081,2016-03-27T12:00:00Z,102
1644430081,2016-03-27T13:00:00Z,98
1644430081,2016-03-27T14:00:00Z,396
1644430081,2016-03-27T15:00:00Z,149
1644430081,2016-03-27T16:00:00Z,194
1644430081,2016-03-27T17:00:00Z,156
1644430081,2016-03-27T18:00:00Z,86
1644430081,2016-03-27T19:00:00Z,86
1644430081,2016-03-27T20:00:00Z,86
1644430081,2016-03-27T21:00:00Z,85
1644430081,2016-03-27T22:00:00Z,85
1644430081,2016-03-27T23:00:00Z,84
1644430081,2016-03-28T00:00:00Z,84
1644430081,2016-03-28T01:00:00Z,84
1644430081,2016-03-28T02:00:00Z,84
1644430081,2016-03-28T03:00:00Z,84
1644430081,2016-03-28T04:00:00Z,84
1644430081,2016-03-28T05:00:00Z,84
1644430081,2016-03-28T06:00:00Z,84
1644430081,2016-03-28T07:00:00Z,84
1644430081,2016-03-28T08:00:00Z,160
1644430081,2016-03-28T09:00:00Z,101
1644430081,2016-03-28T10:00:00Z,111
1644430081,2016-03-28T11:00:00Z,101
1644430081,2016-03-28T12:00:00Z,103
1644430081,2016-03-28T13:00:00Z,133
1644430081,2016-03-28T14:00:00Z,130
1644430081,2016-03-28T15:00:00Z,103
1644430081,2016-03-28T16:00:00Z,117
1644430081,2016-03-28T17:00:00Z,160
1644430081,2016-03-28T18:00:00Z,131
1644430081,2016-03-28T19:00:00Z,324
1644430081,2016-03-28T20:00:00Z,141
1644430081,2016-03-28T21:00:00Z,197
1644430081,2016-03-28T22:00:00Z,118
1644430081,2016-03-28T23:00:00Z,87
1644430081,2016-03-29T00:00:00Z,90
1644430081,2016-03-29T01:00:00Z,92
1644430081,2016-03-29T02:00:00Z,90
1644430081,2016-03-29T03:00:00Z,92
1644430081,2016-03-29T04:00:00Z,84
1644430081,2016-03-29T05:00:00Z,84
1644430081,2016-03-29T06:00:00Z,84
1644430081,2016-03-29T07:00:00Z,84
1644430081,2016-03-29T08:00:00Z,123
1644430081,2016-03-29T09:00:00Z,137
1644430081,2016-03-29T10:00:00Z,95
1644430081,2016-03-29T11:00:00Z,111
1644430081,2016-03-29T12:00:00Z,106
1644430081,2016-03-29T13:00:00Z,134
1644430081,2016-03-29T14:00:00Z,98
1644430081,2016-03-29T15:00:00Z,125
1644430081,2016-03-29T16:00:00Z,121
1644430081,2016-03-29T17:00:00Z,112
1644430081,2016-03-29T18:00:00Z,227
1644430081,2016-03-29T19:00:00Z,255
1644430081,2016-03-29T20:00:00Z,222
1644430081,2016-03-29T21:00:00Z,282
1644430081,2016-03-29T22:00:00Z,238
1644430081,2016-03-29T23:00:00Z,112
1644430081,2016-03-30T00:00:00Z,92
1644430081,2016-03-30T01:00:00Z,92
1644430081,2016-03-30T02:00:00Z,92
1644430081,2016-03-30T03:00:00Z,92
1644430081,2016-03-30T04:00:00Z,84
1644430081,2016-03-30T05:00:00Z,84
1644430081,2016-03-30T06:00:00Z,84
1644430081,2016-03-30T07:00:00Z,142
1644430081,2016-03-30T08:00:00Z,128
1644430081,2016-03-30T09:00:00Z,140
1644430081,2016-03-30T10:00:00Z,113
1644430081,2016-03-30T11:00:00Z,140
1644430081,2016-03-30T12:00:00Z,106
1644430081,2016-03-30T13:00:00Z,148
1644430081,2016-03-30T14:00:00Z,126
1644430081,2016-03-30T15:00:00Z,104
1644430081,2016-03-30T16:00:00Z,121
1644430081,2016-03-30T17:00:00Z,180
1644430081,2016-03-30T18:00:00Z,136
1644430081,2016-03-30T19:00:00Z,385
1644430081,2016-03-30T20:00:00Z,167
1644430081,2016-03-30T21:00:00Z,138
1644430081,2016-03-30T22:00:00Z,130
1644430081,2016-03-30T23:00:00Z,108
1644430081,2016-03-31T00:00:00Z,84
1644430081,2016-03-31T01:00:00Z,84
1644430081,2016-03-31T02:00:00Z,84
1644430081,2016-03-31T03:00:00Z,84
1644430081,2016-03-31T04:00:00Z,84
1644430081,2016-03-31T05:00:00Z,84
1644430081,2016-03-31T06:00:00Z,84
1644430081,2016-03-31T07:00:00Z,126
1644430081,2016-03-31T08:00:00Z,105
1644430081,2016-03-31T09:00:00Z,116
1644430081,2016-03-31T10:00:00Z,101
1644430081,2016-03-31T11:00:00Z,121
1644430081,2016-03-31T12:00:00Z,139
1644430081,2016-03-31T13:00:00Z,113
1644430081,2016-03-31T14:00:00Z,127
1644430081,2016-03-31T15:00:00Z,118
1644430081,2016-03-31T16:00:00Z,105
1644430081,2016-03-31T17:00:00Z,151
1644430081,2016-03-31T18:00:00Z,196
1644430081,2016-03-31T19:00:00Z,246
1644430081,2016-03-31T20:00:00Z,255
1644430081,2016-03-31T21:00:00Z,237
1644430081,2016-03-31T22:00:00Z,276
1644430081,2016-03-31T23:00:00Z,91
1644430081,2016-04-01T00:00:00Z,104
1644430081,2016-04-01T01:00:00Z,108
1644430081,2016-04-01T02:00:00Z,108
1644430081,2016-04-01T03:00:00Z,108
1644430081,2016-04-01T04:00:00Z,86
1644430081,2016-04-01T05:00:00Z,84
1644430081,2016-04-01T06:00:00Z,84
1644430081,2016-04-01T07:00:00Z,135
1644430081,2016-04-01T08:00:00Z,197
1644430081,2016-04-01T09:00:00Z,198
1644430081,2016-04-01T10:00:00Z,118
1644430081,2016-04-01T11:00:00Z,84
1644430081,2016-04-01T12:00:00Z,84
1644430081,2016-04-01T13:00:00Z,84
1644430081,2016-04-01T14:00:00Z,84
1644430081,2016-04-01T15:00:00Z,142
1644430081,2016-04-01T16:00:00Z,181
1644430081,2016-04-01T17:00:00Z,152
1644430081,2016-04-01T18:00:00Z,249
1644430081,2016-04-01T19:00:00Z,229
1644430081,2016-04-01T20:00:00Z,206
1644430081,2016-04-01T21:00:00Z,189
1644430081,2016-04-01T22:00:00Z,156
1644430081,2016-04-01T23:00:00Z,149
1644430081,2016-04-02T00:00:00Z,107
1644430081,2016-04-02T01:00:00Z,94
1644430081,2016-04-02T02:00:00Z,94
1644430081,2016-04-02T03:00:00Z,92
1644430081,2016-04-02T04:00:00Z,94
1644430081,2016-04-02T05:00:00Z,94
1644430081,2016-04-02T06:00:00Z,91
1644430081,2016-04-02T07:00:00Z,94
1644430081,2016-04-02T08:00:00Z,92
1644430081,2016-04-02T09:00:00Z,94
1644430081,2016-04-02T10:00:00Z,109
1644430081,2016-04-02T11:00:00Z,94
1644430081,2016-04-02T12:00:00Z,96
1644430081,2016-04-02T13:00:00Z,181
1644430081,2016-04-02T14:00:00Z,312
1644430081,2016-04-02T15:00:00Z,264
1644430081,2016-04-02T16:00:00Z,241
1644430081,2016-04-02T17:00:00Z,341
1644430081,2016-04-02T18:00:00Z,218
1644430081,2016-04-02T19:00:00Z,268
1644430081,2016-04-02T20:00:00Z,232
1644430081,2016-04-02T21:00:00Z,369
1644430081,2016-04-02T22:00:00Z,218
1644430081,2016-04-02T23:00:00Z,139
1644430081,2016-04-03T00:00:00Z,133
1644430081,2016-04-03T01:00:00Z,133
1644430081,2016-04-03T02:00:00Z,115
1644430081,2016-04-03T03:00:00Z,92
1644430081,2016-04-03T04:00:00Z,92
1644430081,2016-04-03T05:00:00Z,92
1644430081,2016-04-03T06:00:00Z,92
1644430081,2016-04-03T07:00:00Z,92
1644430081,2016-04-03T08:00:00Z,90
1644430081,2016-04-03T09:00:00Z,91
1644430081,2016-04-03T10:00:00Z,90
1644430081,2016-04-03T11:00:00Z,108
1644430081,2016-04-03T12:00:00Z,163
1644430081,2016-04-03T13:00:00Z,370
1644430081,2016-04-03T14:00:00Z,380
1644430081,2016-04-03T15:00:00Z,197
1644430081,2016-04-03T16:00:00Z,84
1644430081,2016-04-03T17:00:00Z,151
1644430081,2016-04-03T18:00:00Z,166
1644430081,2016-04-03T19:00:00Z,120
1644430081,2016-04-03T20:00:00Z,237
1644430081,2016-04-03T21:00:00Z,116
1644430081,2016-04-03T22:00:00Z,111
1644430081,2016-04-03T23:00:00Z,119
1644430081,2016-04-04T00:00:00Z,84
1644430081,2016-04-04T01:00:00Z,84
1644430081,2016-04-04T02:00:00Z,84
1644430081,2016-04-04T03:00:00Z,84
1644430081,2016-04-04T04:00:00Z,84
1644430081,2016-04-04T05:00:00Z,84
1644430081,2016-04-04T06:00:00Z,84
1644430081,2016-04-04T07:00:00Z,84
1644430081,2016-04-04T08:00:00Z,116
1644430081,2016-04-04T09:00:00Z,119
1644430081,2016-04-04T10:00:00Z,117
1644430081,2016-04-04T11:00:00Z,103
1644430081,2016-04-04T12:00:00Z,97
1644430081,2016-04-04T13:00:00Z,148
1644430081,2016-04-04T14:00:00Z,104
1644430081,2016-04-04T15:00:00Z,101
1644430081,2016-04-04T16:00:00Z,123
1644430081,2016-04-04T17:00:00Z,121
1644430081,2016-04-04T18:00:00Z,136
1644430081,2016-04-04T19:00:00Z,149
1644430081,2016-04-04T20:00:00Z,84
1644430081,2016-04-04T21:00:00Z,84
1644430081,2016-04-04T22:00:00Z,84
1644430081,2016-04-04T23:00:00Z,84
1644430081,2016-04-05T00:00:00Z,88
1644430081,2016-04-05T01:00:00Z,84
1644430081,2016-04-05T02:00:00Z,84
1644430081,2016-04-05T03:00:00Z,84
1644430081,2016-04-05T04:00:00Z,84
1644430081,2016-04-05T05:00:00Z,84
1644430081,2016-04-05T06:00:00Z,84
1644430081,2016-04-05T07:00:00Z,84
1644430081,2016-04-05T08:00:00Z,128
1644430081,2016-04-05T09:00:00Z,133
1644430081,2016-04-05T10:00:00Z,95
1644430081,2016-04-05T11:00:00Z,105
1644430081,2016-04-05T12:00:00Z,142
1644430081,2016-04-05T13:00:00Z,121
1644430081,2016-04-05T14:00:00Z,103
1644430081,2016-04-05T15:00:00Z,123
1644430081,2016-04-05T16:00:00Z,114
1644430081,2016-04-05T17:00:00Z,126
1644430081,2016-04-05T18:00:00Z,180
1644430081,2016-04-05T19:00:00Z,264
1644430081,2016-04-05T20:00:00Z,217
1644430081,2016-04-05T21:00:00Z,291
1644430081,2016-04-05T22:00:00Z,191
1644430081,2016-04-05T23:00:00Z,84
1644430081,2016-04-06T00:00:00Z,84
1644430081,2016-04-06T01:00:00Z,84
1644430081,2016-04-06T02:00:00Z,84
1644430081,2016-04-06T03:00:00Z,84
1644430081,2016-04-06T04:00:00Z,84
1644430081,2016-04-06T05:00:00Z,84
1644430081,2016-04-06T06:00:00Z,84
1644430081,2016-04-06T07:00:00Z,84
1644430081,2016-04-06T08:00:00Z,131
1644430081,2016-04-06T09:00:00Z,128
1644430081,2016-04-06T10:00:00Z,102
1644430081,2016-04-06T11:00:00Z,108
1644430081,2016-04-06T12:00:00Z,119
1644430081,2016-04-06T13:00:00Z,138
1644430081,2016-04-06T14:00:00Z,107
1644430081,2016-04-06T15:00:00Z,104
1644430081,2016-04-06T16:00:00Z,111
1644430081,2016-04-06T17:00:00Z,141
1644430081,2016-04-06T18:00:00Z,168
1644430081,2016-04-06T19:00:00Z,378
1644430081,2016-04-06T20:00:00Z,116
1644430081,2016-04-06T21:00:00Z,228
1644430081,2016-04-06T22:00:00Z,88
1644430081,2016-04-06T23:00:00Z,85
1644430081,2016-04-07T00:00:00Z,84
1644430081,2016-04-07T01:00:00Z,84
1644430081,2016-04-07T02:00:00Z,84
1644430081,2016-04-07T03:00:00Z,84
1644430081,2016-04-07T04:00:00Z,84
1644430081,2016-04-07T05:00:00Z,84
1644430081,2016-04-07T06:00:00Z,84
1644430081,2016-04-07T07:00:00Z,84
1644430081,2016-04-07T08:00:00Z,94
1644430081,2016-04-07T09:00:00Z,146
1644430081,2016-04-07T10:00:00Z,120
1644430081,2016-04-07T11:00:00Z,108
1644430081,2016-04-07T12:00:00Z,134
1644430081,2016-04-07T13:00:00Z,102
1644430081,2016-04-07T14:00:00Z,126
1644430081,2016-04-07T15:00:00Z,119
1644430081,2016-04-07T16:00:00Z,97
1644430081,2016-04-07T17:00:00Z,118
1644430081,2016-04-07T18:00:00Z,251
1644430081,2016-04-07T19:00:00Z,267
1644430081,2016-04-07T20:00:00Z,232
1644430081,2016-04-07T21:00:00Z,299
1644430081,2016-04-07T22:00:00Z,231
1644430081,2016-04-07T23:00:00Z,84
1644430081,2016-04-08T00:00:00Z,84
1644430081,2016-04-08T01:00:00Z,84
1644430081,2016-04-08T02:00:00Z,84
1644430081,2016-04-08T03:00:00Z,84
1644430081,2016-04-08T04:00:00Z,84
1644430081,2016-04-08T05:00:00Z,84
1644430081,2016-04-08T06:00:00Z,84
1644430081,2016-04-08T07:00:00Z,110
1644430081,2016-04-08T08:00:00Z,152
1644430081,2016-04-08T09:00:00Z,157
1644430081,2016-04-08T10:00:00Z,110
1644430081,2016-04-08T11:00:00Z,120
1644430081,2016-04-08T12:00:00Z,136
1644430081,2016-04-08T13:00:00Z,126
1644430081,2016-04-08T14:00:00Z,106
1644430081,2016-04-08T15:00:00Z,114
1644430081,2016-04-08T16:00:00Z,129
1644430081,2016-04-08T17:00:00Z,192
1644430081,2016-04-08T18:00:00Z,126
1644430081,2016-04-08T19:00:00Z,402
1644430081,2016-04-08T20:00:00Z,104
1644430081,2016-04-08T21:00:00Z,84
1644430081,2016-04-08T22:00:00Z,84
1644430081,2016-04-08T23:00:00Z,84
1644430081,2016-04-09T00:00:00Z,84
1644430081,2016-04-09T01:00:00Z,84
1644430081,2016-04-09T02:00:00Z,84
1644430081,2016-04-09T03:00:00Z,84
1644430081,2016-04-09T04:00:00Z,84
1644430081,2016-04-09T05:00:00Z,84
1644430081,2016-04-09T06:00:00Z,84
1644430081,2016-04-09T07:00:00Z,84
1644430081,2016-04-09T08:00:00Z,84
1644430081,2016-04-09T09:00:00Z,84
1644430081,2016-04-09T10:00:00Z,84
1644430081,2016-04-09T11:00:00Z,84
1644430081,2016-04-09T12:00:00Z,84
1644430081,2016-04-09T13:00:00Z,84
1644430081,2016-04-09T14:00:00Z,105
1644430081,2016-04-09T15:00:00Z,99
1644430081,2016-04-09T16:00:00Z,126
1644430081,2016-04-09T17:00:00Z,190
1644430081,2016-04-09T18:00:00Z,309
1644430081,2016-04-09T19:00:00Z,334
1644430081,2016-04-09T20:00:00Z,269
1644430081,2016-04-09T21:00:00Z,305
1644430081,2016-04-09T22:00:00Z,264
1644430081,2016-04-09T23:00:00Z,109
1644430081,2016-04-10T00:00:00Z,191
1644430081,2016-04-10T01:00:00Z,128
1644430081,2016-04-10T02:00:00Z,84
1644430081,2016-04-10T03:00:00Z,84
1844505072,2016-03-12T00:00:00Z,56
1844505072,2016-03-12T01:00:00Z,56
1844505072,2016-03-12T02:00:00Z,56
1844505072,2016-03-12T03:00:00Z,56
1844505072,2016-03-12T04:00:00Z,56
1844505072,2016-03-12T05:00:00Z,56
1844505072,2016-03-12T06:00:00Z,56
1844505072,2016-03-12T07:00:00Z,56
1844505072,2016-03-12T08:00:00Z,56
1844505072,2016-03-12T09:00:00Z,56
1844505072,2016-03-12T10:00:00Z,56
1844505072,2016-03-12T11:00:00Z,56
1844505072,2016-03-12T12:00:00Z,56
1844505072,2016-03-12T13:00:00Z,56
1844505072,2016-03-12T14:00:00Z,56
1844505072,2016-03-12T15:00:00Z,56
1844505072,2016-03-12T16:00:00Z,56
1844505072,2016-03-12T17:00:00Z,56
1844505072,2016-03-12T18:00:00Z,56
1844505072,2016-03-12T19:00:00Z,56
1844505072,2016-03-12T20:00:00Z,56
1844505072,2016-03-12T21:00:00Z,56
1844505072,2016-03-12T22:00:00Z,56
1844505072,2016-03-12T23:00:00Z,56
1844505072,2016-03-13T00:00:00Z,56
1844505072,2016-03-13T01:00:00Z,56
1844505072,2016-03-13T02:00:00Z,56
1844505072,2016-03-13T03:00:00Z,56
1844505072,2016-03-13T04:00:00Z,56
1844505072,2016-03-13T05:00:00Z,56
1844505072,2016-03-13T06:00:00Z,56
1844505072,2016-03-13T07:00:00Z,56
1844505072,2016-03-13T08:00:00Z,56
1844505072,2016-03-13T09:00:00Z,56
1844505072,2016-03-13T10:00:00Z,56
1844505072,2016-03-13T11:00:00Z,56
1844505072,2016-03-13T12:00:00Z,56
1844505072,2016-03-13T13:00:00Z,56
1844505072,2016-03-13T14:00:00Z,56
1844505072,2016-03-13T15:00:00Z,56
1844505072,2016-03-13T16:00:00Z,56
1844505072,2016-03-13T17:00:00Z,56
1844505072,2016-03-13T18:00:00Z,56
1844505072,2016-03-13T19:00:00Z,56
1844505072,2016-03-13T20:00:00Z,56
1844505072,2016-03-13T21:00:00Z,56
1844505072,2016-03-13T22:00:00Z,56
1844505072,2016-03-13T23:00:00Z,56
1844505072,2016-03-14T00:00:00Z,56
1844505072,2016-03-14T01:00:00Z,56
1844505072,2016-03-14T02:00:00Z,56
1844505072,2016-03-14T03:00:00Z,56
1844505072,2016-03-14T04:00:00Z,56
1844505072,2016-03-14T05:00:00Z,56
1844505072,2016-03-14T06:00:00Z,56
1844505072,2016-03-14T07:00:00Z,56
1844505072,2016-03-14T08:00:00Z,56
1844505072,2016-03-14T09:00:00Z,56
1844505072,2016-03-14T10:00:00Z,56
1844505072,2016-03-14T11:00:00Z,56
1844505072,2016-03-14T12:00:00Z,56
1844505072,2016-03-14T13:00:00Z,56
1844505072,2016-03-14T14:00:00Z,56
1844505072,2016-03-14T15:00:00Z,56
1844505072,2016-03-14T16:00:00Z,56
1844505072,2016-03-14T17:00:00Z,56
1844505072,2016-03-14T18:00:00Z,56
1844505072,2016-03-14T19:00:00Z,56
1844505072,2016-03-14T20:00:00Z,56
1844505072,2016-03-14T21:00:00Z,56
1844505072,2016-03-14T22:00:00Z,56
1844505072,2016-03-14T23:00:00Z,56
1844505072,2016-03-15T00:00:00Z,56
1844505072,2016-03-15T01:00:00Z,56
1844505072,2016-03-15T02:00:00Z,56
1844505072,2016-03-15T03:00:00Z,56
1844505072,2016-03-15T04:00:00Z,56
1844505072,2016-03-15T05:00:00Z,56
1844505072,2016-03-15T06:00:00Z,56
1844505072,2016-03-15T07:00:00Z,56
1844505072,2016-03-15T08:00:00Z,56
1844505072,2016-03-15T09:00:00Z,56
1844505072,2016-03-15T10:00:00Z,56
1844505072,2016-03-15T11:00:00Z,56
1844505072,2016-03-15T12:00:00Z,56
1844505072,2016-03-15T13:00:00Z,56
1844505072,2016-03-15T14:00:00Z,56
1844505072,2016-03-15T15:00:00Z,56
1844505072,2016-03-15T16:00:00Z,56
1844505072,2016-03-15T17:00:00Z,56
1844505072,2016-03-15T18:00:00Z,56
1844505072,2016-03-15T19:00:00Z,56
1844505072,2016-03-15T20:00:00Z,56
1844505072,2016-03-15T21:00:00Z,56
1844505072,2016-03-15T22:00:00Z,56
1844505072,2016-03-15T23:00:00Z,56
1844505072,2016-03-16T00:00:00Z,56
1844505072,2016-03-16T01:00:00Z,56
1844505072,2016-03-16T02:00:00Z,56
1844505072,2016-03-16T03:00:00Z,56
1844505072,2016-03-16T04:00:00Z,56
1844505072,2016-03-16T05:00:00Z,56
1844505072,2016-03-16T06:00:00Z,56
1844505072,2016-03-16T07:00:00Z,56
1844505072,2016-03-16T08:00:00Z,56
1844505072,2016-03-16T09:00:00Z,56
1844505072,2016-03-16T10:00:00Z,56
1844505072,2016-03-16T11:00:00Z,56
1844505072,2016-03-16T12:00:00Z,56
1844505072,2016-03-16T13:00:00Z,56
1844505072,2016-03-16T14:00:00Z,56
1844505072,2016-03-16T15:00:00Z,56
1844505072,2016-03-16T16:00:00Z,56
1844505072,2016-03-16T17:00:00Z,56
1844505072,2016-03-16T18:00:00Z,56
1844505072,2016-03-16T19:00:00Z,56
1844505072,2016-03-16T20:00:00Z,56
1844505072,2016-03-16T21:00:00Z,56
1844505072,2016-03-16T22:00:00Z,56
1844505072,2016-03-16T23:00:00Z,56
1844505072,2016-03-17T00:00:00Z,56
1844505072,2016-03-17T01:00:00Z,56
1844505072,2016-03-17T02:00:00Z,56
1844505072,2016-03-17T03:00:00Z,56
1844505072,2016-03-17T04:00:00Z,56
1844505072,2016-03-17T05:00:00Z,56
1844505072,2016-03-17T06:00:00Z,56
1844505072,2016-03-17T07:00:00Z,56
1844505072,2016-03-17T08:00:00Z,56
1844505072,2016-03-17T09:00:00Z,56
1844505072,2016-03-17T10:00:00Z,56
1844505072,2016-03-17T11:00:00Z,56
1844505072,2016-03-17T12:00:00Z,56
1844505072,2016-03-17T13:00:00Z,56
1844505072,2016-03-17T14:00:00Z,56
1844505072,2016-03-17T15:00:00Z,56
1844505072,2016-03-17T16:00:00Z,56
1844505072,2016-03-17T17:00:00Z,56
1844505072,2016-03-17T18:00:00Z,56
1844505072,2016-03-17T19:00:00Z,56
1844505072,2016-03-17T20:00:00Z,56
1844505072,2016-03-17T21:00:00Z,56
1844505072,2016-03-17T22:00:00Z,56
1844505072,2016-03-17T23:00:00Z,56
1844505072,2016-03-18T00:00:00Z,56
1844505072,2016-03-18T01:00:00Z,56
1844505072,2016-03-18T02:00:00Z,56
1844505072,2016-03-18T03:00:00Z,56
1844505072,2016-03-18T04:00:00Z,56
1844505072,2016-03-18T05:00:00Z,56
1844505072,2016-03-18T06:00:00Z,56
1844505072,2016-03-18T07:00:00Z,56
1844505072,2016-03-18T08:00:00Z,56
1844505072,2016-03-18T09:00:00Z,56
1844505072,2016-03-18T10:00:00Z,56
1844505072,2016-03-18T11:00:00Z,56
1844505072,2016-03-18T12:00:00Z,56
1844505072,2016-03-18T13:00:00Z,56
1844505072,2016-03-18T14:00:00Z,56
1844505072,2016-03-18T15:00:00Z,56
1844505072,2016-03-18T16:00:00Z,56
1844505072,2016-03-18T17:00:00Z,56
1844505072,2016-03-18T18:00:00Z,56
1844505072,2016-03-18T19:00:00Z,56
1844505072,2016-03-18T20:00:00Z,56
1844505072,2016-03-18T21:00:00Z,56
1844505072,2016-03-18T22:00:00Z,56
1844505072,2016-03-18T23:00:00Z,56
1844505072,2016-03-19T00:00:00Z,56
1844505072,2016-03-19T01:00:00Z,56
1844505072,2016-03-19T02:00:00Z,56
1844505072,2016-03-19T03:00:00Z,56
1844505072,2016-03-19T04:00:00Z,56
1844505072,2016-03-19T05:00:00Z,56
1844505072,2016-03-19T06:00:00Z,56
1844505072,2016-03-19T07:00:00Z,56
1844505072,2016-03-19T08:00:00Z,56
1844505072,2016-03-19T09:00:00Z,56
1844505072,2016-03-19T10:00:00Z,56
1844505072,2016-03-19T11:00:00Z,56
1844505072,2016-03-19T12:00:00Z,56
1844505072,2016-03-19T13:00:00Z,56
1844505072,2016-03-19T14:00:00Z,56
1844505072,2016-03-19T15:00:00Z,56
1844505072,2016-03-19T16:00:00Z,56
1844505072,2016-03-19T17:00:00Z,56
1844505072,2016-03-19T18:00:00Z,56
1844505072,2016-03-19T19:00:00Z,56
1844505072,2016-03-19T20:00:00Z,56
1844505072,2016-03-19T21:00:00Z,56
1844505072,2016-03-19T22:00:00Z,56
1844505072,2016-03-19T23:00:00Z,56
1844505072,2016-03-20T00:00:00Z,56
1844505072,2016-03-20T01:00:00Z,56
1844505072,2016-03-20T02:00:00Z,56
1844505072,2016-03-20T03:00:00Z,56
1844505072,2016-03-20T04:00:00Z,56
1844505072,2016-03-20T05:00:00Z,56
1844505072,2016-03-20T06:00:00Z,56
1844505072,2016-03-20T07:00:00Z,56
1844505072,2016-03-20T08:00:00Z,56
1844505072,2016-03-20T09:00:00Z,56
1844505072,2016-03-20T10:00:00Z,56
1844505072,2016-03-20T11:00:00Z,56
1844505072,2016-03-20T12:00:00Z,56
1844505072,2016-03-20T13:00:00Z,56
1844505072,2016-03-20T14:00:00Z,56
1844505072,2016-03-20T15:00:00Z,56
1844505072,2016-03-20T16:00:00Z,56
1844505072,2016-03-20T17:00:00Z,56
1844505072,2016-03-20T18:00:00Z,56
1844505072,2016-03-20T19:00:00Z,56
1844505072,2016-03-20T20:00:00Z,56
1844505072,2016-03-20T21:00:00Z,56
1844505072,2016-03-20T22:00:00Z,56
1844505072,2016-03-20T23:00:00Z,56
1844505072,2016-03-21T00:00:00Z,56
1844505072,2016-03-21T01:00:00Z,56
1844505072,2016-03-21T02:00:00Z,56
1844505072,2016-03-21T03:00:00Z,56
1844505072,2016-03-21T04:00:00Z,56
1844505072,2016-03-21T05:00:00Z,56
1844505072,2016-03-21T06:00:00Z,56
1844505072,2016-03-21T07:00:00Z,56
1844505072,2016-03-21T08:00:00Z,56
1844505072,2016-03-21T09:00:00Z,56
1844505072,2016-03-21T10:00:00Z,56
1844505072,2016-03-21T11:00:00Z,56
1844505072,2016-03-21T12:00:00Z,56
1844505072,2016-03-21T13:00:00Z,56
1844505072,2016-03-21T14:00:00Z,56
1844505072,2016-03-21T15:00:00Z,56
1844505072,2016-03-21T16:00:00Z,56
1844505072,2016-03-21T17:00:00Z,56
1844505072,2016-03-21T18:00:00Z,56
1844505072,2016-03-21T19:00:00Z,56
1844505072,2016-03-21T20:00:00Z,56
1844505072,2016-03-21T21:00:00Z,56
1844505072,2016-03-21T22:00:00Z,56
1844505072,2016-03-21T23:00:00Z,56
1844505072,2016-03-22T00:00:00Z,56
1844505072,2016-03-22T01:00:00Z,56
1844505072,2016-03-22T02:00:00Z,56
1844505072,2016-03-22T03:00:00Z,56
1844505072,2016-03-22T04:00:00Z,56
1844505072,2016-03-22T05:00:00Z,56
1844505072,2016-03-22T06:00:00Z,56
1844505072,2016-03-22T07:00:00Z,56
1844505072,2016-03-22T08:00:00Z,56
1844505072,2016-03-22T09:00:00Z,56
1844505072,2016-03-22T10:00:00Z,56
1844505072,2016-03-22T11:00:00Z,56
1844505072,2016-03-22T12:00:00Z,56
1844505072,2016-03-22T13:00:00Z,56
1844505072,2016-03-22T14:00:00Z,56
1844505072,2016-03-22T15:00:00Z,56
1844505072,2016-03-22T16:00:00Z,56
1844505072,2016-03-22T17:00:00Z,56
1844505072,2016-03-22T18:00:00Z,56
1844505072,2016-03-22T19:00:00Z,56
1844505072,2016-03-22T20:00:00Z,56
1844505072,2016-03-22T21:00:00Z,56
1844505072,2016-03-22T22:00:00Z,56
1844505072,2016-03-22T23:00:00Z,56
1844505072,2016-03-23T00:00:00Z,56
1844505072,2016-03-23T01:00:00Z,56
1844505072,2016-03-23T02:00:00Z,56
1844505072,2016-03-23T03:00:00Z,56
1844505072,2016-03-23T04:00:00Z,56
1844505072,2016-03-23T05:00:00Z,56
1844505072,2016-03-23T06:00:00Z,56
1844505072,2016-03-23T07:00:00Z,56
1844505072,2016-03-23T08:00:00Z,56
1844505072,2016-03-23T09:00:00Z,56
1844505072,2016-03-23T10:00:00Z,56
1844505072,2016-03-23T11:00:00Z,56
1844505072,2016-03-23T12:00:00Z,56
1844505072,2016-03-23T13:00:00Z,56
1844505072,2016-03-23T14:00:00Z,56
1844505072,2016-03-23T15:00:00Z,56
1844505072,2016-03-23T16:00:00Z,56
1844505072,2016-03-23T17:00:00Z,56
1844505072,2016-03-23T18:00:00Z,56
1844505072,2016-03-23T19:00:00Z,56
1844505072,2016-03-23T20:00:00Z,56
1844505072,2016-03-23T21:00:00Z,56
1844505072,2016-03-23T22:00:00Z,56
1844505072,2016-03-23T23:00:00Z,56
1844505072,2016-03-24T00:00:00Z,56
1844505072,2016-03-24T01:00:00Z,56
1844505072,2016-03-24T02:00:00Z,56
1844505072,2016-03-24T03:00:00Z,56
1844505072,2016-03-24T04:00:00Z,56
1844505072,2016-03-24T05:00:00Z,56
1844505072,2016-03-24T06:00:00Z,56
1844505072,2016-03-24T07:00:00Z,56
1844505072,2016-03-24T08:00:00Z,56
1844505072,2016-03-24T09:00:00Z,56
1844505072,2016-03-24T10:00:00Z,56
1844505072,2016-03-24T11:00:00Z,56
1844505072,2016-03-24T12:00:00Z,56
1844505072,2016-03-24T13:00:00Z,56
1844505072,2016-03-24T14:00:00Z,56
1844505072,2016-03-24T15:00:00Z,56
1844505072,2016-03-24T16:00:00Z,56
1844505072,2016-03-24T17:00:00Z,56
1844505072,2016-03-24T18:00:00Z,56
1844505072,2016-03-24T19:00:00Z,56
1844505072,2016-03-24T20:00:00Z,56
1844505072,2016-03-24T21:00:00Z,56
1844505072,2016-03-24T22:00:00Z,56
1844505072,2016-03-24T23:00:00Z,56
1844505072,2016-03-25T00:00:00Z,56
1844505072,2016-03-25T01:00:00Z,56
1844505072,2016-03-25T02:00:00Z,56
1844505072,2016-03-25T03:00:00Z,56
1844505072,2016-03-25T04:00:00Z,56
1844505072,2016-03-25T05:00:00Z,56
1844505072,2016-03-25T06:00:00Z,56
1844505072,2016-03-25T07:00:00Z,56
1844505072,2016-03-25T08:00:00Z,56
1844505072,2016-03-25T09:00:00Z,56
1844505072,2016-03-25T10:00:00Z,56
1844505072,2016-03-25T11:00:00Z,56
1844505072,2016-03-25T12:00:00Z,56
1844505072,2016-03-25T13:00:00Z,56
1844505072,2016-03-25T14:00:00Z,56
1844505072,2016-03-25T15:00:00Z,56
1844505072,2016-03-25T16:00:00Z,56
1844505072,2016-03-25T17:00:00Z,56
1844505072,2016-03-25T18:00:00Z,56
1844505072,2016-03-25T19:00:00Z,56
1844505072,2016-03-25T20:00:00Z,56
1844505072,2016-03-25T21:00:00Z,56
1844505072,2016-03-25T22:00:00Z,56
1844505072,2016-03-25T23:00:00Z,56
1844505072,2016-03-26T00:00:00Z,56
1844505072,2016-03-26T01:00:00Z,56
1844505072,2016-03-26T02:00:00Z,56
1844505072,2016-03-26T03:00:00Z,56
1844505072,2016-03-26T04:00:00Z,56
1844505072,2016-03-26T05:00:00Z,56
1844505072,2016-03-26T06:00:00Z,56
1844505072,2016-03-26T07:00:00Z,56
1844505072,2016-03-26T08:00:00Z,56
1844505072,2016-03-26T09:00:00Z,56
1844505072,2016-03-26T10:00:00Z,56
1844505072,2016-03-26T11:00:00Z,56
1844505072,2016-03-26T12:00:00Z,56
1844505072,2016-03-26T13:00:00Z,56
1844505072,2016-03-26T14:00:00Z,56
1844505072,2016-03-26T15:00:00Z,56
1844505072,2016-03-26T16:00:00Z,56
1844505072,2016-03-26T17:00:00Z,56
1844505072,2016-03-26T18:00:00Z,56
1844505072,2016-03-26T19:00:00Z,56
1844505072,2016-03-26T20:00:00Z,56
1844505072,2016-03-26T21:00:00Z,56
1844505072,2016-03-26T22:00:00Z,56
1844505072,2016-03-26T23:00:00Z,56
1844505072,2016-03-27T00:00:00Z,56
1844505072,2016-03-27T01:00:00Z,56
1844505072,2016-03-27T02:00:00Z,56
1844505072,2016-03-27T03:00:00Z,56
1844505072,2016-03-27T04:00:00Z,56
1844505072,2016-03-27T05:00:00Z,56
1844505072,2016-03-27T06:00:00Z,56
1844505072,2016-03-27T07:00:00Z,56
1844505072,2016-03-27T08:00:00Z,56
1844505072,2016-03-27T09:00:00Z,56
1844505072,2016-03-27T10:00:00Z,56
1844505072,2016-03-27T11:00:00Z,56
1844505072,2016-03-27T12:00:00Z,56
1844505072,2016-03-27T13:00:00Z,56
1844505072,2016-03-27T14:00:00Z,56
1844505072,2016-03-27T15:00:00Z,56
1844505072,2016-03-27T16:00:00Z,56
1844505072,2016-03-27T17:00:00Z,56
1844505072,2016-03-27T18:00:00Z,56
1844505072,2016-03-27T19:00:00Z,56
1844505072,2016-03-27T20:00:00Z,56
1844505072,2016-03-27T21:00:00Z,56
1844505072,2016-03-27T22:00:00Z,56
1844505072,2016-03-27T23:00:00Z,56
1844505072,2016-03-28T00:00:00Z,56
1844505072,2016-03-28T01:00:00Z,56
1844505072,2016-03-28T02:00:00Z,56
1844505072,2016-03-28T03:00:00Z,56
1844505072,2016-03-28T04:00:00Z,56
1844505072,2016-03-28T05:00:00Z,56
1844505072,2016-03-28T06:00:00Z,56
1844505072,2016-03-28T07:00:00Z,56
1844505072,2016-03-28T08:00:00Z,56
1844505072,2016-03-28T09:00:00Z,56
1844505072,2016-03-28T10:00:00Z,56
1844505072,2016-03-28T11:00:00Z,56
1844505072,2016-03-28T12:00:00Z,56
1844505072,2016-03-28T13:00:00Z,56
1844505072,2016-03-28T14:00:00Z,56
1844505072,2016-03-28T15:00:00Z,56
1844505072,2016-03-28T16:00:00Z,56
1844505072,2016-03-28T17:00:00Z,56
1844505072,2016-03-28T18:00:00Z,56
1844505072,2016-03-28T19:00:00Z,56
1844505072,2016-03-28T20:00:00Z,56
1844505072,2016-03-28T21:00:00Z,56
1844505072,2016-03-28T22:00:00Z,56
1844505072,2016-03-28T23:00:00Z,56
1844505072,2016-03-29T00:00:00Z,56
1844505072,2016-03-29T01:00:00Z,56
1844505072,2016-03-29T02:00:00Z,56
1844505072,2016-03-29T03:00:00Z,56
1844505072,2016-03-29T04:00:00Z,56
1844505072,2016-03-29T05:00:00Z,56
1844505072,2016-03-29T06:00:00Z,56
1844505072,2016-03-29T07:00:00Z,56
1844505072,2016-03-29T08:00:00Z,56
1844505072,2016-03-29T09:00:00Z,56
1844505072,2016-03-29T10:00:00Z,56
1844505072,2016-03-29T11:00:00Z,56
1844505072,2016-03-29T12:00:00Z,56
1844505072,2016-03-29T13:00:00Z,56
1844505072,2016-03-29T14:00:00Z,56
1844505072,2016-03-29T15:00:00Z,56
1844505072,2016-03-29T16:00:00Z,56
1844505072,2016-03-29T17:00:00Z,56
1844505072,2016-03-29T18:00:00Z,56
1844505072,2016-03-29T19:00:00Z,56
1844505072,2016-03-29T20:00:00Z,56
1844505072,2016-03-29T21:00:00Z,56
1844505072,2016-03-29T22:00:00Z,56
1844505072,2016-03-29T23:00:00Z,56
1844505072,2016-03-30T00:00:00Z,56
1844505072,2016-03-30T01:00:00Z,56
1844505072,2016-03-30T02:00:00Z,56
1844505072,2016-03-30T03:00:00Z,56
1844505072,2016-03-30T04:00:00Z,56
1844505072,2016-03-30T05:00:00Z,56
1844505072,2016-03-30T06:00:00Z,56
1844505072,2016-03-30T07:00:00Z,56
1844505072,2016-03-30T08:00:00Z,56
1844505072,2016-03-30T09:00:00Z,56
1844505072,2016-03-30T10:00:00Z,56
1844505072,2016-03-30T11:00:00Z,56
1844505072,2016-03-30T12:00:00Z,56
1844505072,2016-03-30T13:00:00Z,56
1844505072,2016-03-30T14:00:00Z,56
1844505072,2016-03-30T15:00:00Z,56
1844505072,2016-03-30T16:00:00Z,56
1844505072,2016-03-30T17:00:00Z,65
1844505072,2016-03-30T18:00:00Z,90
1844505072,2016-03-30T19:00:00Z,96
1844505072,2016-03-30T20:00:00Z,119
1844505072,2016-03-30T21:00:00Z,110
1844505072,2016-03-30T22:00:00Z,67
1844505072,2016-03-30T23:00:00Z,77
1844505072,2016-03-31T00:00:00Z,90
1844505072,2016-03-31T01:00:00Z,56
1844505072,2016-03-31T02:00:00Z,56
1844505072,2016-03-31T03:00:00Z,56
1844505072,2016-03-31T04:00:00Z,56
1844505072,2016-03-31T05:00:00Z,56
1844505072,2016-03-31T06:00:00Z,56
1844505072,2016-03-31T07:00:00Z,56
1844505072,2016-03-31T08:00:00Z,56
1844505072,2016-03-31T09:00:00Z,94
1844505072,2016-03-31T10:00:00Z,90
1844505072,2016-03-31T11:00:00Z,119
1844505072,2016-03-31T12:00:00Z,68
1844505072,2016-03-31T13:00:00Z,151
1844505072,2016-03-31T14:00:00Z,87
1844505072,2016-03-31T15:00:00Z,112
1844505072,2016-03-31T16:00:00Z,98
1844505072,2016-03-31T17:00:00Z,114
1844505072,2016-03-31T18:00:00Z,81
1844505072,2016-03-31T19:00:00Z,87
1844505072,2016-03-31T20:00:00Z,92
1844505072,2016-03-31T21:00:00Z,89
1844505072,2016-03-31T22:00:00Z,66
1844505072,2016-03-31T23:00:00Z,76
1844505072,2016-04-01T00:00:00Z,86
1844505072,2016-04-01T01:00:00Z,66
1844505072,2016-04-01T02:00:00Z,56
1844505072,2016-04-01T03:00:00Z,56
1844505072,2016-04-01T04:00:00Z,56
1844505072,2016-04-01T05:00:00Z,56
1844505072,2016-04-01T06:00:00Z,56
1844505072,2016-04-01T07:00:00Z,56
1844505072,2016-04-01T08:00:00Z,56
1844505072,2016-04-01T09:00:00Z,56
1844505072,2016-04-01T10:00:00Z,56
1844505072,2016-04-01T11:00:00Z,109
1844505072,2016-04-01T12:00:00Z,87
1844505072,2016-04-01T13:00:00Z,90
1844505072,2016-04-01T14:00:00Z,90
1844505072,2016-04-01T15:00:00Z,79
1844505072,2016-04-01T16:00:00Z,68
1844505072,2016-04-01T17:00:00Z,92
1844505072,2016-04-01T18:00:00Z,139
1844505072,2016-04-01T19:00:00Z,191
1844505072,2016-04-01T20:00:00Z,114
1844505072,2016-04-01T21:00:00Z,104
1844505072,2016-04-01T22:00:00Z,74
1844505072,2016-04-01T23:00:00Z,74
1844505072,2016-04-02T00:00:00Z,88
1844505072,2016-04-02T01:00:00Z,71
1844505072,2016-04-02T02:00:00Z,56
1844505072,2016-04-02T03:00:00Z,57
1844505072,2016-04-02T04:00:00Z,57
1844505072,2016-04-02T05:00:00Z,57
1844505072,2016-04-02T06:00:00Z,56
1844505072,2016-04-02T07:00:00Z,56
1844505072,2016-04-02T08:00:00Z,59
1844505072,2016-04-02T09:00:00Z,60
1844505072,2016-04-02T10:00:00Z,60
1844505072,2016-04-02T11:00:00Z,98
1844505072,2016-04-02T12:00:00Z,56
1844505072,2016-04-02T13:00:00Z,60
1844505072,2016-04-02T14:00:00Z,109
1844505072,2016-04-02T15:00:00Z,113
1844505072,2016-04-02T16:00:00Z,102
1844505072,2016-04-02T17:00:00Z,92
1844505072,2016-04-02T18:00:00Z,124
1844505072,2016-04-02T19:00:00Z,79
1844505072,2016-04-02T20:00:00Z,105
1844505072,2016-04-02T21:00:00Z,124
1844505072,2016-04-02T22:00:00Z,92
1844505072,2016-04-02T23:00:00Z,57
1844505072,2016-04-03T00:00:00Z,56
1844505072,2016-04-03T01:00:00Z,96
1844505072,2016-04-03T02:00:00Z,56
1844505072,2016-04-03T03:00:00Z,56
1844505072,2016-04-03T04:00:00Z,56
1844505072,2016-04-03T05:00:00Z,56
1844505072,2016-04-03T06:00:00Z,56
1844505072,2016-04-03T07:00:00Z,56
1844505072,2016-04-03T08:00:00Z,56
1844505072,2016-04-03T09:00:00Z,56
1844505072,2016-04-03T10:00:00Z,56
1844505072,2016-04-03T11:00:00Z,75
1844505072,2016-04-03T12:00:00Z,92
1844505072,2016-04-03T13:00:00Z,56
1844505072,2016-04-03T14:00:00Z,56
1844505072,2016-04-03T15:00:00Z,80
1844505072,2016-04-03T16:00:00Z,114
1844505072,2016-04-03T17:00:00Z,77
1844505072,2016-04-03T18:00:00Z,75
1844505072,2016-04-03T19:00:00Z,101
1844505072,2016-04-03T20:00:00Z,77
1844505072,2016-04-03T21:00:00Z,63
1844505072,2016-04-03T22:00:00Z,56
1844505072,2016-04-03T23:00:00Z,56
1844505072,2016-04-04T00:00:00Z,56
1844505072,2016-04-04T01:00:00Z,56
1844505072,2016-04-04T02:00:00Z,56
1844505072,2016-04-04T03:00:00Z,56
1844505072,2016-04-04T04:00:00Z,56
1844505072,2016-04-04T05:00:00Z,56
1844505072,2016-04-04T06:00:00Z,56
1844505072,2016-04-04T07:00:00Z,56
1844505072,2016-04-04T08:00:00Z,56
1844505072,2016-04-04T09:00:00Z,56
1844505072,2016-04-04T10:00:00Z,56
1844505072,2016-04-04T11:00:00Z,56
1844505072,2016-04-04T12:00:00Z,56
1844505072,2016-04-04T13:00:00Z,56
1844505072,2016-04-04T14:00:00Z,56
1844505072,2016-04-04T15:00:00Z,56
1844505072,2016-04-04T16:00:00Z,56
1844505072,2016-04-04T17:00:00Z,56
1844505072,2016-04-04T18:00:00Z,56
1844505072,2016-04-04T19:00:00Z,56
1844505072,2016-04-04T20:00:00Z,56
1844505072,2016-04-04T21:00:00Z,56
1844505072,2016-04-04T22:00:00Z,56
1844505072,2016-04-04T23:00:00Z,56
1844505072,2016-04-05T00:00:00Z,56
1844505072,2016-04-05T01:00:00Z,56
1844505072,2016-04-05T02:00:00Z,56
1844505072,2016-04-05T03:00:00Z,56
1844505072,2016-04-05T04:00:00Z,56
1844505072,2016-04-05T05:00:00Z,56
1844505072,2016-04-05T06:00:00Z,56
1844505072,2016-04-05T07:00:00Z,56
1844505072,2016-04-05T08:00:00Z,56
1844505072,2016-04-05T09:00:00Z,56
1844505072,2016-04-05T10:00:00Z,56
1844505072,2016-04-05T11:00:00Z,56
1844505072,2016-04-05T12:00:00Z,56
1844505072,2016-04-05T13:00:00Z,56
1844505072,2016-04-05T14:00:00Z,56
1844505072,2016-04-05T15:00:00Z,56
1844505072,2016-04-05T16:00:00Z,56
1844505072,2016-04-05T17:00:00Z,56
1844505072,2016-04-05T18:00:00Z,56
1844505072,2016-04-05T19:00:00Z,56
1844505072,2016-04-05T20:00:00Z,56
1844505072,2016-04-05T21:00:00Z,56
1844505072,2016-04-05T22:00:00Z,56
1844505072,2016-04-05T23:00:00Z,56
1844505072,2016-04-06T00:00:00Z,56
1844505072,2016-04-06T01:00:00Z,56
1844505072,2016-04-06T02:00:00Z,56
1844505072,2016-04-06T03:00:00Z,56
1844505072,2016-04-06T04:00:00Z,56
1844505072,2016-04-06T05:00:00Z,56
1844505072,2016-04-06T06:00:00Z,56
1844505072,2016-04-06T07:00:00Z,56
1844505072,2016-04-06T08:00:00Z,56
1844505072,2016-04-06T09:00:00Z,56
1844505072,2016-04-06T10:00:00Z,56
1844505072,2016-04-06T11:00:00Z,56
1844505072,2016-04-06T12:00:00Z,56
1844505072,2016-04-06T13:00:00Z,56
1844505072,2016-04-06T14:00:00Z,56
1844505072,2016-04-06T15:00:00Z,56
1844505072,2016-04-06T16:00:00Z,56
1844505072,2016-04-06T17:00:00Z,56
1844505072,2016-04-06T18:00:00Z,56
1844505072,2016-04-06T19:00:00Z,56
1844505072,2016-04-06T20:00:00Z,56
1844505072,2016-04-06T21:00:00Z,56
1844505072,2016-04-06T22:00:00Z,56
1844505072,2016-04-06T23:00:00Z,58
1844505072,2016-04-07T00:00:00Z,56
1844505072,2016-04-07T01:00:00Z,56
1844505072,2016-04-07T02:00:00Z,56
1844505072,2016-04-07T03:00:00Z,56
1844505072,2016-04-07T04:00:00Z,56
1844505072,2016-04-07T05:00:00Z,56
1844505072,2016-04-07T06:00:00Z,56
1844505072,2016-04-07T07:00:00Z,56
1844505072,2016-04-07T08:00:00Z,56
1844505072,2016-04-07T09:00:00Z,96
1844505072,2016-04-07T10:00:00Z,129
1844505072,2016-04-07T11:00:00Z,103
1844505072,2016-04-07T12:00:00Z,109
1844505072,2016-04-07T13:00:00Z,96
1844505072,2016-04-07T14:00:00Z,112
1844505072,2016-04-07T15:00:00Z,112
1844505072,2016-04-07T16:00:00Z,103
1844505072,2016-04-07T17:00:00Z,101
1844505072,2016-04-07T18:00:00Z,96
1844505072,2016-04-07T19:00:00Z,93
1844505072,2016-04-07T20:00:00Z,76
1844505072,2016-04-07T21:00:00Z,89
1844505072,2016-04-07T22:00:00Z,76
1844505072,2016-04-07T23:00:00Z,70
1844505072,2016-04-08T00:00:00Z,75
1844505072,2016-04-08T01:00:00Z,61
1844505072,2016-04-08T02:00:00Z,57
1844505072,2016-04-08T03:00:00Z,57
1844505072,2016-04-08T04:00:00Z,56
1844505072,2016-04-08T05:00:00Z,57
1844505072,2016-04-08T06:00:00Z,58
1844505072,2016-04-08T07:00:00Z,56
1844505072,2016-04-08T08:00:00Z,57
1844505072,2016-04-08T09:00:00Z,87
1844505072,2016-04-08T10:00:00Z,144
1844505072,2016-04-08T11:00:00Z,95
1844505072,2016-04-08T12:00:00Z,101
1844505072,2016-04-08T13:00:00Z,79
1844505072,2016-04-08T14:00:00Z,77
1844505072,2016-04-08T15:00:00Z,86
1844505072,2016-04-08T16:00:00Z,104
1844505072,2016-04-08T17:00:00Z,90
1844505072,2016-04-08T18:00:00Z,105
1844505072,2016-04-08T19:00:00Z,74
1844505072,2016-04-08T20:00:00Z,83
1844505072,2016-04-08T21:00:00Z,56
1844505072,2016-04-08T22:00:00Z,56
1844505072,2016-04-08T23:00:00Z,56
1844505072,2016-04-09T00:00:00Z,56
1844505072,2016-04-09T01:00:00Z,56
1844505072,2016-04-09T02:00:00Z,56
1844505072,2016-04-09T03:00:00Z,56
1844505072,2016-04-09T04:00:00Z,56
1844505072,2016-04-09T05:00:00Z,56
1844505072,2016-04-09T06:00:00Z,56
1844505072,2016-04-09T07:00:00Z,56
1844505072,2016-04-09T08:00:00Z,85
1844505072,2016-04-09T09:00:00Z,90
1844505072,2016-04-09T10:00:00Z,77
1844505072,2016-04-09T11:00:00Z,85
1844505072,2016-04-09T12:00:00Z,86
1844505072,2016-04-09T13:00:00Z,63
1844505072,2016-04-09T14:00:00Z,56
1844505072,2016-04-09T15:00:00Z,90
1844505072,2016-04-09T16:00:00Z,98
1844505072,2016-04-09T17:00:00Z,91
1844505072,2016-04-09T18:00:00Z,107
1844505072,2016-04-09T19:00:00Z,92
1844505072,2016-04-09T20:00:00Z,89
1844505072,2016-04-09T21:00:00Z,87
1844505072,2016-04-09T22:00:00Z,63
1844505072,2016-04-09T23:00:00Z,97
1844505072,2016-04-10T00:00:00Z,69
1844505072,2016-04-10T01:00:00Z,70
1844505072,2016-04-10T02:00:00Z,56
1844505072,2016-04-10T03:00:00Z,56
1844505072,2016-04-10T04:00:00Z,56
1844505072,2016-04-10T05:00:00Z,56
1844505072,2016-04-10T06:00:00Z,56
1844505072,2016-04-10T07:00:00Z,56
1844505072,2016-04-10T08:00:00Z,56
1844505072,2016-04-10T09:00:00Z,56
1844505072,2016-04-10T10:00:00Z,56
1844505072,2016-04-10T11:00:00Z,106
1844505072,2016-04-10T12:00:00Z,94
1844505072,2016-04-10T13:00:00Z,113
1844505072,2016-04-10T14:00:00Z,92
1844505072,2016-04-10T15:00:00Z,98
1844505072,2016-04-10T16:00:00Z,118
1844505072,2016-04-10T17:00:00Z,90
1844505072,2016-04-10T18:00:00Z,63
1844505072,2016-04-10T19:00:00Z,122
1844505072,2016-04-10T20:00:00Z,93
1844505072,2016-04-10T21:00:00Z,117
1844505072,2016-04-10T22:00:00Z,109
1844505072,2016-04-10T23:00:00Z,113
1844505072,2016-04-11T00:00:00Z,109
1844505072,2016-04-11T01:00:00Z,64
1844505072,2016-04-11T02:00:00Z,56
1844505072,2016-04-11T03:00:00Z,56
1844505072,2016-04-11T04:00:00Z,56
1844505072,2016-04-11T05:00:00Z,56
1844505072,2016-04-11T06:00:00Z,56
1844505072,2016-04-11T07:00:00Z,56
1844505072,2016-04-11T08:00:00Z,56
1844505072,2016-04-11T09:00:00Z,56
1844505072,2016-04-11T10:00:00Z,109
1844505072,2016-04-11T11:00:00Z,86
1844505072,2016-04-11T12:00:00Z,79
1844505072,2016-04-11T13:00:00Z,84
1844505072,2016-04-11T14:00:00Z,64
1844505072,2016-04-11T15:00:00Z,73
1844505072,2016-04-11T16:00:00Z,79
1844505072,2016-04-11T17:00:00Z,84
1844505072,2016-04-11T18:00:00Z,128
1844505072,2016-04-11T19:00:00Z,126
1844505072,2016-04-11T20:00:00Z,108
1844505072,2016-04-11T21:00:00Z,68
1844505072,2016-04-11T22:00:00Z,97
1844505072,2016-04-11T23:00:00Z,80
1844505072,2016-04-12T00:00:00Z,56
1844505072,2016-04-12T01:00:00Z,56
1844505072,2016-04-12T02:00:00Z,56
1844505072,2016-04-12T03:00:00Z,56
1844505072,2016-04-12T04:00:00Z,56
1844505072,2016-04-12T05:00:00Z,56
1844505072,2016-04-12T06:00:00Z,56
1927972279,2016-03-12T00:00:00Z,87
1927972279,2016-03-12T01:00:00Z,87
1927972279,2016-03-12T02:00:00Z,87
1927972279,2016-03-12T03:00:00Z,88
1927972279,2016-03-12T04:00:00Z,87
1927972279,2016-03-12T05:00:00Z,88
1927972279,2016-03-12T06:00:00Z,87
1927972279,2016-03-12T07:00:00Z,88
1927972279,2016-03-12T08:00:00Z,107
1927972279,2016-03-12T09:00:00Z,204
1927972279,2016-03-12T10:00:00Z,182
1927972279,2016-03-12T11:00:00Z,160
1927972279,2016-03-12T12:00:00Z,142
1927972279,2016-03-12T13:00:00Z,110
1927972279,2016-03-12T14:00:00Z,107
1927972279,2016-03-12T15:00:00Z,133
1927972279,2016-03-12T16:00:00Z,129
1927972279,2016-03-12T17:00:00Z,145
1927972279,2016-03-12T18:00:00Z,135
1927972279,2016-03-12T19:00:00Z,102
1927972279,2016-03-12T20:00:00Z,88
1927972279,2016-03-12T21:00:00Z,106
1927972279,2016-03-12T22:00:00Z,104
1927972279,2016-03-12T23:00:00Z,105
1927972279,2016-03-13T00:00:00Z,86
1927972279,2016-03-13T01:00:00Z,86
1927972279,2016-03-13T02:00:00Z,86
1927972279,2016-03-13T03:00:00Z,86
1927972279,2016-03-13T04:00:00Z,86
1927972279,2016-03-13T05:00:00Z,94
1927972279,2016-03-13T06:00:00Z,104
1927972279,2016-03-13T07:00:00Z,168
1927972279,2016-03-13T08:00:00Z,218
1927972279,2016-03-13T09:00:00Z,107
1927972279,2016-03-13T10:00:00Z,88
1927972279,2016-03-13T11:00:00Z,88
1927972279,2016-03-13T12:00:00Z,91
1927972279,2016-03-13T13:00:00Z,108
1927972279,2016-03-13T14:00:00Z,126
1927972279,2016-03-13T15:00:00Z,101
1927972279,2016-03-13T16:00:00Z,101
1927972279,2016-03-13T17:00:00Z,123
1927972279,2016-03-13T18:00:00Z,135
1927972279,2016-03-13T19:00:00Z,116
1927972279,2016-03-13T20:00:00Z,120
1927972279,2016-03-13T21:00:00Z,99
1927972279,2016-03-13T22:00:00Z,99
1927972279,2016-03-13T23:00:00Z,92
1927972279,2016-03-14T00:00:00Z,87
1927972279,2016-03-14T01:00:00Z,111
1927972279,2016-03-14T02:00:00Z,103
1927972279,2016-03-14T03:00:00Z,94
1927972279,2016-03-14T04:00:00Z,87
1927972279,2016-03-14T05:00:00Z,87
1927972279,2016-03-14T06:00:00Z,87
1927972279,2016-03-14T07:00:00Z,87
1927972279,2016-03-14T08:00:00Z,87
1927972279,2016-03-14T09:00:00Z,87
1927972279,2016-03-14T10:00:00Z,87
1927972279,2016-03-14T11:00:00Z,87
1927972279,2016-03-14T12:00:00Z,87
1927972279,2016-03-14T13:00:00Z,87
1927972279,2016-03-14T14:00:00Z,87
1927972279,2016-03-14T15:00:00Z,87
1927972279,2016-03-14T16:00:00Z,87
1927972279,2016-03-14T17:00:00Z,87
1927972279,2016-03-14T18:00:00Z,87
1927972279,2016-03-14T19:00:00Z,87
1927972279,2016-03-14T20:00:00Z,87
1927972279,2016-03-14T21:00:00Z,87
1927972279,2016-03-14T22:00:00Z,87
1927972279,2016-03-14T23:00:00Z,87
1927972279,2016-03-15T00:00:00Z,86
1927972279,2016-03-15T01:00:00Z,86
1927972279,2016-03-15T02:00:00Z,86
1927972279,2016-03-15T03:00:00Z,86
1927972279,2016-03-15T04:00:00Z,86
1927972279,2016-03-15T05:00:00Z,86
1927972279,2016-03-15T06:00:00Z,86
1927972279,2016-03-15T07:00:00Z,86
1927972279,2016-03-15T08:00:00Z,86
1927972279,2016-03-15T09:00:00Z,86
1927972279,2016-03-15T10:00:00Z,86
1927972279,2016-03-15T11:00:00Z,88
1927972279,2016-03-15T12:00:00Z,448
1927972279,2016-03-15T13:00:00Z,121
1927972279,2016-03-15T14:00:00Z,91
1927972279,2016-03-15T15:00:00Z,86
1927972279,2016-03-15T16:00:00Z,86
1927972279,2016-03-15T17:00:00Z,86
1927972279,2016-03-15T18:00:00Z,105
1927972279,2016-03-15T19:00:00Z,123
1927972279,2016-03-15T20:00:00Z,91
1927972279,2016-03-15T21:00:00Z,99
1927972279,2016-03-15T22:00:00Z,93
1927972279,2016-03-15T23:00:00Z,97
1927972279,2016-03-16T00:00:00Z,86
1927972279,2016-03-16T01:00:00Z,85
1927972279,2016-03-16T02:00:00Z,89
1927972279,2016-03-16T03:00:00Z,91
1927972279,2016-03-16T04:00:00Z,87
1927972279,2016-03-16T05:00:00Z,84
1927972279,2016-03-16T06:00:00Z,92
1927972279,2016-03-16T07:00:00Z,105
1927972279,2016-03-16T08:00:00Z,91
1927972279,2016-03-16T09:00:00Z,84
1927972279,2016-03-16T10:00:00Z,84
1927972279,2016-03-16T11:00:00Z,89
1927972279,2016-03-16T12:00:00Z,125
1927972279,2016-03-16T13:00:00Z,117
1927972279,2016-03-16T14:00:00Z,499
1927972279,2016-03-16T15:00:00Z,269
1927972279,2016-03-16T16:00:00Z,151
1927972279,2016-03-16T17:00:00Z,105
1927972279,2016-03-16T18:00:00Z,88
1927972279,2016-03-16T19:00:00Z,104
1927972279,2016-03-16T20:00:00Z,98
1927972279,2016-03-16T21:00:00Z,97
1927972279,2016-03-16T22:00:00Z,89
1927972279,2016-03-16T23:00:00Z,84
1927972279,2016-03-17T00:00:00Z,91
1927972279,2016-03-17T01:00:00Z,84
1927972279,2016-03-17T02:00:00Z,84
1927972279,2016-03-17T03:00:00Z,84
1927972279,2016-03-17T04:00:00Z,84
1927972279,2016-03-17T05:00:00Z,84
1927972279,2016-03-17T06:00:00Z,84
1927972279,2016-03-17T07:00:00Z,91
1927972279,2016-03-17T08:00:00Z,91
1927972279,2016-03-17T09:00:00Z,117
1927972279,2016-03-17T10:00:00Z,467
1927972279,2016-03-17T11:00:00Z,212
1927972279,2016-03-17T12:00:00Z,357
1927972279,2016-03-17T13:00:00Z,107
1927972279,2016-03-17T14:00:00Z,102
1927972279,2016-03-17T15:00:00Z,128
1927972279,2016-03-17T16:00:00Z,155
1927972279,2016-03-17T17:00:00Z,249
1927972279,2016-03-17T18:00:00Z,135
1927972279,2016-03-17T19:00:00Z,167
1927972279,2016-03-17T20:00:00Z,103
1927972279,2016-03-17T21:00:00Z,132
1927972279,2016-03-17T22:00:00Z,95
1927972279,2016-03-17T23:00:00Z,92
1927972279,2016-03-18T00:00:00Z,87
1927972279,2016-03-18T01:00:00Z,85
1927972279,2016-03-18T02:00:00Z,93
1927972279,2016-03-18T03:00:00Z,112
1927972279,2016-03-18T04:00:00Z,85
1927972279,2016-03-18T05:00:00Z,85
1927972279,2016-03-18T06:00:00Z,85
1927972279,2016-03-18T07:00:00Z,92
1927972279,2016-03-18T08:00:00Z,85
1927972279,2016-03-18T09:00:00Z,85
1927972279,2016-03-18T10:00:00Z,113
1927972279,2016-03-18T11:00:00Z,128
1927972279,2016-03-18T12:00:00Z,128
1927972279,2016-03-18T13:00:00Z,521
1927972279,2016-03-18T14:00:00Z,454
1927972279,2016-03-18T15:00:00Z,247
1927972279,2016-03-18T16:00:00Z,407
1927972279,2016-03-18T17:00:00Z,169
1927972279,2016-03-18T18:00:00Z,136
1927972279,2016-03-18T19:00:00Z,99
1927972279,2016-03-18T20:00:00Z,103
1927972279,2016-03-18T21:00:00Z,93
1927972279,2016-03-18T22:00:00Z,93
1927972279,2016-03-18T23:00:00Z,92
1927972279,2016-03-19T00:00:00Z,83
1927972279,2016-03-19T01:00:00Z,83
1927972279,2016-03-19T02:00:00Z,83
1927972279,2016-03-19T03:00:00Z,86
1927972279,2016-03-19T04:00:00Z,83
1927972279,2016-03-19T05:00:00Z,83
1927972279,2016-03-19T06:00:00Z,97
1927972279,2016-03-19T07:00:00Z,88
1927972279,2016-03-19T08:00:00Z,83
1927972279,2016-03-19T09:00:00Z,84
1927972279,2016-03-19T10:00:00Z,85
1927972279,2016-03-19T11:00:00Z,111
1927972279,2016-03-19T12:00:00Z,95
1927972279,2016-03-19T13:00:00Z,106
1927972279,2016-03-19T14:00:00Z,98
1927972279,2016-03-19T15:00:00Z,139
1927972279,2016-03-19T16:00:00Z,106
1927972279,2016-03-19T17:00:00Z,133
1927972279,2016-03-19T18:00:00Z,100
1927972279,2016-03-19T19:00:00Z,113
1927972279,2016-03-19T20:00:00Z,99
1927972279,2016-03-19T21:00:00Z,89
1927972279,2016-03-19T22:00:00Z,96
1927972279,2016-03-19T23:00:00Z,87
1927972279,2016-03-20T00:00:00Z,85
1927972279,2016-03-20T01:00:00Z,84
1927972279,2016-03-20T02:00:00Z,84
1927972279,2016-03-20T03:00:00Z,84
1927972279,2016-03-20T04:00:00Z,90
1927972279,2016-03-20T05:00:00Z,93
1927972279,2016-03-20T06:00:00Z,84
1927972279,2016-03-20T07:00:00Z,84
1927972279,2016-03-20T08:00:00Z,84
1927972279,2016-03-20T09:00:00Z,87
1927972279,2016-03-20T10:00:00Z,117
1927972279,2016-03-20T11:00:00Z,160
1927972279,2016-03-20T12:00:00Z,199
1927972279,2016-03-20T13:00:00Z,118
1927972279,2016-03-20T14:00:00Z,100
1927972279,2016-03-20T15:00:00Z,107
1927972279,2016-03-20T16:00:00Z,114
1927972279,2016-03-20T17:00:00Z,118
1927972279,2016-03-20T18:00:00Z,139
1927972279,2016-03-20T19:00:00Z,103
1927972279,2016-03-20T20:00:00Z,113
1927972279,2016-03-20T21:00:00Z,91
1927972279,2016-03-20T22:00:00Z,96
1927972279,2016-03-20T23:00:00Z,84
1927972279,2016-03-21T00:00:00Z,84
1927972279,2016-03-21T01:00:00Z,86
1927972279,2016-03-21T02:00:00Z,84
1927972279,2016-03-21T03:00:00Z,84
1927972279,2016-03-21T04:00:00Z,86
1927972279,2016-03-21T05:00:00Z,87
1927972279,2016-03-21T06:00:00Z,111
1927972279,2016-03-21T07:00:00Z,130
1927972279,2016-03-21T08:00:00Z,90
1927972279,2016-03-21T09:00:00Z,94
1927972279,2016-03-21T10:00:00Z,95
1927972279,2016-03-21T11:00:00Z,88
1927972279,2016-03-21T12:00:00Z,92
1927972279,2016-03-21T13:00:00Z,94
1927972279,2016-03-21T14:00:00Z,104
1927972279,2016-03-21T15:00:00Z,88
1927972279,2016-03-21T16:00:00Z,98
1927972279,2016-03-21T17:00:00Z,99
1927972279,2016-03-21T18:00:00Z,83
1927972279,2016-03-21T19:00:00Z,83
1927972279,2016-03-21T20:00:00Z,83
1927972279,2016-03-21T21:00:00Z,83
1927972279,2016-03-21T22:00:00Z,84
1927972279,2016-03-21T23:00:00Z,96
1927972279,2016-03-22T00:00:00Z,96
1927972279,2016-03-22T01:00:00Z,94
1927972279,2016-03-22T02:00:00Z,86
1927972279,2016-03-22T03:00:00Z,84
1927972279,2016-03-22T04:00:00Z,84
1927972279,2016-03-22T05:00:00Z,88
1927972279,2016-03-22T06:00:00Z,86
1927972279,2016-03-22T07:00:00Z,86
1927972279,2016-03-22T08:00:00Z,83
1927972279,2016-03-22T09:00:00Z,89
1927972279,2016-03-22T10:00:00Z,296
1927972279,2016-03-22T11:00:00Z,377
1927972279,2016-03-22T12:00:00Z,84
1927972279,2016-03-22T13:00:00Z,83
1927972279,2016-03-22T14:00:00Z,83
1927972279,2016-03-22T15:00:00Z,83
1927972279,2016-03-22T16:00:00Z,98
1927972279,2016-03-22T17:00:00Z,97
1927972279,2016-03-22T18:00:00Z,106
1927972279,2016-03-22T19:00:00Z,92
1927972279,2016-03-22T20:00:00Z,102
1927972279,2016-03-22T21:00:00Z,88
1927972279,2016-03-22T22:00:00Z,105
1927972279,2016-03-22T23:00:00Z,96
1927972279,2016-03-23T00:00:00Z,93
1927972279,2016-03-23T01:00:00Z,84
1927972279,2016-03-23T02:00:00Z,83
1927972279,2016-03-23T03:00:00Z,84
1927972279,2016-03-23T04:00:00Z,84
1927972279,2016-03-23T05:00:00Z,83
1927972279,2016-03-23T06:00:00Z,86
1927972279,2016-03-23T07:00:00Z,92
1927972279,2016-03-23T08:00:00Z,119
1927972279,2016-03-23T09:00:00Z,175
1927972279,2016-03-23T10:00:00Z,190
1927972279,2016-03-23T11:00:00Z,119
1927972279,2016-03-23T12:00:00Z,121
1927972279,2016-03-23T13:00:00Z,95
1927972279,2016-03-23T14:00:00Z,104
1927972279,2016-03-23T15:00:00Z,94
1927972279,2016-03-23T16:00:00Z,133
1927972279,2016-03-23T17:00:00Z,90
1927972279,2016-03-23T18:00:00Z,111
1927972279,2016-03-23T19:00:00Z,127
1927972279,2016-03-23T20:00:00Z,95
1927972279,2016-03-23T21:00:00Z,117
1927972279,2016-03-23T22:00:00Z,88
1927972279,2016-03-23T23:00:00Z,84
1927972279,2016-03-24T00:00:00Z,83
1927972279,2016-03-24T01:00:00Z,83
1927972279,2016-03-24T02:00:00Z,87
1927972279,2016-03-24T03:00:00Z,86
1927972279,2016-03-24T04:00:00Z,83
1927972279,2016-03-24T05:00:00Z,83
1927972279,2016-03-24T06:00:00Z,86
1927972279,2016-03-24T07:00:00Z,84
1927972279,2016-03-24T08:00:00Z,95
1927972279,2016-03-24T09:00:00Z,100
1927972279,2016-03-24T10:00:00Z,92
1927972279,2016-03-24T11:00:00Z,91
1927972279,2016-03-24T12:00:00Z,88
1927972279,2016-03-24T13:00:00Z,89
1927972279,2016-03-24T14:00:00Z,99
1927972279,2016-03-24T15:00:00Z,99
1927972279,2016-03-24T16:00:00Z,133
1927972279,2016-03-24T17:00:00Z,115
1927972279,2016-03-24T18:00:00Z,83
1927972279,2016-03-24T19:00:00Z,83
1927972279,2016-03-24T20:00:00Z,83
1927972279,2016-03-24T21:00:00Z,83
1927972279,2016-03-24T22:00:00Z,83
1927972279,2016-03-24T23:00:00Z,83
1927972279,2016-03-25T00:00:00Z,83
1927972279,2016-03-25T01:00:00Z,83
1927972279,2016-03-25T02:00:00Z,83
1927972279,2016-03-25T03:00:00Z,83
1927972279,2016-03-25T04:00:00Z,83
1927972279,2016-03-25T05:00:00Z,99
1927972279,2016-03-25T06:00:00Z,93
1927972279,2016-03-25T07:00:00Z,96
1927972279,2016-03-25T08:00:00Z,86
1927972279,2016-03-25T09:00:00Z,98
1927972279,2016-03-25T10:00:00Z,96
1927972279,2016-03-25T11:00:00Z,232
1927972279,2016-03-25T12:00:00Z,134
1927972279,2016-03-25T13:00:00Z,151
1927972279,2016-03-25T14:00:00Z,99
1927972279,2016-03-25T15:00:00Z,136
1927972279,2016-03-25T16:00:00Z,93
1927972279,2016-03-25T17:00:00Z,109
1927972279,2016-03-25T18:00:00Z,99
1927972279,2016-03-25T19:00:00Z,134
1927972279,2016-03-25T20:00:00Z,110
1927972279,2016-03-25T21:00:00Z,129
1927972279,2016-03-25T22:00:00Z,120
1927972279,2016-03-25T23:00:00Z,96
1927972279,2016-03-26T00:00:00Z,94
1927972279,2016-03-26T01:00:00Z,86
1927972279,2016-03-26T02:00:00Z,84
1927972279,2016-03-26T03:00:00Z,83
1927972279,2016-03-26T04:00:00Z,84
1927972279,2016-03-26T05:00:00Z,84
1927972279,2016-03-26T06:00:00Z,84
1927972279,2016-03-26T07:00:00Z,123
1927972279,2016-03-26T08:00:00Z,107
1927972279,2016-03-26T09:00:00Z,90
1927972279,2016-03-26T10:00:00Z,101
1927972279,2016-03-26T11:00:00Z,106
1927972279,2016-03-26T12:00:00Z,168
1927972279,2016-03-26T13:00:00Z,119
1927972279,2016-03-26T14:00:00Z,102
1927972279,2016-03-26T15:00:00Z,107
1927972279,2016-03-26T16:00:00Z,113
1927972279,2016-03-26T17:00:00Z,101
1927972279,2016-03-26T18:00:00Z,133
1927972279,2016-03-26T19:00:00Z,100
1927972279,2016-03-26T20:00:00Z,115
1927972279,2016-03-26T21:00:00Z,83
1927972279,2016-03-26T22:00:00Z,83
1927972279,2016-03-26T23:00:00Z,83
1927972279,2016-03-27T00:00:00Z,83
1927972279,2016-03-27T01:00:00Z,83
1927972279,2016-03-27T02:00:00Z,83
1927972279,2016-03-27T03:00:00Z,83
1927972279,2016-03-27T04:00:00Z,83
1927972279,2016-03-27T05:00:00Z,83
1927972279,2016-03-27T06:00:00Z,83
1927972279,2016-03-27T07:00:00Z,83
1927972279,2016-03-27T08:00:00Z,83
1927972279,2016-03-27T09:00:00Z,99
1927972279,2016-03-27T10:00:00Z,94
1927972279,2016-03-27T11:00:00Z,123
1927972279,2016-03-27T12:00:00Z,506
1927972279,2016-03-27T13:00:00Z,511
1927972279,2016-03-27T14:00:00Z,380
1927972279,2016-03-27T15:00:00Z,113
1927972279,2016-03-27T16:00:00Z,115
1927972279,2016-03-27T17:00:00Z,324
1927972279,2016-03-27T18:00:00Z,126
1927972279,2016-03-27T19:00:00Z,92
1927972279,2016-03-27T20:00:00Z,97
1927972279,2016-03-27T21:00:00Z,93
1927972279,2016-03-27T22:00:00Z,83
1927972279,2016-03-27T23:00:00Z,84
1927972279,2016-03-28T00:00:00Z,83
1927972279,2016-03-28T01:00:00Z,84
1927972279,2016-03-28T02:00:00Z,84
1927972279,2016-03-28T03:00:00Z,89
1927972279,2016-03-28T04:00:00Z,94
1927972279,2016-03-28T05:00:00Z,88
1927972279,2016-03-28T06:00:00Z,92
1927972279,2016-03-28T07:00:00Z,129
1927972279,2016-03-28T08:00:00Z,138
1927972279,2016-03-28T09:00:00Z,118
1927972279,2016-03-28T10:00:00Z,110
1927972279,2016-03-28T11:00:00Z,468
1927972279,2016-03-28T12:00:00Z,105
1927972279,2016-03-28T13:00:00Z,316
1927972279,2016-03-28T14:00:00Z,341
1927972279,2016-03-28T15:00:00Z,84
1927972279,2016-03-28T16:00:00Z,297
1927972279,2016-03-28T17:00:00Z,147
1927972279,2016-03-28T18:00:00Z,147
1927972279,2016-03-28T19:00:00Z,269
1927972279,2016-03-28T20:00:00Z,337
1927972279,2016-03-28T21:00:00Z,86
1927972279,2016-03-28T22:00:00Z,99
1927972279,2016-03-28T23:00:00Z,105
1927972279,2016-03-29T00:00:00Z,83
1927972279,2016-03-29T01:00:00Z,84
1927972279,2016-03-29T02:00:00Z,84
1927972279,2016-03-29T03:00:00Z,83
1927972279,2016-03-29T04:00:00Z,84
1927972279,2016-03-29T05:00:00Z,84
1927972279,2016-03-29T06:00:00Z,87
1927972279,2016-03-29T07:00:00Z,84
1927972279,2016-03-29T08:00:00Z,83
1927972279,2016-03-29T09:00:00Z,84
1927972279,2016-03-29T10:00:00Z,94
1927972279,2016-03-29T11:00:00Z,89
1927972279,2016-03-29T12:00:00Z,100
1927972279,2016-03-29T13:00:00Z,115
1927972279,2016-03-29T14:00:00Z,85
1927972279,2016-03-29T15:00:00Z,115
1927972279,2016-03-29T16:00:00Z,95
1927972279,2016-03-29T17:00:00Z,87
1927972279,2016-03-29T18:00:00Z,94
1927972279,2016-03-29T19:00:00Z,140
1927972279,2016-03-29T20:00:00Z,236
1927972279,2016-03-29T21:00:00Z,224
1927972279,2016-03-29T22:00:00Z,207
1927972279,2016-03-29T23:00:00Z,106
1927972279,2016-03-30T00:00:00Z,85
1927972279,2016-03-30T01:00:00Z,88
1927972279,2016-03-30T02:00:00Z,103
1927972279,2016-03-30T03:00:00Z,89
1927972279,2016-03-30T04:00:00Z,83
1927972279,2016-03-30T05:00:00Z,83
1927972279,2016-03-30T06:00:00Z,83
1927972279,2016-03-30T07:00:00Z,90
1927972279,2016-03-30T08:00:00Z,83
1927972279,2016-03-30T09:00:00Z,86
1927972279,2016-03-30T10:00:00Z,84
1927972279,2016-03-30T11:00:00Z,122
1927972279,2016-03-30T12:00:00Z,122
1927972279,2016-03-30T13:00:00Z,534
1927972279,2016-03-30T14:00:00Z,508
1927972279,2016-03-30T15:00:00Z,401
1927972279,2016-03-30T16:00:00Z,125
1927972279,2016-03-30T17:00:00Z,90
1927972279,2016-03-30T18:00:00Z,99
1927972279,2016-03-30T19:00:00Z,99
1927972279,2016-03-30T20:00:00Z,86
1927972279,2016-03-30T21:00:00Z,83
1927972279,2016-03-30T22:00:00Z,92
1927972279,2016-03-30T23:00:00Z,88
1927972279,2016-03-31T00:00:00Z,90
1927972279,2016-03-31T01:00:00Z,83
1927972279,2016-03-31T02:00:00Z,84
1927972279,2016-03-31T03:00:00Z,84
1927972279,2016-03-31T04:00:00Z,84
1927972279,2016-03-31T05:00:00Z,92
1927972279,2016-03-31T06:00:00Z,114
1927972279,2016-03-31T07:00:00Z,87
1927972279,2016-03-31T08:00:00Z,83
1927972279,2016-03-31T09:00:00Z,84
1927972279,2016-03-31T10:00:00Z,95
1927972279,2016-03-31T11:00:00Z,98
1927972279,2016-03-31T12:00:00Z,241
1927972279,2016-03-31T13:00:00Z,357
1927972279,2016-03-31T14:00:00Z,83
1927972279,2016-03-31T15:00:00Z,83
1927972279,2016-03-31T16:00:00Z,83
1927972279,2016-03-31T17:00:00Z,83
1927972279,2016-03-31T18:00:00Z,83
1927972279,2016-03-31T19:00:00Z,83
1927972279,2016-03-31T20:00:00Z,93
1927972279,2016-03-31T21:00:00Z,98
1927972279,2016-03-31T22:00:00Z,87
1927972279,2016-03-31T23:00:00Z,95
1927972279,2016-04-01T00:00:00Z,83
1927972279,2016-04-01T01:00:00Z,85
1927972279,2016-04-01T02:00:00Z,83
1927972279,2016-04-01T03:00:00Z,84
1927972279,2016-04-01T04:00:00Z,84
1927972279,2016-04-01T05:00:00Z,85
1927972279,2016-04-01T06:00:00Z,103
1927972279,2016-04-01T07:00:00Z,87
1927972279,2016-04-01T08:00:00Z,84
1927972279,2016-04-01T09:00:00Z,83
1927972279,2016-04-01T10:00:00Z,93
1927972279,2016-04-01T11:00:00Z,106
1927972279,2016-04-01T12:00:00Z,107
1927972279,2016-04-01T13:00:00Z,97
1927972279,2016-04-01T14:00:00Z,96
1927972279,2016-04-01T15:00:00Z,173
1927972279,2016-04-01T16:00:00Z,220
1927972279,2016-04-01T17:00:00Z,241
1927972279,2016-04-01T18:00:00Z,104
1927972279,2016-04-01T19:00:00Z,111
1927972279,2016-04-01T20:00:00Z,93
1927972279,2016-04-01T21:00:00Z,98
1927972279,2016-04-01T22:00:00Z,84
1927972279,2016-04-01T23:00:00Z,104
1927972279,2016-04-02T00:00:00Z,102
1927972279,2016-04-02T01:00:00Z,86
1927972279,2016-04-02T02:00:00Z,91
1927972279,2016-04-02T03:00:00Z,86
1927972279,2016-04-02T04:00:00Z,84
1927972279,2016-04-02T05:00:00Z,86
1927972279,2016-04-02T06:00:00Z,89
1927972279,2016-04-02T07:00:00Z,84
1927972279,2016-04-02T08:00:00Z,91
1927972279,2016-04-02T09:00:00Z,114
1927972279,2016-04-02T10:00:00Z,93
1927972279,2016-04-02T11:00:00Z,150
1927972279,2016-04-02T12:00:00Z,130
1927972279,2016-04-02T13:00:00Z,100
1927972279,2016-04-02T14:00:00Z,142
1927972279,2016-04-02T15:00:00Z,218
1927972279,2016-04-02T16:00:00Z,244
1927972279,2016-04-02T17:00:00Z,214
1927972279,2016-04-02T18:00:00Z,91
1927972279,2016-04-02T19:00:00Z,95
1927972279,2016-04-02T20:00:00Z,94
1927972279,2016-04-02T21:00:00Z,119
1927972279,2016-04-02T22:00:00Z,88
1927972279,2016-04-02T23:00:00Z,94
1927972279,2016-04-03T00:00:00Z,89
1927972279,2016-04-03T01:00:00Z,83
1927972279,2016-04-03T02:00:00Z,83
1927972279,2016-04-03T03:00:00Z,83
1927972279,2016-04-03T04:00:00Z,83
1927972279,2016-04-03T05:00:00Z,83
1927972279,2016-04-03T06:00:00Z,83
1927972279,2016-04-03T07:00:00Z,83
1927972279,2016-04-03T08:00:00Z,83
1927972279,2016-04-03T09:00:00Z,131
1927972279,2016-04-03T10:00:00Z,159
1927972279,2016-04-03T11:00:00Z,115
1927972279,2016-04-03T12:00:00Z,141
1927972279,2016-04-03T13:00:00Z,90
1927972279,2016-04-03T14:00:00Z,88
1927972279,2016-04-03T15:00:00Z,152
1927972279,2016-04-03T16:00:00Z,129
1927972279,2016-04-03T17:00:00Z,110
1927972279,2016-04-03T18:00:00Z,106
1927972279,2016-04-03T19:00:00Z,116
1927972279,2016-04-03T20:00:00Z,94
1927972279,2016-04-03T21:00:00Z,96
1927972279,2016-04-03T22:00:00Z,84
1927972279,2016-04-03T23:00:00Z,84
1927972279,2016-04-04T00:00:00Z,84
1927972279,2016-04-04T01:00:00Z,83
1927972279,2016-04-04T02:00:00Z,84
1927972279,2016-04-04T03:00:00Z,84
1927972279,2016-04-04T04:00:00Z,84
1927972279,2016-04-04T05:00:00Z,87
1927972279,2016-04-04T06:00:00Z,84
1927972279,2016-04-04T07:00:00Z,84
1927972279,2016-04-04T08:00:00Z,84
1927972279,2016-04-04T09:00:00Z,97
1927972279,2016-04-04T10:00:00Z,88
1927972279,2016-04-04T11:00:00Z,106
1927972279,2016-04-04T12:00:00Z,92
1927972279,2016-04-04T13:00:00Z,94
1927972279,2016-04-04T14:00:00Z,113
1927972279,2016-04-04T15:00:00Z,102
1927972279,2016-04-04T16:00:00Z,118
1927972279,2016-04-04T17:00:00Z,158
1927972279,2016-04-04T18:00:00Z,130
1927972279,2016-04-04T19:00:00Z,84
1927972279,2016-04-04T20:00:00Z,165
1927972279,2016-04-04T21:00:00Z,94
1927972279,2016-04-04T22:00:00Z,94
1927972279,2016-04-04T23:00:00Z,87
1927972279,2016-04-05T00:00:00Z,88
1927972279,2016-04-05T01:00:00Z,84
1927972279,2016-04-05T02:00:00Z,84
1927972279,2016-04-05T03:00:00Z,87
1927972279,2016-04-05T04:00:00Z,84
1927972279,2016-04-05T05:00:00Z,83
1927972279,2016-04-05T06:00:00Z,84
1927972279,2016-04-05T07:00:00Z,109
1927972279,2016-04-05T08:00:00Z,107
1927972279,2016-04-05T09:00:00Z,111
1927972279,2016-04-05T10:00:00Z,96
1927972279,2016-04-05T11:00:00Z,90
1927972279,2016-04-05T12:00:00Z,94
1927972279,2016-04-05T13:00:00Z,105
1927972279,2016-04-05T14:00:00Z,96
1927972279,2016-04-05T15:00:00Z,93
1927972279,2016-04-05T16:00:00Z,187
1927972279,2016-04-05T17:00:00Z,83
1927972279,2016-04-05T18:00:00Z,89
1927972279,2016-04-05T19:00:00Z,88
1927972279,2016-04-05T20:00:00Z,103
1927972279,2016-04-05T21:00:00Z,107
1927972279,2016-04-05T22:00:00Z,104
1927972279,2016-04-05T23:00:00Z,89
1927972279,2016-04-06T00:00:00Z,88
1927972279,2016-04-06T01:00:00Z,84
1927972279,2016-04-06T02:00:00Z,84
1927972279,2016-04-06T03:00:00Z,86
1927972279,2016-04-06T04:00:00Z,84
1927972279,2016-04-06T05:00:00Z,83
1927972279,2016-04-06T06:00:00Z,84
1927972279,2016-04-06T07:00:00Z,89
1927972279,2016-04-06T08:00:00Z,133
1927972279,2016-04-06T09:00:00Z,146
1927972279,2016-04-06T10:00:00Z,130
1927972279,2016-04-06T11:00:00Z,93
1927972279,2016-04-06T12:00:00Z,100
1927972279,2016-04-06T13:00:00Z,88
1927972279,2016-04-06T14:00:00Z,83
1927972279,2016-04-06T15:00:00Z,83
1927972279,2016-04-06T16:00:00Z,83
1927972279,2016-04-06T17:00:00Z,83
1927972279,2016-04-06T18:00:00Z,83
1927972279,2016-04-06T19:00:00Z,83
1927972279,2016-04-06T20:00:00Z,83
1927972279,2016-04-06T21:00:00Z,83
1927972279,2016-04-06T22:00:00Z,83
1927972279,2016-04-06T23:00:00Z,83
1927972279,2016-04-07T00:00:00Z,83
1927972279,2016-04-07T01:00:00Z,83
1927972279,2016-04-07T02:00:00Z,83
1927972279,2016-04-07T03:00:00Z,83
1927972279,2016-04-07T04:00:00Z,83
1927972279,2016-04-07T05:00:00Z,83
1927972279,2016-04-07T06:00:00Z,83
1927972279,2016-04-07T07:00:00Z,83
1927972279,2016-04-07T08:00:00Z,83
1927972279,2016-04-07T09:00:00Z,83
1927972279,2016-04-07T10:00:00Z,83
1927972279,2016-04-07T11:00:00Z,83
1927972279,2016-04-07T12:00:00Z,83
1927972279,2016-04-07T13:00:00Z,98
1927972279,2016-04-07T14:00:00Z,92
1927972279,2016-04-07T15:00:00Z,107
1927972279,2016-04-07T16:00:00Z,119
1927972279,2016-04-07T17:00:00Z,106
1927972279,2016-04-07T18:00:00Z,112
1927972279,2016-04-07T19:00:00Z,83
1927972279,2016-04-07T20:00:00Z,83
1927972279,2016-04-07T21:00:00Z,83
1927972279,2016-04-07T22:00:00Z,83
1927972279,2016-04-07T23:00:00Z,83
1927972279,2016-04-08T00:00:00Z,83
1927972279,2016-04-08T01:00:00Z,83
1927972279,2016-04-08T02:00:00Z,83
1927972279,2016-04-08T03:00:00Z,83
1927972279,2016-04-08T04:00:00Z,83
1927972279,2016-04-08T05:00:00Z,83
1927972279,2016-04-08T06:00:00Z,83
1927972279,2016-04-08T07:00:00Z,83
1927972279,2016-04-08T08:00:00Z,83
1927972279,2016-04-08T09:00:00Z,83
1927972279,2016-04-08T10:00:00Z,83
1927972279,2016-04-08T11:00:00Z,83
1927972279,2016-04-08T12:00:00Z,107
1927972279,2016-04-08T13:00:00Z,116
1927972279,2016-04-08T14:00:00Z,111
1927972279,2016-04-08T15:00:00Z,92
1927972279,2016-04-08T16:00:00Z,83
1927972279,2016-04-08T17:00:00Z,83
1927972279,2016-04-08T18:00:00Z,83
1927972279,2016-04-08T19:00:00Z,83
1927972279,2016-04-08T20:00:00Z,83
1927972279,2016-04-08T21:00:00Z,83
1927972279,2016-04-08T22:00:00Z,83
1927972279,2016-04-08T23:00:00Z,83
1927972279,2016-04-09T00:00:00Z,83
1927972279,2016-04-09T01:00:00Z,83
1927972279,2016-04-09T02:00:00Z,83
1927972279,2016-04-09T03:00:00Z,83
1927972279,2016-04-09T04:00:00Z,83
1927972279,2016-04-09T05:00:00Z,83
1927972279,2016-04-09T06:00:00Z,83
1927972279,2016-04-09T07:00:00Z,83
1927972279,2016-04-09T08:00:00Z,83
1927972279,2016-04-09T09:00:00Z,83
1927972279,2016-04-09T10:00:00Z,94
1927972279,2016-04-09T11:00:00Z,100
1927972279,2016-04-09T12:00:00Z,87
1927972279,2016-04-09T13:00:00Z,123
1927972279,2016-04-09T14:00:00Z,111
1927972279,2016-04-09T15:00:00Z,144
1927972279,2016-04-09T16:00:00Z,136
1927972279,2016-04-09T17:00:00Z,110
1927972279,2016-04-09T18:00:00Z,186
1927972279,2016-04-09T19:00:00Z,102
1927972279,2016-04-09T20:00:00Z,96
1927972279,2016-04-09T21:00:00Z,92
1927972279,2016-04-09T22:00:00Z,104
1927972279,2016-04-09T23:00:00Z,92
1927972279,2016-04-10T00:00:00Z,85
1927972279,2016-04-10T01:00:00Z,85
1927972279,2016-04-10T02:00:00Z,98
1927972279,2016-04-10T03:00:00Z,91
1927972279,2016-04-10T04:00:00Z,84
1927972279,2016-04-10T05:00:00Z,86
1927972279,2016-04-10T06:00:00Z,85
1927972279,2016-04-10T07:00:00Z,85
1927972279,2016-04-10T08:00:00Z,99
1927972279,2016-04-10T09:00:00Z,158
1927972279,2016-04-10T10:00:00Z,89
1927972279,2016-04-10T11:00:00Z,89
1927972279,2016-04-10T12:00:00Z,123
1927972279,2016-04-10T13:00:00Z,104
1927972279,2016-04-10T14:00:00Z,129
1927972279,2016-04-10T15:00:00Z,105
1927972279,2016-04-10T16:00:00Z,115
1927972279,2016-04-10T17:00:00Z,99
1927972279,2016-04-10T18:00:00Z,120
1927972279,2016-04-10T19:00:00Z,102
1927972279,2016-04-10T20:00:00Z,107
1927972279,2016-04-10T21:00:00Z,107
1927972279,2016-04-10T22:00:00Z,111
1927972279,2016-04-10T23:00:00Z,85
1927972279,2016-04-11T00:00:00Z,85
1927972279,2016-04-11T01:00:00Z,85
1927972279,2016-04-11T02:00:00Z,85
1927972279,2016-04-11T03:00:00Z,87
1927972279,2016-04-11T04:00:00Z,89
1927972279,2016-04-11T05:00:00Z,85
1927972279,2016-04-11T06:00:00Z,85
1927972279,2016-04-11T07:00:00Z,103
1927972279,2016-04-11T08:00:00Z,99
1927972279,2016-04-11T09:00:00Z,88
1927972279,2016-04-11T10:00:00Z,94
1927972279,2016-04-11T11:00:00Z,86
1927972279,2016-04-11T12:00:00Z,110
1927972279,2016-04-11T13:00:00Z,94
1927972279,2016-04-11T14:00:00Z,86
1927972279,2016-04-11T15:00:00Z,94
1927972279,2016-04-11T16:00:00Z,97
1927972279,2016-04-11T17:00:00Z,131
1927972279,2016-04-11T18:00:00Z,120
1927972279,2016-04-11T19:00:00Z,92
1927972279,2016-04-11T20:00:00Z,92
1927972279,2016-04-11T21:00:00Z,97
1927972279,2016-04-11T22:00:00Z,84
1927972279,2016-04-11T23:00:00Z,85
1927972279,2016-04-12T00:00:00Z,85
1927972279,2016-04-12T01:00:00Z,85
1927972279,2016-04-12T02:00:00Z,85
1927972279,2016-04-12T03:00:00Z,84
1927972279,2016-04-12T04:00:00Z,87
1927972279,2016-04-12T05:00:00Z,85
1927972279,2016-04-12T06:00:00Z,90
1927972279,2016-04-12T07:00:00Z,85
1927972279,2016-04-12T08:00:00Z,85
1927972279,2016-04-12T09:00:00Z,85
1927972279,2016-04-12T10:00:00Z,85
2022484408,2016-03-12T00:00:00Z,62
2022484408,2016-03-12T01:00:00Z,62
2022484408,2016-03-12T02:00:00Z,62
2022484408,2016-03-12T03:00:00Z,62
2022484408,2016-03-12T04:00:00Z,62
2022484408,2016-03-12T05:00:00Z,62
2022484408,2016-03-12T06:00:00Z,62
2022484408,2016-03-12T07:00:00Z,102
2022484408,2016-03-12T08:00:00Z,406
2022484408,2016-03-12T09:00:00Z,98
2022484408,2016-03-12T10:00:00Z,85
2022484408,2016-03-12T11:00:00Z,183
2022484408,2016-03-12T12:00:00Z,150
2022484408,2016-03-12T13:00:00Z,101
2022484408,2016-03-12T14:00:00Z,62
2022484408,2016-03-12T15:00:00Z,62
2022484408,2016-03-12T16:00:00Z,62
2022484408,2016-03-12T17:00:00Z,152
2022484408,2016-03-12T18:00:00Z,114
2022484408,2016-03-12T19:00:00Z,75
2022484408,2016-03-12T20:00:00Z,62
2022484408,2016-03-12T21:00:00Z,62
2022484408,2016-03-12T22:00:00Z,62
2022484408,2016-03-12T23:00:00Z,62
2022484408,2016-03-13T00:00:00Z,62
2022484408,2016-03-13T01:00:00Z,62
2022484408,2016-03-13T02:00:00Z,62
2022484408,2016-03-13T03:00:00Z,62
2022484408,2016-03-13T04:00:00Z,62
2022484408,2016-03-13T05:00:00Z,62
2022484408,2016-03-13T06:00:00Z,62
2022484408,2016-03-13T07:00:00Z,62
2022484408,2016-03-13T08:00:00Z,84
2022484408,2016-03-13T09:00:00Z,136
2022484408,2016-03-13T10:00:00Z,128
2022484408,2016-03-13T11:00:00Z,119
2022484408,2016-03-13T12:00:00Z,64
2022484408,2016-03-13T13:00:00Z,74
2022484408,2016-03-13T14:00:00Z,127
2022484408,2016-03-13T15:00:00Z,107
2022484408,2016-03-13T16:00:00Z,119
2022484408,2016-03-13T17:00:00Z,109
2022484408,2016-03-13T18:00:00Z,98
2022484408,2016-03-13T19:00:00Z,284
2022484408,2016-03-13T20:00:00Z,102
2022484408,2016-03-13T21:00:00Z,62
2022484408,2016-03-13T22:00:00Z,63
2022484408,2016-03-13T23:00:00Z,80
2022484408,2016-03-14T00:00:00Z,62
2022484408,2016-03-14T01:00:00Z,62
2022484408,2016-03-14T02:00:00Z,62
2022484408,2016-03-14T03:00:00Z,62
2022484408,2016-03-14T04:00:00Z,62
2022484408,2016-03-14T05:00:00Z,62
2022484408,2016-03-14T06:00:00Z,62
2022484408,2016-03-14T07:00:00Z,62
2022484408,2016-03-14T08:00:00Z,130
2022484408,2016-03-14T09:00:00Z,475
2022484408,2016-03-14T10:00:00Z,109
2022484408,2016-03-14T11:00:00Z,69
2022484408,2016-03-14T12:00:00Z,95
2022484408,2016-03-14T13:00:00Z,146
2022484408,2016-03-14T14:00:00Z,143
2022484408,2016-03-14T15:00:00Z,162
2022484408,2016-03-14T16:00:00Z,66
2022484408,2016-03-14T17:00:00Z,76
2022484408,2016-03-14T18:00:00Z,140
2022484408,2016-03-14T19:00:00Z,234
2022484408,2016-03-14T20:00:00Z,104
2022484408,2016-03-14T21:00:00Z,62
2022484408,2016-03-14T22:00:00Z,62
2022484408,2016-03-14T23:00:00Z,62
2022484408,2016-03-15T00:00:00Z,62
2022484408,2016-03-15T01:00:00Z,62
2022484408,2016-03-15T02:00:00Z,62
2022484408,2016-03-15T03:00:00Z,62
2022484408,2016-03-15T04:00:00Z,62
2022484408,2016-03-15T05:00:00Z,62
2022484408,2016-03-15T06:00:00Z,62
2022484408,2016-03-15T07:00:00Z,62
2022484408,2016-03-15T08:00:00Z,62
2022484408,2016-03-15T09:00:00Z,104
2022484408,2016-03-15T10:00:00Z,407
2022484408,2016-03-15T11:00:00Z,249
2022484408,2016-03-15T12:00:00Z,95
2022484408,2016-03-15T13:00:00Z,161
2022484408,2016-03-15T14:00:00Z,145
2022484408,2016-03-15T15:00:00Z,101
2022484408,2016-03-15T16:00:00Z,124
2022484408,2016-03-15T17:00:00Z,126
2022484408,2016-03-15T18:00:00Z,273
2022484408,2016-03-15T19:00:00Z,62
2022484408,2016-03-15T20:00:00Z,62
2022484408,2016-03-15T21:00:00Z,62
2022484408,2016-03-15T22:00:00Z,62
2022484408,2016-03-15T23:00:00Z,62
2022484408,2016-03-16T00:00:00Z,62
2022484408,2016-03-16T01:00:00Z,62
2022484408,2016-03-16T02:00:00Z,62
2022484408,2016-03-16T03:00:00Z,62
2022484408,2016-03-16T04:00:00Z,62
2022484408,2016-03-16T05:00:00Z,62
2022484408,2016-03-16T06:00:00Z,62
2022484408,2016-03-16T07:00:00Z,62
2022484408,2016-03-16T08:00:00Z,85
2022484408,2016-03-16T09:00:00Z,440
2022484408,2016-03-16T10:00:00Z,81
2022484408,2016-03-16T11:00:00Z,95
2022484408,2016-03-16T12:00:00Z,120
2022484408,2016-03-16T13:00:00Z,139
2022484408,2016-03-16T14:00:00Z,152
2022484408,2016-03-16T15:00:00Z,185
2022484408,2016-03-16T16:00:00Z,148
2022484408,2016-03-16T17:00:00Z,125
2022484408,2016-03-16T18:00:00Z,118
2022484408,2016-03-16T19:00:00Z,130
2022484408,2016-03-16T20:00:00Z,139
2022484408,2016-03-16T21:00:00Z,64
2022484408,2016-03-16T22:00:00Z,62
2022484408,2016-03-16T23:00:00Z,62
2022484408,2016-03-17T00:00:00Z,62
2022484408,2016-03-17T01:00:00Z,62
2022484408,2016-03-17T02:00:00Z,62
2022484408,2016-03-17T03:00:00Z,62
2022484408,2016-03-17T04:00:00Z,62
2022484408,2016-03-17T05:00:00Z,62
2022484408,2016-03-17T06:00:00Z,62
2022484408,2016-03-17T07:00:00Z,62
2022484408,2016-03-17T08:00:00Z,62
2022484408,2016-03-17T09:00:00Z,75
2022484408,2016-03-17T10:00:00Z,120
2022484408,2016-03-17T11:00:00Z,134
2022484408,2016-03-17T12:00:00Z,167
2022484408,2016-03-17T13:00:00Z,137
2022484408,2016-03-17T14:00:00Z,95
2022484408,2016-03-17T15:00:00Z,140
2022484408,2016-03-17T16:00:00Z,152
2022484408,2016-03-17T17:00:00Z,111
2022484408,2016-03-17T18:00:00Z,148
2022484408,2016-03-17T19:00:00Z,145
2022484408,2016-03-17T20:00:00Z,136
2022484408,2016-03-17T21:00:00Z,71
2022484408,2016-03-17T22:00:00Z,62
2022484408,2016-03-17T23:00:00Z,62
2022484408,2016-03-18T00:00:00Z,62
2022484408,2016-03-18T01:00:00Z,62
2022484408,2016-03-18T02:00:00Z,62
2022484408,2016-03-18T03:00:00Z,62
2022484408,2016-03-18T04:00:00Z,62
2022484408,2016-03-18T05:00:00Z,62
2022484408,2016-03-18T06:00:00Z,62
2022484408,2016-03-18T07:00:00Z,62
2022484408,2016-03-18T08:00:00Z,85
2022484408,2016-03-18T09:00:00Z,488
2022484408,2016-03-18T10:00:00Z,160
2022484408,2016-03-18T11:00:00Z,141
2022484408,2016-03-18T12:00:00Z,85
2022484408,2016-03-18T13:00:00Z,77
2022484408,2016-03-18T14:00:00Z,94
2022484408,2016-03-18T15:00:00Z,141
2022484408,2016-03-18T16:00:00Z,104
2022484408,2016-03-18T17:00:00Z,125
2022484408,2016-03-18T18:00:00Z,108
2022484408,2016-03-18T19:00:00Z,105
2022484408,2016-03-18T20:00:00Z,64
2022484408,2016-03-18T21:00:00Z,62
2022484408,2016-03-18T22:00:00Z,62
2022484408,2016-03-18T23:00:00Z,62
2022484408,2016-03-19T00:00:00Z,62
2022484408,2016-03-19T01:00:00Z,62
2022484408,2016-03-19T02:00:00Z,62
2022484408,2016-03-19T03:00:00Z,62
2022484408,2016-03-19T04:00:00Z,62
2022484408,2016-03-19T05:00:00Z,62
2022484408,2016-03-19T06:00:00Z,62
2022484408,2016-03-19T07:00:00Z,100
2022484408,2016-03-19T08:00:00Z,180
2022484408,2016-03-19T09:00:00Z,105
2022484408,2016-03-19T10:00:00Z,126
2022484408,2016-03-19T11:00:00Z,134
2022484408,2016-03-19T12:00:00Z,276
2022484408,2016-03-19T13:00:00Z,213
2022484408,2016-03-19T14:00:00Z,75
2022484408,2016-03-19T15:00:00Z,210
2022484408,2016-03-19T16:00:00Z,126
2022484408,2016-03-19T17:00:00Z,105
2022484408,2016-03-19T18:00:00Z,183
2022484408,2016-03-19T19:00:00Z,198
2022484408,2016-03-19T20:00:00Z,65
2022484408,2016-03-19T21:00:00Z,62
2022484408,2016-03-19T22:00:00Z,62
2022484408,2016-03-19T23:00:00Z,62
2022484408,2016-03-20T00:00:00Z,62
2022484408,2016-03-20T01:00:00Z,62
2022484408,2016-03-20T02:00:00Z,62
2022484408,2016-03-20T03:00:00Z,62
2022484408,2016-03-20T04:00:00Z,62
2022484408,2016-03-20T05:00:00Z,62
2022484408,2016-03-20T06:00:00Z,62
2022484408,2016-03-20T07:00:00Z,62
2022484408,2016-03-20T08:00:00Z,75
2022484408,2016-03-20T09:00:00Z,141
2022484408,2016-03-20T10:00:00Z,92
2022484408,2016-03-20T11:00:00Z,97
2022484408,2016-03-20T12:00:00Z,126
2022484408,2016-03-20T13:00:00Z,131
2022484408,2016-03-20T14:00:00Z,120
2022484408,2016-03-20T15:00:00Z,348
2022484408,2016-03-20T16:00:00Z,190
2022484408,2016-03-20T17:00:00Z,114
2022484408,2016-03-20T18:00:00Z,187
2022484408,2016-03-20T19:00:00Z,82
2022484408,2016-03-20T20:00:00Z,62
2022484408,2016-03-20T21:00:00Z,62
2022484408,2016-03-20T22:00:00Z,62
2022484408,2016-03-20T23:00:00Z,62
2022484408,2016-03-21T00:00:00Z,62
2022484408,2016-03-21T01:00:00Z,62
2022484408,2016-03-21T02:00:00Z,62
2022484408,2016-03-21T03:00:00Z,62
2022484408,2016-03-21T04:00:00Z,62
2022484408,2016-03-21T05:00:00Z,62
2022484408,2016-03-21T06:00:00Z,62
2022484408,2016-03-21T07:00:00Z,86
2022484408,2016-03-21T08:00:00Z,88
2022484408,2016-03-21T09:00:00Z,222
2022484408,2016-03-21T10:00:00Z,502
2022484408,2016-03-21T11:00:00Z,71
2022484408,2016-03-21T12:00:00Z,107
2022484408,2016-03-21T13:00:00Z,76
2022484408,2016-03-21T14:00:00Z,118
2022484408,2016-03-21T15:00:00Z,83
2022484408,2016-03-21T16:00:00Z,114
2022484408,2016-03-21T17:00:00Z,478
2022484408,2016-03-21T18:00:00Z,132
2022484408,2016-03-21T19:00:00Z,117
2022484408,2016-03-21T20:00:00Z,71
2022484408,2016-03-21T21:00:00Z,62
2022484408,2016-03-21T22:00:00Z,62
2022484408,2016-03-21T23:00:00Z,62
2022484408,2016-03-22T00:00:00Z,62
2022484408,2016-03-22T01:00:00Z,62
2022484408,2016-03-22T02:00:00Z,62
2022484408,2016-03-22T03:00:00Z,62
2022484408,2016-03-22T04:00:00Z,62
2022484408,2016-03-22T05:00:00Z,62
2022484408,2016-03-22T06:00:00Z,62
2022484408,2016-03-22T07:00:00Z,62
2022484408,2016-03-22T08:00:00Z,86
2022484408,2016-03-22T09:00:00Z,135
2022484408,2016-03-22T10:00:00Z,310
2022484408,2016-03-22T11:00:00Z,108
2022484408,2016-03-22T12:00:00Z,76
2022484408,2016-03-22T13:00:00Z,85
2022484408,2016-03-22T14:00:00Z,124
2022484408,2016-03-22T15:00:00Z,123
2022484408,2016-03-22T16:00:00Z,132
2022484408,2016-03-22T17:00:00Z,145
2022484408,2016-03-22T18:00:00Z,204
2022484408,2016-03-22T19:00:00Z,95
2022484408,2016-03-22T20:00:00Z,82
2022484408,2016-03-22T21:00:00Z,73
2022484408,2016-03-22T22:00:00Z,62
2022484408,2016-03-22T23:00:00Z,62
2022484408,2016-03-23T00:00:00Z,62
2022484408,2016-03-23T01:00:00Z,62
2022484408,2016-03-23T02:00:00Z,62
2022484408,2016-03-23T03:00:00Z,62
2022484408,2016-03-23T04:00:00Z,62
2022484408,2016-03-23T05:00:00Z,62
2022484408,2016-03-23T06:00:00Z,62
2022484408,2016-03-23T07:00:00Z,62
2022484408,2016-03-23T08:00:00Z,101
2022484408,2016-03-23T09:00:00Z,477
2022484408,2016-03-23T10:00:00Z,136
2022484408,2016-03-23T11:00:00Z,118
2022484408,2016-03-23T12:00:00Z,72
2022484408,2016-03-23T13:00:00Z,79
2022484408,2016-03-23T14:00:00Z,205
2022484408,2016-03-23T15:00:00Z,83
2022484408,2016-03-23T16:00:00Z,123
2022484408,2016-03-23T17:00:00Z,93
2022484408,2016-03-23T18:00:00Z,326
2022484408,2016-03-23T19:00:00Z,82
2022484408,2016-03-23T20:00:00Z,80
2022484408,2016-03-23T21:00:00Z,62
2022484408,2016-03-23T22:00:00Z,62
2022484408,2016-03-23T23:00:00Z,62
2022484408,2016-03-24T00:00:00Z,62
2022484408,2016-03-24T01:00:00Z,62
2022484408,2016-03-24T02:00:00Z,62
2022484408,2016-03-24T03:00:00Z,62
2022484408,2016-03-24T04:00:00Z,62
2022484408,2016-03-24T05:00:00Z,62
2022484408,2016-03-24T06:00:00Z,62
2022484408,2016-03-24T07:00:00Z,62
2022484408,2016-03-24T08:00:00Z,104
2022484408,2016-03-24T09:00:00Z,308
2022484408,2016-03-24T10:00:00Z,237
2022484408,2016-03-24T11:00:00Z,117
2022484408,2016-03-24T12:00:00Z,237
2022484408,2016-03-24T13:00:00Z,159
2022484408,2016-03-24T14:00:00Z,120
2022484408,2016-03-24T15:00:00Z,91
2022484408,2016-03-24T16:00:00Z,159
2022484408,2016-03-24T17:00:00Z,207
2022484408,2016-03-24T18:00:00Z,478
2022484408,2016-03-24T19:00:00Z,127
2022484408,2016-03-24T20:00:00Z,110
2022484408,2016-03-24T21:00:00Z,65
2022484408,2016-03-24T22:00:00Z,62
2022484408,2016-03-24T23:00:00Z,62
2022484408,2016-03-25T00:00:00Z,62
2022484408,2016-03-25T01:00:00Z,62
2022484408,2016-03-25T02:00:00Z,62
2022484408,2016-03-25T03:00:00Z,62
2022484408,2016-03-25T04:00:00Z,62
2022484408,2016-03-25T05:00:00Z,62
2022484408,2016-03-25T06:00:00Z,65
2022484408,2016-03-25T07:00:00Z,80
2022484408,2016-03-25T08:00:00Z,91
2022484408,2016-03-25T09:00:00Z,511
2022484408,2016-03-25T10:00:00Z,191
2022484408,2016-03-25T11:00:00Z,85
2022484408,2016-03-25T12:00:00Z,72
2022484408,2016-03-25T13:00:00Z,127
2022484408,2016-03-25T14:00:00Z,117
2022484408,2016-03-25T15:00:00Z,100
2022484408,2016-03-25T16:00:00Z,106
2022484408,2016-03-25T17:00:00Z,262
2022484408,2016-03-25T18:00:00Z,265
2022484408,2016-03-25T19:00:00Z,71
2022484408,2016-03-25T20:00:00Z,81
2022484408,2016-03-25T21:00:00Z,62
2022484408,2016-03-25T22:00:00Z,62
2022484408,2016-03-25T23:00:00Z,62
2022484408,2016-03-26T00:00:00Z,62
2022484408,2016-03-26T01:00:00Z,62
2022484408,2016-03-26T02:00:00Z,62
2022484408,2016-03-26T03:00:00Z,62
2022484408,2016-03-26T04:00:00Z,62
2022484408,2016-03-26T05:00:00Z,62
2022484408,2016-03-26T06:00:00Z,62
2022484408,2016-03-26T07:00:00Z,71
2022484408,2016-03-26T08:00:00Z,147
2022484408,2016-03-26T09:00:00Z,458
2022484408,2016-03-26T10:00:00Z,150
2022484408,2016-03-26T11:00:00Z,110
2022484408,2016-03-26T12:00:00Z,138
2022484408,2016-03-26T13:00:00Z,95
2022484408,2016-03-26T14:00:00Z,72
2022484408,2016-03-26T15:00:00Z,172
2022484408,2016-03-26T16:00:00Z,118
2022484408,2016-03-26T17:00:00Z,113
2022484408,2016-03-26T18:00:00Z,100
2022484408,2016-03-26T19:00:00Z,170
2022484408,2016-03-26T20:00:00Z,79
2022484408,2016-03-26T21:00:00Z,62
2022484408,2016-03-26T22:00:00Z,62
2022484408,2016-03-26T23:00:00Z,62
2022484408,2016-03-27T00:00:00Z,62
2022484408,2016-03-27T01:00:00Z,62
2022484408,2016-03-27T02:00:00Z,62
2022484408,2016-03-27T03:00:00Z,62
2022484408,2016-03-27T04:00:00Z,62
2022484408,2016-03-27T05:00:00Z,62
2022484408,2016-03-27T06:00:00Z,62
2022484408,2016-03-27T07:00:00Z,62
2022484408,2016-03-27T08:00:00Z,110
2022484408,2016-03-27T09:00:00Z,138
2022484408,2016-03-27T10:00:00Z,114
2022484408,2016-03-27T11:00:00Z,111
2022484408,2016-03-27T12:00:00Z,117
2022484408,2016-03-27T13:00:00Z,79
2022484408,2016-03-27T14:00:00Z,116
2022484408,2016-03-27T15:00:00Z,193
2022484408,2016-03-27T16:00:00Z,161
2022484408,2016-03-27T17:00:00Z,190
2022484408,2016-03-27T18:00:00Z,79
2022484408,2016-03-27T19:00:00Z,141
2022484408,2016-03-27T20:00:00Z,107
2022484408,2016-03-27T21:00:00Z,62
2022484408,2016-03-27T22:00:00Z,62
2022484408,2016-03-27T23:00:00Z,62
2022484408,2016-03-28T00:00:00Z,62
2022484408,2016-03-28T01:00:00Z,62
2022484408,2016-03-28T02:00:00Z,62
2022484408,2016-03-28T03:00:00Z,62
2022484408,2016-03-28T04:00:00Z,62
2022484408,2016-03-28T05:00:00Z,62
2022484408,2016-03-28T06:00:00Z,62
2022484408,2016-03-28T07:00:00Z,64
2022484408,2016-03-28T08:00:00Z,62
2022484408,2016-03-28T09:00:00Z,62
2022484408,2016-03-28T10:00:00Z,68
2022484408,2016-03-28T11:00:00Z,157
2022484408,2016-03-28T12:00:00Z,115
2022484408,2016-03-28T13:00:00Z,84
2022484408,2016-03-28T14:00:00Z,203
2022484408,2016-03-28T15:00:00Z,169
2022484408,2016-03-28T16:00:00Z,98
2022484408,2016-03-28T17:00:00Z,116
2022484408,2016-03-28T18:00:00Z,87
2022484408,2016-03-28T19:00:00Z,180
2022484408,2016-03-28T20:00:00Z,132
2022484408,2016-03-28T21:00:00Z,64
2022484408,2016-03-28T22:00:00Z,62
2022484408,2016-03-28T23:00:00Z,62
2022484408,2016-03-29T00:00:00Z,62
2022484408,2016-03-29T01:00:00Z,62
2022484408,2016-03-29T02:00:00Z,62
2022484408,2016-03-29T03:00:00Z,62
2022484408,2016-03-29T04:00:00Z,62
2022484408,2016-03-29T05:00:00Z,62
2022484408,2016-03-29T06:00:00Z,62
2022484408,2016-03-29T07:00:00Z,62
2022484408,2016-03-29T08:00:00Z,78
2022484408,2016-03-29T09:00:00Z,391
2022484408,2016-03-29T10:00:00Z,538
2022484408,2016-03-29T11:00:00Z,259
2022484408,2016-03-29T12:00:00Z,148
2022484408,2016-03-29T13:00:00Z,141
2022484408,2016-03-29T14:00:00Z,182
2022484408,2016-03-29T15:00:00Z,134
2022484408,2016-03-29T16:00:00Z,111
2022484408,2016-03-29T17:00:00Z,122
2022484408,2016-03-29T18:00:00Z,130
2022484408,2016-03-29T19:00:00Z,122
2022484408,2016-03-29T20:00:00Z,73
2022484408,2016-03-29T21:00:00Z,62
2022484408,2016-03-29T22:00:00Z,62
2022484408,2016-03-29T23:00:00Z,62
2022484408,2016-03-30T00:00:00Z,62
2022484408,2016-03-30T01:00:00Z,62
2022484408,2016-03-30T02:00:00Z,62
2022484408,2016-03-30T03:00:00Z,62
2022484408,2016-03-30T04:00:00Z,62
2022484408,2016-03-30T05:00:00Z,62
2022484408,2016-03-30T06:00:00Z,62
2022484408,2016-03-30T07:00:00Z,121
2022484408,2016-03-30T08:00:00Z,167
2022484408,2016-03-30T09:00:00Z,454
2022484408,2016-03-30T10:00:00Z,89
2022484408,2016-03-30T11:00:00Z,128
2022484408,2016-03-30T12:00:00Z,104
2022484408,2016-03-30T13:00:00Z,127
2022484408,2016-03-30T14:00:00Z,228
2022484408,2016-03-30T15:00:00Z,151
2022484408,2016-03-30T16:00:00Z,126
2022484408,2016-03-30T17:00:00Z,169
2022484408,2016-03-30T18:00:00Z,163
2022484408,2016-03-30T19:00:00Z,141
2022484408,2016-03-30T20:00:00Z,81
2022484408,2016-03-30T21:00:00Z,62
2022484408,2016-03-30T22:00:00Z,62
2022484408,2016-03-30T23:00:00Z,62
2022484408,2016-03-31T00:00:00Z,62
2022484408,2016-03-31T01:00:00Z,62
2022484408,2016-03-31T02:00:00Z,62
2022484408,2016-03-31T03:00:00Z,62
2022484408,2016-03-31T04:00:00Z,62
2022484408,2016-03-31T05:00:00Z,62
2022484408,2016-03-31T06:00:00Z,62
2022484408,2016-03-31T07:00:00Z,121
2022484408,2016-03-31T08:00:00Z,174
2022484408,2016-03-31T09:00:00Z,406
2022484408,2016-03-31T10:00:00Z,428
2022484408,2016-03-31T11:00:00Z,223
2022484408,2016-03-31T12:00:00Z,94
2022484408,2016-03-31T13:00:00Z,117
2022484408,2016-03-31T14:00:00Z,210
2022484408,2016-03-31T15:00:00Z,96
2022484408,2016-03-31T16:00:00Z,116
2022484408,2016-03-31T17:00:00Z,123
2022484408,2016-03-31T18:00:00Z,152
2022484408,2016-03-31T19:00:00Z,93
2022484408,2016-03-31T20:00:00Z,93
2022484408,2016-03-31T21:00:00Z,62
2022484408,2016-03-31T22:00:00Z,62
2022484408,2016-03-31T23:00:00Z,62
2022484408,2016-04-01T00:00:00Z,62
2022484408,2016-04-01T01:00:00Z,62
2022484408,2016-04-01T02:00:00Z,62
2022484408,2016-04-01T03:00:00Z,62
2022484408,2016-04-01T04:00:00Z,62
2022484408,2016-04-01T05:00:00Z,62
2022484408,2016-04-01T06:00:00Z,62
2022484408,2016-04-01T07:00:00Z,78
2022484408,2016-04-01T08:00:00Z,115
2022484408,2016-04-01T09:00:00Z,427
2022484408,2016-04-01T10:00:00Z,248
2022484408,2016-04-01T11:00:00Z,62
2022484408,2016-04-01T12:00:00Z,62
2022484408,2016-04-01T13:00:00Z,62
2022484408,2016-04-01T14:00:00Z,137
2022484408,2016-04-01T15:00:00Z,107
2022484408,2016-04-01T16:00:00Z,180
2022484408,2016-04-01T17:00:00Z,191
2022484408,2016-04-01T18:00:00Z,139
2022484408,2016-04-01T19:00:00Z,118
2022484408,2016-04-01T20:00:00Z,96
2022484408,2016-04-01T21:00:00Z,62
2022484408,2016-04-01T22:00:00Z,62
2022484408,2016-04-01T23:00:00Z,62
2022484408,2016-04-02T00:00:00Z,62
2022484408,2016-04-02T01:00:00Z,62
2022484408,2016-04-02T02:00:00Z,62
2022484408,2016-04-02T03:00:00Z,62
2022484408,2016-04-02T04:00:00Z,62
2022484408,2016-04-02T05:00:00Z,62
2022484408,2016-04-02T06:00:00Z,62
2022484408,2016-04-02T07:00:00Z,62
2022484408,2016-04-02T08:00:00Z,62
2022484408,2016-04-02T09:00:00Z,67
2022484408,2016-04-02T10:00:00Z,77
2022484408,2016-04-02T11:00:00Z,89
2022484408,2016-04-02T12:00:00Z,153
2022484408,2016-04-02T13:00:00Z,121
2022484408,2016-04-02T14:00:00Z,111
2022484408,2016-04-02T15:00:00Z,141
2022484408,2016-04-02T16:00:00Z,114
2022484408,2016-04-02T17:00:00Z,80
2022484408,2016-04-02T18:00:00Z,149
2022484408,2016-04-02T19:00:00Z,110
2022484408,2016-04-02T20:00:00Z,82
2022484408,2016-04-02T21:00:00Z,62
2022484408,2016-04-02T22:00:00Z,62
2022484408,2016-04-02T23:00:00Z,62
2022484408,2016-04-03T00:00:00Z,62
2022484408,2016-04-03T01:00:00Z,62
2022484408,2016-04-03T02:00:00Z,62
2022484408,2016-04-03T03:00:00Z,62
2022484408,2016-04-03T04:00:00Z,62
2022484408,2016-04-03T05:00:00Z,62
2022484408,2016-04-03T06:00:00Z,62
2022484408,2016-04-03T07:00:00Z,62
2022484408,2016-04-03T08:00:00Z,205
2022484408,2016-04-03T09:00:00Z,176
2022484408,2016-04-03T10:00:00Z,138
2022484408,2016-04-03T11:00:00Z,112
2022484408,2016-04-03T12:00:00Z,95
2022484408,2016-04-03T13:00:00Z,73
2022484408,2016-04-03T14:00:00Z,103
2022484408,2016-04-03T15:00:00Z,166
2022484408,2016-04-03T16:00:00Z,110
2022484408,2016-04-03T17:00:00Z,166
2022484408,2016-04-03T18:00:00Z,91
2022484408,2016-04-03T19:00:00Z,194
2022484408,2016-04-03T20:00:00Z,82
2022484408,2016-04-03T21:00:00Z,62
2022484408,2016-04-03T22:00:00Z,62
2022484408,2016-04-03T23:00:00Z,62
2022484408,2016-04-04T00:00:00Z,62
2022484408,2016-04-04T01:00:00Z,62
2022484408,2016-04-04T02:00:00Z,62
2022484408,2016-04-04T03:00:00Z,62
2022484408,2016-04-04T04:00:00Z,62
2022484408,2016-04-04T05:00:00Z,62
2022484408,2016-04-04T06:00:00Z,62
2022484408,2016-04-04T07:00:00Z,62
2022484408,2016-04-04T08:00:00Z,62
2022484408,2016-04-04T09:00:00Z,100
2022484408,2016-04-04T10:00:00Z,155
2022484408,2016-04-04T11:00:00Z,347
2022484408,2016-04-04T12:00:00Z,105
2022484408,2016-04-04T13:00:00Z,119
2022484408,2016-04-04T14:00:00Z,91
2022484408,2016-04-04T15:00:00Z,120
2022484408,2016-04-04T16:00:00Z,298
2022484408,2016-04-04T17:00:00Z,187
2022484408,2016-04-04T18:00:00Z,117
2022484408,2016-04-04T19:00:00Z,127
2022484408,2016-04-04T20:00:00Z,68
2022484408,2016-04-04T21:00:00Z,62
2022484408,2016-04-04T22:00:00Z,62
2022484408,2016-04-04T23:00:00Z,62
2022484408,2016-04-05T00:00:00Z,62
2022484408,2016-04-05T01:00:00Z,62
2022484408,2016-04-05T02:00:00Z,62
2022484408,2016-04-05T03:00:00Z,62
2022484408,2016-04-05T04:00:00Z,62
2022484408,2016-04-05T05:00:00Z,62
2022484408,2016-04-05T06:00:00Z,62
2022484408,2016-04-05T07:00:00Z,93
2022484408,2016-04-05T08:00:00Z,142
2022484408,2016-04-05T09:00:00Z,143
2022484408,2016-04-05T10:00:00Z,329
2022484408,2016-04-05T11:00:00Z,230
2022484408,2016-04-05T12:00:00Z,86
2022484408,2016-04-05T13:00:00Z,81
2022484408,2016-04-05T14:00:00Z,248
2022484408,2016-04-05T15:00:00Z,129
2022484408,2016-04-05T16:00:00Z,181
2022484408,2016-04-05T17:00:00Z,115
2022484408,2016-04-05T18:00:00Z,149
2022484408,2016-04-05T19:00:00Z,112
2022484408,2016-04-05T20:00:00Z,76
2022484408,2016-04-05T21:00:00Z,62
2022484408,2016-04-05T22:00:00Z,62
2022484408,2016-04-05T23:00:00Z,62
2022484408,2016-04-06T00:00:00Z,62
2022484408,2016-04-06T01:00:00Z,62
2022484408,2016-04-06T02:00:00Z,62
2022484408,2016-04-06T03:00:00Z,62
2022484408,2016-04-06T04:00:00Z,62
2022484408,2016-04-06T05:00:00Z,62
2022484408,2016-04-06T06:00:00Z,62
2022484408,2016-04-06T07:00:00Z,62
2022484408,2016-04-06T08:00:00Z,89
2022484408,2016-04-06T09:00:00Z,424
2022484408,2016-04-06T10:00:00Z,116
2022484408,2016-04-06T11:00:00Z,102
2022484408,2016-04-06T12:00:00Z,169
2022484408,2016-04-06T13:00:00Z,130
2022484408,2016-04-06T14:00:00Z,181
2022484408,2016-04-06T15:00:00Z,138
2022484408,2016-04-06T16:00:00Z,113
2022484408,2016-04-06T17:00:00Z,145
2022484408,2016-04-06T18:00:00Z,223
2022484408,2016-04-06T19:00:00Z,133
2022484408,2016-04-06T20:00:00Z,82
2022484408,2016-04-06T21:00:00Z,66
2022484408,2016-04-06T22:00:00Z,62
2022484408,2016-04-06T23:00:00Z,62
2022484408,2016-04-07T00:00:00Z,62
2022484408,2016-04-07T01:00:00Z,62
2022484408,2016-04-07T02:00:00Z,62
2022484408,2016-04-07T03:00:00Z,62
2022484408,2016-04-07T04:00:00Z,62
2022484408,2016-04-07T05:00:00Z,62
2022484408,2016-04-07T06:00:00Z,62
2022484408,2016-04-07T07:00:00Z,62
2022484408,2016-04-07T08:00:00Z,80
2022484408,2016-04-07T09:00:00Z,375
2022484408,2016-04-07T10:00:00Z,350
2022484408,2016-04-07T11:00:00Z,222
2022484408,2016-04-07T12:00:00Z,161
2022484408,2016-04-07T13:00:00Z,150
2022484408,2016-04-07T14:00:00Z,258
2022484408,2016-04-07T15:00:00Z,129
2022484408,2016-04-07T16:00:00Z,126
2022484408,2016-04-07T17:00:00Z,147
2022484408,2016-04-07T18:00:00Z,109
2022484408,2016-04-07T19:00:00Z,97
2022484408,2016-04-07T20:00:00Z,133
2022484408,2016-04-07T21:00:00Z,62
2022484408,2016-04-07T22:00:00Z,62
2022484408,2016-04-07T23:00:00Z,62
2022484408,2016-04-08T00:00:00Z,62
2022484408,2016-04-08T01:00:00Z,62
2022484408,2016-04-08T02:00:00Z,62
2022484408,2016-04-08T03:00:00Z,62
2022484408,2016-04-08T04:00:00Z,62
2022484408,2016-04-08T05:00:00Z,62
2022484408,2016-04-08T06:00:00Z,72
2022484408,2016-04-08T07:00:00Z,144
2022484408,2016-04-08T08:00:00Z,170
2022484408,2016-04-08T09:00:00Z,384
2022484408,2016-04-08T10:00:00Z,107
2022484408,2016-04-08T11:00:00Z,112
2022484408,2016-04-08T12:00:00Z,168
2022484408,2016-04-08T13:00:00Z,96
2022484408,2016-04-08T14:00:00Z,107
2022484408,2016-04-08T15:00:00Z,128
2022484408,2016-04-08T16:00:00Z,109
2022484408,2016-04-08T17:00:00Z,123
2022484408,2016-04-08T18:00:00Z,101
2022484408,2016-04-08T19:00:00Z,117
2022484408,2016-04-08T20:00:00Z,79
2022484408,2016-04-08T21:00:00Z,62
2022484408,2016-04-08T22:00:00Z,62
2022484408,2016-04-08T23:00:00Z,62
2022484408,2016-04-09T00:00:00Z,62
2022484408,2016-04-09T01:00:00Z,62
2022484408,2016-04-09T02:00:00Z,62
2022484408,2016-04-09T03:00:00Z,62
2022484408,2016-04-09T04:00:00Z,62
2022484408,2016-04-09T05:00:00Z,125
2022484408,2016-04-09T06:00:00Z,136
2022484408,2016-04-09T07:00:00Z,411
2022484408,2016-04-09T08:00:00Z,234
2022484408,2016-04-09T09:00:00Z,167
2022484408,2016-04-09T10:00:00Z,175
2022484408,2016-04-09T11:00:00Z,121
2022484408,2016-04-09T12:00:00Z,87
2022484408,2016-04-09T13:00:00Z,114
2022484408,2016-04-09T14:00:00Z,87
2022484408,2016-04-09T15:00:00Z,99
2022484408,2016-04-09T16:00:00Z,172
2022484408,2016-04-09T17:00:00Z,118
2022484408,2016-04-09T18:00:00Z,99
2022484408,2016-04-09T19:00:00Z,107
2022484408,2016-04-09T20:00:00Z,62
2022484408,2016-04-09T21:00:00Z,62
2022484408,2016-04-09T22:00:00Z,62
2022484408,2016-04-09T23:00:00Z,62
2022484408,2016-04-10T00:00:00Z,62
2022484408,2016-04-10T01:00:00Z,62
2022484408,2016-04-10T02:00:00Z,62
2022484408,2016-04-10T03:00:00Z,62
2022484408,2016-04-10T04:00:00Z,62
2022484408,2016-04-10T05:00:00Z,62
2022484408,2016-04-10T06:00:00Z,62
2022484408,2016-04-10T07:00:00Z,68
2022484408,2016-04-10T08:00:00Z,160
2022484408,2016-04-10T09:00:00Z,200
2022484408,2016-04-10T10:00:00Z,167
2022484408,2016-04-10T11:00:00Z,182
2022484408,2016-04-10T12:00:00Z,139
2022484408,2016-04-10T13:00:00Z,132
2022484408,2016-04-10T14:00:00Z,128
2022484408,2016-04-10T15:00:00Z,96
2022484408,2016-04-10T16:00:00Z,166
2022484408,2016-04-10T17:00:00Z,94
2022484408,2016-04-10T18:00:00Z,83
2022484408,2016-04-10T19:00:00Z,155
2022484408,2016-04-10T20:00:00Z,66
2022484408,2016-04-10T21:00:00Z,62
2022484408,2016-04-10T22:00:00Z,62
2022484408,2016-04-10T23:00:00Z,62
2022484408,2016-04-11T00:00:00Z,62
2022484408,2016-04-11T01:00:00Z,62
2022484408,2016-04-11T02:00:00Z,62
2022484408,2016-04-11T03:00:00Z,62
2022484408,2016-04-11T04:00:00Z,62
2022484408,2016-04-11T05:00:00Z,62
2022484408,2016-04-11T06:00:00Z,62
2022484408,2016-04-11T07:00:00Z,62
2022484408,2016-04-11T08:00:00Z,144
2022484408,2016-04-11T09:00:00Z,400
2022484408,2016-04-11T10:00:00Z,128
2022484408,2016-04-11T11:00:00Z,127
2022484408,2016-04-11T12:00:00Z,151
2022484408,2016-04-11T13:00:00Z,118
2022484408,2016-04-11T14:00:00Z,183
2022484408,2016-04-11T15:00:00Z,118
2022484408,2016-04-11T16:00:00Z,125
2022484408,2016-04-11T17:00:00Z,141
2022484408,2016-04-11T18:00:00Z,98
2022484408,2016-04-11T19:00:00Z,74
2022484408,2016-04-11T20:00:00Z,76
2022484408,2016-04-11T21:00:00Z,62
2022484408,2016-04-11T22:00:00Z,62
2022484408,2016-04-11T23:00:00Z,62
2022484408,2016-04-12T00:00:00Z,62
2022484408,2016-04-12T01:00:00Z,62
2022484408,2016-04-12T02:00:00Z,62
2022484408,2016-04-12T03:00:00Z,62
2022484408,2016-04-12T04:00:00Z,62
2022484408,2016-04-12T05:00:00Z,62
2022484408,2016-04-12T06:00:00Z,62
2022484408,2016-04-12T07:00:00Z,136
2022484408,2016-04-12T08:00:00Z,99
2022484408,2016-04-12T09:00:00Z,90
2022484408,2016-04-12T10:00:00Z,369
2026352035,2016-03-12T00:00:00Z,48
2026352035,2016-03-12T01:00:00Z,47
2026352035,2016-03-12T02:00:00Z,48
2026352035,2016-03-12T03:00:00Z,47
2026352035,2016-03-12T04:00:00Z,47
2026352035,2016-03-12T05:00:00Z,47
2026352035,2016-03-12T06:00:00Z,71
2026352035,2016-03-12T07:00:00Z,61
2026352035,2016-03-12T08:00:00Z,61
2026352035,2016-03-12T09:00:00Z,60
2026352035,2016-03-12T10:00:00Z,71
2026352035,2016-03-12T11:00:00Z,94
2026352035,2016-03-12T12:00:00Z,74
2026352035,2016-03-12T13:00:00Z,106
2026352035,2016-03-12T14:00:00Z,89
2026352035,2016-03-12T15:00:00Z,103
2026352035,2016-03-12T16:00:00Z,114
2026352035,2016-03-12T17:00:00Z,105
2026352035,2016-03-12T18:00:00Z,98
2026352035,2016-03-12T19:00:00Z,68
2026352035,2016-03-12T20:00:00Z,67
2026352035,2016-03-12T21:00:00Z,57
2026352035,2016-03-12T22:00:00Z,48
2026352035,2016-03-12T23:00:00Z,47
2026352035,2016-03-13T00:00:00Z,47
2026352035,2016-03-13T01:00:00Z,48
2026352035,2016-03-13T02:00:00Z,47
2026352035,2016-03-13T03:00:00Z,47
2026352035,2016-03-13T04:00:00Z,47
2026352035,2016-03-13T05:00:00Z,48
2026352035,2016-03-13T06:00:00Z,47
2026352035,2016-03-13T07:00:00Z,60
2026352035,2016-03-13T08:00:00Z,72
2026352035,2016-03-13T09:00:00Z,55
2026352035,2016-03-13T10:00:00Z,125
2026352035,2016-03-13T11:00:00Z,122
2026352035,2016-03-13T12:00:00Z,130
2026352035,2016-03-13T13:00:00Z,100
2026352035,2016-03-13T14:00:00Z,60
2026352035,2016-03-13T15:00:00Z,119
2026352035,2016-03-13T16:00:00Z,79
2026352035,2016-03-13T17:00:00Z,91
2026352035,2016-03-13T18:00:00Z,72
2026352035,2016-03-13T19:00:00Z,74
2026352035,2016-03-13T20:00:00Z,60
2026352035,2016-03-13T21:00:00Z,47
2026352035,2016-03-13T22:00:00Z,50
2026352035,2016-03-13T23:00:00Z,47
2026352035,2016-03-14T00:00:00Z,47
2026352035,2016-03-14T01:00:00Z,47
2026352035,2016-03-14T02:00:00Z,47
2026352035,2016-03-14T03:00:00Z,47
2026352035,2016-03-14T04:00:00Z,47
2026352035,2016-03-14T05:00:00Z,64
2026352035,2016-03-14T06:00:00Z,99
2026352035,2016-03-14T07:00:00Z,109
2026352035,2016-03-14T08:00:00Z,122
2026352035,2016-03-14T09:00:00Z,128
2026352035,2016-03-14T10:00:00Z,116
2026352035,2016-03-14T11:00:00Z,125
2026352035,2016-03-14T12:00:00Z,90
2026352035,2016-03-14T13:00:00Z,80
2026352035,2016-03-14T14:00:00Z,103
2026352035,2016-03-14T15:00:00Z,89
2026352035,2016-03-14T16:00:00Z,53
2026352035,2016-03-14T17:00:00Z,60
2026352035,2016-03-14T18:00:00Z,68
2026352035,2016-03-14T19:00:00Z,56
2026352035,2016-03-14T20:00:00Z,63
2026352035,2016-03-14T21:00:00Z,51
2026352035,2016-03-14T22:00:00Z,50
2026352035,2016-03-14T23:00:00Z,47
2026352035,2016-03-15T00:00:00Z,50
2026352035,2016-03-15T01:00:00Z,47
2026352035,2016-03-15T02:00:00Z,47
2026352035,2016-03-15T03:00:00Z,47
2026352035,2016-03-15T04:00:00Z,47
2026352035,2016-03-15T05:00:00Z,89
2026352035,2016-03-15T06:00:00Z,64
2026352035,2016-03-15T07:00:00Z,107
2026352035,2016-03-15T08:00:00Z,133
2026352035,2016-03-15T09:00:00Z,123
2026352035,2016-03-15T10:00:00Z,140
2026352035,2016-03-15T11:00:00Z,124
2026352035,2016-03-15T12:00:00Z,83
2026352035,2016-03-15T13:00:00Z,74
2026352035,2016-03-15T14:00:00Z,101
2026352035,2016-03-15T15:00:00Z,61
2026352035,2016-03-15T16:00:00Z,59
2026352035,2016-03-15T17:00:00Z,63
2026352035,2016-03-15T18:00:00Z,64
2026352035,2016-03-15T19:00:00Z,77
2026352035,2016-03-15T20:00:00Z,58
2026352035,2016-03-15T21:00:00Z,48
2026352035,2016-03-15T22:00:00Z,48
2026352035,2016-03-15T23:00:00Z,47
2026352035,2016-03-16T00:00:00Z,47
2026352035,2016-03-16T01:00:00Z,47
2026352035,2016-03-16T02:00:00Z,47
2026352035,2016-03-16T03:00:00Z,47
2026352035,2016-03-16T04:00:00Z,47
2026352035,2016-03-16T05:00:00Z,47
2026352035,2016-03-16T06:00:00Z,47
2026352035,2016-03-16T07:00:00Z,95
2026352035,2016-03-16T08:00:00Z,131
2026352035,2016-03-16T09:00:00Z,120
2026352035,2016-03-16T10:00:00Z,106
2026352035,2016-03-16T11:00:00Z,58
2026352035,2016-03-16T12:00:00Z,64
2026352035,2016-03-16T13:00:00Z,69
2026352035,2016-03-16T14:00:00Z,98
2026352035,2016-03-16T15:00:00Z,66
2026352035,2016-03-16T16:00:00Z,115
2026352035,2016-03-16T17:00:00Z,110
2026352035,2016-03-16T18:00:00Z,87
2026352035,2016-03-16T19:00:00Z,53
2026352035,2016-03-16T20:00:00Z,143
2026352035,2016-03-16T21:00:00Z,61
2026352035,2016-03-16T22:00:00Z,49
2026352035,2016-03-16T23:00:00Z,48
2026352035,2016-03-17T00:00:00Z,47
2026352035,2016-03-17T01:00:00Z,48
2026352035,2016-03-17T02:00:00Z,47
2026352035,2016-03-17T03:00:00Z,47
2026352035,2016-03-17T04:00:00Z,47
2026352035,2016-03-17T05:00:00Z,74
2026352035,2016-03-17T06:00:00Z,79
2026352035,2016-03-17T07:00:00Z,121
2026352035,2016-03-17T08:00:00Z,106
2026352035,2016-03-17T09:00:00Z,105
2026352035,2016-03-17T10:00:00Z,108
2026352035,2016-03-17T11:00:00Z,56
2026352035,2016-03-17T12:00:00Z,81
2026352035,2016-03-17T13:00:00Z,58
2026352035,2016-03-17T14:00:00Z,59
2026352035,2016-03-17T15:00:00Z,67
2026352035,2016-03-17T16:00:00Z,53
2026352035,2016-03-17T17:00:00Z,75
2026352035,2016-03-17T18:00:00Z,55
2026352035,2016-03-17T19:00:00Z,58
2026352035,2016-03-17T20:00:00Z,65
2026352035,2016-03-17T21:00:00Z,65
2026352035,2016-03-17T22:00:00Z,52
2026352035,2016-03-17T23:00:00Z,50
2026352035,2016-03-18T00:00:00Z,47
2026352035,2016-03-18T01:00:00Z,47
2026352035,2016-03-18T02:00:00Z,48
2026352035,2016-03-18T03:00:00Z,47
2026352035,2016-03-18T04:00:00Z,47
2026352035,2016-03-18T05:00:00Z,47
2026352035,2016-03-18T06:00:00Z,47
2026352035,2016-03-18T07:00:00Z,79
2026352035,2016-03-18T08:00:00Z,62
2026352035,2016-03-18T09:00:00Z,50
2026352035,2016-03-18T10:00:00Z,47
2026352035,2016-03-18T11:00:00Z,55
2026352035,2016-03-18T12:00:00Z,59
2026352035,2016-03-18T13:00:00Z,58
2026352035,2016-03-18T14:00:00Z,57
2026352035,2016-03-18T15:00:00Z,62
2026352035,2016-03-18T16:00:00Z,52
2026352035,2016-03-18T17:00:00Z,66
2026352035,2016-03-18T18:00:00Z,69
2026352035,2016-03-18T19:00:00Z,58
2026352035,2016-03-18T20:00:00Z,64
2026352035,2016-03-18T21:00:00Z,51
2026352035,2016-03-18T22:00:00Z,52
2026352035,2016-03-18T23:00:00Z,48
2026352035,2016-03-19T00:00:00Z,47
2026352035,2016-03-19T01:00:00Z,47
2026352035,2016-03-19T02:00:00Z,47
2026352035,2016-03-19T03:00:00Z,47
2026352035,2016-03-19T04:00:00Z,48
2026352035,2016-03-19T05:00:00Z,47
2026352035,2016-03-19T06:00:00Z,62
2026352035,2016-03-19T07:00:00Z,75
2026352035,2016-03-19T08:00:00Z,65
2026352035,2016-03-19T09:00:00Z,64
2026352035,2016-03-19T10:00:00Z,63
2026352035,2016-03-19T11:00:00Z,71
2026352035,2016-03-19T12:00:00Z,63
2026352035,2016-03-19T13:00:00Z,72
2026352035,2016-03-19T14:00:00Z,59
2026352035,2016-03-19T15:00:00Z,67
2026352035,2016-03-19T16:00:00Z,56
2026352035,2016-03-19T17:00:00Z,71
2026352035,2016-03-19T18:00:00Z,59
2026352035,2016-03-19T19:00:00Z,72
2026352035,2016-03-19T20:00:00Z,57
2026352035,2016-03-19T21:00:00Z,65
2026352035,2016-03-19T22:00:00Z,52
2026352035,2016-03-19T23:00:00Z,51
2026352035,2016-03-20T00:00:00Z,49
2026352035,2016-03-20T01:00:00Z,49
2026352035,2016-03-20T02:00:00Z,48
2026352035,2016-03-20T03:00:00Z,47
2026352035,2016-03-20T04:00:00Z,47
2026352035,2016-03-20T05:00:00Z,47
2026352035,2016-03-20T06:00:00Z,47
2026352035,2016-03-20T07:00:00Z,74
2026352035,2016-03-20T08:00:00Z,54
2026352035,2016-03-20T09:00:00Z,59
2026352035,2016-03-20T10:00:00Z,79
2026352035,2016-03-20T11:00:00Z,54
2026352035,2016-03-20T12:00:00Z,60
2026352035,2016-03-20T13:00:00Z,105
2026352035,2016-03-20T14:00:00Z,62
2026352035,2016-03-20T15:00:00Z,59
2026352035,2016-03-20T16:00:00Z,57
2026352035,2016-03-20T17:00:00Z,69
2026352035,2016-03-20T18:00:00Z,62
2026352035,2016-03-20T19:00:00Z,60
2026352035,2016-03-20T20:00:00Z,64
2026352035,2016-03-20T21:00:00Z,64
2026352035,2016-03-20T22:00:00Z,52
2026352035,2016-03-20T23:00:00Z,50
2026352035,2016-03-21T00:00:00Z,48
2026352035,2016-03-21T01:00:00Z,47
2026352035,2016-03-21T02:00:00Z,47
2026352035,2016-03-21T03:00:00Z,47
2026352035,2016-03-21T04:00:00Z,47
2026352035,2016-03-21T05:00:00Z,47
2026352035,2016-03-21T06:00:00Z,55
2026352035,2016-03-21T07:00:00Z,71
2026352035,2016-03-21T08:00:00Z,56
2026352035,2016-03-21T09:00:00Z,58
2026352035,2016-03-21T10:00:00Z,66
2026352035,2016-03-21T11:00:00Z,54
2026352035,2016-03-21T12:00:00Z,76
2026352035,2016-03-21T13:00:00Z,69
2026352035,2016-03-21T14:00:00Z,103
2026352035,2016-03-21T15:00:00Z,115
2026352035,2016-03-21T16:00:00Z,56
2026352035,2016-03-21T17:00:00Z,72
2026352035,2016-03-21T18:00:00Z,50
2026352035,2016-03-21T19:00:00Z,63
2026352035,2016-03-21T20:00:00Z,66
2026352035,2016-03-21T21:00:00Z,52
2026352035,2016-03-21T22:00:00Z,48
2026352035,2016-03-21T23:00:00Z,50
2026352035,2016-03-22T00:00:00Z,48
2026352035,2016-03-22T01:00:00Z,47
2026352035,2016-03-22T02:00:00Z,47
2026352035,2016-03-22T03:00:00Z,47
2026352035,2016-03-22T04:00:00Z,47
2026352035,2016-03-22T05:00:00Z,47
2026352035,2016-03-22T06:00:00Z,82
2026352035,2016-03-22T07:00:00Z,94
2026352035,2016-03-22T08:00:00Z,63
2026352035,2016-03-22T09:00:00Z,54
2026352035,2016-03-22T10:00:00Z,50
2026352035,2016-03-22T11:00:00Z,53
2026352035,2016-03-22T12:00:00Z,62
2026352035,2016-03-22T13:00:00Z,55
2026352035,2016-03-22T14:00:00Z,65
2026352035,2016-03-22T15:00:00Z,57
2026352035,2016-03-22T16:00:00Z,56
2026352035,2016-03-22T17:00:00Z,70
2026352035,2016-03-22T18:00:00Z,68
2026352035,2016-03-22T19:00:00Z,69
2026352035,2016-03-22T20:00:00Z,65
2026352035,2016-03-22T21:00:00Z,52
2026352035,2016-03-22T22:00:00Z,47
2026352035,2016-03-22T23:00:00Z,47
2026352035,2016-03-23T00:00:00Z,47
2026352035,2016-03-23T01:00:00Z,47
2026352035,2016-03-23T02:00:00Z,47
2026352035,2016-03-23T03:00:00Z,47
2026352035,2016-03-23T04:00:00Z,47
2026352035,2016-03-23T05:00:00Z,47
2026352035,2016-03-23T06:00:00Z,47
2026352035,2016-03-23T07:00:00Z,71
2026352035,2016-03-23T08:00:00Z,61
2026352035,2016-03-23T09:00:00Z,61
2026352035,2016-03-23T10:00:00Z,57
2026352035,2016-03-23T11:00:00Z,60
2026352035,2016-03-23T12:00:00Z,52
2026352035,2016-03-23T13:00:00Z,63
2026352035,2016-03-23T14:00:00Z,64
2026352035,2016-03-23T15:00:00Z,71
2026352035,2016-03-23T16:00:00Z,100
2026352035,2016-03-23T17:00:00Z,63
2026352035,2016-03-23T18:00:00Z,68
2026352035,2016-03-23T19:00:00Z,55
2026352035,2016-03-23T20:00:00Z,73
2026352035,2016-03-23T21:00:00Z,49
2026352035,2016-03-23T22:00:00Z,49
2026352035,2016-03-23T23:00:00Z,49
2026352035,2016-03-24T00:00:00Z,48
2026352035,2016-03-24T01:00:00Z,48
2026352035,2016-03-24T02:00:00Z,48
2026352035,2016-03-24T03:00:00Z,50
2026352035,2016-03-24T04:00:00Z,47
2026352035,2016-03-24T05:00:00Z,47
2026352035,2016-03-24T06:00:00Z,47
2026352035,2016-03-24T07:00:00Z,67
2026352035,2016-03-24T08:00:00Z,62
2026352035,2016-03-24T09:00:00Z,58
2026352035,2016-03-24T10:00:00Z,55
2026352035,2016-03-24T11:00:00Z,75
2026352035,2016-03-24T12:00:00Z,64
2026352035,2016-03-24T13:00:00Z,54
2026352035,2016-03-24T14:00:00Z,52
2026352035,2016-03-24T15:00:00Z,60
2026352035,2016-03-24T16:00:00Z,52
2026352035,2016-03-24T17:00:00Z,57
2026352035,2016-03-24T18:00:00Z,60
2026352035,2016-03-24T19:00:00Z,58
2026352035,2016-03-24T20:00:00Z,63
2026352035,2016-03-24T21:00:00Z,68
2026352035,2016-03-24T22:00:00Z,48
2026352035,2016-03-24T23:00:00Z,48
2026352035,2016-03-25T00:00:00Z,47
2026352035,2016-03-25T01:00:00Z,47
2026352035,2016-03-25T02:00:00Z,47
2026352035,2016-03-25T03:00:00Z,47
2026352035,2016-03-25T04:00:00Z,47
2026352035,2016-03-25T05:00:00Z,49
2026352035,2016-03-25T06:00:00Z,54
2026352035,2016-03-25T07:00:00Z,63
2026352035,2016-03-25T08:00:00Z,60
2026352035,2016-03-25T09:00:00Z,57
2026352035,2016-03-25T10:00:00Z,57
2026352035,2016-03-25T11:00:00Z,61
2026352035,2016-03-25T12:00:00Z,61
2026352035,2016-03-25T13:00:00Z,64
2026352035,2016-03-25T14:00:00Z,48
2026352035,2016-03-25T15:00:00Z,47
2026352035,2016-03-25T16:00:00Z,76
2026352035,2016-03-25T17:00:00Z,63
2026352035,2016-03-25T18:00:00Z,110
2026352035,2016-03-25T19:00:00Z,63
2026352035,2016-03-25T20:00:00Z,94
2026352035,2016-03-25T21:00:00Z,72
2026352035,2016-03-25T22:00:00Z,50
2026352035,2016-03-25T23:00:00Z,49
2026352035,2016-03-26T00:00:00Z,48
2026352035,2016-03-26T01:00:00Z,47
2026352035,2016-03-26T02:00:00Z,47
2026352035,2016-03-26T03:00:00Z,48
2026352035,2016-03-26T04:00:00Z,47
2026352035,2016-03-26T05:00:00Z,48
2026352035,2016-03-26T06:00:00Z,47
2026352035,2016-03-26T07:00:00Z,67
2026352035,2016-03-26T08:00:00Z,65
2026352035,2016-03-26T09:00:00Z,56
2026352035,2016-03-26T10:00:00Z,51
2026352035,2016-03-26T11:00:00Z,62
2026352035,2016-03-26T12:00:00Z,58
2026352035,2016-03-26T13:00:00Z,53
2026352035,2016-03-26T14:00:00Z,55
2026352035,2016-03-26T15:00:00Z,66
2026352035,2016-03-26T16:00:00Z,59
2026352035,2016-03-26T17:00:00Z,73
2026352035,2016-03-26T18:00:00Z,71
2026352035,2016-03-26T19:00:00Z,74
2026352035,2016-03-26T20:00:00Z,72
2026352035,2016-03-26T21:00:00Z,50
2026352035,2016-03-26T22:00:00Z,49
2026352035,2016-03-26T23:00:00Z,47
2026352035,2016-03-27T00:00:00Z,47
2026352035,2016-03-27T01:00:00Z,47
2026352035,2016-03-27T02:00:00Z,47
2026352035,2016-03-27T03:00:00Z,47
2026352035,2016-03-27T04:00:00Z,47
2026352035,2016-03-27T05:00:00Z,47
2026352035,2016-03-27T06:00:00Z,60
2026352035,2016-03-27T07:00:00Z,77
2026352035,2016-03-27T08:00:00Z,60
2026352035,2016-03-27T09:00:00Z,63
2026352035,2016-03-27T10:00:00Z,60
2026352035,2016-03-27T11:00:00Z,61
2026352035,2016-03-27T12:00:00Z,59
2026352035,2016-03-27T13:00:00Z,60
2026352035,2016-03-27T14:00:00Z,79
2026352035,2016-03-27T15:00:00Z,66
2026352035,2016-03-27T16:00:00Z,57
2026352035,2016-03-27T17:00:00Z,75
2026352035,2016-03-27T18:00:00Z,70
2026352035,2016-03-27T19:00:00Z,77
2026352035,2016-03-27T20:00:00Z,68
2026352035,2016-03-27T21:00:00Z,52
2026352035,2016-03-27T22:00:00Z,52
2026352035,2016-03-27T23:00:00Z,47
2026352035,2016-03-28T00:00:00Z,47
2026352035,2016-03-28T01:00:00Z,47
2026352035,2016-03-28T02:00:00Z,47
2026352035,2016-03-28T03:00:00Z,47
2026352035,2016-03-28T04:00:00Z,47
2026352035,2016-03-28T05:00:00Z,47
2026352035,2016-03-28T06:00:00Z,67
2026352035,2016-03-28T07:00:00Z,60
2026352035,2016-03-28T08:00:00Z,59
2026352035,2016-03-28T09:00:00Z,60
2026352035,2016-03-28T10:00:00Z,55
2026352035,2016-03-28T11:00:00Z,64
2026352035,2016-03-28T12:00:00Z,58
2026352035,2016-03-28T13:00:00Z,65
2026352035,2016-03-28T14:00:00Z,68
2026352035,2016-03-28T15:00:00Z,99
2026352035,2016-03-28T16:00:00Z,64
2026352035,2016-03-28T17:00:00Z,66
2026352035,2016-03-28T18:00:00Z,71
2026352035,2016-03-28T19:00:00Z,61
2026352035,2016-03-28T20:00:00Z,68
2026352035,2016-03-28T21:00:00Z,60
2026352035,2016-03-28T22:00:00Z,49
2026352035,2016-03-28T23:00:00Z,49
2026352035,2016-03-29T00:00:00Z,47
2026352035,2016-03-29T01:00:00Z,47
2026352035,2016-03-29T02:00:00Z,47
2026352035,2016-03-29T03:00:00Z,47
2026352035,2016-03-29T04:00:00Z,48
2026352035,2016-03-29T05:00:00Z,47
2026352035,2016-03-29T06:00:00Z,72
2026352035,2016-03-29T07:00:00Z,58
2026352035,2016-03-29T08:00:00Z,91
2026352035,2016-03-29T09:00:00Z,57
2026352035,2016-03-29T10:00:00Z,60
2026352035,2016-03-29T11:00:00Z,56
2026352035,2016-03-29T12:00:00Z,56
2026352035,2016-03-29T13:00:00Z,53
2026352035,2016-03-29T14:00:00Z,59
2026352035,2016-03-29T15:00:00Z,59
2026352035,2016-03-29T16:00:00Z,54
2026352035,2016-03-29T17:00:00Z,65
2026352035,2016-03-29T18:00:00Z,66
2026352035,2016-03-29T19:00:00Z,63
2026352035,2016-03-29T20:00:00Z,66
2026352035,2016-03-29T21:00:00Z,57
2026352035,2016-03-29T22:00:00Z,52
2026352035,2016-03-29T23:00:00Z,47
2026352035,2016-03-30T00:00:00Z,47
2026352035,2016-03-30T01:00:00Z,47
2026352035,2016-03-30T02:00:00Z,47
2026352035,2016-03-30T03:00:00Z,47
2026352035,2016-03-30T04:00:00Z,47
2026352035,2016-03-30T05:00:00Z,47
2026352035,2016-03-30T06:00:00Z,62
2026352035,2016-03-30T07:00:00Z,69
2026352035,2016-03-30T08:00:00Z,60
2026352035,2016-03-30T09:00:00Z,58
2026352035,2016-03-30T10:00:00Z,58
2026352035,2016-03-30T11:00:00Z,60
2026352035,2016-03-30T12:00:00Z,62
2026352035,2016-03-30T13:00:00Z,63
2026352035,2016-03-30T14:00:00Z,55
2026352035,2016-03-30T15:00:00Z,66
2026352035,2016-03-30T16:00:00Z,68
2026352035,2016-03-30T17:00:00Z,52
2026352035,2016-03-30T18:00:00Z,71
2026352035,2016-03-30T19:00:00Z,65
2026352035,2016-03-30T20:00:00Z,77
2026352035,2016-03-30T21:00:00Z,63
2026352035,2016-03-30T22:00:00Z,53
2026352035,2016-03-30T23:00:00Z,52
2026352035,2016-03-31T00:00:00Z,47
2026352035,2016-03-31T01:00:00Z,48
2026352035,2016-03-31T02:00:00Z,50
2026352035,2016-03-31T03:00:00Z,48
2026352035,2016-03-31T04:00:00Z,47
2026352035,2016-03-31T05:00:00Z,48
2026352035,2016-03-31T06:00:00Z,61
2026352035,2016-03-31T07:00:00Z,105
2026352035,2016-03-31T08:00:00Z,100
2026352035,2016-03-31T09:00:00Z,130
2026352035,2016-03-31T10:00:00Z,123
2026352035,2016-03-31T11:00:00Z,92
2026352035,2016-03-31T12:00:00Z,62
2026352035,2016-03-31T13:00:00Z,59
2026352035,2016-03-31T14:00:00Z,77
2026352035,2016-03-31T15:00:00Z,71
2026352035,2016-03-31T16:00:00Z,78
2026352035,2016-03-31T17:00:00Z,74
2026352035,2016-03-31T18:00:00Z,80
2026352035,2016-03-31T19:00:00Z,53
2026352035,2016-03-31T20:00:00Z,71
2026352035,2016-03-31T21:00:00Z,48
2026352035,2016-03-31T22:00:00Z,50
2026352035,2016-03-31T23:00:00Z,47
2026352035,2016-04-01T00:00:00Z,47
2026352035,2016-04-01T01:00:00Z,48
2026352035,2016-04-01T02:00:00Z,47
2026352035,2016-04-01T03:00:00Z,47
2026352035,2016-04-01T04:00:00Z,47
2026352035,2016-04-01T05:00:00Z,47
2026352035,2016-04-01T06:00:00Z,72
2026352035,2016-04-01T07:00:00Z,58
2026352035,2016-04-01T08:00:00Z,50
2026352035,2016-04-01T09:00:00Z,56
2026352035,2016-04-01T10:00:00Z,63
2026352035,2016-04-01T11:00:00Z,62
2026352035,2016-04-01T12:00:00Z,67
2026352035,2016-04-01T13:00:00Z,72
2026352035,2016-04-01T14:00:00Z,55
2026352035,2016-04-01T15:00:00Z,63
2026352035,2016-04-01T16:00:00Z,59
2026352035,2016-04-01T17:00:00Z,69
2026352035,2016-04-01T18:00:00Z,82
2026352035,2016-04-01T19:00:00Z,77
2026352035,2016-04-01T20:00:00Z,66
2026352035,2016-04-01T21:00:00Z,59
2026352035,2016-04-01T22:00:00Z,50
2026352035,2016-04-01T23:00:00Z,48
2026352035,2016-04-02T00:00:00Z,47
2026352035,2016-04-02T01:00:00Z,47
2026352035,2016-04-02T02:00:00Z,47
2026352035,2016-04-02T03:00:00Z,47
2026352035,2016-04-02T04:00:00Z,51
2026352035,2016-04-02T05:00:00Z,47
2026352035,2016-04-02T06:00:00Z,47
2026352035,2016-04-02T07:00:00Z,77
2026352035,2016-04-02T08:00:00Z,52
2026352035,2016-04-02T09:00:00Z,49
2026352035,2016-04-02T10:00:00Z,47
2026352035,2016-04-02T11:00:00Z,47
2026352035,2016-04-02T12:00:00Z,47
2026352035,2016-04-02T13:00:00Z,47
2026352035,2016-04-02T14:00:00Z,47
2026352035,2016-04-02T15:00:00Z,47
2026352035,2016-04-02T16:00:00Z,47
2026352035,2016-04-02T17:00:00Z,53
2026352035,2016-04-02T18:00:00Z,67
2026352035,2016-04-02T19:00:00Z,66
2026352035,2016-04-02T20:00:00Z,60
2026352035,2016-04-02T21:00:00Z,60
2026352035,2016-04-02T22:00:00Z,49
2026352035,2016-04-02T23:00:00Z,47
2026352035,2016-04-03T00:00:00Z,47
2026352035,2016-04-03T01:00:00Z,47
2026352035,2016-04-03T02:00:00Z,50
2026352035,2016-04-03T03:00:00Z,47
2026352035,2016-04-03T04:00:00Z,50
2026352035,2016-04-03T05:00:00Z,47
2026352035,2016-04-03T06:00:00Z,48
2026352035,2016-04-03T07:00:00Z,64
2026352035,2016-04-03T08:00:00Z,53
2026352035,2016-04-03T09:00:00Z,59
2026352035,2016-04-03T10:00:00Z,84
2026352035,2016-04-03T11:00:00Z,56
2026352035,2016-04-03T12:00:00Z,50
2026352035,2016-04-03T13:00:00Z,66
2026352035,2016-04-03T14:00:00Z,51
2026352035,2016-04-03T15:00:00Z,57
2026352035,2016-04-03T16:00:00Z,50
2026352035,2016-04-03T17:00:00Z,70
2026352035,2016-04-03T18:00:00Z,63
2026352035,2016-04-03T19:00:00Z,55
2026352035,2016-04-03T20:00:00Z,68
2026352035,2016-04-03T21:00:00Z,52
2026352035,2016-04-03T22:00:00Z,52
2026352035,2016-04-03T23:00:00Z,48
2026352035,2016-04-04T00:00:00Z,47
2026352035,2016-04-04T01:00:00Z,47
2026352035,2016-04-04T02:00:00Z,47
2026352035,2016-04-04T03:00:00Z,47
2026352035,2016-04-04T04:00:00Z,47
2026352035,2016-04-04T05:00:00Z,50
2026352035,2016-04-04T06:00:00Z,53
2026352035,2016-04-04T07:00:00Z,90
2026352035,2016-04-04T08:00:00Z,68
2026352035,2016-04-04T09:00:00Z,63
2026352035,2016-04-04T10:00:00Z,85
2026352035,2016-04-04T11:00:00Z,101
2026352035,2016-04-04T12:00:00Z,100
2026352035,2016-04-04T13:00:00Z,55
2026352035,2016-04-04T14:00:00Z,51
2026352035,2016-04-04T15:00:00Z,63
2026352035,2016-04-04T16:00:00Z,69
2026352035,2016-04-04T17:00:00Z,86
2026352035,2016-04-04T18:00:00Z,68
2026352035,2016-04-04T19:00:00Z,60
2026352035,2016-04-04T20:00:00Z,108
2026352035,2016-04-04T21:00:00Z,84
2026352035,2016-04-04T22:00:00Z,49
2026352035,2016-04-04T23:00:00Z,47
2026352035,2016-04-05T00:00:00Z,47
2026352035,2016-04-05T01:00:00Z,47
2026352035,2016-04-05T02:00:00Z,47
2026352035,2016-04-05T03:00:00Z,47
2026352035,2016-04-05T04:00:00Z,47
2026352035,2016-04-05T05:00:00Z,47
2026352035,2016-04-05T06:00:00Z,51
2026352035,2016-04-05T07:00:00Z,104
2026352035,2016-04-05T08:00:00Z,97
2026352035,2016-04-05T09:00:00Z,64
2026352035,2016-04-05T10:00:00Z,56
2026352035,2016-04-05T11:00:00Z,55
2026352035,2016-04-05T12:00:00Z,86
2026352035,2016-04-05T13:00:00Z,61
2026352035,2016-04-05T14:00:00Z,60
2026352035,2016-04-05T15:00:00Z,51
2026352035,2016-04-05T16:00:00Z,75
2026352035,2016-04-05T17:00:00Z,104
2026352035,2016-04-05T18:00:00Z,88
2026352035,2016-04-05T19:00:00Z,79
2026352035,2016-04-05T20:00:00Z,65
2026352035,2016-04-05T21:00:00Z,63
2026352035,2016-04-05T22:00:00Z,48
2026352035,2016-04-05T23:00:00Z,51
2026352035,2016-04-06T00:00:00Z,48
2026352035,2016-04-06T01:00:00Z,47
2026352035,2016-04-06T02:00:00Z,47
2026352035,2016-04-06T03:00:00Z,47
2026352035,2016-04-06T04:00:00Z,47
2026352035,2016-04-06T05:00:00Z,47
2026352035,2016-04-06T06:00:00Z,71
2026352035,2016-04-06T07:00:00Z,64
2026352035,2016-04-06T08:00:00Z,67
2026352035,2016-04-06T09:00:00Z,56
2026352035,2016-04-06T10:00:00Z,76
2026352035,2016-04-06T11:00:00Z,53
2026352035,2016-04-06T12:00:00Z,62
2026352035,2016-04-06T13:00:00Z,72
2026352035,2016-04-06T14:00:00Z,61
2026352035,2016-04-06T15:00:00Z,65
2026352035,2016-04-06T16:00:00Z,67
2026352035,2016-04-06T17:00:00Z,54
2026352035,2016-04-06T18:00:00Z,71
2026352035,2016-04-06T19:00:00Z,67
2026352035,2016-04-06T20:00:00Z,70
2026352035,2016-04-06T21:00:00Z,63
2026352035,2016-04-06T22:00:00Z,52
2026352035,2016-04-06T23:00:00Z,49
2026352035,2016-04-07T00:00:00Z,48
2026352035,2016-04-07T01:00:00Z,47
2026352035,2016-04-07T02:00:00Z,47
2026352035,2016-04-07T03:00:00Z,47
2026352035,2016-04-07T04:00:00Z,51
2026352035,2016-04-07T05:00:00Z,47
2026352035,2016-04-07T06:00:00Z,48
2026352035,2016-04-07T07:00:00Z,74
2026352035,2016-04-07T08:00:00Z,70
2026352035,2016-04-07T09:00:00Z,59
2026352035,2016-04-07T10:00:00Z,72
2026352035,2016-04-07T11:00:00Z,60
2026352035,2016-04-07T12:00:00Z,65
2026352035,2016-04-07T13:00:00Z,55
2026352035,2016-04-07T14:00:00Z,65
2026352035,2016-04-07T15:00:00Z,57
2026352035,2016-04-07T16:00:00Z,54
2026352035,2016-04-07T17:00:00Z,64
2026352035,2016-04-07T18:00:00Z,78
2026352035,2016-04-07T19:00:00Z,72
2026352035,2016-04-07T20:00:00Z,63
2026352035,2016-04-07T21:00:00Z,52
2026352035,2016-04-07T22:00:00Z,51
2026352035,2016-04-07T23:00:00Z,47
2026352035,2016-04-08T00:00:00Z,47
2026352035,2016-04-08T01:00:00Z,48
2026352035,2016-04-08T02:00:00Z,47
2026352035,2016-04-08T03:00:00Z,47
2026352035,2016-04-08T04:00:00Z,48
2026352035,2016-04-08T05:00:00Z,47
2026352035,2016-04-08T06:00:00Z,75
2026352035,2016-04-08T07:00:00Z,66
2026352035,2016-04-08T08:00:00Z,67
2026352035,2016-04-08T09:00:00Z,66
2026352035,2016-04-08T10:00:00Z,107
2026352035,2016-04-08T11:00:00Z,56
2026352035,2016-04-08T12:00:00Z,58
2026352035,2016-04-08T13:00:00Z,61
2026352035,2016-04-08T14:00:00Z,58
2026352035,2016-04-08T15:00:00Z,52
2026352035,2016-04-08T16:00:00Z,62
2026352035,2016-04-08T17:00:00Z,69
2026352035,2016-04-08T18:00:00Z,67
2026352035,2016-04-08T19:00:00Z,61
2026352035,2016-04-08T20:00:00Z,68
2026352035,2016-04-08T21:00:00Z,52
2026352035,2016-04-08T22:00:00Z,49
2026352035,2016-04-08T23:00:00Z,49
2026352035,2016-04-09T00:00:00Z,47
2026352035,2016-04-09T01:00:00Z,47
2026352035,2016-04-09T02:00:00Z,47
2026352035,2016-04-09T03:00:00Z,47
2026352035,2016-04-09T04:00:00Z,47
2026352035,2016-04-09T05:00:00Z,47
2026352035,2016-04-09T06:00:00Z,63
2026352035,2016-04-09T07:00:00Z,81
2026352035,2016-04-09T08:00:00Z,68
2026352035,2016-04-09T09:00:00Z,64
2026352035,2016-04-09T10:00:00Z,47
2026352035,2016-04-09T11:00:00Z,48
2026352035,2016-04-09T12:00:00Z,65
2026352035,2016-04-09T13:00:00Z,53
2026352035,2016-04-09T14:00:00Z,80
2026352035,2016-04-09T15:00:00Z,61
2026352035,2016-04-09T16:00:00Z,64
2026352035,2016-04-09T17:00:00Z,74
2026352035,2016-04-09T18:00:00Z,80
2026352035,2016-04-09T19:00:00Z,60
2026352035,2016-04-09T20:00:00Z,67
2026352035,2016-04-09T21:00:00Z,55
2026352035,2016-04-09T22:00:00Z,53
2026352035,2016-04-09T23:00:00Z,51
2026352035,2016-04-10T00:00:00Z,47
2026352035,2016-04-10T01:00:00Z,47
2026352035,2016-04-10T02:00:00Z,49
2026352035,2016-04-10T03:00:00Z,47
2026352035,2016-04-10T04:00:00Z,47
2026352035,2016-04-10T05:00:00Z,48
2026352035,2016-04-10T06:00:00Z,70
2026352035,2016-04-10T07:00:00Z,78
2026352035,2016-04-10T08:00:00Z,72
2026352035,2016-04-10T09:00:00Z,81
2026352035,2016-04-10T10:00:00Z,115
2026352035,2016-04-10T11:00:00Z,58
2026352035,2016-04-10T12:00:00Z,94
2026352035,2016-04-10T13:00:00Z,78
2026352035,2016-04-10T14:00:00Z,55
2026352035,2016-04-10T15:00:00Z,50
2026352035,2016-04-10T16:00:00Z,64
2026352035,2016-04-10T17:00:00Z,67
2026352035,2016-04-10T18:00:00Z,64
2026352035,2016-04-10T19:00:00Z,68
2026352035,2016-04-10T20:00:00Z,58
2026352035,2016-04-10T21:00:00Z,56
2026352035,2016-04-10T22:00:00Z,54
2026352035,2016-04-10T23:00:00Z,50
2026352035,2016-04-11T00:00:00Z,49
2026352035,2016-04-11T01:00:00Z,47
2026352035,2016-04-11T02:00:00Z,47
2026352035,2016-04-11T03:00:00Z,47
2026352035,2016-04-11T04:00:00Z,47
2026352035,2016-04-11T05:00:00Z,47
2026352035,2016-04-11T06:00:00Z,75
2026352035,2016-04-11T07:00:00Z,75
2026352035,2016-04-11T08:00:00Z,58
2026352035,2016-04-11T09:00:00Z,56
2026352035,2016-04-11T10:00:00Z,61
2026352035,2016-04-11T11:00:00Z,59
2026352035,2016-04-11T12:00:00Z,60
2026352035,2016-04-11T13:00:00Z,55
2026352035,2016-04-11T14:00:00Z,63
2026352035,2016-04-11T15:00:00Z,52
2026352035,2016-04-11T16:00:00Z,109
2026352035,2016-04-11T17:00:00Z,55
2026352035,2016-04-11T18:00:00Z,68
2026352035,2016-04-11T19:00:00Z,70
2026352035,2016-04-11T20:00:00Z,56
2026352035,2016-04-11T21:00:00Z,54
2026352035,2016-04-11T22:00:00Z,52
2026352035,2016-04-11T23:00:00Z,47
2026352035,2016-04-12T00:00:00Z,48
2026352035,2016-04-12T01:00:00Z,47
2026352035,2016-04-12T02:00:00Z,47
2026352035,2016-04-12T03:00:00Z,47
2026352035,2016-04-12T04:00:00Z,47
2026352035,2016-04-12T05:00:00Z,47
2026352035,2016-04-12T06:00:00Z,78
2026352035,2016-04-12T07:00:00Z,69
2026352035,2016-04-12T08:00:00Z,60
2026352035,2016-04-12T09:00:00Z,68
2320127002,2016-03-12T00:00:00Z,73
2320127002,2016-03-12T01:00:00Z,55
2320127002,2016-03-12T02:00:00Z,55
2320127002,2016-03-12T03:00:00Z,55
2320127002,2016-03-12T04:00:00Z,55
2320127002,2016-03-12T05:00:00Z,55
2320127002,2016-03-12T06:00:00Z,55
2320127002,2016-03-12T07:00:00Z,55
2320127002,2016-03-12T08:00:00Z,55
2320127002,2016-03-12T09:00:00Z,55
2320127002,2016-03-12T10:00:00Z,55
2320127002,2016-03-12T11:00:00Z,55
2320127002,2016-03-12T12:00:00Z,58
2320127002,2016-03-12T13:00:00Z,91
2320127002,2016-03-12T14:00:00Z,98
2320127002,2016-03-12T15:00:00Z,84
2320127002,2016-03-12T16:00:00Z,85
2320127002,2016-03-12T17:00:00Z,100
2320127002,2016-03-12T18:00:00Z,71
2320127002,2016-03-12T19:00:00Z,68
2320127002,2016-03-12T20:00:00Z,55
2320127002,2016-03-12T21:00:00Z,55
2320127002,2016-03-12T22:00:00Z,55
2320127002,2016-03-12T23:00:00Z,55
2320127002,2016-03-13T00:00:00Z,55
2320127002,2016-03-13T01:00:00Z,55
2320127002,2016-03-13T02:00:00Z,55
2320127002,2016-03-13T03:00:00Z,55
2320127002,2016-03-13T04:00:00Z,55
2320127002,2016-03-13T05:00:00Z,55
2320127002,2016-03-13T06:00:00Z,55
2320127002,2016-03-13T07:00:00Z,55
2320127002,2016-03-13T08:00:00Z,55
2320127002,2016-03-13T09:00:00Z,55
2320127002,2016-03-13T10:00:00Z,55
2320127002,2016-03-13T11:00:00Z,55
2320127002,2016-03-13T12:00:00Z,55
2320127002,2016-03-13T13:00:00Z,55
2320127002,2016-03-13T14:00:00Z,55
2320127002,2016-03-13T15:00:00Z,55
2320127002,2016-03-13T16:00:00Z,55
2320127002,2016-03-13T17:00:00Z,55
2320127002,2016-03-13T18:00:00Z,55
2320127002,2016-03-13T19:00:00Z,55
2320127002,2016-03-13T20:00:00Z,55
2320127002,2016-03-13T21:00:00Z,55
2320127002,2016-03-13T22:00:00Z,55
2320127002,2016-03-13T23:00:00Z,55
2320127002,2016-03-14T00:00:00Z,55
2320127002,2016-03-14T01:00:00Z,55
2320127002,2016-03-14T02:00:00Z,55
2320127002,2016-03-14T03:00:00Z,55
2320127002,2016-03-14T04:00:00Z,55
2320127002,2016-03-14T05:00:00Z,55
2320127002,2016-03-14T06:00:00Z,55
2320127002,2016-03-14T07:00:00Z,55
2320127002,2016-03-14T08:00:00Z,55
2320127002,2016-03-14T09:00:00Z,55
2320127002,2016-03-14T10:00:00Z,55
2320127002,2016-03-14T11:00:00Z,55
2320127002,2016-03-14T12:00:00Z,55
2320127002,2016-03-14T13:00:00Z,55
2320127002,2016-03-14T14:00:00Z,55
2320127002,2016-03-14T15:00:00Z,55
2320127002,2016-03-14T16:00:00Z,55
2320127002,2016-03-14T17:00:00Z,55
2320127002,2016-03-14T18:00:00Z,55
2320127002,2016-03-14T19:00:00Z,55
2320127002,2016-03-14T20:00:00Z,55
2320127002,2016-03-14T21:00:00Z,55
2320127002,2016-03-14T22:00:00Z,55
2320127002,2016-03-14T23:00:00Z,55
2320127002,2016-03-15T00:00:00Z,55
2320127002,2016-03-15T01:00:00Z,55
2320127002,2016-03-15T02:00:00Z,55
2320127002,2016-03-15T03:00:00Z,55
2320127002,2016-03-15T04:00:00Z,55
2320127002,2016-03-15T05:00:00Z,55
2320127002,2016-03-15T06:00:00Z,55
2320127002,2016-03-15T07:00:00Z,55
2320127002,2016-03-15T08:00:00Z,55
2320127002,2016-03-15T09:00:00Z,55
2320127002,2016-03-15T10:00:00Z,55
2320127002,2016-03-15T11:00:00Z,55
2320127002,2016-03-15T12:00:00Z,55
2320127002,2016-03-15T13:00:00Z,55
2320127002,2016-03-15T14:00:00Z,55
2320127002,2016-03-15T15:00:00Z,55
2320127002,2016-03-15T16:00:00Z,55
2320127002,2016-03-15T17:00:00Z,55
2320127002,2016-03-15T18:00:00Z,55
2320127002,2016-03-15T19:00:00Z,55
2320127002,2016-03-15T20:00:00Z,55
2320127002,2016-03-15T21:00:00Z,55
2320127002,2016-03-15T22:00:00Z,55
2320127002,2016-03-15T23:00:00Z,55
2320127002,2016-03-16T00:00:00Z,55
2320127002,2016-03-16T01:00:00Z,55
2320127002,2016-03-16T02:00:00Z,55
2320127002,2016-03-16T03:00:00Z,55
2320127002,2016-03-16T04:00:00Z,55
2320127002,2016-03-16T05:00:00Z,55
2320127002,2016-03-16T06:00:00Z,55
2320127002,2016-03-16T07:00:00Z,55
2320127002,2016-03-16T08:00:00Z,55
2320127002,2016-03-16T09:00:00Z,55
2320127002,2016-03-16T10:00:00Z,55
2320127002,2016-03-16T11:00:00Z,55
2320127002,2016-03-16T12:00:00Z,55
2320127002,2016-03-16T13:00:00Z,55
2320127002,2016-03-16T14:00:00Z,55
2320127002,2016-03-16T15:00:00Z,55
2320127002,2016-03-16T16:00:00Z,55
2320127002,2016-03-16T17:00:00Z,55
2320127002,2016-03-16T18:00:00Z,55
2320127002,2016-03-16T19:00:00Z,55
2320127002,2016-03-16T20:00:00Z,55
2320127002,2016-03-16T21:00:00Z,55
2320127002,2016-03-16T22:00:00Z,55
2320127002,2016-03-16T23:00:00Z,55
2320127002,2016-03-17T00:00:00Z,55
2320127002,2016-03-17T01:00:00Z,55
2320127002,2016-03-17T02:00:00Z,55
2320127002,2016-03-17T03:00:00Z,55
2320127002,2016-03-17T04:00:00Z,55
2320127002,2016-03-17T05:00:00Z,55
2320127002,2016-03-17T06:00:00Z,55
2320127002,2016-03-17T07:00:00Z,55
2320127002,2016-03-17T08:00:00Z,55
2320127002,2016-03-17T09:00:00Z,55
2320127002,2016-03-17T10:00:00Z,55
2320127002,2016-03-17T11:00:00Z,55
2320127002,2016-03-17T12:00:00Z,55
2320127002,2016-03-17T13:00:00Z,55
2320127002,2016-03-17T14:00:00Z,55
2320127002,2016-03-17T15:00:00Z,55
2320127002,2016-03-17T16:00:00Z,55
2320127002,2016-03-17T17:00:00Z,55
2320127002,2016-03-17T18:00:00Z,55
2320127002,2016-03-17T19:00:00Z,55
2320127002,2016-03-17T20:00:00Z,55
2320127002,2016-03-17T21:00:00Z,55
2320127002,2016-03-17T22:00:00Z,56
2320127002,2016-03-17T23:00:00Z,56
2320127002,2016-03-18T00:00:00Z,55
2320127002,2016-03-18T01:00:00Z,55
2320127002,2016-03-18T02:00:00Z,55
2320127002,2016-03-18T03:00:00Z,55
2320127002,2016-03-18T04:00:00Z,55
2320127002,2016-03-18T05:00:00Z,55
2320127002,2016-03-18T06:00:00Z,55
2320127002,2016-03-18T07:00:00Z,55
2320127002,2016-03-18T08:00:00Z,55
2320127002,2016-03-18T09:00:00Z,55
2320127002,2016-03-18T10:00:00Z,55
2320127002,2016-03-18T11:00:00Z,55
2320127002,2016-03-18T12:00:00Z,55
2320127002,2016-03-18T13:00:00Z,55
2320127002,2016-03-18T14:00:00Z,55
2320127002,2016-03-18T15:00:00Z,55
2320127002,2016-03-18T16:00:00Z,55
2320127002,2016-03-18T17:00:00Z,55
2320127002,2016-03-18T18:00:00Z,55
2320127002,2016-03-18T19:00:00Z,55
2320127002,2016-03-18T20:00:00Z,55
2320127002,2016-03-18T21:00:00Z,55
2320127002,2016-03-18T22:00:00Z,55
2320127002,2016-03-18T23:00:00Z,55
2320127002,2016-03-19T00:00:00Z,55
2320127002,2016-03-19T01:00:00Z,55
2320127002,2016-03-19T02:00:00Z,55
2320127002,2016-03-19T03:00:00Z,55
2320127002,2016-03-19T04:00:00Z,55
2320127002,2016-03-19T05:00:00Z,55
2320127002,2016-03-19T06:00:00Z,55
2320127002,2016-03-19T07:00:00Z,55
2320127002,2016-03-19T08:00:00Z,55
2320127002,2016-03-19T09:00:00Z,55
2320127002,2016-03-19T10:00:00Z,55
2320127002,2016-03-19T11:00:00Z,55
2320127002,2016-03-19T12:00:00Z,55
2320127002,2016-03-19T13:00:00Z,55
2320127002,2016-03-19T14:00:00Z,55
2320127002,2016-03-19T15:00:00Z,55
2320127002,2016-03-19T16:00:00Z,55
2320127002,2016-03-19T17:00:00Z,55
2320127002,2016-03-19T18:00:00Z,55
2320127002,2016-03-19T19:00:00Z,55
2320127002,2016-03-19T20:00:00Z,55
2320127002,2016-03-19T21:00:00Z,55
2320127002,2016-03-19T22:00:00Z,55
2320127002,2016-03-19T23:00:00Z,55
2320127002,2016-03-20T00:00:00Z,55
2320127002,2016-03-20T01:00:00Z,55
2320127002,2016-03-20T02:00:00Z,55
2320127002,2016-03-20T03:00:00Z,55
2320127002,2016-03-20T04:00:00Z,55
2320127002,2016-03-20T05:00:00Z,55
2320127002,2016-03-20T06:00:00Z,55
2320127002,2016-03-20T07:00:00Z,55
2320127002,2016-03-20T08:00:00Z,55
2320127002,2016-03-20T09:00:00Z,55
2320127002,2016-03-20T10:00:00Z,55
2320127002,2016-03-20T11:00:00Z,55
2320127002,2016-03-20T12:00:00Z,55
2320127002,2016-03-20T13:00:00Z,55
2320127002,2016-03-20T14:00:00Z,55
2320127002,2016-03-20T15:00:00Z,55
2320127002,2016-03-20T16:00:00Z,55
2320127002,2016-03-20T17:00:00Z,55
2320127002,2016-03-20T18:00:00Z,55
2320127002,2016-03-20T19:00:00Z,55
2320127002,2016-03-20T20:00:00Z,55
2320127002,2016-03-20T21:00:00Z,55
2320127002,2016-03-20T22:00:00Z,55
2320127002,2016-03-20T23:00:00Z,55
2320127002,2016-03-21T00:00:00Z,55
2320127002,2016-03-21T01:00:00Z,55
2320127002,2016-03-21T02:00:00Z,55
2320127002,2016-03-21T03:00:00Z,55
2320127002,2016-03-21T04:00:00Z,55
2320127002,2016-03-21T05:00:00Z,55
2320127002,2016-03-21T06:00:00Z,55
2320127002,2016-03-21T07:00:00Z,55
2320127002,2016-03-21T08:00:00Z,55
2320127002,2016-03-21T09:00:00Z,55
2320127002,2016-03-21T10:00:00Z,55
2320127002,2016-03-21T11:00:00Z,55
2320127002,2016-03-21T12:00:00Z,55
2320127002,2016-03-21T13:00:00Z,55
2320127002,2016-03-21T14:00:00Z,55
2320127002,2016-03-21T15:00:00Z,55
2320127002,2016-03-21T16:00:00Z,55
2320127002,2016-03-21T17:00:00Z,55
2320127002,2016-03-21T18:00:00Z,55
2320127002,2016-03-21T19:00:00Z,55
2320127002,2016-03-21T20:00:00Z,55
2320127002,2016-03-21T21:00:00Z,55
2320127002,2016-03-21T22:00:00Z,55
2320127002,2016-03-21T23:00:00Z,55
2320127002,2016-03-22T00:00:00Z,55
2320127002,2016-03-22T01:00:00Z,55
2320127002,2016-03-22T02:00:00Z,55
2320127002,2016-03-22T03:00:00Z,55
2320127002,2016-03-22T04:00:00Z,55
2320127002,2016-03-22T05:00:00Z,55
2320127002,2016-03-22T06:00:00Z,55
2320127002,2016-03-22T07:00:00Z,55
2320127002,2016-03-22T08:00:00Z,55
2320127002,2016-03-22T09:00:00Z,55
2320127002,2016-03-22T10:00:00Z,55
2320127002,2016-03-22T11:00:00Z,55
2320127002,2016-03-22T12:00:00Z,65
2320127002,2016-03-22T13:00:00Z,85
2320127002,2016-03-22T14:00:00Z,96
2320127002,2016-03-22T15:00:00Z,110
2320127002,2016-03-22T16:00:00Z,136
2320127002,2016-03-22T17:00:00Z,106
2320127002,2016-03-22T18:00:00Z,144
2320127002,2016-03-22T19:00:00Z,72
2320127002,2016-03-22T20:00:00Z,55
2320127002,2016-03-22T21:00:00Z,91
2320127002,2016-03-22T22:00:00Z,86
2320127002,2016-03-22T23:00:00Z,108
2320127002,2016-03-23T00:00:00Z,100
2320127002,2016-03-23T01:00:00Z,90
2320127002,2016-03-23T02:00:00Z,91
2320127002,2016-03-23T03:00:00Z,90
2320127002,2016-03-23T04:00:00Z,55
2320127002,2016-03-23T05:00:00Z,55
2320127002,2016-03-23T06:00:00Z,55
2320127002,2016-03-23T07:00:00Z,97
2320127002,2016-03-23T08:00:00Z,94
2320127002,2016-03-23T09:00:00Z,88
2320127002,2016-03-23T10:00:00Z,55
2320127002,2016-03-23T11:00:00Z,55
2320127002,2016-03-23T12:00:00Z,55
2320127002,2016-03-23T13:00:00Z,55
2320127002,2016-03-23T14:00:00Z,55
2320127002,2016-03-23T15:00:00Z,76
2320127002,2016-03-23T16:00:00Z,136
2320127002,2016-03-23T17:00:00Z,96
2320127002,2016-03-23T18:00:00Z,92
2320127002,2016-03-23T19:00:00Z,82
2320127002,2016-03-23T20:00:00Z,55
2320127002,2016-03-23T21:00:00Z,55
2320127002,2016-03-23T22:00:00Z,55
2320127002,2016-03-23T23:00:00Z,55
2320127002,2016-03-24T00:00:00Z,55
2320127002,2016-03-24T01:00:00Z,55
2320127002,2016-03-24T02:00:00Z,55
2320127002,2016-03-24T03:00:00Z,55
2320127002,2016-03-24T04:00:00Z,55
2320127002,2016-03-24T05:00:00Z,55
2320127002,2016-03-24T06:00:00Z,55
2320127002,2016-03-24T07:00:00Z,55
2320127002,2016-03-24T08:00:00Z,55
2320127002,2016-03-24T09:00:00Z,55
2320127002,2016-03-24T10:00:00Z,61
2320127002,2016-03-24T11:00:00Z,102
2320127002,2016-03-24T12:00:00Z,103
2320127002,2016-03-24T13:00:00Z,98
2320127002,2016-03-24T14:00:00Z,90
2320127002,2016-03-24T15:00:00Z,85
2320127002,2016-03-24T16:00:00Z,65
2320127002,2016-03-24T17:00:00Z,55
2320127002,2016-03-24T18:00:00Z,55
2320127002,2016-03-24T19:00:00Z,55
2320127002,2016-03-24T20:00:00Z,65
2320127002,2016-03-24T21:00:00Z,83
2320127002,2016-03-24T22:00:00Z,75
2320127002,2016-03-24T23:00:00Z,76
2320127002,2016-03-25T00:00:00Z,73
2320127002,2016-03-25T01:00:00Z,68
2320127002,2016-03-25T02:00:00Z,55
2320127002,2016-03-25T03:00:00Z,55
2320127002,2016-03-25T04:00:00Z,55
2320127002,2016-03-25T05:00:00Z,55
2320127002,2016-03-25T06:00:00Z,55
2320127002,2016-03-25T07:00:00Z,55
2320127002,2016-03-25T08:00:00Z,55
2320127002,2016-03-25T09:00:00Z,55
2320127002,2016-03-25T10:00:00Z,55
2320127002,2016-03-25T11:00:00Z,55
2320127002,2016-03-25T12:00:00Z,55
2320127002,2016-03-25T13:00:00Z,55
2320127002,2016-03-25T14:00:00Z,55
2320127002,2016-03-25T15:00:00Z,55
2320127002,2016-03-25T16:00:00Z,55
2320127002,2016-03-25T17:00:00Z,55
2320127002,2016-03-25T18:00:00Z,55
2320127002,2016-03-25T19:00:00Z,55
2320127002,2016-03-25T20:00:00Z,55
2320127002,2016-03-25T21:00:00Z,55
2320127002,2016-03-25T22:00:00Z,55
2320127002,2016-03-25T23:00:00Z,55
2320127002,2016-03-26T00:00:00Z,55
2320127002,2016-03-26T01:00:00Z,55
2320127002,2016-03-26T02:00:00Z,55
2320127002,2016-03-26T03:00:00Z,55
2320127002,2016-03-26T04:00:00Z,55
2320127002,2016-03-26T05:00:00Z,55
2320127002,2016-03-26T06:00:00Z,55
2320127002,2016-03-26T07:00:00Z,55
2320127002,2016-03-26T08:00:00Z,55
2320127002,2016-03-26T09:00:00Z,55
2320127002,2016-03-26T10:00:00Z,55
2320127002,2016-03-26T11:00:00Z,55
2320127002,2016-03-26T12:00:00Z,55
2320127002,2016-03-26T13:00:00Z,55
2320127002,2016-03-26T14:00:00Z,55
2320127002,2016-03-26T15:00:00Z,55
2320127002,2016-03-26T16:00:00Z,55
2320127002,2016-03-26T17:00:00Z,55
2320127002,2016-03-26T18:00:00Z,55
2320127002,2016-03-26T19:00:00Z,55
2320127002,2016-03-26T20:00:00Z,55
2320127002,2016-03-26T21:00:00Z,55
2320127002,2016-03-26T22:00:00Z,55
2320127002,2016-03-26T23:00:00Z,55
2320127002,2016-03-27T00:00:00Z,55
2320127002,2016-03-27T01:00:00Z,55
2320127002,2016-03-27T02:00:00Z,55
2320127002,2016-03-27T03:00:00Z,55
2320127002,2016-03-27T04:00:00Z,55
2320127002,2016-03-27T05:00:00Z,55
2320127002,2016-03-27T06:00:00Z,55
2320127002,2016-03-27T07:00:00Z,55
2320127002,2016-03-27T08:00:00Z,55
2320127002,2016-03-27T09:00:00Z,55
2320127002,2016-03-27T10:00:00Z,55
2320127002,2016-03-27T11:00:00Z,55
2320127002,2016-03-27T12:00:00Z,55
2320127002,2016-03-27T13:00:00Z,55
2320127002,2016-03-27T14:00:00Z,55
2320127002,2016-03-27T15:00:00Z,55
2320127002,2016-03-27T16:00:00Z,55
2320127002,2016-03-27T17:00:00Z,55
2320127002,2016-03-27T18:00:00Z,55
2320127002,2016-03-27T19:00:00Z,55
2320127002,2016-03-27T20:00:00Z,55
2320127002,2016-03-27T21:00:00Z,55
2320127002,2016-03-27T22:00:00Z,55
2320127002,2016-03-27T23:00:00Z,55
2320127002,2016-03-28T00:00:00Z,55
2320127002,2016-03-28T01:00:00Z,55
2320127002,2016-03-28T02:00:00Z,55
2320127002,2016-03-28T03:00:00Z,55
2320127002,2016-03-28T04:00:00Z,55
2320127002,2016-03-28T05:00:00Z,55
2320127002,2016-03-28T06:00:00Z,55
2320127002,2016-03-28T07:00:00Z,55
2320127002,2016-03-28T08:00:00Z,55
2320127002,2016-03-28T09:00:00Z,55
2320127002,2016-03-28T10:00:00Z,55
2320127002,2016-03-28T11:00:00Z,55
2320127002,2016-03-28T12:00:00Z,55
2320127002,2016-03-28T13:00:00Z,55
2320127002,2016-03-28T14:00:00Z,55
2320127002,2016-03-28T15:00:00Z,55
2320127002,2016-03-28T16:00:00Z,55
2320127002,2016-03-28T17:00:00Z,56
2320127002,2016-03-28T18:00:00Z,55
2320127002,2016-03-28T19:00:00Z,55
2320127002,2016-03-28T20:00:00Z,55
2320127002,2016-03-28T21:00:00Z,55
2320127002,2016-03-28T22:00:00Z,55
2320127002,2016-03-28T23:00:00Z,55
2320127002,2016-03-29T00:00:00Z,55
2320127002,2016-03-29T01:00:00Z,55
2320127002,2016-03-29T02:00:00Z,55
2320127002,2016-03-29T03:00:00Z,55
2320127002,2016-03-29T04:00:00Z,55
2320127002,2016-03-29T05:00:00Z,55
2320127002,2016-03-29T06:00:00Z,55
2320127002,2016-03-29T07:00:00Z,55
2320127002,2016-03-29T08:00:00Z,55
2320127002,2016-03-29T09:00:00Z,55
2320127002,2016-03-29T10:00:00Z,55
2320127002,2016-03-29T11:00:00Z,55
2320127002,2016-03-29T12:00:00Z,55
2320127002,2016-03-29T13:00:00Z,55
2320127002,2016-03-29T14:00:00Z,55
2320127002,2016-03-29T15:00:00Z,55
2320127002,2016-03-29T16:00:00Z,55
2320127002,2016-03-29T17:00:00Z,55
2320127002,2016-03-29T18:00:00Z,55
2320127002,2016-03-29T19:00:00Z,55
2320127002,2016-03-29T20:00:00Z,55
2320127002,2016-03-29T21:00:00Z,55
2320127002,2016-03-29T22:00:00Z,55
2320127002,2016-03-29T23:00:00Z,55
2320127002,2016-03-30T00:00:00Z,55
2320127002,2016-03-30T01:00:00Z,55
2320127002,2016-03-30T02:00:00Z,55
2320127002,2016-03-30T03:00:00Z,55
2320127002,2016-03-30T04:00:00Z,55
2320127002,2016-03-30T05:00:00Z,55
2320127002,2016-03-30T06:00:00Z,55
2320127002,2016-03-30T07:00:00Z,55
2320127002,2016-03-30T08:00:00Z,55
2320127002,2016-03-30T09:00:00Z,55
2320127002,2016-03-30T10:00:00Z,55
2320127002,2016-03-30T11:00:00Z,55
2320127002,2016-03-30T12:00:00Z,55
2320127002,2016-03-30T13:00:00Z,55
2320127002,2016-03-30T14:00:00Z,55
2320127002,2016-03-30T15:00:00Z,55
2320127002,2016-03-30T16:00:00Z,55
2320127002,2016-03-30T17:00:00Z,55
2320127002,2016-03-30T18:00:00Z,55
2320127002,2016-03-30T19:00:00Z,55
2320127002,2016-03-30T20:00:00Z,55
2320127002,2016-03-30T21:00:00Z,55
2320127002,2016-03-30T22:00:00Z,55
2320127002,2016-03-30T23:00:00Z,55
2320127002,2016-03-31T00:00:00Z,55
2320127002,2016-03-31T01:00:00Z,55
2320127002,2016-03-31T02:00:00Z,55
2320127002,2016-03-31T03:00:00Z,55
2320127002,2016-03-31T04:00:00Z,55
2320127002,2016-03-31T05:00:00Z,55
2320127002,2016-03-31T06:00:00Z,55
2320127002,2016-03-31T07:00:00Z,55
2320127002,2016-03-31T08:00:00Z,55
2320127002,2016-03-31T09:00:00Z,55
2320127002,2016-03-31T10:00:00Z,55
2320127002,2016-03-31T11:00:00Z,55
2320127002,2016-03-31T12:00:00Z,55
2320127002,2016-03-31T13:00:00Z,55
2320127002,2016-03-31T14:00:00Z,55
2320127002,2016-03-31T15:00:00Z,55
2320127002,2016-03-31T16:00:00Z,55
2320127002,2016-03-31T17:00:00Z,55
2320127002,2016-03-31T18:00:00Z,55
2320127002,2016-03-31T19:00:00Z,55
2320127002,2016-03-31T20:00:00Z,55
2320127002,2016-03-31T21:00:00Z,55
2320127002,2016-03-31T22:00:00Z,55
2320127002,2016-03-31T23:00:00Z,55
2320127002,2016-04-01T00:00:00Z,55
2320127002,2016-04-01T01:00:00Z,55
2320127002,2016-04-01T02:00:00Z,55
2320127002,2016-04-01T03:00:00Z,55
2320127002,2016-04-01T04:00:00Z,55
2320127002,2016-04-01T05:00:00Z,55
2320127002,2016-04-01T06:00:00Z,55
2320127002,2016-04-01T07:00:00Z,55
2320127002,2016-04-01T08:00:00Z,55
2320127002,2016-04-01T09:00:00Z,55
2320127002,2016-04-01T10:00:00Z,55
2320127002,2016-04-01T11:00:00Z,55
2320127002,2016-04-01T12:00:00Z,55
2320127002,2016-04-01T13:00:00Z,55
2320127002,2016-04-01T14:00:00Z,55
2320127002,2016-04-01T15:00:00Z,55
2320127002,2016-04-01T16:00:00Z,55
2320127002,2016-04-01T17:00:00Z,55
2320127002,2016-04-01T18:00:00Z,55
2320127002,2016-04-01T19:00:00Z,55
2320127002,2016-04-01T20:00:00Z,55
2320127002,2016-04-01T21:00:00Z,55
2320127002,2016-04-01T22:00:00Z,55
2320127002,2016-04-01T23:00:00Z,55
2320127002,2016-04-02T00:00:00Z,55
2320127002,2016-04-02T01:00:00Z,55
2320127002,2016-04-02T02:00:00Z,55
2320127002,2016-04-02T03:00:00Z,55
2320127002,2016-04-02T04:00:00Z,55
2320127002,2016-04-02T05:00:00Z,55
2320127002,2016-04-02T06:00:00Z,55
2320127002,2016-04-02T07:00:00Z,55
2320127002,2016-04-02T08:00:00Z,55
2320127002,2016-04-02T09:00:00Z,55
2320127002,2016-04-02T10:00:00Z,55
2320127002,2016-04-02T11:00:00Z,55
2320127002,2016-04-02T12:00:00Z,55
2320127002,2016-04-02T13:00:00Z,55
2320127002,2016-04-02T14:00:00Z,55
2320127002,2016-04-02T15:00:00Z,55
2320127002,2016-04-02T16:00:00Z,55
2320127002,2016-04-02T17:00:00Z,55
2320127002,2016-04-02T18:00:00Z,55
2320127002,2016-04-02T19:00:00Z,55
2320127002,2016-04-02T20:00:00Z,55
2320127002,2016-04-02T21:00:00Z,55
2320127002,2016-04-02T22:00:00Z,55
2320127002,2016-04-02T23:00:00Z,55
2320127002,2016-04-03T00:00:00Z,55
2320127002,2016-04-03T01:00:00Z,55
2320127002,2016-04-03T02:00:00Z,55
2320127002,2016-04-03T03:00:00Z,55
2320127002,2016-04-03T04:00:00Z,55
2320127002,2016-04-03T05:00:00Z,55
2320127002,2016-04-03T06:00:00Z,55
2320127002,2016-04-03T07:00:00Z,55
2320127002,2016-04-03T08:00:00Z,55
2320127002,2016-04-03T09:00:00Z,55
2320127002,2016-04-03T10:00:00Z,55
2320127002,2016-04-03T11:00:00Z,55
2320127002,2016-04-03T12:00:00Z,55
2320127002,2016-04-03T13:00:00Z,55
2320127002,2016-04-03T14:00:00Z,55
2320127002,2016-04-03T15:00:00Z,55
2320127002,2016-04-03T16:00:00Z,55
2320127002,2016-04-03T17:00:00Z,55
2320127002,2016-04-03T18:00:00Z,55
2320127002,2016-04-03T19:00:00Z,55
2320127002,2016-04-03T20:00:00Z,55
2320127002,2016-04-03T21:00:00Z,55
2320127002,2016-04-03T22:00:00Z,55
2320127002,2016-04-03T23:00:00Z,55
2320127002,2016-04-04T00:00:00Z,55
2320127002,2016-04-04T01:00:00Z,55
2320127002,2016-04-04T02:00:00Z,55
2320127002,2016-04-04T03:00:00Z,55
2320127002,2016-04-04T04:00:00Z,55
2320127002,2016-04-04T05:00:00Z,55
2320127002,2016-04-04T06:00:00Z,55
2320127002,2016-04-04T07:00:00Z,55
2320127002,2016-04-04T08:00:00Z,55
2320127002,2016-04-04T09:00:00Z,55
2320127002,2016-04-04T10:00:00Z,55
2320127002,2016-04-04T11:00:00Z,55
2320127002,2016-04-04T12:00:00Z,55
2320127002,2016-04-04T13:00:00Z,55
2320127002,2016-04-04T14:00:00Z,55
2320127002,2016-04-04T15:00:00Z,55
2320127002,2016-04-04T16:00:00Z,55
2320127002,2016-04-04T17:00:00Z,55
2320127002,2016-04-04T18:00:00Z,55
2320127002,2016-04-04T19:00:00Z,55
2320127002,2016-04-04T20:00:00Z,55
2320127002,2016-04-04T21:00:00Z,55
2320127002,2016-04-04T22:00:00Z,55
2320127002,2016-04-04T23:00:00Z,55
2320127002,2016-04-05T00:00:00Z,55
2320127002,2016-04-05T01:00:00Z,55
2320127002,2016-04-05T02:00:00Z,55
2320127002,2016-04-05T03:00:00Z,74
2320127002,2016-04-05T04:00:00Z,109
2320127002,2016-04-05T05:00:00Z,80
2320127002,2016-04-05T06:00:00Z,79
2320127002,2016-04-05T07:00:00Z,99
2320127002,2016-04-05T08:00:00Z,75
2320127002,2016-04-05T09:00:00Z,56
2320127002,2016-04-05T10:00:00Z,55
2320127002,2016-04-05T11:00:00Z,55
2320127002,2016-04-05T12:00:00Z,55
2320127002,2016-04-05T13:00:00Z,55
2320127002,2016-04-05T14:00:00Z,55
2320127002,2016-04-05T15:00:00Z,55
2320127002,2016-04-05T16:00:00Z,55
2320127002,2016-04-05T17:00:00Z,55
2320127002,2016-04-05T18:00:00Z,55
2320127002,2016-04-05T19:00:00Z,55
2320127002,2016-04-05T20:00:00Z,78
2320127002,2016-04-05T21:00:00Z,101
2320127002,2016-04-05T22:00:00Z,113
2320127002,2016-04-05T23:00:00Z,127
2320127002,2016-04-06T00:00:00Z,99
2320127002,2016-04-06T01:00:00Z,75
2320127002,2016-04-06T02:00:00Z,55
2320127002,2016-04-06T03:00:00Z,55
2320127002,2016-04-06T04:00:00Z,55
2320127002,2016-04-06T05:00:00Z,55
2320127002,2016-04-06T06:00:00Z,55
2320127002,2016-04-06T07:00:00Z,63
2320127002,2016-04-06T08:00:00Z,106
2320127002,2016-04-06T09:00:00Z,71
2320127002,2016-04-06T10:00:00Z,83
2320127002,2016-04-06T11:00:00Z,100
2320127002,2016-04-06T12:00:00Z,76
2320127002,2016-04-06T13:00:00Z,55
2320127002,2016-04-06T14:00:00Z,68
2320127002,2016-04-06T15:00:00Z,112
2320127002,2016-04-06T16:00:00Z,118
2320127002,2016-04-06T17:00:00Z,98
2320127002,2016-04-06T18:00:00Z,79
2320127002,2016-04-06T19:00:00Z,105
2320127002,2016-04-06T20:00:00Z,88
2320127002,2016-04-06T21:00:00Z,82
2320127002,2016-04-06T22:00:00Z,111
2320127002,2016-04-06T23:00:00Z,87
2320127002,2016-04-07T00:00:00Z,92
2320127002,2016-04-07T01:00:00Z,63
2320127002,2016-04-07T02:00:00Z,55
2320127002,2016-04-07T03:00:00Z,55
2320127002,2016-04-07T04:00:00Z,55
2320127002,2016-04-07T05:00:00Z,55
2320127002,2016-04-07T06:00:00Z,55
2320127002,2016-04-07T07:00:00Z,58
2320127002,2016-04-07T08:00:00Z,84
2320127002,2016-04-07T09:00:00Z,84
2320127002,2016-04-07T10:00:00Z,93
2320127002,2016-04-07T11:00:00Z,87
2320127002,2016-04-07T12:00:00Z,64
2320127002,2016-04-07T13:00:00Z,55
2320127002,2016-04-07T14:00:00Z,55
2320127002,2016-04-07T15:00:00Z,55
2320127002,2016-04-07T16:00:00Z,55
2320127002,2016-04-07T17:00:00Z,55
2320127002,2016-04-07T18:00:00Z,55
2320127002,2016-04-07T19:00:00Z,55
2320127002,2016-04-07T20:00:00Z,55
2320127002,2016-04-07T21:00:00Z,55
2320127002,2016-04-07T22:00:00Z,55
2320127002,2016-04-07T23:00:00Z,55
2320127002,2016-04-08T00:00:00Z,56
2320127002,2016-04-08T01:00:00Z,55
2320127002,2016-04-08T02:00:00Z,55
2320127002,2016-04-08T03:00:00Z,55
2320127002,2016-04-08T04:00:00Z,55
2320127002,2016-04-08T05:00:00Z,55
2320127002,2016-04-08T06:00:00Z,90
2320127002,2016-04-08T07:00:00Z,109
2320127002,2016-04-08T08:00:00Z,103
2320127002,2016-04-08T09:00:00Z,95
2320127002,2016-04-08T10:00:00Z,55
2320127002,2016-04-08T11:00:00Z,55
2320127002,2016-04-08T12:00:00Z,56
2320127002,2016-04-08T13:00:00Z,55
2320127002,2016-04-08T14:00:00Z,55
2320127002,2016-04-08T15:00:00Z,94
2320127002,2016-04-08T16:00:00Z,81
2320127002,2016-04-08T17:00:00Z,77
2320127002,2016-04-08T18:00:00Z,92
2320127002,2016-04-08T19:00:00Z,55
2320127002,2016-04-08T20:00:00Z,55
2320127002,2016-04-08T21:00:00Z,55
2320127002,2016-04-08T22:00:00Z,55
2320127002,2016-04-08T23:00:00Z,55
2320127002,2016-04-09T00:00:00Z,59
2320127002,2016-04-09T01:00:00Z,93
2320127002,2016-04-09T02:00:00Z,77
2320127002,2016-04-09T03:00:00Z,97
2320127002,2016-04-09T04:00:00Z,60
2320127002,2016-04-09T05:00:00Z,55
2320127002,2016-04-09T06:00:00Z,81
2320127002,2016-04-09T07:00:00Z,98
2320127002,2016-04-09T08:00:00Z,82
2320127002,2016-04-09T09:00:00Z,71
2320127002,2016-04-09T10:00:00Z,103
2320127002,2016-04-09T11:00:00Z,81
2320127002,2016-04-09T12:00:00Z,137
2320127002,2016-04-09T13:00:00Z,90
2320127002,2016-04-09T14:00:00Z,87
2320127002,2016-04-09T15:00:00Z,59
2320127002,2016-04-09T16:00:00Z,55
2320127002,2016-04-09T17:00:00Z,55
2320127002,2016-04-09T18:00:00Z,55
2320127002,2016-04-09T19:00:00Z,55
2320127002,2016-04-09T20:00:00Z,55
2320127002,2016-04-09T21:00:00Z,55
2320127002,2016-04-09T22:00:00Z,55
2320127002,2016-04-09T23:00:00Z,55
2320127002,2016-04-10T00:00:00Z,56
2320127002,2016-04-10T01:00:00Z,55
2320127002,2016-04-10T02:00:00Z,55
2320127002,2016-04-10T03:00:00Z,55
2320127002,2016-04-10T04:00:00Z,55
2320127002,2016-04-10T05:00:00Z,55
2320127002,2016-04-10T06:00:00Z,55
2320127002,2016-04-10T07:00:00Z,55
2320127002,2016-04-10T08:00:00Z,55
2320127002,2016-04-10T09:00:00Z,79
2320127002,2016-04-10T10:00:00Z,90
2320127002,2016-04-10T11:00:00Z,120
2320127002,2016-04-10T12:00:00Z,89
2320127002,2016-04-10T13:00:00Z,88
2320127002,2016-04-10T14:00:00Z,70
2320127002,2016-04-10T15:00:00Z,55
2320127002,2016-04-10T16:00:00Z,55
2320127002,2016-04-10T17:00:00Z,55
2320127002,2016-04-10T18:00:00Z,55
2320127002,2016-04-10T19:00:00Z,55
2320127002,2016-04-10T20:00:00Z,55
2320127002,2016-04-10T21:00:00Z,55
2320127002,2016-04-10T22:00:00Z,55
2320127002,2016-04-10T23:00:00Z,55
2320127002,2016-04-11T00:00:00Z,55
2320127002,2016-04-11T01:00:00Z,55
2320127002,2016-04-11T02:00:00Z,55
2320127002,2016-04-11T03:00:00Z,55
2320127002,2016-04-11T04:00:00Z,55
2320127002,2016-04-11T05:00:00Z,55
2320127002,2016-04-11T06:00:00Z,55
2320127002,2016-04-11T07:00:00Z,55
2320127002,2016-04-11T08:00:00Z,78
2320127002,2016-04-11T09:00:00Z,111
2320127002,2016-04-11T10:00:00Z,114
2320127002,2016-04-11T11:00:00Z,108
2320127002,2016-04-11T12:00:00Z,107
2320127002,2016-04-11T13:00:00Z,107
2320127002,2016-04-11T14:00:00Z,86
2320127002,2016-04-11T15:00:00Z,101
2320127002,2016-04-11T16:00:00Z,113
2320127002,2016-04-11T17:00:00Z,128
2320127002,2016-04-11T18:00:00Z,110
2320127002,2016-04-11T19:00:00Z,105
2320127002,2016-04-11T20:00:00Z,114
2320127002,2016-04-11T21:00:00Z,107
2320127002,2016-04-11T22:00:00Z,186
2320127002,2016-04-11T23:00:00Z,91
2320127002,2016-04-12T00:00:00Z,55
2320127002,2016-04-12T01:00:00Z,55
2320127002,2016-04-12T02:00:00Z,55
2320127002,2016-04-12T03:00:00Z,55
2320127002,2016-04-12T04:00:00Z,55
2320127002,2016-04-12T05:00:00Z,55
2320127002,2016-04-12T06:00:00Z,55
2320127002,2016-04-12T07:00:00Z,106
2320127002,2016-04-12T08:00:00Z,88
2320127002,2016-04-12T09:00:00Z,90
2320127002,2016-04-12T10:00:00Z,68
2347167796,2016-03-12T00:00:00Z,61
2347167796,2016-03-12T01:00:00Z,61
2347167796,2016-03-12T02:00:00Z,61
2347167796,2016-03-12T03:00:00Z,64
2347167796,2016-03-12T04:00:00Z,61
2347167796,2016-03-12T05:00:00Z,61
2347167796,2016-03-12T06:00:00Z,66
2347167796,2016-03-12T07:00:00Z,240
2347167796,2016-03-12T08:00:00Z,280
2347167796,2016-03-12T09:00:00Z,103
2347167796,2016-03-12T10:00:00Z,97
2347167796,2016-03-12T11:00:00Z,152
2347167796,2016-03-12T12:00:00Z,131
2347167796,2016-03-12T13:00:00Z,75
2347167796,2016-03-12T14:00:00Z,64
2347167796,2016-03-12T15:00:00Z,123
2347167796,2016-03-12T16:00:00Z,151
2347167796,2016-03-12T17:00:00Z,156
2347167796,2016-03-12T18:00:00Z,111
2347167796,2016-03-12T19:00:00Z,87
2347167796,2016-03-12T20:00:00Z,77
2347167796,2016-03-12T21:00:00Z,96
2347167796,2016-03-12T22:00:00Z,76
2347167796,2016-03-12T23:00:00Z,61
2347167796,2016-03-13T00:00:00Z,57
2347167796,2016-03-13T01:00:00Z,59
2347167796,2016-03-13T02:00:00Z,57
2347167796,2016-03-13T03:00:00Z,60
2347167796,2016-03-13T04:00:00Z,57
2347167796,2016-03-13T05:00:00Z,57
2347167796,2016-03-13T06:00:00Z,57
2347167796,2016-03-13T07:00:00Z,57
2347167796,2016-03-13T08:00:00Z,139
2347167796,2016-03-13T09:00:00Z,212
2347167796,2016-03-13T10:00:00Z,177
2347167796,2016-03-13T11:00:00Z,165
2347167796,2016-03-13T12:00:00Z,67
2347167796,2016-03-13T13:00:00Z,120
2347167796,2016-03-13T14:00:00Z,120
2347167796,2016-03-13T15:00:00Z,110
2347167796,2016-03-13T16:00:00Z,159
2347167796,2016-03-13T17:00:00Z,92
2347167796,2016-03-13T18:00:00Z,108
2347167796,2016-03-13T19:00:00Z,259
2347167796,2016-03-13T20:00:00Z,136
2347167796,2016-03-13T21:00:00Z,83
2347167796,2016-03-13T22:00:00Z,60
2347167796,2016-03-13T23:00:00Z,60
2347167796,2016-03-14T00:00:00Z,57
2347167796,2016-03-14T01:00:00Z,58
2347167796,2016-03-14T02:00:00Z,60
2347167796,2016-03-14T03:00:00Z,57
2347167796,2016-03-14T04:00:00Z,57
2347167796,2016-03-14T05:00:00Z,57
2347167796,2016-03-14T06:00:00Z,80
2347167796,2016-03-14T07:00:00Z,83
2347167796,2016-03-14T08:00:00Z,181
2347167796,2016-03-14T09:00:00Z,81
2347167796,2016-03-14T10:00:00Z,77
2347167796,2016-03-14T11:00:00Z,82
2347167796,2016-03-14T12:00:00Z,72
2347167796,2016-03-14T13:00:00Z,99
2347167796,2016-03-14T14:00:00Z,75
2347167796,2016-03-14T15:00:00Z,72
2347167796,2016-03-14T16:00:00Z,87
2347167796,2016-03-14T17:00:00Z,104
2347167796,2016-03-14T18:00:00Z,145
2347167796,2016-03-14T19:00:00Z,134
2347167796,2016-03-14T20:00:00Z,129
2347167796,2016-03-14T21:00:00Z,170
2347167796,2016-03-14T22:00:00Z,67
2347167796,2016-03-14T23:00:00Z,57
2347167796,2016-03-15T00:00:00Z,57
2347167796,2016-03-15T01:00:00Z,58
2347167796,2016-03-15T02:00:00Z,57
2347167796,2016-03-15T03:00:00Z,60
2347167796,2016-03-15T04:00:00Z,57
2347167796,2016-03-15T05:00:00Z,57
2347167796,2016-03-15T06:00:00Z,58
2347167796,2016-03-15T07:00:00Z,105
2347167796,2016-03-15T08:00:00Z,134
2347167796,2016-03-15T09:00:00Z,83
2347167796,2016-03-15T10:00:00Z,72
2347167796,2016-03-15T11:00:00Z,85
2347167796,2016-03-15T12:00:00Z,77
2347167796,2016-03-15T13:00:00Z,85
2347167796,2016-03-15T14:00:00Z,75
2347167796,2016-03-15T15:00:00Z,75
2347167796,2016-03-15T16:00:00Z,90
2347167796,2016-03-15T17:00:00Z,103
2347167796,2016-03-15T18:00:00Z,207
2347167796,2016-03-15T19:00:00Z,263
2347167796,2016-03-15T20:00:00Z,75
2347167796,2016-03-15T21:00:00Z,64
2347167796,2016-03-15T22:00:00Z,58
2347167796,2016-03-15T23:00:00Z,59
2347167796,2016-03-16T00:00:00Z,67
2347167796,2016-03-16T01:00:00Z,57
2347167796,2016-03-16T02:00:00Z,57
2347167796,2016-03-16T03:00:00Z,57
2347167796,2016-03-16T04:00:00Z,57
2347167796,2016-03-16T05:00:00Z,57
2347167796,2016-03-16T06:00:00Z,58
2347167796,2016-03-16T07:00:00Z,108
2347167796,2016-03-16T08:00:00Z,140
2347167796,2016-03-16T09:00:00Z,78
2347167796,2016-03-16T10:00:00Z,70
2347167796,2016-03-16T11:00:00Z,68
2347167796,2016-03-16T12:00:00Z,85
2347167796,2016-03-16T13:00:00Z,93
2347167796,2016-03-16T14:00:00Z,77
2347167796,2016-03-16T15:00:00Z,61
2347167796,2016-03-16T16:00:00Z,69
2347167796,2016-03-16T17:00:00Z,100
2347167796,2016-03-16T18:00:00Z,162
2347167796,2016-03-16T19:00:00Z,57
2347167796,2016-03-16T20:00:00Z,58
2347167796,2016-03-16T21:00:00Z,272
2347167796,2016-03-16T22:00:00Z,121
2347167796,2016-03-16T23:00:00Z,58
2347167796,2016-03-17T00:00:00Z,57
2347167796,2016-03-17T01:00:00Z,60
2347167796,2016-03-17T02:00:00Z,57
2347167796,2016-03-17T03:00:00Z,57
2347167796,2016-03-17T04:00:00Z,57
2347167796,2016-03-17T05:00:00Z,57
2347167796,2016-03-17T06:00:00Z,57
2347167796,2016-03-17T07:00:00Z,74
2347167796,2016-03-17T08:00:00Z,133
2347167796,2016-03-17T09:00:00Z,76
2347167796,2016-03-17T10:00:00Z,81
2347167796,2016-03-17T11:00:00Z,72
2347167796,2016-03-17T12:00:00Z,88
2347167796,2016-03-17T13:00:00Z,106
2347167796,2016-03-17T14:00:00Z,103
2347167796,2016-03-17T15:00:00Z,83
2347167796,2016-03-17T16:00:00Z,82
2347167796,2016-03-17T17:00:00Z,94
2347167796,2016-03-17T18:00:00Z,159
2347167796,2016-03-17T19:00:00Z,211
2347167796,2016-03-17T20:00:00Z,73
2347167796,2016-03-17T21:00:00Z,101
2347167796,2016-03-17T22:00:00Z,108
2347167796,2016-03-17T23:00:00Z,57
2347167796,2016-03-18T00:00:00Z,60
2347167796,2016-03-18T01:00:00Z,57
2347167796,2016-03-18T02:00:00Z,57
2347167796,2016-03-18T03:00:00Z,60
2347167796,2016-03-18T04:00:00Z,57
2347167796,2016-03-18T05:00:00Z,57
2347167796,2016-03-18T06:00:00Z,57
2347167796,2016-03-18T07:00:00Z,60
2347167796,2016-03-18T08:00:00Z,76
2347167796,2016-03-18T09:00:00Z,120
2347167796,2016-03-18T10:00:00Z,66
2347167796,2016-03-18T11:00:00Z,89
2347167796,2016-03-18T12:00:00Z,104
2347167796,2016-03-18T13:00:00Z,77
2347167796,2016-03-18T14:00:00Z,77
2347167796,2016-03-18T15:00:00Z,67
2347167796,2016-03-18T16:00:00Z,75
2347167796,2016-03-18T17:00:00Z,86
2347167796,2016-03-18T18:00:00Z,111
2347167796,2016-03-18T19:00:00Z,69
2347167796,2016-03-18T20:00:00Z,62
2347167796,2016-03-18T21:00:00Z,226
2347167796,2016-03-18T22:00:00Z,173
2347167796,2016-03-18T23:00:00Z,60
2347167796,2016-03-19T00:00:00Z,57
2347167796,2016-03-19T01:00:00Z,57
2347167796,2016-03-19T02:00:00Z,57
2347167796,2016-03-19T03:00:00Z,57
2347167796,2016-03-19T04:00:00Z,57
2347167796,2016-03-19T05:00:00Z,59
2347167796,2016-03-19T06:00:00Z,58
2347167796,2016-03-19T07:00:00Z,59
2347167796,2016-03-19T08:00:00Z,83
2347167796,2016-03-19T09:00:00Z,230
2347167796,2016-03-19T10:00:00Z,104
2347167796,2016-03-19T11:00:00Z,92
2347167796,2016-03-19T12:00:00Z,122
2347167796,2016-03-19T13:00:00Z,69
2347167796,2016-03-19T14:00:00Z,58
2347167796,2016-03-19T15:00:00Z,76
2347167796,2016-03-19T16:00:00Z,94
2347167796,2016-03-19T17:00:00Z,68
2347167796,2016-03-19T18:00:00Z,74
2347167796,2016-03-19T19:00:00Z,114
2347167796,2016-03-19T20:00:00Z,109
2347167796,2016-03-19T21:00:00Z,166
2347167796,2016-03-19T22:00:00Z,81
2347167796,2016-03-19T23:00:00Z,57
2347167796,2016-03-20T00:00:00Z,57
2347167796,2016-03-20T01:00:00Z,61
2347167796,2016-03-20T02:00:00Z,58
2347167796,2016-03-20T03:00:00Z,58
2347167796,2016-03-20T04:00:00Z,57
2347167796,2016-03-20T05:00:00Z,56
2347167796,2016-03-20T06:00:00Z,58
2347167796,2016-03-20T07:00:00Z,69
2347167796,2016-03-20T08:00:00Z,378
2347167796,2016-03-20T09:00:00Z,95
2347167796,2016-03-20T10:00:00Z,91
2347167796,2016-03-20T11:00:00Z,130
2347167796,2016-03-20T12:00:00Z,69
2347167796,2016-03-20T13:00:00Z,115
2347167796,2016-03-20T14:00:00Z,95
2347167796,2016-03-20T15:00:00Z,84
2347167796,2016-03-20T16:00:00Z,110
2347167796,2016-03-20T17:00:00Z,89
2347167796,2016-03-20T18:00:00Z,101
2347167796,2016-03-20T19:00:00Z,100
2347167796,2016-03-20T20:00:00Z,130
2347167796,2016-03-20T21:00:00Z,142
2347167796,2016-03-20T22:00:00Z,57
2347167796,2016-03-20T23:00:00Z,57
2347167796,2016-03-21T00:00:00Z,57
2347167796,2016-03-21T01:00:00Z,62
2347167796,2016-03-21T02:00:00Z,58
2347167796,2016-03-21T03:00:00Z,56
2347167796,2016-03-21T04:00:00Z,57
2347167796,2016-03-21T05:00:00Z,57
2347167796,2016-03-21T06:00:00Z,88
2347167796,2016-03-21T07:00:00Z,101
2347167796,2016-03-21T08:00:00Z,115
2347167796,2016-03-21T09:00:00Z,68
2347167796,2016-03-21T10:00:00Z,93
2347167796,2016-03-21T11:00:00Z,75
2347167796,2016-03-21T12:00:00Z,81
2347167796,2016-03-21T13:00:00Z,148
2347167796,2016-03-21T14:00:00Z,76
2347167796,2016-03-21T15:00:00Z,81
2347167796,2016-03-21T16:00:00Z,74
2347167796,2016-03-21T17:00:00Z,79
2347167796,2016-03-21T18:00:00Z,184
2347167796,2016-03-21T19:00:00Z,115
2347167796,2016-03-21T20:00:00Z,110
2347167796,2016-03-21T21:00:00Z,113
2347167796,2016-03-21T22:00:00Z,143
2347167796,2016-03-21T23:00:00Z,57
2347167796,2016-03-22T00:00:00Z,57
2347167796,2016-03-22T01:00:00Z,58
2347167796,2016-03-22T02:00:00Z,60
2347167796,2016-03-22T03:00:00Z,57
2347167796,2016-03-22T04:00:00Z,57
2347167796,2016-03-22T05:00:00Z,57
2347167796,2016-03-22T06:00:00Z,61
2347167796,2016-03-22T07:00:00Z,149
2347167796,2016-03-22T08:00:00Z,122
2347167796,2016-03-22T09:00:00Z,82
2347167796,2016-03-22T10:00:00Z,83
2347167796,2016-03-22T11:00:00Z,74
2347167796,2016-03-22T12:00:00Z,101
2347167796,2016-03-22T13:00:00Z,99
2347167796,2016-03-22T14:00:00Z,102
2347167796,2016-03-22T15:00:00Z,85
2347167796,2016-03-22T16:00:00Z,67
2347167796,2016-03-22T17:00:00Z,88
2347167796,2016-03-22T18:00:00Z,183
2347167796,2016-03-22T19:00:00Z,75
2347167796,2016-03-22T20:00:00Z,119
2347167796,2016-03-22T21:00:00Z,200
2347167796,2016-03-22T22:00:00Z,66
2347167796,2016-03-22T23:00:00Z,57
2347167796,2016-03-23T00:00:00Z,57
2347167796,2016-03-23T01:00:00Z,61
2347167796,2016-03-23T02:00:00Z,57
2347167796,2016-03-23T03:00:00Z,57
2347167796,2016-03-23T04:00:00Z,57
2347167796,2016-03-23T05:00:00Z,57
2347167796,2016-03-23T06:00:00Z,68
2347167796,2016-03-23T07:00:00Z,189
2347167796,2016-03-23T08:00:00Z,132
2347167796,2016-03-23T09:00:00Z,77
2347167796,2016-03-23T10:00:00Z,84
2347167796,2016-03-23T11:00:00Z,70
2347167796,2016-03-23T12:00:00Z,83
2347167796,2016-03-23T13:00:00Z,83
2347167796,2016-03-23T14:00:00Z,69
2347167796,2016-03-23T15:00:00Z,70
2347167796,2016-03-23T16:00:00Z,79
2347167796,2016-03-23T17:00:00Z,90
2347167796,2016-03-23T18:00:00Z,218
2347167796,2016-03-23T19:00:00Z,75
2347167796,2016-03-23T20:00:00Z,102
2347167796,2016-03-23T21:00:00Z,83
2347167796,2016-03-23T22:00:00Z,82
2347167796,2016-03-23T23:00:00Z,60
2347167796,2016-03-24T00:00:00Z,57
2347167796,2016-03-24T01:00:00Z,60
2347167796,2016-03-24T02:00:00Z,59
2347167796,2016-03-24T03:00:00Z,57
2347167796,2016-03-24T04:00:00Z,57
2347167796,2016-03-24T05:00:00Z,57
2347167796,2016-03-24T06:00:00Z,69
2347167796,2016-03-24T07:00:00Z,250
2347167796,2016-03-24T08:00:00Z,150
2347167796,2016-03-24T09:00:00Z,82
2347167796,2016-03-24T10:00:00Z,67
2347167796,2016-03-24T11:00:00Z,78
2347167796,2016-03-24T12:00:00Z,86
2347167796,2016-03-24T13:00:00Z,82
2347167796,2016-03-24T14:00:00Z,67
2347167796,2016-03-24T15:00:00Z,70
2347167796,2016-03-24T16:00:00Z,74
2347167796,2016-03-24T17:00:00Z,77
2347167796,2016-03-24T18:00:00Z,143
2347167796,2016-03-24T19:00:00Z,195
2347167796,2016-03-24T20:00:00Z,62
2347167796,2016-03-24T21:00:00Z,77
2347167796,2016-03-24T22:00:00Z,83
2347167796,2016-03-24T23:00:00Z,57
2347167796,2016-03-25T00:00:00Z,58
2347167796,2016-03-25T01:00:00Z,60
2347167796,2016-03-25T02:00:00Z,57
2347167796,2016-03-25T03:00:00Z,58
2347167796,2016-03-25T04:00:00Z,57
2347167796,2016-03-25T05:00:00Z,66
2347167796,2016-03-25T06:00:00Z,72
2347167796,2016-03-25T07:00:00Z,74
2347167796,2016-03-25T08:00:00Z,121
2347167796,2016-03-25T09:00:00Z,69
2347167796,2016-03-25T10:00:00Z,80
2347167796,2016-03-25T11:00:00Z,78
2347167796,2016-03-25T12:00:00Z,99
2347167796,2016-03-25T13:00:00Z,142
2347167796,2016-03-25T14:00:00Z,94
2347167796,2016-03-25T15:00:00Z,88
2347167796,2016-03-25T16:00:00Z,81
2347167796,2016-03-25T17:00:00Z,73
2347167796,2016-03-25T18:00:00Z,134
2347167796,2016-03-25T19:00:00Z,70
2347167796,2016-03-25T20:00:00Z,80
2347167796,2016-03-25T21:00:00Z,82
2347167796,2016-03-25T22:00:00Z,65
2347167796,2016-03-25T23:00:00Z,56
2347167796,2016-03-26T00:00:00Z,56
2347167796,2016-03-26T01:00:00Z,56
2347167796,2016-03-26T02:00:00Z,56
2347167796,2016-03-26T03:00:00Z,56
2347167796,2016-03-26T04:00:00Z,56
2347167796,2016-03-26T05:00:00Z,56
2347167796,2016-03-26T06:00:00Z,56
2347167796,2016-03-26T07:00:00Z,82
2347167796,2016-03-26T08:00:00Z,243
2347167796,2016-03-26T09:00:00Z,203
2347167796,2016-03-26T10:00:00Z,78
2347167796,2016-03-26T11:00:00Z,109
2347167796,2016-03-26T12:00:00Z,102
2347167796,2016-03-26T13:00:00Z,111
2347167796,2016-03-26T14:00:00Z,143
2347167796,2016-03-26T15:00:00Z,107
2347167796,2016-03-26T16:00:00Z,92
2347167796,2016-03-26T17:00:00Z,111
2347167796,2016-03-26T18:00:00Z,161
2347167796,2016-03-26T19:00:00Z,127
2347167796,2016-03-26T20:00:00Z,86
2347167796,2016-03-26T21:00:00Z,80
2347167796,2016-03-26T22:00:00Z,56
2347167796,2016-03-26T23:00:00Z,56
2347167796,2016-03-27T00:00:00Z,56
2347167796,2016-03-27T01:00:00Z,56
2347167796,2016-03-27T02:00:00Z,56
2347167796,2016-03-27T03:00:00Z,56
2347167796,2016-03-27T04:00:00Z,56
2347167796,2016-03-27T05:00:00Z,56
2347167796,2016-03-27T06:00:00Z,56
2347167796,2016-03-27T07:00:00Z,56
2347167796,2016-03-27T08:00:00Z,56
2347167796,2016-03-27T09:00:00Z,87
2347167796,2016-03-27T10:00:00Z,108
2347167796,2016-03-27T11:00:00Z,180
2347167796,2016-03-27T12:00:00Z,77
2347167796,2016-03-27T13:00:00Z,127
2347167796,2016-03-27T14:00:00Z,204
2347167796,2016-03-27T15:00:00Z,198
2347167796,2016-03-27T16:00:00Z,124
2347167796,2016-03-27T17:00:00Z,83
2347167796,2016-03-27T18:00:00Z,80
2347167796,2016-03-27T19:00:00Z,115
2347167796,2016-03-27T20:00:00Z,111
2347167796,2016-03-27T21:00:00Z,73
2347167796,2016-03-27T22:00:00Z,58
2347167796,2016-03-27T23:00:00Z,60
2347167796,2016-03-28T00:00:00Z,57
2347167796,2016-03-28T01:00:00Z,57
2347167796,2016-03-28T02:00:00Z,58
2347167796,2016-03-28T03:00:00Z,57
2347167796,2016-03-28T04:00:00Z,57
2347167796,2016-03-28T05:00:00Z,57
2347167796,2016-03-28T06:00:00Z,60
2347167796,2016-03-28T07:00:00Z,82
2347167796,2016-03-28T08:00:00Z,132
2347167796,2016-03-28T09:00:00Z,80
2347167796,2016-03-28T10:00:00Z,61
2347167796,2016-03-28T11:00:00Z,86
2347167796,2016-03-28T12:00:00Z,75
2347167796,2016-03-28T13:00:00Z,94
2347167796,2016-03-28T14:00:00Z,85
2347167796,2016-03-28T15:00:00Z,71
2347167796,2016-03-28T16:00:00Z,78
2347167796,2016-03-28T17:00:00Z,62
2347167796,2016-03-28T18:00:00Z,149
2347167796,2016-03-28T19:00:00Z,136
2347167796,2016-03-28T20:00:00Z,82
2347167796,2016-03-28T21:00:00Z,83
2347167796,2016-03-28T22:00:00Z,56
2347167796,2016-03-28T23:00:00Z,57
2347167796,2016-03-29T00:00:00Z,61
2347167796,2016-03-29T01:00:00Z,57
2347167796,2016-03-29T02:00:00Z,57
2347167796,2016-03-29T03:00:00Z,57
2347167796,2016-03-29T04:00:00Z,58
2347167796,2016-03-29T05:00:00Z,57
2347167796,2016-03-29T06:00:00Z,87
2347167796,2016-03-29T07:00:00Z,199
2347167796,2016-03-29T08:00:00Z,130
2347167796,2016-03-29T09:00:00Z,72
2347167796,2016-03-29T10:00:00Z,73
2347167796,2016-03-29T11:00:00Z,78
2347167796,2016-03-29T12:00:00Z,73
2347167796,2016-03-29T13:00:00Z,177
2347167796,2016-03-29T14:00:00Z,72
2347167796,2016-03-29T15:00:00Z,85
2347167796,2016-03-29T16:00:00Z,68
2347167796,2016-03-29T17:00:00Z,78
2347167796,2016-03-29T18:00:00Z,137
2347167796,2016-03-29T19:00:00Z,66
2347167796,2016-03-29T20:00:00Z,65
2347167796,2016-03-29T21:00:00Z,120
2347167796,2016-03-29T22:00:00Z,60
2347167796,2016-03-29T23:00:00Z,57
2347167796,2016-03-30T00:00:00Z,57
2347167796,2016-03-30T01:00:00Z,57
2347167796,2016-03-30T02:00:00Z,57
2347167796,2016-03-30T03:00:00Z,57
2347167796,2016-03-30T04:00:00Z,57
2347167796,2016-03-30T05:00:00Z,60
2347167796,2016-03-30T06:00:00Z,62
2347167796,2016-03-30T07:00:00Z,76
2347167796,2016-03-30T08:00:00Z,160
2347167796,2016-03-30T09:00:00Z,99
2347167796,2016-03-30T10:00:00Z,91
2347167796,2016-03-30T11:00:00Z,119
2347167796,2016-03-30T12:00:00Z,93
2347167796,2016-03-30T13:00:00Z,74
2347167796,2016-03-30T14:00:00Z,74
2347167796,2016-03-30T15:00:00Z,90
2347167796,2016-03-30T16:00:00Z,74
2347167796,2016-03-30T17:00:00Z,81
2347167796,2016-03-30T18:00:00Z,219
2347167796,2016-03-30T19:00:00Z,112
2347167796,2016-03-30T20:00:00Z,76
2347167796,2016-03-30T21:00:00Z,146
2347167796,2016-03-30T22:00:00Z,132
2347167796,2016-03-30T23:00:00Z,63
2347167796,2016-03-31T00:00:00Z,58
2347167796,2016-03-31T01:00:00Z,57
2347167796,2016-03-31T02:00:00Z,57
2347167796,2016-03-31T03:00:00Z,56
2347167796,2016-03-31T04:00:00Z,57
2347167796,2016-03-31T05:00:00Z,58
2347167796,2016-03-31T06:00:00Z,57
2347167796,2016-03-31T07:00:00Z,94
2347167796,2016-03-31T08:00:00Z,120
2347167796,2016-03-31T09:00:00Z,66
2347167796,2016-03-31T10:00:00Z,116
2347167796,2016-03-31T11:00:00Z,64
2347167796,2016-03-31T12:00:00Z,80
2347167796,2016-03-31T13:00:00Z,89
2347167796,2016-03-31T14:00:00Z,73
2347167796,2016-03-31T15:00:00Z,63
2347167796,2016-03-31T16:00:00Z,77
2347167796,2016-03-31T17:00:00Z,95
2347167796,2016-03-31T18:00:00Z,173
2347167796,2016-03-31T19:00:00Z,101
2347167796,2016-03-31T20:00:00Z,108
2347167796,2016-03-31T21:00:00Z,94
2347167796,2016-03-31T22:00:00Z,58
2347167796,2016-03-31T23:00:00Z,57
2347167796,2016-04-01T00:00:00Z,60
2347167796,2016-04-01T01:00:00Z,57
2347167796,2016-04-01T02:00:00Z,57
2347167796,2016-04-01T03:00:00Z,57
2347167796,2016-04-01T04:00:00Z,57
2347167796,2016-04-01T05:00:00Z,57
2347167796,2016-04-01T06:00:00Z,68
2347167796,2016-04-01T07:00:00Z,181
2347167796,2016-04-01T08:00:00Z,137
2347167796,2016-04-01T09:00:00Z,66
2347167796,2016-04-01T10:00:00Z,86
2347167796,2016-04-01T11:00:00Z,77
2347167796,2016-04-01T12:00:00Z,83
2347167796,2016-04-01T13:00:00Z,126
2347167796,2016-04-01T14:00:00Z,71
2347167796,2016-04-01T15:00:00Z,79
2347167796,2016-04-01T16:00:00Z,84
2347167796,2016-04-01T17:00:00Z,71
2347167796,2016-04-01T18:00:00Z,120
2347167796,2016-04-01T19:00:00Z,71
2347167796,2016-04-01T20:00:00Z,76
2347167796,2016-04-01T21:00:00Z,56
2347167796,2016-04-01T22:00:00Z,61
2347167796,2016-04-01T23:00:00Z,79
2347167796,2016-04-02T00:00:00Z,61
2347167796,2016-04-02T01:00:00Z,57
2347167796,2016-04-02T02:00:00Z,57
2347167796,2016-04-02T03:00:00Z,57
2347167796,2016-04-02T04:00:00Z,59
2347167796,2016-04-02T05:00:00Z,57
2347167796,2016-04-02T06:00:00Z,57
2347167796,2016-04-02T07:00:00Z,59
2347167796,2016-04-02T08:00:00Z,88
2347167796,2016-04-02T09:00:00Z,136
2347167796,2016-04-02T10:00:00Z,336
2347167796,2016-04-02T11:00:00Z,121
2347167796,2016-04-02T12:00:00Z,141
2347167796,2016-04-02T13:00:00Z,91
2347167796,2016-04-02T14:00:00Z,106
2347167796,2016-04-02T15:00:00Z,116
2347167796,2016-04-02T16:00:00Z,138
2347167796,2016-04-02T17:00:00Z,144
2347167796,2016-04-02T18:00:00Z,155
2347167796,2016-04-02T19:00:00Z,80
2347167796,2016-04-02T20:00:00Z,97
2347167796,2016-04-02T21:00:00Z,108
2347167796,2016-04-02T22:00:00Z,61
2347167796,2016-04-02T23:00:00Z,59
2347167796,2016-04-03T00:00:00Z,64
2347167796,2016-04-03T01:00:00Z,57
2347167796,2016-04-03T02:00:00Z,56
2347167796,2016-04-03T03:00:00Z,57
2347167796,2016-04-03T04:00:00Z,56
2347167796,2016-04-03T05:00:00Z,57
2347167796,2016-04-03T06:00:00Z,57
2347167796,2016-04-03T07:00:00Z,59
2347167796,2016-04-03T08:00:00Z,63
2347167796,2016-04-03T09:00:00Z,108
2347167796,2016-04-03T10:00:00Z,95
2347167796,2016-04-03T11:00:00Z,132
2347167796,2016-04-03T12:00:00Z,68
2347167796,2016-04-03T13:00:00Z,105
2347167796,2016-04-03T14:00:00Z,98
2347167796,2016-04-03T15:00:00Z,103
2347167796,2016-04-03T16:00:00Z,147
2347167796,2016-04-03T17:00:00Z,70
2347167796,2016-04-03T18:00:00Z,128
2347167796,2016-04-03T19:00:00Z,137
2347167796,2016-04-03T20:00:00Z,107
2347167796,2016-04-03T21:00:00Z,97
2347167796,2016-04-03T22:00:00Z,57
2347167796,2016-04-03T23:00:00Z,60
2347167796,2016-04-04T00:00:00Z,57
2347167796,2016-04-04T01:00:00Z,57
2347167796,2016-04-04T02:00:00Z,57
2347167796,2016-04-04T03:00:00Z,57
2347167796,2016-04-04T04:00:00Z,57
2347167796,2016-04-04T05:00:00Z,61
2347167796,2016-04-04T06:00:00Z,72
2347167796,2016-04-04T07:00:00Z,75
2347167796,2016-04-04T08:00:00Z,126
2347167796,2016-04-04T09:00:00Z,64
2347167796,2016-04-04T10:00:00Z,74
2347167796,2016-04-04T11:00:00Z,67
2347167796,2016-04-04T12:00:00Z,94
2347167796,2016-04-04T13:00:00Z,145
2347167796,2016-04-04T14:00:00Z,71
2347167796,2016-04-04T15:00:00Z,63
2347167796,2016-04-04T16:00:00Z,85
2347167796,2016-04-04T17:00:00Z,102
2347167796,2016-04-04T18:00:00Z,109
2347167796,2016-04-04T19:00:00Z,100
2347167796,2016-04-04T20:00:00Z,208
2347167796,2016-04-04T21:00:00Z,184
2347167796,2016-04-04T22:00:00Z,57
2347167796,2016-04-04T23:00:00Z,58
2347167796,2016-04-05T00:00:00Z,60
2347167796,2016-04-05T01:00:00Z,59
2347167796,2016-04-05T02:00:00Z,57
2347167796,2016-04-05T03:00:00Z,57
2347167796,2016-04-05T04:00:00Z,57
2347167796,2016-04-05T05:00:00Z,57
2347167796,2016-04-05T06:00:00Z,59
2347167796,2016-04-05T07:00:00Z,102
2347167796,2016-04-05T08:00:00Z,140
2347167796,2016-04-05T09:00:00Z,74
2347167796,2016-04-05T10:00:00Z,75
2347167796,2016-04-05T11:00:00Z,90
2347167796,2016-04-05T12:00:00Z,107
2347167796,2016-04-05T13:00:00Z,80
2347167796,2016-04-05T14:00:00Z,108
2347167796,2016-04-05T15:00:00Z,71
2347167796,2016-04-05T16:00:00Z,74
2347167796,2016-04-05T17:00:00Z,83
2347167796,2016-04-05T18:00:00Z,130
2347167796,2016-04-05T19:00:00Z,109
2347167796,2016-04-05T20:00:00Z,160
2347167796,2016-04-05T21:00:00Z,160
2347167796,2016-04-05T22:00:00Z,68
2347167796,2016-04-05T23:00:00Z,59
2347167796,2016-04-06T00:00:00Z,57
2347167796,2016-04-06T01:00:00Z,57
2347167796,2016-04-06T02:00:00Z,60
2347167796,2016-04-06T03:00:00Z,57
2347167796,2016-04-06T04:00:00Z,57
2347167796,2016-04-06T05:00:00Z,57
2347167796,2016-04-06T06:00:00Z,58
2347167796,2016-04-06T07:00:00Z,211
2347167796,2016-04-06T08:00:00Z,128
2347167796,2016-04-06T09:00:00Z,73
2347167796,2016-04-06T10:00:00Z,70
2347167796,2016-04-06T11:00:00Z,68
2347167796,2016-04-06T12:00:00Z,73
2347167796,2016-04-06T13:00:00Z,94
2347167796,2016-04-06T14:00:00Z,71
2347167796,2016-04-06T15:00:00Z,71
2347167796,2016-04-06T16:00:00Z,71
2347167796,2016-04-06T17:00:00Z,76
2347167796,2016-04-06T18:00:00Z,181
2347167796,2016-04-06T19:00:00Z,197
2347167796,2016-04-06T20:00:00Z,69
2347167796,2016-04-06T21:00:00Z,79
2347167796,2016-04-06T22:00:00Z,67
2347167796,2016-04-06T23:00:00Z,56
2347167796,2016-04-07T00:00:00Z,56
2347167796,2016-04-07T01:00:00Z,56
2347167796,2016-04-07T02:00:00Z,56
2347167796,2016-04-07T03:00:00Z,56
2347167796,2016-04-07T04:00:00Z,56
2347167796,2016-04-07T05:00:00Z,56
2347167796,2016-04-07T06:00:00Z,56
2347167796,2016-04-07T07:00:00Z,95
2347167796,2016-04-07T08:00:00Z,122
2347167796,2016-04-07T09:00:00Z,84
2347167796,2016-04-07T10:00:00Z,77
2347167796,2016-04-07T11:00:00Z,87
2347167796,2016-04-07T12:00:00Z,133
2347167796,2016-04-07T13:00:00Z,168
2347167796,2016-04-07T14:00:00Z,117
2347167796,2016-04-07T15:00:00Z,100
2347167796,2016-04-07T16:00:00Z,132
2347167796,2016-04-07T17:00:00Z,95
2347167796,2016-04-07T18:00:00Z,145
2347167796,2016-04-07T19:00:00Z,220
2347167796,2016-04-07T20:00:00Z,90
2347167796,2016-04-07T21:00:00Z,94
2347167796,2016-04-07T22:00:00Z,128
2347167796,2016-04-07T23:00:00Z,57
2347167796,2016-04-08T00:00:00Z,57
2347167796,2016-04-08T01:00:00Z,57
2347167796,2016-04-08T02:00:00Z,57
2347167796,2016-04-08T03:00:00Z,57
2347167796,2016-04-08T04:00:00Z,57
2347167796,2016-04-08T05:00:00Z,57
2347167796,2016-04-08T06:00:00Z,59
2347167796,2016-04-08T07:00:00Z,104
2347167796,2016-04-08T08:00:00Z,123
2347167796,2016-04-08T09:00:00Z,86
2347167796,2016-04-08T10:00:00Z,78
2347167796,2016-04-08T11:00:00Z,78
2347167796,2016-04-08T12:00:00Z,91
2347167796,2016-04-08T13:00:00Z,139
2347167796,2016-04-08T14:00:00Z,68
2347167796,2016-04-08T15:00:00Z,97
2347167796,2016-04-08T16:00:00Z,89
2347167796,2016-04-08T17:00:00Z,66
2347167796,2016-04-08T18:00:00Z,147
2347167796,2016-04-08T19:00:00Z,128
2347167796,2016-04-08T20:00:00Z,112
2347167796,2016-04-08T21:00:00Z,161
2347167796,2016-04-08T22:00:00Z,77
2347167796,2016-04-08T23:00:00Z,61
2347167796,2016-04-09T00:00:00Z,56
2347167796,2016-04-09T01:00:00Z,56
2347167796,2016-04-09T02:00:00Z,56
2347167796,2016-04-09T03:00:00Z,56
2347167796,2016-04-09T04:00:00Z,56
2347167796,2016-04-09T05:00:00Z,56
2347167796,2016-04-09T06:00:00Z,56
2347167796,2016-04-09T07:00:00Z,72
2347167796,2016-04-09T08:00:00Z,123
2347167796,2016-04-09T09:00:00Z,114
2347167796,2016-04-09T10:00:00Z,182
2347167796,2016-04-09T11:00:00Z,199
2347167796,2016-04-09T12:00:00Z,132
2347167796,2016-04-09T13:00:00Z,68
2347167796,2016-04-09T14:00:00Z,101
2347167796,2016-04-09T15:00:00Z,124
2347167796,2016-04-09T16:00:00Z,128
2347167796,2016-04-09T17:00:00Z,225
2347167796,2016-04-09T18:00:00Z,141
2347167796,2016-04-09T19:00:00Z,122
2347167796,2016-04-09T20:00:00Z,76
2347167796,2016-04-09T21:00:00Z,104
2347167796,2016-04-09T22:00:00Z,94
2347167796,2016-04-09T23:00:00Z,90
2347167796,2016-04-10T00:00:00Z,57
2347167796,2016-04-10T01:00:00Z,59
2347167796,2016-04-10T02:00:00Z,58
2347167796,2016-04-10T03:00:00Z,57
2347167796,2016-04-10T04:00:00Z,60
2347167796,2016-04-10T05:00:00Z,56
2347167796,2016-04-10T06:00:00Z,57
2347167796,2016-04-10T07:00:00Z,59
2347167796,2016-04-10T08:00:00Z,57
2347167796,2016-04-10T09:00:00Z,71
2347167796,2016-04-10T10:00:00Z,144
2347167796,2016-04-10T11:00:00Z,132
2347167796,2016-04-10T12:00:00Z,79
2347167796,2016-04-10T13:00:00Z,126
2347167796,2016-04-10T14:00:00Z,135
2347167796,2016-04-10T15:00:00Z,102
2347167796,2016-04-10T16:00:00Z,79
2347167796,2016-04-10T17:00:00Z,89
2347167796,2016-04-10T18:00:00Z,118
2347167796,2016-04-10T19:00:00Z,165
2347167796,2016-04-10T20:00:00Z,169
2347167796,2016-04-10T21:00:00Z,122
2347167796,2016-04-10T22:00:00Z,60
2347167796,2016-04-10T23:00:00Z,57
2347167796,2016-04-11T00:00:00Z,57
2347167796,2016-04-11T01:00:00Z,64
2347167796,2016-04-11T02:00:00Z,59
2347167796,2016-04-11T03:00:00Z,57
2347167796,2016-04-11T04:00:00Z,57
2347167796,2016-04-11T05:00:00Z,57
2347167796,2016-04-11T06:00:00Z,78
2347167796,2016-04-11T07:00:00Z,238
2347167796,2016-04-11T08:00:00Z,116
2347167796,2016-04-11T09:00:00Z,75
2347167796,2016-04-11T10:00:00Z,76
2347167796,2016-04-11T11:00:00Z,77
2347167796,2016-04-11T12:00:00Z,85
2347167796,2016-04-11T13:00:00Z,66
2347167796,2016-04-11T14:00:00Z,64
2347167796,2016-04-11T15:00:00Z,76
2347167796,2016-04-11T16:00:00Z,75
2347167796,2016-04-11T17:00:00Z,74
2347167796,2016-04-11T18:00:00Z,202
2347167796,2016-04-11T19:00:00Z,82
2347167796,2016-04-11T20:00:00Z,93
2347167796,2016-04-11T21:00:00Z,69
2347167796,2016-04-11T22:00:00Z,56
2347167796,2016-04-11T23:00:00Z,56
2347167796,2016-04-12T00:00:00Z,56
2347167796,2016-04-12T01:00:00Z,56
2347167796,2016-04-12T02:00:00Z,56
2347167796,2016-04-12T03:00:00Z,56
2347167796,2016-04-12T04:00:00Z,56
2347167796,2016-04-12T05:00:00Z,56
2347167796,2016-04-12T06:00:00Z,56
2873212765,2016-03-12T00:00:00Z,53
2873212765,2016-03-12T01:00:00Z,53
2873212765,2016-03-12T02:00:00Z,53
2873212765,2016-03-12T03:00:00Z,53
2873212765,2016-03-12T04:00:00Z,53
2873212765,2016-03-12T05:00:00Z,53
2873212765,2016-03-12T06:00:00Z,53
2873212765,2016-03-12T07:00:00Z,255
2873212765,2016-03-12T08:00:00Z,183
2873212765,2016-03-12T09:00:00Z,89
2873212765,2016-03-12T10:00:00Z,137
2873212765,2016-03-12T11:00:00Z,93
2873212765,2016-03-12T12:00:00Z,133
2873212765,2016-03-12T13:00:00Z,112
2873212765,2016-03-12T14:00:00Z,57
2873212765,2016-03-12T15:00:00Z,58
2873212765,2016-03-12T16:00:00Z,121
2873212765,2016-03-12T17:00:00Z,61
2873212765,2016-03-12T18:00:00Z,71
2873212765,2016-03-12T19:00:00Z,66
2873212765,2016-03-12T20:00:00Z,53
2873212765,2016-03-12T21:00:00Z,53
2873212765,2016-03-12T22:00:00Z,53
2873212765,2016-03-12T23:00:00Z,53
2873212765,2016-03-13T00:00:00Z,53
2873212765,2016-03-13T01:00:00Z,53
2873212765,2016-03-13T02:00:00Z,53
2873212765,2016-03-13T03:00:00Z,53
2873212765,2016-03-13T04:00:00Z,53
2873212765,2016-03-13T05:00:00Z,53
2873212765,2016-03-13T06:00:00Z,53
2873212765,2016-03-13T07:00:00Z,62
2873212765,2016-03-13T08:00:00Z,466
2873212765,2016-03-13T09:00:00Z,143
2873212765,2016-03-13T10:00:00Z,88
2873212765,2016-03-13T11:00:00Z,108
2873212765,2016-03-13T12:00:00Z,102
2873212765,2016-03-13T13:00:00Z,54
2873212765,2016-03-13T14:00:00Z,129
2873212765,2016-03-13T15:00:00Z,130
2873212765,2016-03-13T16:00:00Z,123
2873212765,2016-03-13T17:00:00Z,69
2873212765,2016-03-13T18:00:00Z,64
2873212765,2016-03-13T19:00:00Z,61
2873212765,2016-03-13T20:00:00Z,167
2873212765,2016-03-13T21:00:00Z,53
2873212765,2016-03-13T22:00:00Z,53
2873212765,2016-03-13T23:00:00Z,53
2873212765,2016-03-14T00:00:00Z,53
2873212765,2016-03-14T01:00:00Z,53
2873212765,2016-03-14T02:00:00Z,53
2873212765,2016-03-14T03:00:00Z,53
2873212765,2016-03-14T04:00:00Z,53
2873212765,2016-03-14T05:00:00Z,83
2873212765,2016-03-14T06:00:00Z,65
2873212765,2016-03-14T07:00:00Z,127
2873212765,2016-03-14T08:00:00Z,143
2873212765,2016-03-14T09:00:00Z,119
2873212765,2016-03-14T10:00:00Z,119
2873212765,2016-03-14T11:00:00Z,96
2873212765,2016-03-14T12:00:00Z,145
2873212765,2016-03-14T13:00:00Z,121
2873212765,2016-03-14T14:00:00Z,66
2873212765,2016-03-14T15:00:00Z,110
2873212765,2016-03-14T16:00:00Z,79
2873212765,2016-03-14T17:00:00Z,97
2873212765,2016-03-14T18:00:00Z,72
2873212765,2016-03-14T19:00:00Z,61
2873212765,2016-03-14T20:00:00Z,75
2873212765,2016-03-14T21:00:00Z,53
2873212765,2016-03-14T22:00:00Z,53
2873212765,2016-03-14T23:00:00Z,53
2873212765,2016-03-15T00:00:00Z,53
2873212765,2016-03-15T01:00:00Z,53
2873212765,2016-03-15T02:00:00Z,53
2873212765,2016-03-15T03:00:00Z,53
2873212765,2016-03-15T04:00:00Z,53
2873212765,2016-03-15T05:00:00Z,82
2873212765,2016-03-15T06:00:00Z,62
2873212765,2016-03-15T07:00:00Z,109
2873212765,2016-03-15T08:00:00Z,130
2873212765,2016-03-15T09:00:00Z,117
2873212765,2016-03-15T10:00:00Z,94
2873212765,2016-03-15T11:00:00Z,74
2873212765,2016-03-15T12:00:00Z,129
2873212765,2016-03-15T13:00:00Z,162
2873212765,2016-03-15T14:00:00Z,104
2873212765,2016-03-15T15:00:00Z,85
2873212765,2016-03-15T16:00:00Z,77
2873212765,2016-03-15T17:00:00Z,53
2873212765,2016-03-15T18:00:00Z,53
2873212765,2016-03-15T19:00:00Z,53
2873212765,2016-03-15T20:00:00Z,58
2873212765,2016-03-15T21:00:00Z,53
2873212765,2016-03-15T22:00:00Z,53
2873212765,2016-03-15T23:00:00Z,53
2873212765,2016-03-16T00:00:00Z,53
2873212765,2016-03-16T01:00:00Z,53
2873212765,2016-03-16T02:00:00Z,53
2873212765,2016-03-16T03:00:00Z,53
2873212765,2016-03-16T04:00:00Z,53
2873212765,2016-03-16T05:00:00Z,93
2873212765,2016-03-16T06:00:00Z,63
2873212765,2016-03-16T07:00:00Z,108
2873212765,2016-03-16T08:00:00Z,115
2873212765,2016-03-16T09:00:00Z,140
2873212765,2016-03-16T10:00:00Z,98
2873212765,2016-03-16T11:00:00Z,111
2873212765,2016-03-16T12:00:00Z,106
2873212765,2016-03-16T13:00:00Z,94
2873212765,2016-03-16T14:00:00Z,59
2873212765,2016-03-16T15:00:00Z,71
2873212765,2016-03-16T16:00:00Z,115
2873212765,2016-03-16T17:00:00Z,113
2873212765,2016-03-16T18:00:00Z,72
2873212765,2016-03-16T19:00:00Z,117
2873212765,2016-03-16T20:00:00Z,61
2873212765,2016-03-16T21:00:00Z,53
2873212765,2016-03-16T22:00:00Z,71
2873212765,2016-03-16T23:00:00Z,53
2873212765,2016-03-17T00:00:00Z,53
2873212765,2016-03-17T01:00:00Z,53
2873212765,2016-03-17T02:00:00Z,53
2873212765,2016-03-17T03:00:00Z,53
2873212765,2016-03-17T04:00:00Z,53
2873212765,2016-03-17T05:00:00Z,53
2873212765,2016-03-17T06:00:00Z,82
2873212765,2016-03-17T07:00:00Z,130
2873212765,2016-03-17T08:00:00Z,113
2873212765,2016-03-17T09:00:00Z,140
2873212765,2016-03-17T10:00:00Z,162
2873212765,2016-03-17T11:00:00Z,76
2873212765,2016-03-17T12:00:00Z,88
2873212765,2016-03-17T13:00:00Z,118
2873212765,2016-03-17T14:00:00Z,126
2873212765,2016-03-17T15:00:00Z,132
2873212765,2016-03-17T16:00:00Z,125
2873212765,2016-03-17T17:00:00Z,249
2873212765,2016-03-17T18:00:00Z,74
2873212765,2016-03-17T19:00:00Z,63
2873212765,2016-03-17T20:00:00Z,72
2873212765,2016-03-17T21:00:00Z,53
2873212765,2016-03-17T22:00:00Z,53
2873212765,2016-03-17T23:00:00Z,53
2873212765,2016-03-18T00:00:00Z,53
2873212765,2016-03-18T01:00:00Z,53
2873212765,2016-03-18T02:00:00Z,53
2873212765,2016-03-18T03:00:00Z,53
2873212765,2016-03-18T04:00:00Z,53
2873212765,2016-03-18T05:00:00Z,82
2873212765,2016-03-18T06:00:00Z,60
2873212765,2016-03-18T07:00:00Z,136
2873212765,2016-03-18T08:00:00Z,129
2873212765,2016-03-18T09:00:00Z,125
2873212765,2016-03-18T10:00:00Z,97
2873212765,2016-03-18T11:00:00Z,113
2873212765,2016-03-18T12:00:00Z,119
2873212765,2016-03-18T13:00:00Z,104
2873212765,2016-03-18T14:00:00Z,102
2873212765,2016-03-18T15:00:00Z,61
2873212765,2016-03-18T16:00:00Z,414
2873212765,2016-03-18T17:00:00Z,206
2873212765,2016-03-18T18:00:00Z,83
2873212765,2016-03-18T19:00:00Z,93
2873212765,2016-03-18T20:00:00Z,55
2873212765,2016-03-18T21:00:00Z,80
2873212765,2016-03-18T22:00:00Z,56
2873212765,2016-03-18T23:00:00Z,53
2873212765,2016-03-19T00:00:00Z,53
2873212765,2016-03-19T01:00:00Z,53
2873212765,2016-03-19T02:00:00Z,53
2873212765,2016-03-19T03:00:00Z,53
2873212765,2016-03-19T04:00:00Z,53
2873212765,2016-03-19T05:00:00Z,53
2873212765,2016-03-19T06:00:00Z,54
2873212765,2016-03-19T07:00:00Z,53
2873212765,2016-03-19T08:00:00Z,64
2873212765,2016-03-19T09:00:00Z,118
2873212765,2016-03-19T10:00:00Z,177
2873212765,2016-03-19T11:00:00Z,121
2873212765,2016-03-19T12:00:00Z,148
2873212765,2016-03-19T13:00:00Z,90
2873212765,2016-03-19T14:00:00Z,90
2873212765,2016-03-19T15:00:00Z,133
2873212765,2016-03-19T16:00:00Z,106
2873212765,2016-03-19T17:00:00Z,62
2873212765,2016-03-19T18:00:00Z,66
2873212765,2016-03-19T19:00:00Z,73
2873212765,2016-03-19T20:00:00Z,62
2873212765,2016-03-19T21:00:00Z,59
2873212765,2016-03-19T22:00:00Z,69
2873212765,2016-03-19T23:00:00Z,63
2873212765,2016-03-20T00:00:00Z,53
2873212765,2016-03-20T01:00:00Z,53
2873212765,2016-03-20T02:00:00Z,53
2873212765,2016-03-20T03:00:00Z,53
2873212765,2016-03-20T04:00:00Z,53
2873212765,2016-03-20T05:00:00Z,53
2873212765,2016-03-20T06:00:00Z,53
2873212765,2016-03-20T07:00:00Z,63
2873212765,2016-03-20T08:00:00Z,58
2873212765,2016-03-20T09:00:00Z,57
2873212765,2016-03-20T10:00:00Z,74
2873212765,2016-03-20T11:00:00Z,95
2873212765,2016-03-20T12:00:00Z,106
2873212765,2016-03-20T13:00:00Z,97
2873212765,2016-03-20T14:00:00Z,122
2873212765,2016-03-20T15:00:00Z,138
2873212765,2016-03-20T16:00:00Z,153
2873212765,2016-03-20T17:00:00Z,77
2873212765,2016-03-20T18:00:00Z,107
2873212765,2016-03-20T19:00:00Z,62
2873212765,2016-03-20T20:00:00Z,72
2873212765,2016-03-20T21:00:00Z,53
2873212765,2016-03-20T22:00:00Z,53
2873212765,2016-03-20T23:00:00Z,53
2873212765,2016-03-21T00:00:00Z,53
2873212765,2016-03-21T01:00:00Z,53
2873212765,2016-03-21T02:00:00Z,53
2873212765,2016-03-21T03:00:00Z,53
2873212765,2016-03-21T04:00:00Z,53
2873212765,2016-03-21T05:00:00Z,81
2873212765,2016-03-21T06:00:00Z,78
2873212765,2016-03-21T07:00:00Z,107
2873212765,2016-03-21T08:00:00Z,149
2873212765,2016-03-21T09:00:00Z,142
2873212765,2016-03-21T10:00:00Z,124
2873212765,2016-03-21T11:00:00Z,73
2873212765,2016-03-21T12:00:00Z,159
2873212765,2016-03-21T13:00:00Z,115
2873212765,2016-03-21T14:00:00Z,61
2873212765,2016-03-21T15:00:00Z,85
2873212765,2016-03-21T16:00:00Z,101
2873212765,2016-03-21T17:00:00Z,85
2873212765,2016-03-21T18:00:00Z,68
2873212765,2016-03-21T19:00:00Z,66
2873212765,2016-03-21T20:00:00Z,63
2873212765,2016-03-21T21:00:00Z,53
2873212765,2016-03-21T22:00:00Z,53
2873212765,2016-03-21T23:00:00Z,53
2873212765,2016-03-22T00:00:00Z,53
2873212765,2016-03-22T01:00:00Z,53
2873212765,2016-03-22T02:00:00Z,53
2873212765,2016-03-22T03:00:00Z,53
2873212765,2016-03-22T04:00:00Z,53
2873212765,2016-03-22T05:00:00Z,80
2873212765,2016-03-22T06:00:00Z,64
2873212765,2016-03-22T07:00:00Z,110
2873212765,2016-03-22T08:00:00Z,103
2873212765,2016-03-22T09:00:00Z,93
2873212765,2016-03-22T10:00:00Z,82
2873212765,2016-03-22T11:00:00Z,66
2873212765,2016-03-22T12:00:00Z,149
2873212765,2016-03-22T13:00:00Z,122
2873212765,2016-03-22T14:00:00Z,69
2873212765,2016-03-22T15:00:00Z,54
2873212765,2016-03-22T16:00:00Z,77
2873212765,2016-03-22T17:00:00Z,71
2873212765,2016-03-22T18:00:00Z,79
2873212765,2016-03-22T19:00:00Z,90
2873212765,2016-03-22T20:00:00Z,70
2873212765,2016-03-22T21:00:00Z,79
2873212765,2016-03-22T22:00:00Z,73
2873212765,2016-03-22T23:00:00Z,53
2873212765,2016-03-23T00:00:00Z,53
2873212765,2016-03-23T01:00:00Z,53
2873212765,2016-03-23T02:00:00Z,53
2873212765,2016-03-23T03:00:00Z,53
2873212765,2016-03-23T04:00:00Z,53
2873212765,2016-03-23T05:00:00Z,90
2873212765,2016-03-23T06:00:00Z,74
2873212765,2016-03-23T07:00:00Z,153
2873212765,2016-03-23T08:00:00Z,119
2873212765,2016-03-23T09:00:00Z,148
2873212765,2016-03-23T10:00:00Z,171
2873212765,2016-03-23T11:00:00Z,110
2873212765,2016-03-23T12:00:00Z,112
2873212765,2016-03-23T13:00:00Z,125
2873212765,2016-03-23T14:00:00Z,77
2873212765,2016-03-23T15:00:00Z,87
2873212765,2016-03-23T16:00:00Z,116
2873212765,2016-03-23T17:00:00Z,122
2873212765,2016-03-23T18:00:00Z,130
2873212765,2016-03-23T19:00:00Z,104
2873212765,2016-03-23T20:00:00Z,66
2873212765,2016-03-23T21:00:00Z,55
2873212765,2016-03-23T22:00:00Z,64
2873212765,2016-03-23T23:00:00Z,53
2873212765,2016-03-24T00:00:00Z,52
2873212765,2016-03-24T01:00:00Z,52
2873212765,2016-03-24T02:00:00Z,52
2873212765,2016-03-24T03:00:00Z,52
2873212765,2016-03-24T04:00:00Z,52
2873212765,2016-03-24T05:00:00Z,52
2873212765,2016-03-24T06:00:00Z,75
2873212765,2016-03-24T07:00:00Z,125
2873212765,2016-03-24T08:00:00Z,68
2873212765,2016-03-24T09:00:00Z,109
2873212765,2016-03-24T10:00:00Z,128
2873212765,2016-03-24T11:00:00Z,86
2873212765,2016-03-24T12:00:00Z,127
2873212765,2016-03-24T13:00:00Z,105
2873212765,2016-03-24T14:00:00Z,96
2873212765,2016-03-24T15:00:00Z,86
2873212765,2016-03-24T16:00:00Z,100
2873212765,2016-03-24T17:00:00Z,78
2873212765,2016-03-24T18:00:00Z,59
2873212765,2016-03-24T19:00:00Z,110
2873212765,2016-03-24T20:00:00Z,120
2873212765,2016-03-24T21:00:00Z,101
2873212765,2016-03-24T22:00:00Z,52
2873212765,2016-03-24T23:00:00Z,52
2873212765,2016-03-25T00:00:00Z,52
2873212765,2016-03-25T01:00:00Z,52
2873212765,2016-03-25T02:00:00Z,52
2873212765,2016-03-25T03:00:00Z,52
2873212765,2016-03-25T04:00:00Z,52
2873212765,2016-03-25T05:00:00Z,91
2873212765,2016-03-25T06:00:00Z,54
2873212765,2016-03-25T07:00:00Z,60
2873212765,2016-03-25T08:00:00Z,73
2873212765,2016-03-25T09:00:00Z,54
2873212765,2016-03-25T10:00:00Z,56
2873212765,2016-03-25T11:00:00Z,61
2873212765,2016-03-25T12:00:00Z,75
2873212765,2016-03-25T13:00:00Z,70
2873212765,2016-03-25T14:00:00Z,54
2873212765,2016-03-25T15:00:00Z,61
2873212765,2016-03-25T16:00:00Z,97
2873212765,2016-03-25T17:00:00Z,83
2873212765,2016-03-25T18:00:00Z,54
2873212765,2016-03-25T19:00:00Z,58
2873212765,2016-03-25T20:00:00Z,66
2873212765,2016-03-25T21:00:00Z,72
2873212765,2016-03-25T22:00:00Z,66
2873212765,2016-03-25T23:00:00Z,68
2873212765,2016-03-26T00:00:00Z,52
2873212765,2016-03-26T01:00:00Z,52
2873212765,2016-03-26T02:00:00Z,52
2873212765,2016-03-26T03:00:00Z,52
2873212765,2016-03-26T04:00:00Z,52
2873212765,2016-03-26T05:00:00Z,52
2873212765,2016-03-26T06:00:00Z,55
2873212765,2016-03-26T07:00:00Z,78
2873212765,2016-03-26T08:00:00Z,68
2873212765,2016-03-26T09:00:00Z,77
2873212765,2016-03-26T10:00:00Z,87
2873212765,2016-03-26T11:00:00Z,76
2873212765,2016-03-26T12:00:00Z,76
2873212765,2016-03-26T13:00:00Z,52
2873212765,2016-03-26T14:00:00Z,52
2873212765,2016-03-26T15:00:00Z,114
2873212765,2016-03-26T16:00:00Z,95
2873212765,2016-03-26T17:00:00Z,69
2873212765,2016-03-26T18:00:00Z,106
2873212765,2016-03-26T19:00:00Z,93
2873212765,2016-03-26T20:00:00Z,96
2873212765,2016-03-26T21:00:00Z,90
2873212765,2016-03-26T22:00:00Z,90
2873212765,2016-03-26T23:00:00Z,86
2873212765,2016-03-27T00:00:00Z,52
2873212765,2016-03-27T01:00:00Z,52
2873212765,2016-03-27T02:00:00Z,52
2873212765,2016-03-27T03:00:00Z,52
2873212765,2016-03-27T04:00:00Z,52
2873212765,2016-03-27T05:00:00Z,52
2873212765,2016-03-27T06:00:00Z,52
2873212765,2016-03-27T07:00:00Z,52
2873212765,2016-03-27T08:00:00Z,54
2873212765,2016-03-27T09:00:00Z,52
2873212765,2016-03-27T10:00:00Z,52
2873212765,2016-03-27T11:00:00Z,52
2873212765,2016-03-27T12:00:00Z,52
2873212765,2016-03-27T13:00:00Z,52
2873212765,2016-03-27T14:00:00Z,52
2873212765,2016-03-27T15:00:00Z,52
2873212765,2016-03-27T16:00:00Z,52
2873212765,2016-03-27T17:00:00Z,54
2873212765,2016-03-27T18:00:00Z,52
2873212765,2016-03-27T19:00:00Z,52
2873212765,2016-03-27T20:00:00Z,52
2873212765,2016-03-27T21:00:00Z,52
2873212765,2016-03-27T22:00:00Z,54
2873212765,2016-03-27T23:00:00Z,52
2873212765,2016-03-28T00:00:00Z,52
2873212765,2016-03-28T01:00:00Z,52
2873212765,2016-03-28T02:00:00Z,52
2873212765,2016-03-28T03:00:00Z,52
2873212765,2016-03-28T04:00:00Z,52
2873212765,2016-03-28T05:00:00Z,52
2873212765,2016-03-28T06:00:00Z,52
2873212765,2016-03-28T07:00:00Z,118
2873212765,2016-03-28T08:00:00Z,154
2873212765,2016-03-28T09:00:00Z,94
2873212765,2016-03-28T10:00:00Z,56
2873212765,2016-03-28T11:00:00Z,54
2873212765,2016-03-28T12:00:00Z,52
2873212765,2016-03-28T13:00:00Z,59
2873212765,2016-03-28T14:00:00Z,59
2873212765,2016-03-28T15:00:00Z,154
2873212765,2016-03-28T16:00:00Z,122
2873212765,2016-03-28T17:00:00Z,83
2873212765,2016-03-28T18:00:00Z,70
2873212765,2016-03-28T19:00:00Z,86
2873212765,2016-03-28T20:00:00Z,126
2873212765,2016-03-28T21:00:00Z,52
2873212765,2016-03-28T22:00:00Z,52
2873212765,2016-03-28T23:00:00Z,52
2873212765,2016-03-29T00:00:00Z,52
2873212765,2016-03-29T01:00:00Z,52
2873212765,2016-03-29T02:00:00Z,54
2873212765,2016-03-29T03:00:00Z,52
2873212765,2016-03-29T04:00:00Z,52
2873212765,2016-03-29T05:00:00Z,52
2873212765,2016-03-29T06:00:00Z,52
2873212765,2016-03-29T07:00:00Z,122
2873212765,2016-03-29T08:00:00Z,102
2873212765,2016-03-29T09:00:00Z,97
2873212765,2016-03-29T10:00:00Z,52
2873212765,2016-03-29T11:00:00Z,70
2873212765,2016-03-29T12:00:00Z,122
2873212765,2016-03-29T13:00:00Z,158
2873212765,2016-03-29T14:00:00Z,107
2873212765,2016-03-29T15:00:00Z,112
2873212765,2016-03-29T16:00:00Z,81
2873212765,2016-03-29T17:00:00Z,114
2873212765,2016-03-29T18:00:00Z,100
2873212765,2016-03-29T19:00:00Z,88
2873212765,2016-03-29T20:00:00Z,96
2873212765,2016-03-29T21:00:00Z,85
2873212765,2016-03-29T22:00:00Z,63
2873212765,2016-03-29T23:00:00Z,52
2873212765,2016-03-30T00:00:00Z,52
2873212765,2016-03-30T01:00:00Z,54
2873212765,2016-03-30T02:00:00Z,52
2873212765,2016-03-30T03:00:00Z,52
2873212765,2016-03-30T04:00:00Z,52
2873212765,2016-03-30T05:00:00Z,54
2873212765,2016-03-30T06:00:00Z,128
2873212765,2016-03-30T07:00:00Z,160
2873212765,2016-03-30T08:00:00Z,82
2873212765,2016-03-30T09:00:00Z,56
2873212765,2016-03-30T10:00:00Z,55
2873212765,2016-03-30T11:00:00Z,161
2873212765,2016-03-30T12:00:00Z,136
2873212765,2016-03-30T13:00:00Z,96
2873212765,2016-03-30T14:00:00Z,99
2873212765,2016-03-30T15:00:00Z,56
2873212765,2016-03-30T16:00:00Z,106
2873212765,2016-03-30T17:00:00Z,54
2873212765,2016-03-30T18:00:00Z,52
2873212765,2016-03-30T19:00:00Z,52
2873212765,2016-03-30T20:00:00Z,52
2873212765,2016-03-30T21:00:00Z,52
2873212765,2016-03-30T22:00:00Z,54
2873212765,2016-03-30T23:00:00Z,52
2873212765,2016-03-31T00:00:00Z,52
2873212765,2016-03-31T01:00:00Z,52
2873212765,2016-03-31T02:00:00Z,52
2873212765,2016-03-31T03:00:00Z,52
2873212765,2016-03-31T04:00:00Z,52
2873212765,2016-03-31T05:00:00Z,52
2873212765,2016-03-31T06:00:00Z,52
2873212765,2016-03-31T07:00:00Z,52
2873212765,2016-03-31T08:00:00Z,54
2873212765,2016-03-31T09:00:00Z,118
2873212765,2016-03-31T10:00:00Z,102
2873212765,2016-03-31T11:00:00Z,101
2873212765,2016-03-31T12:00:00Z,156
2873212765,2016-03-31T13:00:00Z,88
2873212765,2016-03-31T14:00:00Z,144
2873212765,2016-03-31T15:00:00Z,96
2873212765,2016-03-31T16:00:00Z,123
2873212765,2016-03-31T17:00:00Z,80
2873212765,2016-03-31T18:00:00Z,63
2873212765,2016-03-31T19:00:00Z,78
2873212765,2016-03-31T20:00:00Z,101
2873212765,2016-03-31T21:00:00Z,94
2873212765,2016-03-31T22:00:00Z,86
2873212765,2016-03-31T23:00:00Z,122
2873212765,2016-04-01T00:00:00Z,52
2873212765,2016-04-01T01:00:00Z,52
2873212765,2016-04-01T02:00:00Z,52
2873212765,2016-04-01T03:00:00Z,52
2873212765,2016-04-01T04:00:00Z,52
2873212765,2016-04-01T05:00:00Z,52
2873212765,2016-04-01T06:00:00Z,52
2873212765,2016-04-01T07:00:00Z,90
2873212765,2016-04-01T08:00:00Z,54
2873212765,2016-04-01T09:00:00Z,54
2873212765,2016-04-01T10:00:00Z,52
2873212765,2016-04-01T11:00:00Z,52
2873212765,2016-04-01T12:00:00Z,54
2873212765,2016-04-01T13:00:00Z,80
2873212765,2016-04-01T14:00:00Z,52
2873212765,2016-04-01T15:00:00Z,55
2873212765,2016-04-01T16:00:00Z,52
2873212765,2016-04-01T17:00:00Z,52
2873212765,2016-04-01T18:00:00Z,52
2873212765,2016-04-01T19:00:00Z,52
2873212765,2016-04-01T20:00:00Z,52
2873212765,2016-04-01T21:00:00Z,54
2873212765,2016-04-01T22:00:00Z,56
2873212765,2016-04-01T23:00:00Z,52
2873212765,2016-04-02T00:00:00Z,52
2873212765,2016-04-02T01:00:00Z,52
2873212765,2016-04-02T02:00:00Z,52
2873212765,2016-04-02T03:00:00Z,52
2873212765,2016-04-02T04:00:00Z,52
2873212765,2016-04-02T05:00:00Z,52
2873212765,2016-04-02T06:00:00Z,93
2873212765,2016-04-02T07:00:00Z,80
2873212765,2016-04-02T08:00:00Z,79
2873212765,2016-04-02T09:00:00Z,85
2873212765,2016-04-02T10:00:00Z,60
2873212765,2016-04-02T11:00:00Z,71
2873212765,2016-04-02T12:00:00Z,57
2873212765,2016-04-02T13:00:00Z,69
2873212765,2016-04-02T14:00:00Z,57
2873212765,2016-04-02T15:00:00Z,67
2873212765,2016-04-02T16:00:00Z,76
2873212765,2016-04-02T17:00:00Z,56
2873212765,2016-04-02T18:00:00Z,62
2873212765,2016-04-02T19:00:00Z,73
2873212765,2016-04-02T20:00:00Z,72
2873212765,2016-04-02T21:00:00Z,62
2873212765,2016-04-02T22:00:00Z,72
2873212765,2016-04-02T23:00:00Z,52
2873212765,2016-04-03T00:00:00Z,52
2873212765,2016-04-03T01:00:00Z,52
2873212765,2016-04-03T02:00:00Z,52
2873212765,2016-04-03T03:00:00Z,52
2873212765,2016-04-03T04:00:00Z,52
2873212765,2016-04-03T05:00:00Z,52
2873212765,2016-04-03T06:00:00Z,52
2873212765,2016-04-03T07:00:00Z,97
2873212765,2016-04-03T08:00:00Z,58
2873212765,2016-04-03T09:00:00Z,70
2873212765,2016-04-03T10:00:00Z,64
2873212765,2016-04-03T11:00:00Z,125
2873212765,2016-04-03T12:00:00Z,72
2873212765,2016-04-03T13:00:00Z,81
2873212765,2016-04-03T14:00:00Z,122
2873212765,2016-04-03T15:00:00Z,102
2873212765,2016-04-03T16:00:00Z,102
2873212765,2016-04-03T17:00:00Z,128
2873212765,2016-04-03T18:00:00Z,80
2873212765,2016-04-03T19:00:00Z,91
2873212765,2016-04-03T20:00:00Z,128
2873212765,2016-04-03T21:00:00Z,54
2873212765,2016-04-03T22:00:00Z,52
2873212765,2016-04-03T23:00:00Z,52
2873212765,2016-04-04T00:00:00Z,52
2873212765,2016-04-04T01:00:00Z,52
2873212765,2016-04-04T02:00:00Z,52
2873212765,2016-04-04T03:00:00Z,52
2873212765,2016-04-04T04:00:00Z,52
2873212765,2016-04-04T05:00:00Z,80
2873212765,2016-04-04T06:00:00Z,80
2873212765,2016-04-04T07:00:00Z,117
2873212765,2016-04-04T08:00:00Z,155
2873212765,2016-04-04T09:00:00Z,137
2873212765,2016-04-04T10:00:00Z,141
2873212765,2016-04-04T11:00:00Z,109
2873212765,2016-04-04T12:00:00Z,146
2873212765,2016-04-04T13:00:00Z,136
2873212765,2016-04-04T14:00:00Z,78
2873212765,2016-04-04T15:00:00Z,71
2873212765,2016-04-04T16:00:00Z,88
2873212765,2016-04-04T17:00:00Z,69
2873212765,2016-04-04T18:00:00Z,64
2873212765,2016-04-04T19:00:00Z,62
2873212765,2016-04-04T20:00:00Z,95
2873212765,2016-04-04T21:00:00Z,52
2873212765,2016-04-04T22:00:00Z,52
2873212765,2016-04-04T23:00:00Z,52
2873212765,2016-04-05T00:00:00Z,52
2873212765,2016-04-05T01:00:00Z,52
2873212765,2016-04-05T02:00:00Z,52
2873212765,2016-04-05T03:00:00Z,52
2873212765,2016-04-05T04:00:00Z,52
2873212765,2016-04-05T05:00:00Z,75
2873212765,2016-04-05T06:00:00Z,70
2873212765,2016-04-05T07:00:00Z,95
2873212765,2016-04-05T08:00:00Z,136
2873212765,2016-04-05T09:00:00Z,123
2873212765,2016-04-05T10:00:00Z,105
2873212765,2016-04-05T11:00:00Z,102
2873212765,2016-04-05T12:00:00Z,148
2873212765,2016-04-05T13:00:00Z,132
2873212765,2016-04-05T14:00:00Z,89
2873212765,2016-04-05T15:00:00Z,57
2873212765,2016-04-05T16:00:00Z,77
2873212765,2016-04-05T17:00:00Z,75
2873212765,2016-04-05T18:00:00Z,78
2873212765,2016-04-05T19:00:00Z,101
2873212765,2016-04-05T20:00:00Z,58
2873212765,2016-04-05T21:00:00Z,64
2873212765,2016-04-05T22:00:00Z,52
2873212765,2016-04-05T23:00:00Z,52
2873212765,2016-04-06T00:00:00Z,52
2873212765,2016-04-06T01:00:00Z,52
2873212765,2016-04-06T02:00:00Z,52
2873212765,2016-04-06T03:00:00Z,52
2873212765,2016-04-06T04:00:00Z,52
2873212765,2016-04-06T05:00:00Z,88
2873212765,2016-04-06T06:00:00Z,63
2873212765,2016-04-06T07:00:00Z,113
2873212765,2016-04-06T08:00:00Z,105
2873212765,2016-04-06T09:00:00Z,117
2873212765,2016-04-06T10:00:00Z,127
2873212765,2016-04-06T11:00:00Z,83
2873212765,2016-04-06T12:00:00Z,122
2873212765,2016-04-06T13:00:00Z,102
2873212765,2016-04-06T14:00:00Z,73
2873212765,2016-04-06T15:00:00Z,92
2873212765,2016-04-06T16:00:00Z,89
2873212765,2016-04-06T17:00:00Z,71
2873212765,2016-04-06T18:00:00Z,76
2873212765,2016-04-06T19:00:00Z,74
2873212765,2016-04-06T20:00:00Z,55
2873212765,2016-04-06T21:00:00Z,93
2873212765,2016-04-06T22:00:00Z,52
2873212765,2016-04-06T23:00:00Z,52
2873212765,2016-04-07T00:00:00Z,53
2873212765,2016-04-07T01:00:00Z,53
2873212765,2016-04-07T02:00:00Z,53
2873212765,2016-04-07T03:00:00Z,53
2873212765,2016-04-07T04:00:00Z,53
2873212765,2016-04-07T05:00:00Z,53
2873212765,2016-04-07T06:00:00Z,77
2873212765,2016-04-07T07:00:00Z,137
2873212765,2016-04-07T08:00:00Z,106
2873212765,2016-04-07T09:00:00Z,129
2873212765,2016-04-07T10:00:00Z,162
2873212765,2016-04-07T11:00:00Z,59
2873212765,2016-04-07T12:00:00Z,92
2873212765,2016-04-07T13:00:00Z,119
2873212765,2016-04-07T14:00:00Z,133
2873212765,2016-04-07T15:00:00Z,83
2873212765,2016-04-07T16:00:00Z,77
2873212765,2016-04-07T17:00:00Z,117
2873212765,2016-04-07T18:00:00Z,108
2873212765,2016-04-07T19:00:00Z,75
2873212765,2016-04-07T20:00:00Z,67
2873212765,2016-04-07T21:00:00Z,73
2873212765,2016-04-07T22:00:00Z,53
2873212765,2016-04-07T23:00:00Z,53
2873212765,2016-04-08T00:00:00Z,53
2873212765,2016-04-08T01:00:00Z,53
2873212765,2016-04-08T02:00:00Z,53
2873212765,2016-04-08T03:00:00Z,53
2873212765,2016-04-08T04:00:00Z,53
2873212765,2016-04-08T05:00:00Z,82
2873212765,2016-04-08T06:00:00Z,69
2873212765,2016-04-08T07:00:00Z,108
2873212765,2016-04-08T08:00:00Z,122
2873212765,2016-04-08T09:00:00Z,138
2873212765,2016-04-08T10:00:00Z,97
2873212765,2016-04-08T11:00:00Z,88
2873212765,2016-04-08T12:00:00Z,117
2873212765,2016-04-08T13:00:00Z,112
2873212765,2016-04-08T14:00:00Z,64
2873212765,2016-04-08T15:00:00Z,95
2873212765,2016-04-08T16:00:00Z,107
2873212765,2016-04-08T17:00:00Z,100
2873212765,2016-04-08T18:00:00Z,63
2873212765,2016-04-08T19:00:00Z,66
2873212765,2016-04-08T20:00:00Z,69
2873212765,2016-04-08T21:00:00Z,67
2873212765,2016-04-08T22:00:00Z,65
2873212765,2016-04-08T23:00:00Z,53
2873212765,2016-04-09T00:00:00Z,53
2873212765,2016-04-09T01:00:00Z,53
2873212765,2016-04-09T02:00:00Z,53
2873212765,2016-04-09T03:00:00Z,53
2873212765,2016-04-09T04:00:00Z,53
2873212765,2016-04-09T05:00:00Z,53
2873212765,2016-04-09T06:00:00Z,53
2873212765,2016-04-09T07:00:00Z,337
2873212765,2016-04-09T08:00:00Z,144
2873212765,2016-04-09T09:00:00Z,76
2873212765,2016-04-09T10:00:00Z,82
2873212765,2016-04-09T11:00:00Z,88
2873212765,2016-04-09T12:00:00Z,128
2873212765,2016-04-09T13:00:00Z,146
2873212765,2016-04-09T14:00:00Z,82
2873212765,2016-04-09T15:00:00Z,112
2873212765,2016-04-09T16:00:00Z,128
2873212765,2016-04-09T17:00:00Z,70
2873212765,2016-04-09T18:00:00Z,105
2873212765,2016-04-09T19:00:00Z,87
2873212765,2016-04-09T20:00:00Z,87
2873212765,2016-04-09T21:00:00Z,77
2873212765,2016-04-09T22:00:00Z,76
2873212765,2016-04-09T23:00:00Z,64
2873212765,2016-04-10T00:00:00Z,53
2873212765,2016-04-10T01:00:00Z,53
2873212765,2016-04-10T02:00:00Z,53
2873212765,2016-04-10T03:00:00Z,53
2873212765,2016-04-10T04:00:00Z,53
2873212765,2016-04-10T05:00:00Z,53
2873212765,2016-04-10T06:00:00Z,53
2873212765,2016-04-10T07:00:00Z,53
2873212765,2016-04-10T08:00:00Z,57
2873212765,2016-04-10T09:00:00Z,70
2873212765,2016-04-10T10:00:00Z,75
2873212765,2016-04-10T11:00:00Z,109
2873212765,2016-04-10T12:00:00Z,71
2873212765,2016-04-10T13:00:00Z,86
2873212765,2016-04-10T14:00:00Z,71
2873212765,2016-04-10T15:00:00Z,141
2873212765,2016-04-10T16:00:00Z,129
2873212765,2016-04-10T17:00:00Z,103
2873212765,2016-04-10T18:00:00Z,79
2873212765,2016-04-10T19:00:00Z,59
2873212765,2016-04-10T20:00:00Z,78
2873212765,2016-04-10T21:00:00Z,69
2873212765,2016-04-10T22:00:00Z,53
2873212765,2016-04-10T23:00:00Z,53
2873212765,2016-04-11T00:00:00Z,53
2873212765,2016-04-11T01:00:00Z,53
2873212765,2016-04-11T02:00:00Z,53
2873212765,2016-04-11T03:00:00Z,53
2873212765,2016-04-11T04:00:00Z,53
2873212765,2016-04-11T05:00:00Z,77
2873212765,2016-04-11T06:00:00Z,78
2873212765,2016-04-11T07:00:00Z,101
2873212765,2016-04-11T08:00:00Z,107
2873212765,2016-04-11T09:00:00Z,125
2873212765,2016-04-11T10:00:00Z,155
2873212765,2016-04-11T11:00:00Z,73
2873212765,2016-04-11T12:00:00Z,140
2873212765,2016-04-11T13:00:00Z,109
2873212765,2016-04-11T14:00:00Z,60
2873212765,2016-04-11T15:00:00Z,74
2873212765,2016-04-11T16:00:00Z,89
2873212765,2016-04-11T17:00:00Z,92
2873212765,2016-04-11T18:00:00Z,90
2873212765,2016-04-11T19:00:00Z,69
2891001357,2016-04-05T00:00:00Z,80
2891001357,2016-04-05T01:00:00Z,80
2891001357,2016-04-05T02:00:00Z,80
2891001357,2016-04-05T03:00:00Z,80
2891001357,2016-04-05T04:00:00Z,80
2891001357,2016-04-05T05:00:00Z,80
2891001357,2016-04-05T06:00:00Z,80
2891001357,2016-04-05T07:00:00Z,80
2891001357,2016-04-05T08:00:00Z,80
2891001357,2016-04-05T09:00:00Z,80
2891001357,2016-04-05T10:00:00Z,160
2891001357,2016-04-05T11:00:00Z,160
3372868164,2016-03-12T00:00:00Z,57
3372868164,2016-03-12T01:00:00Z,59
3372868164,2016-03-12T02:00:00Z,62
3372868164,2016-03-12T03:00:00Z,56
3372868164,2016-03-12T04:00:00Z,56
3372868164,2016-03-12T05:00:00Z,59
3372868164,2016-03-12T06:00:00Z,61
3372868164,2016-03-12T07:00:00Z,56
3372868164,2016-03-12T08:00:00Z,62
3372868164,2016-03-12T09:00:00Z,68
3372868164,2016-03-12T10:00:00Z,110
3372868164,2016-03-12T11:00:00Z,90
3372868164,2016-03-12T12:00:00Z,90
3372868164,2016-03-12T13:00:00Z,114
3372868164,2016-03-12T14:00:00Z,96
3372868164,2016-03-12T15:00:00Z,126
3372868164,2016-03-12T16:00:00Z,90
3372868164,2016-03-12T17:00:00Z,99
3372868164,2016-03-12T18:00:00Z,120
3372868164,2016-03-12T19:00:00Z,111
3372868164,2016-03-12T20:00:00Z,80
3372868164,2016-03-12T21:00:00Z,56
3372868164,2016-03-12T22:00:00Z,64
3372868164,2016-03-12T23:00:00Z,58
3372868164,2016-03-13T00:00:00Z,56
3372868164,2016-03-13T01:00:00Z,59
3372868164,2016-03-13T02:00:00Z,56
3372868164,2016-03-13T03:00:00Z,59
3372868164,2016-03-13T04:00:00Z,64
3372868164,2016-03-13T05:00:00Z,67
3372868164,2016-03-13T06:00:00Z,96
3372868164,2016-03-13T07:00:00Z,100
3372868164,2016-03-13T08:00:00Z,66
3372868164,2016-03-13T09:00:00Z,75
3372868164,2016-03-13T10:00:00Z,81
3372868164,2016-03-13T11:00:00Z,87
3372868164,2016-03-13T12:00:00Z,77
3372868164,2016-03-13T13:00:00Z,211
3372868164,2016-03-13T14:00:00Z,148
3372868164,2016-03-13T15:00:00Z,71
3372868164,2016-03-13T16:00:00Z,108
3372868164,2016-03-13T17:00:00Z,89
3372868164,2016-03-13T18:00:00Z,109
3372868164,2016-03-13T19:00:00Z,71
3372868164,2016-03-13T20:00:00Z,69
3372868164,2016-03-13T21:00:00Z,68
3372868164,2016-03-13T22:00:00Z,59
3372868164,2016-03-13T23:00:00Z,56
3372868164,2016-03-14T00:00:00Z,57
3372868164,2016-03-14T01:00:00Z,56
3372868164,2016-03-14T02:00:00Z,57
3372868164,2016-03-14T03:00:00Z,56
3372868164,2016-03-14T04:00:00Z,57
3372868164,2016-03-14T05:00:00Z,57
3372868164,2016-03-14T06:00:00Z,59
3372868164,2016-03-14T07:00:00Z,56
3372868164,2016-03-14T08:00:00Z,77
3372868164,2016-03-14T09:00:00Z,65
3372868164,2016-03-14T10:00:00Z,250
3372868164,2016-03-14T11:00:00Z,92
3372868164,2016-03-14T12:00:00Z,101
3372868164,2016-03-14T13:00:00Z,133
3372868164,2016-03-14T14:00:00Z,84
3372868164,2016-03-14T15:00:00Z,96
3372868164,2016-03-14T16:00:00Z,103
3372868164,2016-03-14T17:00:00Z,95
3372868164,2016-03-14T18:00:00Z,119
3372868164,2016-03-14T19:00:00Z,82
3372868164,2016-03-14T20:00:00Z,60
3372868164,2016-03-14T21:00:00Z,59
3372868164,2016-03-14T22:00:00Z,65
3372868164,2016-03-14T23:00:00Z,57
3372868164,2016-03-15T00:00:00Z,56
3372868164,2016-03-15T01:00:00Z,57
3372868164,2016-03-15T02:00:00Z,57
3372868164,2016-03-15T03:00:00Z,56
3372868164,2016-03-15T04:00:00Z,56
3372868164,2016-03-15T05:00:00Z,66
3372868164,2016-03-15T06:00:00Z,74
3372868164,2016-03-15T07:00:00Z,96
3372868164,2016-03-15T08:00:00Z,97
3372868164,2016-03-15T09:00:00Z,70
3372868164,2016-03-15T10:00:00Z,106
3372868164,2016-03-15T11:00:00Z,80
3372868164,2016-03-15T12:00:00Z,89
3372868164,2016-03-15T13:00:00Z,124
3372868164,2016-03-15T14:00:00Z,88
3372868164,2016-03-15T15:00:00Z,82
3372868164,2016-03-15T16:00:00Z,82
3372868164,2016-03-15T17:00:00Z,71
3372868164,2016-03-15T18:00:00Z,65
3372868164,2016-03-15T19:00:00Z,86
3372868164,2016-03-15T20:00:00Z,60
3372868164,2016-03-15T21:00:00Z,60
3372868164,2016-03-15T22:00:00Z,56
3372868164,2016-03-15T23:00:00Z,56
3372868164,2016-03-16T00:00:00Z,56
3372868164,2016-03-16T01:00:00Z,57
3372868164,2016-03-16T02:00:00Z,58
3372868164,2016-03-16T03:00:00Z,56
3372868164,2016-03-16T04:00:00Z,60
3372868164,2016-03-16T05:00:00Z,63
3372868164,2016-03-16T06:00:00Z,59
3372868164,2016-03-16T07:00:00Z,92
3372868164,2016-03-16T08:00:00Z,97
3372868164,2016-03-16T09:00:00Z,229
3372868164,2016-03-16T10:00:00Z,139
3372868164,2016-03-16T11:00:00Z,150
3372868164,2016-03-16T12:00:00Z,88
3372868164,2016-03-16T13:00:00Z,74
3372868164,2016-03-16T14:00:00Z,94
3372868164,2016-03-16T15:00:00Z,76
3372868164,2016-03-16T16:00:00Z,84
3372868164,2016-03-16T17:00:00Z,73
3372868164,2016-03-16T18:00:00Z,61
3372868164,2016-03-16T19:00:00Z,87
3372868164,2016-03-16T20:00:00Z,69
3372868164,2016-03-16T21:00:00Z,63
3372868164,2016-03-16T22:00:00Z,56
3372868164,2016-03-16T23:00:00Z,57
3372868164,2016-03-17T00:00:00Z,56
3372868164,2016-03-17T01:00:00Z,57
3372868164,2016-03-17T02:00:00Z,56
3372868164,2016-03-17T03:00:00Z,59
3372868164,2016-03-17T04:00:00Z,57
3372868164,2016-03-17T05:00:00Z,56
3372868164,2016-03-17T06:00:00Z,56
3372868164,2016-03-17T07:00:00Z,65
3372868164,2016-03-17T08:00:00Z,92
3372868164,2016-03-17T09:00:00Z,200
3372868164,2016-03-17T10:00:00Z,99
3372868164,2016-03-17T11:00:00Z,101
3372868164,2016-03-17T12:00:00Z,96
3372868164,2016-03-17T13:00:00Z,70
3372868164,2016-03-17T14:00:00Z,60
3372868164,2016-03-17T15:00:00Z,78
3372868164,2016-03-17T16:00:00Z,85
3372868164,2016-03-17T17:00:00Z,71
3372868164,2016-03-17T18:00:00Z,69
3372868164,2016-03-17T19:00:00Z,81
3372868164,2016-03-17T20:00:00Z,58
3372868164,2016-03-17T21:00:00Z,59
3372868164,2016-03-17T22:00:00Z,56
3372868164,2016-03-17T23:00:00Z,56
3372868164,2016-03-18T00:00:00Z,56
3372868164,2016-03-18T01:00:00Z,59
3372868164,2016-03-18T02:00:00Z,56
3372868164,2016-03-18T03:00:00Z,56
3372868164,2016-03-18T04:00:00Z,57
3372868164,2016-03-18T05:00:00Z,57
3372868164,2016-03-18T06:00:00Z,69
3372868164,2016-03-18T07:00:00Z,64
3372868164,2016-03-18T08:00:00Z,97
3372868164,2016-03-18T09:00:00Z,89
3372868164,2016-03-18T10:00:00Z,96
3372868164,2016-03-18T11:00:00Z,138
3372868164,2016-03-18T12:00:00Z,115
3372868164,2016-03-18T13:00:00Z,120
3372868164,2016-03-18T14:00:00Z,111
3372868164,2016-03-18T15:00:00Z,83
3372868164,2016-03-18T16:00:00Z,73
3372868164,2016-03-18T17:00:00Z,77
3372868164,2016-03-18T18:00:00Z,68
3372868164,2016-03-18T19:00:00Z,87
3372868164,2016-03-18T20:00:00Z,73
3372868164,2016-03-18T21:00:00Z,67
3372868164,2016-03-18T22:00:00Z,63
3372868164,2016-03-18T23:00:00Z,56
3372868164,2016-03-19T00:00:00Z,56
3372868164,2016-03-19T01:00:00Z,56
3372868164,2016-03-19T02:00:00Z,59
3372868164,2016-03-19T03:00:00Z,56
3372868164,2016-03-19T04:00:00Z,56
3372868164,2016-03-19T05:00:00Z,57
3372868164,2016-03-19T06:00:00Z,56
3372868164,2016-03-19T07:00:00Z,60
3372868164,2016-03-19T08:00:00Z,67
3372868164,2016-03-19T09:00:00Z,73
3372868164,2016-03-19T10:00:00Z,106
3372868164,2016-03-19T11:00:00Z,98
3372868164,2016-03-19T12:00:00Z,110
3372868164,2016-03-19T13:00:00Z,74
3372868164,2016-03-19T14:00:00Z,99
3372868164,2016-03-19T15:00:00Z,119
3372868164,2016-03-19T16:00:00Z,105
3372868164,2016-03-19T17:00:00Z,87
3372868164,2016-03-19T18:00:00Z,107
3372868164,2016-03-19T19:00:00Z,80
3372868164,2016-03-19T20:00:00Z,57
3372868164,2016-03-19T21:00:00Z,62
3372868164,2016-03-19T22:00:00Z,56
3372868164,2016-03-19T23:00:00Z,56
3372868164,2016-03-20T00:00:00Z,56
3372868164,2016-03-20T01:00:00Z,59
3372868164,2016-03-20T02:00:00Z,56
3372868164,2016-03-20T03:00:00Z,56
3372868164,2016-03-20T04:00:00Z,56
3372868164,2016-03-20T05:00:00Z,69
3372868164,2016-03-20T06:00:00Z,117
3372868164,2016-03-20T07:00:00Z,131
3372868164,2016-03-20T08:00:00Z,68
3372868164,2016-03-20T09:00:00Z,66
3372868164,2016-03-20T10:00:00Z,110
3372868164,2016-03-20T11:00:00Z,86
3372868164,2016-03-20T12:00:00Z,72
3372868164,2016-03-20T13:00:00Z,70
3372868164,2016-03-20T14:00:00Z,186
3372868164,2016-03-20T15:00:00Z,88
3372868164,2016-03-20T16:00:00Z,86
3372868164,2016-03-20T17:00:00Z,109
3372868164,2016-03-20T18:00:00Z,113
3372868164,2016-03-20T19:00:00Z,94
3372868164,2016-03-20T20:00:00Z,71
3372868164,2016-03-20T21:00:00Z,96
3372868164,2016-03-20T22:00:00Z,62
3372868164,2016-03-20T23:00:00Z,57
3372868164,2016-03-21T00:00:00Z,56
3372868164,2016-03-21T01:00:00Z,56
3372868164,2016-03-21T02:00:00Z,56
3372868164,2016-03-21T03:00:00Z,56
3372868164,2016-03-21T04:00:00Z,57
3372868164,2016-03-21T05:00:00Z,62
3372868164,2016-03-21T06:00:00Z,63
3372868164,2016-03-21T07:00:00Z,70
3372868164,2016-03-21T08:00:00Z,93
3372868164,2016-03-21T09:00:00Z,85
3372868164,2016-03-21T10:00:00Z,179
3372868164,2016-03-21T11:00:00Z,253
3372868164,2016-03-21T12:00:00Z,91
3372868164,2016-03-21T13:00:00Z,74
3372868164,2016-03-21T14:00:00Z,96
3372868164,2016-03-21T15:00:00Z,97
3372868164,2016-03-21T16:00:00Z,71
3372868164,2016-03-21T17:00:00Z,74
3372868164,2016-03-21T18:00:00Z,71
3372868164,2016-03-21T19:00:00Z,98
3372868164,2016-03-21T20:00:00Z,84
3372868164,2016-03-21T21:00:00Z,56
3372868164,2016-03-21T22:00:00Z,61
3372868164,2016-03-21T23:00:00Z,56
3372868164,2016-03-22T00:00:00Z,56
3372868164,2016-03-22T01:00:00Z,56
3372868164,2016-03-22T02:00:00Z,56
3372868164,2016-03-22T03:00:00Z,57
3372868164,2016-03-22T04:00:00Z,56
3372868164,2016-03-22T05:00:00Z,57
3372868164,2016-03-22T06:00:00Z,56
3372868164,2016-03-22T07:00:00Z,68
3372868164,2016-03-22T08:00:00Z,63
3372868164,2016-03-22T09:00:00Z,88
3372868164,2016-03-22T10:00:00Z,93
3372868164,2016-03-22T11:00:00Z,95
3372868164,2016-03-22T12:00:00Z,84
3372868164,2016-03-22T13:00:00Z,69
3372868164,2016-03-22T14:00:00Z,94
3372868164,2016-03-22T15:00:00Z,88
3372868164,2016-03-22T16:00:00Z,75
3372868164,2016-03-22T17:00:00Z,76
3372868164,2016-03-22T18:00:00Z,127
3372868164,2016-03-22T19:00:00Z,81
3372868164,2016-03-22T20:00:00Z,74
3372868164,2016-03-22T21:00:00Z,65
3372868164,2016-03-22T22:00:00Z,85
3372868164,2016-03-22T23:00:00Z,60
3372868164,2016-03-23T00:00:00Z,56
3372868164,2016-03-23T01:00:00Z,56
3372868164,2016-03-23T02:00:00Z,56
3372868164,2016-03-23T03:00:00Z,56
3372868164,2016-03-23T04:00:00Z,57
3372868164,2016-03-23T05:00:00Z,58
3372868164,2016-03-23T06:00:00Z,57
3372868164,2016-03-23T07:00:00Z,57
3372868164,2016-03-23T08:00:00Z,62
3372868164,2016-03-23T09:00:00Z,67
3372868164,2016-03-23T10:00:00Z,76
3372868164,2016-03-23T11:00:00Z,151
3372868164,2016-03-23T12:00:00Z,167
3372868164,2016-03-23T13:00:00Z,77
3372868164,2016-03-23T14:00:00Z,91
3372868164,2016-03-23T15:00:00Z,98
3372868164,2016-03-23T16:00:00Z,89
3372868164,2016-03-23T17:00:00Z,94
3372868164,2016-03-23T18:00:00Z,99
3372868164,2016-03-23T19:00:00Z,77
3372868164,2016-03-23T20:00:00Z,76
3372868164,2016-03-23T21:00:00Z,66
3372868164,2016-03-23T22:00:00Z,59
3372868164,2016-03-23T23:00:00Z,59
3372868164,2016-03-24T00:00:00Z,56
3372868164,2016-03-24T01:00:00Z,56
3372868164,2016-03-24T02:00:00Z,56
3372868164,2016-03-24T03:00:00Z,57
3372868164,2016-03-24T04:00:00Z,57
3372868164,2016-03-24T05:00:00Z,66
3372868164,2016-03-24T06:00:00Z,68
3372868164,2016-03-24T07:00:00Z,228
3372868164,2016-03-24T08:00:00Z,100
3372868164,2016-03-24T09:00:00Z,106
3372868164,2016-03-24T10:00:00Z,64
3372868164,2016-03-24T11:00:00Z,103
3372868164,2016-03-24T12:00:00Z,76
3372868164,2016-03-24T13:00:00Z,68
3372868164,2016-03-24T14:00:00Z,104
3372868164,2016-03-24T15:00:00Z,108
3372868164,2016-03-24T16:00:00Z,78
3372868164,2016-03-24T17:00:00Z,72
3372868164,2016-03-24T18:00:00Z,63
3372868164,2016-03-24T19:00:00Z,90
3372868164,2016-03-24T20:00:00Z,75
3372868164,2016-03-24T21:00:00Z,75
3372868164,2016-03-24T22:00:00Z,58
3372868164,2016-03-24T23:00:00Z,56
3372868164,2016-03-25T00:00:00Z,56
3372868164,2016-03-25T01:00:00Z,56
3372868164,2016-03-25T02:00:00Z,57
3372868164,2016-03-25T03:00:00Z,56
3372868164,2016-03-25T04:00:00Z,59
3372868164,2016-03-25T05:00:00Z,56
3372868164,2016-03-25T06:00:00Z,59
3372868164,2016-03-25T07:00:00Z,68
3372868164,2016-03-25T08:00:00Z,90
3372868164,2016-03-25T09:00:00Z,236
3372868164,2016-03-25T10:00:00Z,88
3372868164,2016-03-25T11:00:00Z,64
3372868164,2016-03-25T12:00:00Z,84
3372868164,2016-03-25T13:00:00Z,85
3372868164,2016-03-25T14:00:00Z,115
3372868164,2016-03-25T15:00:00Z,100
3372868164,2016-03-25T16:00:00Z,95
3372868164,2016-03-25T17:00:00Z,82
3372868164,2016-03-25T18:00:00Z,71
3372868164,2016-03-25T19:00:00Z,59
3372868164,2016-03-25T20:00:00Z,61
3372868164,2016-03-25T21:00:00Z,80
3372868164,2016-03-25T22:00:00Z,67
3372868164,2016-03-25T23:00:00Z,56
3372868164,2016-03-26T00:00:00Z,56
3372868164,2016-03-26T01:00:00Z,56
3372868164,2016-03-26T02:00:00Z,56
3372868164,2016-03-26T03:00:00Z,59
3372868164,2016-03-26T04:00:00Z,56
3372868164,2016-03-26T05:00:00Z,56
3372868164,2016-03-26T06:00:00Z,56
3372868164,2016-03-26T07:00:00Z,73
3372868164,2016-03-26T08:00:00Z,110
3372868164,2016-03-26T09:00:00Z,126
3372868164,2016-03-26T10:00:00Z,109
3372868164,2016-03-26T11:00:00Z,117
3372868164,2016-03-26T12:00:00Z,84
3372868164,2016-03-26T13:00:00Z,72
3372868164,2016-03-26T14:00:00Z,100
3372868164,2016-03-26T15:00:00Z,86
3372868164,2016-03-26T16:00:00Z,85
3372868164,2016-03-26T17:00:00Z,94
3372868164,2016-03-26T18:00:00Z,65
3372868164,2016-03-26T19:00:00Z,71
3372868164,2016-03-26T20:00:00Z,78
3372868164,2016-03-26T21:00:00Z,63
3372868164,2016-03-26T22:00:00Z,56
3372868164,2016-03-26T23:00:00Z,56
3372868164,2016-03-27T00:00:00Z,56
3372868164,2016-03-27T01:00:00Z,56
3372868164,2016-03-27T02:00:00Z,56
3372868164,2016-03-27T03:00:00Z,56
3372868164,2016-03-27T04:00:00Z,76
3372868164,2016-03-27T05:00:00Z,92
3372868164,2016-03-27T06:00:00Z,84
3372868164,2016-03-27T07:00:00Z,97
3372868164,2016-03-27T08:00:00Z,90
3372868164,2016-03-27T09:00:00Z,85
3372868164,2016-03-27T10:00:00Z,64
3372868164,2016-03-27T11:00:00Z,100
3372868164,2016-03-27T12:00:00Z,94
3372868164,2016-03-27T13:00:00Z,129
3372868164,2016-03-27T14:00:00Z,79
3372868164,2016-03-27T15:00:00Z,106
3372868164,2016-03-27T16:00:00Z,228
3372868164,2016-03-27T17:00:00Z,109
3372868164,2016-03-27T18:00:00Z,99
3372868164,2016-03-27T19:00:00Z,84
3372868164,2016-03-27T20:00:00Z,65
3372868164,2016-03-27T21:00:00Z,56
3372868164,2016-03-27T22:00:00Z,56
3372868164,2016-03-27T23:00:00Z,57
3372868164,2016-03-28T00:00:00Z,59
3372868164,2016-03-28T01:00:00Z,56
3372868164,2016-03-28T02:00:00Z,61
3372868164,2016-03-28T03:00:00Z,57
3372868164,2016-03-28T04:00:00Z,56
3372868164,2016-03-28T05:00:00Z,69
3372868164,2016-03-28T06:00:00Z,64
3372868164,2016-03-28T07:00:00Z,106
3372868164,2016-03-28T08:00:00Z,106
3372868164,2016-03-28T09:00:00Z,79
3372868164,2016-03-28T10:00:00Z,71
3372868164,2016-03-28T11:00:00Z,98
3372868164,2016-03-28T12:00:00Z,88
3372868164,2016-03-28T13:00:00Z,82
3372868164,2016-03-28T14:00:00Z,95
3372868164,2016-03-28T15:00:00Z,87
3372868164,2016-03-28T16:00:00Z,87
3372868164,2016-03-28T17:00:00Z,77
3372868164,2016-03-28T18:00:00Z,109
3372868164,2016-03-28T19:00:00Z,81
3372868164,2016-03-28T20:00:00Z,78
3372868164,2016-03-28T21:00:00Z,56
3372868164,2016-03-28T22:00:00Z,63
3372868164,2016-03-28T23:00:00Z,56
3372868164,2016-03-29T00:00:00Z,56
3372868164,2016-03-29T01:00:00Z,56
3372868164,2016-03-29T02:00:00Z,57
3372868164,2016-03-29T03:00:00Z,56
3372868164,2016-03-29T04:00:00Z,57
3372868164,2016-03-29T05:00:00Z,56
3372868164,2016-03-29T06:00:00Z,56
3372868164,2016-03-29T07:00:00Z,64
3372868164,2016-03-29T08:00:00Z,64
3372868164,2016-03-29T09:00:00Z,90
3372868164,2016-03-29T10:00:00Z,207
3372868164,2016-03-29T11:00:00Z,130
3372868164,2016-03-29T12:00:00Z,120
3372868164,2016-03-29T13:00:00Z,105
3372868164,2016-03-29T14:00:00Z,75
3372868164,2016-03-29T15:00:00Z,153
3372868164,2016-03-29T16:00:00Z,113
3372868164,2016-03-29T17:00:00Z,93
3372868164,2016-03-29T18:00:00Z,75
3372868164,2016-03-29T19:00:00Z,62
3372868164,2016-03-29T20:00:00Z,83
3372868164,2016-03-29T21:00:00Z,62
3372868164,2016-03-29T22:00:00Z,58
3372868164,2016-03-29T23:00:00Z,57
3372868164,2016-03-30T00:00:00Z,57
3372868164,2016-03-30T01:00:00Z,56
3372868164,2016-03-30T02:00:00Z,60
3372868164,2016-03-30T03:00:00Z,56
3372868164,2016-03-30T04:00:00Z,56
3372868164,2016-03-30T05:00:00Z,57
3372868164,2016-03-30T06:00:00Z,57
3372868164,2016-03-30T07:00:00Z,66
3372868164,2016-03-30T08:00:00Z,64
3372868164,2016-03-30T09:00:00Z,97
3372868164,2016-03-30T10:00:00Z,151
3372868164,2016-03-30T11:00:00Z,229
3372868164,2016-03-30T12:00:00Z,73
3372868164,2016-03-30T13:00:00Z,68
3372868164,2016-03-30T14:00:00Z,65
3372868164,2016-03-30T15:00:00Z,59
3372868164,2016-03-30T16:00:00Z,92
3372868164,2016-03-30T17:00:00Z,62
3372868164,2016-03-30T18:00:00Z,100
3372868164,2016-03-30T19:00:00Z,64
3372868164,2016-03-30T20:00:00Z,70
3372868164,2016-03-30T21:00:00Z,91
3372868164,2016-03-30T22:00:00Z,66
3372868164,2016-03-30T23:00:00Z,56
3372868164,2016-03-31T00:00:00Z,56
3372868164,2016-03-31T01:00:00Z,56
3372868164,2016-03-31T02:00:00Z,73
3372868164,2016-03-31T03:00:00Z,79
3372868164,2016-03-31T04:00:00Z,62
3372868164,2016-03-31T05:00:00Z,73
3372868164,2016-03-31T06:00:00Z,64
3372868164,2016-03-31T07:00:00Z,231
3372868164,2016-03-31T08:00:00Z,112
3372868164,2016-03-31T09:00:00Z,97
3372868164,2016-03-31T10:00:00Z,87
3372868164,2016-03-31T11:00:00Z,80
3372868164,2016-03-31T12:00:00Z,87
3372868164,2016-03-31T13:00:00Z,93
3372868164,2016-03-31T14:00:00Z,130
3372868164,2016-03-31T15:00:00Z,121
3372868164,2016-03-31T16:00:00Z,77
3372868164,2016-03-31T17:00:00Z,97
3372868164,2016-03-31T18:00:00Z,64
3372868164,2016-03-31T19:00:00Z,74
3372868164,2016-03-31T20:00:00Z,88
3372868164,2016-03-31T21:00:00Z,62
3372868164,2016-03-31T22:00:00Z,57
3372868164,2016-03-31T23:00:00Z,56
3372868164,2016-04-01T00:00:00Z,59
3372868164,2016-04-01T01:00:00Z,56
3372868164,2016-04-01T02:00:00Z,56
3372868164,2016-04-01T03:00:00Z,56
3372868164,2016-04-01T04:00:00Z,56
3372868164,2016-04-01T05:00:00Z,56
3372868164,2016-04-01T06:00:00Z,60
3372868164,2016-04-01T07:00:00Z,64
3372868164,2016-04-01T08:00:00Z,88
3372868164,2016-04-01T09:00:00Z,86
3372868164,2016-04-01T10:00:00Z,101
3372868164,2016-04-01T11:00:00Z,118
3372868164,2016-04-01T12:00:00Z,108
3372868164,2016-04-01T13:00:00Z,111
3372868164,2016-04-01T14:00:00Z,90
3372868164,2016-04-01T15:00:00Z,78
3372868164,2016-04-01T16:00:00Z,91
3372868164,2016-04-01T17:00:00Z,88
3372868164,2016-04-01T18:00:00Z,66
3372868164,2016-04-01T19:00:00Z,78
3372868164,2016-04-01T20:00:00Z,62
3372868164,2016-04-01T21:00:00Z,68
3372868164,2016-04-01T22:00:00Z,96
3372868164,2016-04-01T23:00:00Z,60
3372868164,2016-04-02T00:00:00Z,57
3372868164,2016-04-02T01:00:00Z,56
3372868164,2016-04-02T02:00:00Z,56
3372868164,2016-04-02T03:00:00Z,58
3372868164,2016-04-02T04:00:00Z,59
3372868164,2016-04-02T05:00:00Z,56
3372868164,2016-04-02T06:00:00Z,56
3372868164,2016-04-02T07:00:00Z,56
3372868164,2016-04-02T08:00:00Z,62
3372868164,2016-04-02T09:00:00Z,84
3372868164,2016-04-02T10:00:00Z,130
3372868164,2016-04-02T11:00:00Z,278
3372868164,2016-04-02T12:00:00Z,93
3372868164,2016-04-02T13:00:00Z,140
3372868164,2016-04-02T14:00:00Z,106
3372868164,2016-04-02T15:00:00Z,78
3372868164,2016-04-02T16:00:00Z,99
3372868164,2016-04-02T17:00:00Z,116
3372868164,2016-04-02T18:00:00Z,103
3372868164,2016-04-02T19:00:00Z,69
3372868164,2016-04-02T20:00:00Z,82
3372868164,2016-04-02T21:00:00Z,56
3372868164,2016-04-02T22:00:00Z,62
3372868164,2016-04-02T23:00:00Z,56
3372868164,2016-04-03T00:00:00Z,56
3372868164,2016-04-03T01:00:00Z,56
3372868164,2016-04-03T02:00:00Z,56
3372868164,2016-04-03T03:00:00Z,57
3372868164,2016-04-03T04:00:00Z,58
3372868164,2016-04-03T05:00:00Z,56
3372868164,2016-04-03T06:00:00Z,67
3372868164,2016-04-03T07:00:00Z,102
3372868164,2016-04-03T08:00:00Z,97
3372868164,2016-04-03T09:00:00Z,73
3372868164,2016-04-03T10:00:00Z,68
3372868164,2016-04-03T11:00:00Z,89
3372868164,2016-04-03T12:00:00Z,82
3372868164,2016-04-03T13:00:00Z,102
3372868164,2016-04-03T14:00:00Z,60
3372868164,2016-04-03T15:00:00Z,60
3372868164,2016-04-03T16:00:00Z,91
3372868164,2016-04-03T17:00:00Z,95
3372868164,2016-04-03T18:00:00Z,93
3372868164,2016-04-03T19:00:00Z,124
3372868164,2016-04-03T20:00:00Z,83
3372868164,2016-04-03T21:00:00Z,74
3372868164,2016-04-03T22:00:00Z,60
3372868164,2016-04-03T23:00:00Z,56
3372868164,2016-04-04T00:00:00Z,59
3372868164,2016-04-04T01:00:00Z,56
3372868164,2016-04-04T02:00:00Z,59
3372868164,2016-04-04T03:00:00Z,56
3372868164,2016-04-04T04:00:00Z,57
3372868164,2016-04-04T05:00:00Z,64
3372868164,2016-04-04T06:00:00Z,68
3372868164,2016-04-04T07:00:00Z,62
3372868164,2016-04-04T08:00:00Z,99
3372868164,2016-04-04T09:00:00Z,89
3372868164,2016-04-04T10:00:00Z,263
3372868164,2016-04-04T11:00:00Z,92
3372868164,2016-04-04T12:00:00Z,67
3372868164,2016-04-04T13:00:00Z,62
3372868164,2016-04-04T14:00:00Z,90
3372868164,2016-04-04T15:00:00Z,56
3372868164,2016-04-04T16:00:00Z,65
3372868164,2016-04-04T17:00:00Z,81
3372868164,2016-04-04T18:00:00Z,96
3372868164,2016-04-04T19:00:00Z,75
3372868164,2016-04-04T20:00:00Z,82
3372868164,2016-04-04T21:00:00Z,65
3372868164,2016-04-04T22:00:00Z,59
3372868164,2016-04-04T23:00:00Z,56
3372868164,2016-04-05T00:00:00Z,56
3372868164,2016-04-05T01:00:00Z,57
3372868164,2016-04-05T02:00:00Z,56
3372868164,2016-04-05T03:00:00Z,57
3372868164,2016-04-05T04:00:00Z,56
3372868164,2016-04-05T05:00:00Z,56
3372868164,2016-04-05T06:00:00Z,62
3372868164,2016-04-05T07:00:00Z,58
3372868164,2016-04-05T08:00:00Z,69
3372868164,2016-04-05T09:00:00Z,74
3372868164,2016-04-05T10:00:00Z,91
3372868164,2016-04-05T11:00:00Z,153
3372868164,2016-04-05T12:00:00Z,89
3372868164,2016-04-05T13:00:00Z,58
3372868164,2016-04-05T14:00:00Z,87
3372868164,2016-04-05T15:00:00Z,92
3372868164,2016-04-05T16:00:00Z,93
3372868164,2016-04-05T17:00:00Z,92
3372868164,2016-04-05T18:00:00Z,79
3372868164,2016-04-05T19:00:00Z,88
3372868164,2016-04-05T20:00:00Z,76
3372868164,2016-04-05T21:00:00Z,72
3372868164,2016-04-05T22:00:00Z,62
3372868164,2016-04-05T23:00:00Z,56
3372868164,2016-04-06T00:00:00Z,59
3372868164,2016-04-06T01:00:00Z,59
3372868164,2016-04-06T02:00:00Z,56
3372868164,2016-04-06T03:00:00Z,57
3372868164,2016-04-06T04:00:00Z,56
3372868164,2016-04-06T05:00:00Z,57
3372868164,2016-04-06T06:00:00Z,56
3372868164,2016-04-06T07:00:00Z,56
3372868164,2016-04-06T08:00:00Z,71
3372868164,2016-04-06T09:00:00Z,68
3372868164,2016-04-06T10:00:00Z,86
3372868164,2016-04-06T11:00:00Z,80
3372868164,2016-04-06T12:00:00Z,122
3372868164,2016-04-06T13:00:00Z,241
3372868164,2016-04-06T14:00:00Z,88
3372868164,2016-04-06T15:00:00Z,109
3372868164,2016-04-06T16:00:00Z,116
3372868164,2016-04-06T17:00:00Z,88
3372868164,2016-04-06T18:00:00Z,86
3372868164,2016-04-06T19:00:00Z,83
3372868164,2016-04-06T20:00:00Z,125
3372868164,2016-04-06T21:00:00Z,68
3372868164,2016-04-06T22:00:00Z,64
3372868164,2016-04-06T23:00:00Z,59
3372868164,2016-04-07T00:00:00Z,58
3372868164,2016-04-07T01:00:00Z,57
3372868164,2016-04-07T02:00:00Z,56
3372868164,2016-04-07T03:00:00Z,56
3372868164,2016-04-07T04:00:00Z,56
3372868164,2016-04-07T05:00:00Z,71
3372868164,2016-04-07T06:00:00Z,70
3372868164,2016-04-07T07:00:00Z,78
3372868164,2016-04-07T08:00:00Z,101
3372868164,2016-04-07T09:00:00Z,162
3372868164,2016-04-07T10:00:00Z,202
3372868164,2016-04-07T11:00:00Z,106
3372868164,2016-04-07T12:00:00Z,98
3372868164,2016-04-07T13:00:00Z,92
3372868164,2016-04-07T14:00:00Z,91
3372868164,2016-04-07T15:00:00Z,98
3372868164,2016-04-07T16:00:00Z,109
3372868164,2016-04-07T17:00:00Z,61
3372868164,2016-04-07T18:00:00Z,84
3372868164,2016-04-07T19:00:00Z,63
3372868164,2016-04-07T20:00:00Z,94
3372868164,2016-04-07T21:00:00Z,60
3372868164,2016-04-07T22:00:00Z,62
3372868164,2016-04-07T23:00:00Z,56
3372868164,2016-04-08T00:00:00Z,57
3372868164,2016-04-08T01:00:00Z,56
3372868164,2016-04-08T02:00:00Z,56
3372868164,2016-04-08T03:00:00Z,56
3372868164,2016-04-08T04:00:00Z,56
3372868164,2016-04-08T05:00:00Z,56
3372868164,2016-04-08T06:00:00Z,64
3372868164,2016-04-08T07:00:00Z,61
3372868164,2016-04-08T08:00:00Z,85
3372868164,2016-04-08T09:00:00Z,97
3372868164,2016-04-08T10:00:00Z,91
3372868164,2016-04-08T11:00:00Z,114
3372868164,2016-04-08T12:00:00Z,135
3372868164,2016-04-08T13:00:00Z,114
3372868164,2016-04-08T14:00:00Z,59
3372868164,2016-04-08T15:00:00Z,84
3372868164,2016-04-08T16:00:00Z,81
3372868164,2016-04-08T17:00:00Z,89
3372868164,2016-04-08T18:00:00Z,67
3372868164,2016-04-08T19:00:00Z,80
3372868164,2016-04-08T20:00:00Z,66
3372868164,2016-04-08T21:00:00Z,76
3372868164,2016-04-08T22:00:00Z,60
3372868164,2016-04-08T23:00:00Z,56
3372868164,2016-04-09T00:00:00Z,56
3372868164,2016-04-09T01:00:00Z,59
3372868164,2016-04-09T02:00:00Z,56
3372868164,2016-04-09T03:00:00Z,56
3372868164,2016-04-09T04:00:00Z,56
3372868164,2016-04-09T05:00:00Z,56
3372868164,2016-04-09T06:00:00Z,56
3372868164,2016-04-09T07:00:00Z,82
3372868164,2016-04-09T08:00:00Z,109
3372868164,2016-04-09T09:00:00Z,91
3372868164,2016-04-09T10:00:00Z,101
3372868164,2016-04-09T11:00:00Z,143
3372868164,2016-04-09T12:00:00Z,96
3372868164,2016-04-09T13:00:00Z,215
3372868164,2016-04-09T14:00:00Z,90
3372868164,2016-04-09T15:00:00Z,85
3372868164,2016-04-09T16:00:00Z,95
3372868164,2016-04-09T17:00:00Z,120
3372868164,2016-04-09T18:00:00Z,91
3372868164,2016-04-09T19:00:00Z,103
3372868164,2016-04-09T20:00:00Z,69
3372868164,2016-04-09T21:00:00Z,56
3372868164,2016-04-09T22:00:00Z,62
3372868164,2016-04-09T23:00:00Z,58
3372868164,2016-04-10T00:00:00Z,57
3372868164,2016-04-10T01:00:00Z,56
3372868164,2016-04-10T02:00:00Z,56
3372868164,2016-04-10T03:00:00Z,57
3372868164,2016-04-10T04:00:00Z,58
3372868164,2016-04-10T05:00:00Z,56
3372868164,2016-04-10T06:00:00Z,65
3372868164,2016-04-10T07:00:00Z,94
3372868164,2016-04-10T08:00:00Z,104
3372868164,2016-04-10T09:00:00Z,67
3372868164,2016-04-10T10:00:00Z,68
3372868164,2016-04-10T11:00:00Z,83
3372868164,2016-04-10T12:00:00Z,84
3372868164,2016-04-10T13:00:00Z,266
3372868164,2016-04-10T14:00:00Z,88
3977333714,2016-03-12T00:00:00Z,42
3977333714,2016-03-12T01:00:00Z,42
3977333714,2016-03-12T02:00:00Z,42
3977333714,2016-03-12T03:00:00Z,42
3977333714,2016-03-12T04:00:00Z,42
3977333714,2016-03-12T05:00:00Z,42
3977333714,2016-03-12T06:00:00Z,42
3977333714,2016-03-12T07:00:00Z,42
3977333714,2016-03-12T08:00:00Z,42
3977333714,2016-03-12T09:00:00Z,42
3977333714,2016-03-12T10:00:00Z,42
3977333714,2016-03-12T11:00:00Z,42
3977333714,2016-03-12T12:00:00Z,42
3977333714,2016-03-12T13:00:00Z,42
3977333714,2016-03-12T14:00:00Z,42
3977333714,2016-03-12T15:00:00Z,53
3977333714,2016-03-12T16:00:00Z,47
3977333714,2016-03-12T17:00:00Z,50
3977333714,2016-03-12T18:00:00Z,146
3977333714,2016-03-12T19:00:00Z,186
3977333714,2016-03-12T20:00:00Z,88
3977333714,2016-03-12T21:00:00Z,70
3977333714,2016-03-12T22:00:00Z,45
3977333714,2016-03-12T23:00:00Z,45
3977333714,2016-03-13T00:00:00Z,59
3977333714,2016-03-13T01:00:00Z,44
3977333714,2016-03-13T02:00:00Z,43
3977333714,2016-03-13T03:00:00Z,42
3977333714,2016-03-13T04:00:00Z,42
3977333714,2016-03-13T05:00:00Z,42
3977333714,2016-03-13T06:00:00Z,42
3977333714,2016-03-13T07:00:00Z,42
3977333714,2016-03-13T08:00:00Z,45
3977333714,2016-03-13T09:00:00Z,73
3977333714,2016-03-13T10:00:00Z,57
3977333714,2016-03-13T11:00:00Z,67
3977333714,2016-03-13T12:00:00Z,75
3977333714,2016-03-13T13:00:00Z,109
3977333714,2016-03-13T14:00:00Z,67
3977333714,2016-03-13T15:00:00Z,52
3977333714,2016-03-13T16:00:00Z,66
3977333714,2016-03-13T17:00:00Z,65
3977333714,2016-03-13T18:00:00Z,47
3977333714,2016-03-13T19:00:00Z,43
3977333714,2016-03-13T20:00:00Z,83
3977333714,2016-03-13T21:00:00Z,47
3977333714,2016-03-13T22:00:00Z,49
3977333714,2016-03-13T23:00:00Z,49
3977333714,2016-03-14T00:00:00Z,54
3977333714,2016-03-14T01:00:00Z,42
3977333714,2016-03-14T02:00:00Z,42
3977333714,2016-03-14T03:00:00Z,42
3977333714,2016-03-14T04:00:00Z,43
3977333714,2016-03-14T05:00:00Z,42
3977333714,2016-03-14T06:00:00Z,42
3977333714,2016-03-14T07:00:00Z,42
3977333714,2016-03-14T08:00:00Z,51
3977333714,2016-03-14T09:00:00Z,44
3977333714,2016-03-14T10:00:00Z,47
3977333714,2016-03-14T11:00:00Z,47
3977333714,2016-03-14T12:00:00Z,59
3977333714,2016-03-14T13:00:00Z,59
3977333714,2016-03-14T14:00:00Z,87
3977333714,2016-03-14T15:00:00Z,77
3977333714,2016-03-14T16:00:00Z,50
3977333714,2016-03-14T17:00:00Z,56
3977333714,2016-03-14T18:00:00Z,46
3977333714,2016-03-14T19:00:00Z,52
3977333714,2016-03-14T20:00:00Z,45
3977333714,2016-03-14T21:00:00Z,44
3977333714,2016-03-14T22:00:00Z,51
3977333714,2016-03-14T23:00:00Z,48
3977333714,2016-03-15T00:00:00Z,42
3977333714,2016-03-15T01:00:00Z,42
3977333714,2016-03-15T02:00:00Z,42
3977333714,2016-03-15T03:00:00Z,43
3977333714,2016-03-15T04:00:00Z,43
3977333714,2016-03-15T05:00:00Z,42
3977333714,2016-03-15T06:00:00Z,48
3977333714,2016-03-15T07:00:00Z,42
3977333714,2016-03-15T08:00:00Z,43
3977333714,2016-03-15T09:00:00Z,79
3977333714,2016-03-15T10:00:00Z,63
3977333714,2016-03-15T11:00:00Z,51
3977333714,2016-03-15T12:00:00Z,55
3977333714,2016-03-15T13:00:00Z,78
3977333714,2016-03-15T14:00:00Z,73
3977333714,2016-03-15T15:00:00Z,72
3977333714,2016-03-15T16:00:00Z,77
3977333714,2016-03-15T17:00:00Z,77
3977333714,2016-03-15T18:00:00Z,86
3977333714,2016-03-15T19:00:00Z,102
3977333714,2016-03-15T20:00:00Z,192
3977333714,2016-03-15T21:00:00Z,152
3977333714,2016-03-15T22:00:00Z,81
3977333714,2016-03-15T23:00:00Z,50
3977333714,2016-03-16T00:00:00Z,43
3977333714,2016-03-16T01:00:00Z,42
3977333714,2016-03-16T02:00:00Z,42
3977333714,2016-03-16T03:00:00Z,42
3977333714,2016-03-16T04:00:00Z,42
3977333714,2016-03-16T05:00:00Z,90
3977333714,2016-03-16T06:00:00Z,103
3977333714,2016-03-16T07:00:00Z,97
3977333714,2016-03-16T08:00:00Z,195
3977333714,2016-03-16T09:00:00Z,91
3977333714,2016-03-16T10:00:00Z,46
3977333714,2016-03-16T11:00:00Z,51
3977333714,2016-03-16T12:00:00Z,80
3977333714,2016-03-16T13:00:00Z,60
3977333714,2016-03-16T14:00:00Z,49
3977333714,2016-03-16T15:00:00Z,53
3977333714,2016-03-16T16:00:00Z,52
3977333714,2016-03-16T17:00:00Z,43
3977333714,2016-03-16T18:00:00Z,49
3977333714,2016-03-16T19:00:00Z,79
3977333714,2016-03-16T20:00:00Z,195
3977333714,2016-03-16T21:00:00Z,95
3977333714,2016-03-16T22:00:00Z,78
3977333714,2016-03-16T23:00:00Z,45
3977333714,2016-03-17T00:00:00Z,44
3977333714,2016-03-17T01:00:00Z,42
3977333714,2016-03-17T02:00:00Z,42
3977333714,2016-03-17T03:00:00Z,42
3977333714,2016-03-17T04:00:00Z,42
3977333714,2016-03-17T05:00:00Z,42
3977333714,2016-03-17T06:00:00Z,42
3977333714,2016-03-17T07:00:00Z,42
3977333714,2016-03-17T08:00:00Z,60
3977333714,2016-03-17T09:00:00Z,87
3977333714,2016-03-17T10:00:00Z,66
3977333714,2016-03-17T11:00:00Z,63
3977333714,2016-03-17T12:00:00Z,54
3977333714,2016-03-17T13:00:00Z,63
3977333714,2016-03-17T14:00:00Z,69
3977333714,2016-03-17T15:00:00Z,92
3977333714,2016-03-17T16:00:00Z,71
3977333714,2016-03-17T17:00:00Z,74
3977333714,2016-03-17T18:00:00Z,58
3977333714,2016-03-17T19:00:00Z,43
3977333714,2016-03-17T20:00:00Z,101
3977333714,2016-03-17T21:00:00Z,205
3977333714,2016-03-17T22:00:00Z,111
3977333714,2016-03-17T23:00:00Z,42
3977333714,2016-03-18T00:00:00Z,42
3977333714,2016-03-18T01:00:00Z,42
3977333714,2016-03-18T02:00:00Z,42
3977333714,2016-03-18T03:00:00Z,42
3977333714,2016-03-18T04:00:00Z,42
3977333714,2016-03-18T05:00:00Z,42
3977333714,2016-03-18T06:00:00Z,42
3977333714,2016-03-18T07:00:00Z,49
3977333714,2016-03-18T08:00:00Z,46
3977333714,2016-03-18T09:00:00Z,68
3977333714,2016-03-18T10:00:00Z,73
3977333714,2016-03-18T11:00:00Z,71
3977333714,2016-03-18T12:00:00Z,66
3977333714,2016-03-18T13:00:00Z,56
3977333714,2016-03-18T14:00:00Z,51
3977333714,2016-03-18T15:00:00Z,82
3977333714,2016-03-18T16:00:00Z,70
3977333714,2016-03-18T17:00:00Z,59
3977333714,2016-03-18T18:00:00Z,128
3977333714,2016-03-18T19:00:00Z,188
3977333714,2016-03-18T20:00:00Z,56
3977333714,2016-03-18T21:00:00Z,73
3977333714,2016-03-18T22:00:00Z,68
3977333714,2016-03-18T23:00:00Z,42
3977333714,2016-03-19T00:00:00Z,42
3977333714,2016-03-19T01:00:00Z,42
3977333714,2016-03-19T02:00:00Z,42
3977333714,2016-03-19T03:00:00Z,42
3977333714,2016-03-19T04:00:00Z,42
3977333714,2016-03-19T05:00:00Z,42
3977333714,2016-03-19T06:00:00Z,42
3977333714,2016-03-19T07:00:00Z,42
3977333714,2016-03-19T08:00:00Z,50
3977333714,2016-03-19T09:00:00Z,51
3977333714,2016-03-19T10:00:00Z,69
3977333714,2016-03-19T11:00:00Z,67
3977333714,2016-03-19T12:00:00Z,75
3977333714,2016-03-19T13:00:00Z,47
3977333714,2016-03-19T14:00:00Z,59
3977333714,2016-03-19T15:00:00Z,54
3977333714,2016-03-19T16:00:00Z,53
3977333714,2016-03-19T17:00:00Z,42
3977333714,2016-03-19T18:00:00Z,42
3977333714,2016-03-19T19:00:00Z,42
3977333714,2016-03-19T20:00:00Z,42
3977333714,2016-03-19T21:00:00Z,42
3977333714,2016-03-19T22:00:00Z,42
3977333714,2016-03-19T23:00:00Z,42
3977333714,2016-03-20T00:00:00Z,42
3977333714,2016-03-20T01:00:00Z,42
3977333714,2016-03-20T02:00:00Z,42
3977333714,2016-03-20T03:00:00Z,42
3977333714,2016-03-20T04:00:00Z,42
3977333714,2016-03-20T05:00:00Z,42
3977333714,2016-03-20T06:00:00Z,42
3977333714,2016-03-20T07:00:00Z,42
3977333714,2016-03-20T08:00:00Z,42
3977333714,2016-03-20T09:00:00Z,42
3977333714,2016-03-20T10:00:00Z,42
3977333714,2016-03-20T11:00:00Z,42
3977333714,2016-03-20T12:00:00Z,42
3977333714,2016-03-20T13:00:00Z,42
3977333714,2016-03-20T14:00:00Z,42
3977333714,2016-03-20T15:00:00Z,42
3977333714,2016-03-20T16:00:00Z,42
3977333714,2016-03-20T17:00:00Z,42
3977333714,2016-03-20T18:00:00Z,42
3977333714,2016-03-20T19:00:00Z,42
3977333714,2016-03-20T20:00:00Z,42
3977333714,2016-03-20T21:00:00Z,42
3977333714,2016-03-20T22:00:00Z,42
3977333714,2016-03-20T23:00:00Z,42
3977333714,2016-03-21T00:00:00Z,42
3977333714,2016-03-21T01:00:00Z,42
3977333714,2016-03-21T02:00:00Z,42
3977333714,2016-03-21T03:00:00Z,42
3977333714,2016-03-21T04:00:00Z,42
3977333714,2016-03-21T05:00:00Z,42
3977333714,2016-03-21T06:00:00Z,42
3977333714,2016-03-21T07:00:00Z,42
3977333714,2016-03-21T08:00:00Z,42
3977333714,2016-03-21T09:00:00Z,42
3977333714,2016-03-21T10:00:00Z,42
3977333714,2016-03-21T11:00:00Z,42
3977333714,2016-03-21T12:00:00Z,42
3977333714,2016-03-21T13:00:00Z,42
3977333714,2016-03-21T14:00:00Z,42
3977333714,2016-03-21T15:00:00Z,42
3977333714,2016-03-21T16:00:00Z,42
3977333714,2016-03-21T17:00:00Z,42
3977333714,2016-03-21T18:00:00Z,42
3977333714,2016-03-21T19:00:00Z,42
3977333714,2016-03-21T20:00:00Z,42
3977333714,2016-03-21T21:00:00Z,42
3977333714,2016-03-21T22:00:00Z,42
3977333714,2016-03-21T23:00:00Z,42
3977333714,2016-03-22T00:00:00Z,42
3977333714,2016-03-22T01:00:00Z,42
3977333714,2016-03-22T02:00:00Z,42
3977333714,2016-03-22T03:00:00Z,42
3977333714,2016-03-22T04:00:00Z,42
3977333714,2016-03-22T05:00:00Z,42
3977333714,2016-03-22T06:00:00Z,42
3977333714,2016-03-22T07:00:00Z,42
3977333714,2016-03-22T08:00:00Z,42
3977333714,2016-03-22T09:00:00Z,42
3977333714,2016-03-22T10:00:00Z,42
3977333714,2016-03-22T11:00:00Z,42
3977333714,2016-03-22T12:00:00Z,42
3977333714,2016-03-22T13:00:00Z,42
3977333714,2016-03-22T14:00:00Z,42
3977333714,2016-03-22T15:00:00Z,42
3977333714,2016-03-22T16:00:00Z,42
3977333714,2016-03-22T17:00:00Z,42
3977333714,2016-03-22T18:00:00Z,42
3977333714,2016-03-22T19:00:00Z,42
3977333714,2016-03-22T20:00:00Z,42
3977333714,2016-03-22T21:00:00Z,42
3977333714,2016-03-22T22:00:00Z,42
3977333714,2016-03-22T23:00:00Z,42
3977333714,2016-03-23T00:00:00Z,42
3977333714,2016-03-23T01:00:00Z,42
3977333714,2016-03-23T02:00:00Z,42
3977333714,2016-03-23T03:00:00Z,42
3977333714,2016-03-23T04:00:00Z,42
3977333714,2016-03-23T05:00:00Z,42
3977333714,2016-03-23T06:00:00Z,42
3977333714,2016-03-23T07:00:00Z,42
3977333714,2016-03-23T08:00:00Z,42
3977333714,2016-03-23T09:00:00Z,42
3977333714,2016-03-23T10:00:00Z,42
3977333714,2016-03-23T11:00:00Z,42
3977333714,2016-03-23T12:00:00Z,42
3977333714,2016-03-23T13:00:00Z,42
3977333714,2016-03-23T14:00:00Z,42
3977333714,2016-03-23T15:00:00Z,42
3977333714,2016-03-23T16:00:00Z,42
3977333714,2016-03-23T17:00:00Z,42
3977333714,2016-03-23T18:00:00Z,42
3977333714,2016-03-23T19:00:00Z,42
3977333714,2016-03-23T20:00:00Z,42
3977333714,2016-03-23T21:00:00Z,42
3977333714,2016-03-23T22:00:00Z,42
3977333714,2016-03-23T23:00:00Z,42
3977333714,2016-03-24T00:00:00Z,42
3977333714,2016-03-24T01:00:00Z,42
3977333714,2016-03-24T02:00:00Z,42
3977333714,2016-03-24T03:00:00Z,42
3977333714,2016-03-24T04:00:00Z,42
3977333714,2016-03-24T05:00:00Z,42
3977333714,2016-03-24T06:00:00Z,42
3977333714,2016-03-24T07:00:00Z,42
3977333714,2016-03-24T08:00:00Z,42
3977333714,2016-03-24T09:00:00Z,42
3977333714,2016-03-24T10:00:00Z,42
3977333714,2016-03-24T11:00:00Z,42
3977333714,2016-03-24T12:00:00Z,42
3977333714,2016-03-24T13:00:00Z,42
3977333714,2016-03-24T14:00:00Z,42
3977333714,2016-03-24T15:00:00Z,42
3977333714,2016-03-24T16:00:00Z,42
3977333714,2016-03-24T17:00:00Z,42
3977333714,2016-03-24T18:00:00Z,42
3977333714,2016-03-24T19:00:00Z,42
3977333714,2016-03-24T20:00:00Z,42
3977333714,2016-03-24T21:00:00Z,42
3977333714,2016-03-24T22:00:00Z,42
3977333714,2016-03-24T23:00:00Z,42
3977333714,2016-03-25T00:00:00Z,42
3977333714,2016-03-25T01:00:00Z,42
3977333714,2016-03-25T02:00:00Z,42
3977333714,2016-03-25T03:00:00Z,42
3977333714,2016-03-25T04:00:00Z,42
3977333714,2016-03-25T05:00:00Z,42
3977333714,2016-03-25T06:00:00Z,42
3977333714,2016-03-25T07:00:00Z,42
3977333714,2016-03-25T08:00:00Z,42
3977333714,2016-03-25T09:00:00Z,42
3977333714,2016-03-25T10:00:00Z,42
3977333714,2016-03-25T11:00:00Z,42
3977333714,2016-03-25T12:00:00Z,42
3977333714,2016-03-25T13:00:00Z,42
3977333714,2016-03-25T14:00:00Z,42
3977333714,2016-03-25T15:00:00Z,42
3977333714,2016-03-25T16:00:00Z,42
3977333714,2016-03-25T17:00:00Z,42
3977333714,2016-03-25T18:00:00Z,42
3977333714,2016-03-25T19:00:00Z,42
3977333714,2016-03-25T20:00:00Z,42
3977333714,2016-03-25T21:00:00Z,42
3977333714,2016-03-25T22:00:00Z,42
3977333714,2016-03-25T23:00:00Z,42
3977333714,2016-03-26T00:00:00Z,42
3977333714,2016-03-26T01:00:00Z,42
3977333714,2016-03-26T02:00:00Z,42
3977333714,2016-03-26T03:00:00Z,42
3977333714,2016-03-26T04:00:00Z,42
3977333714,2016-03-26T05:00:00Z,42
3977333714,2016-03-26T06:00:00Z,42
3977333714,2016-03-26T07:00:00Z,42
3977333714,2016-03-26T08:00:00Z,42
3977333714,2016-03-26T09:00:00Z,42
3977333714,2016-03-26T10:00:00Z,42
3977333714,2016-03-26T11:00:00Z,42
3977333714,2016-03-26T12:00:00Z,42
3977333714,2016-03-26T13:00:00Z,42
3977333714,2016-03-26T14:00:00Z,42
3977333714,2016-03-26T15:00:00Z,42
3977333714,2016-03-26T16:00:00Z,42
3977333714,2016-03-26T17:00:00Z,42
3977333714,2016-03-26T18:00:00Z,42
3977333714,2016-03-26T19:00:00Z,42
3977333714,2016-03-26T20:00:00Z,42
3977333714,2016-03-26T21:00:00Z,42
3977333714,2016-03-26T22:00:00Z,42
3977333714,2016-03-26T23:00:00Z,42
3977333714,2016-03-27T00:00:00Z,42
3977333714,2016-03-27T01:00:00Z,42
3977333714,2016-03-27T02:00:00Z,42
3977333714,2016-03-27T03:00:00Z,42
3977333714,2016-03-27T04:00:00Z,42
3977333714,2016-03-27T05:00:00Z,42
3977333714,2016-03-27T06:00:00Z,42
3977333714,2016-03-27T07:00:00Z,42
3977333714,2016-03-27T08:00:00Z,42
3977333714,2016-03-27T09:00:00Z,42
3977333714,2016-03-27T10:00:00Z,42
3977333714,2016-03-27T11:00:00Z,42
3977333714,2016-03-27T12:00:00Z,42
3977333714,2016-03-27T13:00:00Z,42
3977333714,2016-03-27T14:00:00Z,42
3977333714,2016-03-27T15:00:00Z,42
3977333714,2016-03-27T16:00:00Z,42
3977333714,2016-03-27T17:00:00Z,42
3977333714,2016-03-27T18:00:00Z,42
3977333714,2016-03-27T19:00:00Z,42
3977333714,2016-03-27T20:00:00Z,42
3977333714,2016-03-27T21:00:00Z,42
3977333714,2016-03-27T22:00:00Z,42
3977333714,2016-03-27T23:00:00Z,42
3977333714,2016-03-28T00:00:00Z,42
3977333714,2016-03-28T01:00:00Z,42
3977333714,2016-03-28T02:00:00Z,42
3977333714,2016-03-28T03:00:00Z,42
3977333714,2016-03-28T04:00:00Z,42
3977333714,2016-03-28T05:00:00Z,42
3977333714,2016-03-28T06:00:00Z,42
3977333714,2016-03-28T07:00:00Z,42
3977333714,2016-03-28T08:00:00Z,42
3977333714,2016-03-28T09:00:00Z,42
3977333714,2016-03-28T10:00:00Z,42
3977333714,2016-03-28T11:00:00Z,42
3977333714,2016-03-28T12:00:00Z,42
3977333714,2016-03-28T13:00:00Z,42
3977333714,2016-03-28T14:00:00Z,42
3977333714,2016-03-28T15:00:00Z,42
3977333714,2016-03-28T16:00:00Z,42
3977333714,2016-03-28T17:00:00Z,42
3977333714,2016-03-28T18:00:00Z,42
3977333714,2016-03-28T19:00:00Z,42
3977333714,2016-03-28T20:00:00Z,42
3977333714,2016-03-28T21:00:00Z,42
3977333714,2016-03-28T22:00:00Z,42
3977333714,2016-03-28T23:00:00Z,42
3977333714,2016-03-29T00:00:00Z,42
3977333714,2016-03-29T01:00:00Z,42
3977333714,2016-03-29T02:00:00Z,42
3977333714,2016-03-29T03:00:00Z,42
3977333714,2016-03-29T04:00:00Z,42
3977333714,2016-03-29T05:00:00Z,42
3977333714,2016-03-29T06:00:00Z,42
3977333714,2016-03-29T07:00:00Z,42
3977333714,2016-03-29T08:00:00Z,42
3977333714,2016-03-29T09:00:00Z,42
3977333714,2016-03-29T10:00:00Z,42
3977333714,2016-03-29T11:00:00Z,42
3977333714,2016-03-29T12:00:00Z,42
3977333714,2016-03-29T13:00:00Z,42
3977333714,2016-03-29T14:00:00Z,42
3977333714,2016-03-29T15:00:00Z,42
3977333714,2016-03-29T16:00:00Z,42
3977333714,2016-03-29T17:00:00Z,42
3977333714,2016-03-29T18:00:00Z,42
3977333714,2016-03-29T19:00:00Z,42
3977333714,2016-03-29T20:00:00Z,42
3977333714,2016-03-29T21:00:00Z,42
3977333714,2016-03-29T22:00:00Z,42
3977333714,2016-03-29T23:00:00Z,42
3977333714,2016-03-30T00:00:00Z,42
3977333714,2016-03-30T01:00:00Z,42
3977333714,2016-03-30T02:00:00Z,42
3977333714,2016-03-30T03:00:00Z,42
3977333714,2016-03-30T04:00:00Z,42
3977333714,2016-03-30T05:00:00Z,42
3977333714,2016-03-30T06:00:00Z,42
3977333714,2016-03-30T07:00:00Z,42
3977333714,2016-03-30T08:00:00Z,42
3977333714,2016-03-30T09:00:00Z,42
3977333714,2016-03-30T10:00:00Z,42
3977333714,2016-03-30T11:00:00Z,42
3977333714,2016-03-30T12:00:00Z,42
3977333714,2016-03-30T13:00:00Z,42
3977333714,2016-03-30T14:00:00Z,42
3977333714,2016-03-30T15:00:00Z,42
3977333714,2016-03-30T16:00:00Z,42
3977333714,2016-03-30T17:00:00Z,42
3977333714,2016-03-30T18:00:00Z,42
3977333714,2016-03-30T19:00:00Z,42
3977333714,2016-03-30T20:00:00Z,42
3977333714,2016-03-30T21:00:00Z,42
3977333714,2016-03-30T22:00:00Z,42
3977333714,2016-03-30T23:00:00Z,42
3977333714,2016-03-31T00:00:00Z,42
3977333714,2016-03-31T01:00:00Z,42
3977333714,2016-03-31T02:00:00Z,42
3977333714,2016-03-31T03:00:00Z,42
3977333714,2016-03-31T04:00:00Z,42
3977333714,2016-03-31T05:00:00Z,42
3977333714,2016-03-31T06:00:00Z,42
3977333714,2016-03-31T07:00:00Z,42
3977333714,2016-03-31T08:00:00Z,42
3977333714,2016-03-31T09:00:00Z,42
3977333714,2016-03-31T10:00:00Z,42
3977333714,2016-03-31T11:00:00Z,42
3977333714,2016-03-31T12:00:00Z,42
3977333714,2016-03-31T13:00:00Z,42
3977333714,2016-03-31T14:00:00Z,42
3977333714,2016-03-31T15:00:00Z,42
3977333714,2016-03-31T16:00:00Z,42
3977333714,2016-03-31T17:00:00Z,42
3977333714,2016-03-31T18:00:00Z,42
3977333714,2016-03-31T19:00:00Z,69
3977333714,2016-03-31T20:00:00Z,45
3977333714,2016-03-31T21:00:00Z,71
3977333714,2016-03-31T22:00:00Z,47
3977333714,2016-03-31T23:00:00Z,46
3977333714,2016-04-01T00:00:00Z,47
3977333714,2016-04-01T01:00:00Z,46
3977333714,2016-04-01T02:00:00Z,48
3977333714,2016-04-01T03:00:00Z,42
3977333714,2016-04-01T04:00:00Z,42
3977333714,2016-04-01T05:00:00Z,42
3977333714,2016-04-01T06:00:00Z,42
3977333714,2016-04-01T07:00:00Z,42
3977333714,2016-04-01T08:00:00Z,42
3977333714,2016-04-01T09:00:00Z,56
3977333714,2016-04-01T10:00:00Z,55
3977333714,2016-04-01T11:00:00Z,46
3977333714,2016-04-01T12:00:00Z,74
3977333714,2016-04-01T13:00:00Z,90
3977333714,2016-04-01T14:00:00Z,82
3977333714,2016-04-01T15:00:00Z,53
3977333714,2016-04-01T16:00:00Z,68
3977333714,2016-04-01T17:00:00Z,59
3977333714,2016-04-01T18:00:00Z,52
3977333714,2016-04-01T19:00:00Z,47
3977333714,2016-04-01T20:00:00Z,45
3977333714,2016-04-01T21:00:00Z,55
3977333714,2016-04-01T22:00:00Z,49
3977333714,2016-04-01T23:00:00Z,62
3977333714,2016-04-02T00:00:00Z,51
3977333714,2016-04-02T01:00:00Z,45
3977333714,2016-04-02T02:00:00Z,52
3977333714,2016-04-02T03:00:00Z,42
3977333714,2016-04-02T04:00:00Z,42
3977333714,2016-04-02T05:00:00Z,42
3977333714,2016-04-02T06:00:00Z,42
3977333714,2016-04-02T07:00:00Z,52
3977333714,2016-04-02T08:00:00Z,69
3977333714,2016-04-02T09:00:00Z,51
3977333714,2016-04-02T10:00:00Z,52
3977333714,2016-04-02T11:00:00Z,63
3977333714,2016-04-02T12:00:00Z,70
3977333714,2016-04-02T13:00:00Z,83
3977333714,2016-04-02T14:00:00Z,59
3977333714,2016-04-02T15:00:00Z,94
3977333714,2016-04-02T16:00:00Z,104
3977333714,2016-04-02T17:00:00Z,82
3977333714,2016-04-02T18:00:00Z,68
3977333714,2016-04-02T19:00:00Z,79
3977333714,2016-04-02T20:00:00Z,86
3977333714,2016-04-02T21:00:00Z,62
3977333714,2016-04-02T22:00:00Z,58
3977333714,2016-04-02T23:00:00Z,42
3977333714,2016-04-03T00:00:00Z,43
3977333714,2016-04-03T01:00:00Z,42
3977333714,2016-04-03T02:00:00Z,42
3977333714,2016-04-03T03:00:00Z,42
3977333714,2016-04-03T04:00:00Z,42
3977333714,2016-04-03T05:00:00Z,42
3977333714,2016-04-03T06:00:00Z,50
3977333714,2016-04-03T07:00:00Z,49
3977333714,2016-04-03T08:00:00Z,71
3977333714,2016-04-03T09:00:00Z,64
3977333714,2016-04-03T10:00:00Z,85
3977333714,2016-04-03T11:00:00Z,61
3977333714,2016-04-03T12:00:00Z,63
3977333714,2016-04-03T13:00:00Z,97
3977333714,2016-04-03T14:00:00Z,64
3977333714,2016-04-03T15:00:00Z,83
3977333714,2016-04-03T16:00:00Z,80
3977333714,2016-04-03T17:00:00Z,68
3977333714,2016-04-03T18:00:00Z,87
3977333714,2016-04-03T19:00:00Z,67
3977333714,2016-04-03T20:00:00Z,206
3977333714,2016-04-03T21:00:00Z,74
3977333714,2016-04-03T22:00:00Z,62
3977333714,2016-04-03T23:00:00Z,44
3977333714,2016-04-04T00:00:00Z,53
3977333714,2016-04-04T01:00:00Z,45
3977333714,2016-04-04T02:00:00Z,42
3977333714,2016-04-04T03:00:00Z,42
3977333714,2016-04-04T04:00:00Z,43
3977333714,2016-04-04T05:00:00Z,42
3977333714,2016-04-04T06:00:00Z,42
3977333714,2016-04-04T07:00:00Z,42
3977333714,2016-04-04T08:00:00Z,101
3977333714,2016-04-04T09:00:00Z,95
3977333714,2016-04-04T10:00:00Z,64
3977333714,2016-04-04T11:00:00Z,68
3977333714,2016-04-04T12:00:00Z,112
3977333714,2016-04-04T13:00:00Z,55
3977333714,2016-04-04T14:00:00Z,54
3977333714,2016-04-04T15:00:00Z,48
3977333714,2016-04-04T16:00:00Z,107
3977333714,2016-04-04T17:00:00Z,138
3977333714,2016-04-04T18:00:00Z,64
3977333714,2016-04-04T19:00:00Z,70
3977333714,2016-04-04T20:00:00Z,104
3977333714,2016-04-04T21:00:00Z,106
3977333714,2016-04-04T22:00:00Z,62
3977333714,2016-04-04T23:00:00Z,47
3977333714,2016-04-05T00:00:00Z,43
3977333714,2016-04-05T01:00:00Z,42
3977333714,2016-04-05T02:00:00Z,42
3977333714,2016-04-05T03:00:00Z,42
3977333714,2016-04-05T04:00:00Z,42
3977333714,2016-04-05T05:00:00Z,42
3977333714,2016-04-05T06:00:00Z,42
3977333714,2016-04-05T07:00:00Z,42
3977333714,2016-04-05T08:00:00Z,64
3977333714,2016-04-05T09:00:00Z,79
3977333714,2016-04-05T10:00:00Z,103
3977333714,2016-04-05T11:00:00Z,59
3977333714,2016-04-05T12:00:00Z,90
3977333714,2016-04-05T13:00:00Z,100
3977333714,2016-04-05T14:00:00Z,81
3977333714,2016-04-05T15:00:00Z,84
3977333714,2016-04-05T16:00:00Z,53
3977333714,2016-04-05T17:00:00Z,145
3977333714,2016-04-05T18:00:00Z,93
3977333714,2016-04-05T19:00:00Z,50
3977333714,2016-04-05T20:00:00Z,74
3977333714,2016-04-05T21:00:00Z,96
3977333714,2016-04-05T22:00:00Z,95
3977333714,2016-04-05T23:00:00Z,46
3977333714,2016-04-06T00:00:00Z,43
3977333714,2016-04-06T01:00:00Z,42
3977333714,2016-04-06T02:00:00Z,42
3977333714,2016-04-06T03:00:00Z,42
3977333714,2016-04-06T04:00:00Z,42
3977333714,2016-04-06T05:00:00Z,42
3977333714,2016-04-06T06:00:00Z,42
3977333714,2016-04-06T07:00:00Z,74
3977333714,2016-04-06T08:00:00Z,105
3977333714,2016-04-06T09:00:00Z,100
3977333714,2016-04-06T10:00:00Z,111
3977333714,2016-04-06T11:00:00Z,90
3977333714,2016-04-06T12:00:00Z,103
3977333714,2016-04-06T13:00:00Z,164
3977333714,2016-04-06T14:00:00Z,64
3977333714,2016-04-06T15:00:00Z,60
3977333714,2016-04-06T16:00:00Z,107
3977333714,2016-04-06T17:00:00Z,52
3977333714,2016-04-06T18:00:00Z,42
3977333714,2016-04-06T19:00:00Z,96
3977333714,2016-04-06T20:00:00Z,48
3977333714,2016-04-06T21:00:00Z,58
3977333714,2016-04-06T22:00:00Z,93
3977333714,2016-04-06T23:00:00Z,121
3977333714,2016-04-07T00:00:00Z,59
3977333714,2016-04-07T01:00:00Z,42
3977333714,2016-04-07T02:00:00Z,42
3977333714,2016-04-07T03:00:00Z,42
3977333714,2016-04-07T04:00:00Z,44
3977333714,2016-04-07T05:00:00Z,42
3977333714,2016-04-07T06:00:00Z,44
3977333714,2016-04-07T07:00:00Z,50
3977333714,2016-04-07T08:00:00Z,44
3977333714,2016-04-07T09:00:00Z,49
3977333714,2016-04-07T10:00:00Z,50
3977333714,2016-04-07T11:00:00Z,43
3977333714,2016-04-07T12:00:00Z,48
3977333714,2016-04-07T13:00:00Z,69
3977333714,2016-04-07T14:00:00Z,70
3977333714,2016-04-07T15:00:00Z,48
3977333714,2016-04-07T16:00:00Z,55
3977333714,2016-04-07T17:00:00Z,46
3977333714,2016-04-07T18:00:00Z,47
3977333714,2016-04-07T19:00:00Z,149
3977333714,2016-04-07T20:00:00Z,177
3977333714,2016-04-07T21:00:00Z,83
3977333714,2016-04-07T22:00:00Z,43
3977333714,2016-04-07T23:00:00Z,44
3977333714,2016-04-08T00:00:00Z,48
3977333714,2016-04-08T01:00:00Z,42
3977333714,2016-04-08T02:00:00Z,42
3977333714,2016-04-08T03:00:00Z,42
3977333714,2016-04-08T04:00:00Z,42
3977333714,2016-04-08T05:00:00Z,42
3977333714,2016-04-08T06:00:00Z,42
3977333714,2016-04-08T07:00:00Z,43
3977333714,2016-04-08T08:00:00Z,46
3977333714,2016-04-08T09:00:00Z,51
3977333714,2016-04-08T10:00:00Z,57
3977333714,2016-04-08T11:00:00Z,55
3977333714,2016-04-08T12:00:00Z,64
3977333714,2016-04-08T13:00:00Z,180
3977333714,2016-04-08T14:00:00Z,174
3977333714,2016-04-08T15:00:00Z,64
3977333714,2016-04-08T16:00:00Z,87
3977333714,2016-04-08T17:00:00Z,57
3977333714,2016-04-08T18:00:00Z,48
3977333714,2016-04-08T19:00:00Z,68
3977333714,2016-04-08T20:00:00Z,70
3977333714,2016-04-08T21:00:00Z,71
3977333714,2016-04-08T22:00:00Z,43
3977333714,2016-04-08T23:00:00Z,44
3977333714,2016-04-09T00:00:00Z,43
3977333714,2016-04-09T01:00:00Z,50
3977333714,2016-04-09T02:00:00Z,42
3977333714,2016-04-09T03:00:00Z,42
3977333714,2016-04-09T04:00:00Z,42
3977333714,2016-04-09T05:00:00Z,42
3977333714,2016-04-09T06:00:00Z,43
3977333714,2016-04-09T07:00:00Z,45
3977333714,2016-04-09T08:00:00Z,84
3977333714,2016-04-09T09:00:00Z,113
3977333714,2016-04-09T10:00:00Z,123
3977333714,2016-04-09T11:00:00Z,88
3977333714,2016-04-09T12:00:00Z,77
3977333714,2016-04-09T13:00:00Z,44
3977333714,2016-04-09T14:00:00Z,45
3977333714,2016-04-09T15:00:00Z,46
3977333714,2016-04-09T16:00:00Z,74
3977333714,2016-04-09T17:00:00Z,74
3977333714,2016-04-09T18:00:00Z,46
3977333714,2016-04-09T19:00:00Z,134
3977333714,2016-04-09T20:00:00Z,219
3977333714,2016-04-09T21:00:00Z,73
3977333714,2016-04-09T22:00:00Z,61
3977333714,2016-04-09T23:00:00Z,45
3977333714,2016-04-10T00:00:00Z,49
3977333714,2016-04-10T01:00:00Z,44
3977333714,2016-04-10T02:00:00Z,44
3977333714,2016-04-10T03:00:00Z,42
3977333714,2016-04-10T04:00:00Z,42
3977333714,2016-04-10T05:00:00Z,42
3977333714,2016-04-10T06:00:00Z,43
3977333714,2016-04-10T07:00:00Z,42
3977333714,2016-04-10T08:00:00Z,43
3977333714,2016-04-10T09:00:00Z,46
3977333714,2016-04-10T10:00:00Z,44
3977333714,2016-04-10T11:00:00Z,48
3977333714,2016-04-10T12:00:00Z,46
3977333714,2016-04-10T13:00:00Z,45
3977333714,2016-04-10T14:00:00Z,48
3977333714,2016-04-10T15:00:00Z,52
3977333714,2016-04-10T16:00:00Z,47
3977333714,2016-04-10T17:00:00Z,61
3977333714,2016-04-10T18:00:00Z,66
3977333714,2016-04-10T19:00:00Z,55
3977333714,2016-04-10T20:00:00Z,47
3977333714,2016-04-10T21:00:00Z,50
3977333714,2016-04-10T22:00:00Z,54
3977333714,2016-04-10T23:00:00Z,128
3977333714,2016-04-11T00:00:00Z,56
3977333714,2016-04-11T01:00:00Z,50
3977333714,2016-04-11T02:00:00Z,49
3977333714,2016-04-11T03:00:00Z,42
3977333714,2016-04-11T04:00:00Z,42
3977333714,2016-04-11T05:00:00Z,42
3977333714,2016-04-11T06:00:00Z,42
3977333714,2016-04-11T07:00:00Z,42
3977333714,2016-04-11T08:00:00Z,43
3977333714,2016-04-11T09:00:00Z,51
3977333714,2016-04-11T10:00:00Z,47
3977333714,2016-04-11T11:00:00Z,57
3977333714,2016-04-11T12:00:00Z,60
3977333714,2016-04-11T13:00:00Z,58
3977333714,2016-04-11T14:00:00Z,46
3977333714,2016-04-11T15:00:00Z,56
3977333714,2016-04-11T16:00:00Z,50
3977333714,2016-04-11T17:00:00Z,64
3977333714,2016-04-11T18:00:00Z,73
3977333714,2016-04-11T19:00:00Z,42
3977333714,2016-04-11T20:00:00Z,66
3977333714,2016-04-11T21:00:00Z,45
3977333714,2016-04-11T22:00:00Z,43
3977333714,2016-04-11T23:00:00Z,55
3977333714,2016-04-12T00:00:00Z,80
3977333714,2016-04-12T01:00:00Z,42
3977333714,2016-04-12T02:00:00Z,42
4020332650,2016-03-12T00:00:00Z,83
4020332650,2016-03-12T01:00:00Z,83
4020332650,2016-03-12T02:00:00Z,113
4020332650,2016-03-12T03:00:00Z,107
4020332650,2016-03-12T04:00:00Z,108
4020332650,2016-03-12T05:00:00Z,85
4020332650,2016-03-12T06:00:00Z,92
4020332650,2016-03-12T07:00:00Z,83
4020332650,2016-03-12T08:00:00Z,88
4020332650,2016-03-12T09:00:00Z,90
4020332650,2016-03-12T10:00:00Z,84
4020332650,2016-03-12T11:00:00Z,113
4020332650,2016-03-12T12:00:00Z,108
4020332650,2016-03-12T13:00:00Z,151
4020332650,2016-03-12T14:00:00Z,184
4020332650,2016-03-12T15:00:00Z,223
4020332650,2016-03-12T16:00:00Z,247
4020332650,2016-03-12T17:00:00Z,166
4020332650,2016-03-12T18:00:00Z,160
4020332650,2016-03-12T19:00:00Z,173
4020332650,2016-03-12T20:00:00Z,113
4020332650,2016-03-12T21:00:00Z,125
4020332650,2016-03-12T22:00:00Z,128
4020332650,2016-03-12T23:00:00Z,84
4020332650,2016-03-13T00:00:00Z,85
4020332650,2016-03-13T01:00:00Z,100
4020332650,2016-03-13T02:00:00Z,83
4020332650,2016-03-13T03:00:00Z,97
4020332650,2016-03-13T04:00:00Z,83
4020332650,2016-03-13T05:00:00Z,83
4020332650,2016-03-13T06:00:00Z,85
4020332650,2016-03-13T07:00:00Z,83
4020332650,2016-03-13T08:00:00Z,83
4020332650,2016-03-13T09:00:00Z,117
4020332650,2016-03-13T10:00:00Z,126
4020332650,2016-03-13T11:00:00Z,108
4020332650,2016-03-13T12:00:00Z,141
4020332650,2016-03-13T13:00:00Z,90
4020332650,2016-03-13T14:00:00Z,83
4020332650,2016-03-13T15:00:00Z,126
4020332650,2016-03-13T16:00:00Z,154
4020332650,2016-03-13T17:00:00Z,83
4020332650,2016-03-13T18:00:00Z,83
4020332650,2016-03-13T19:00:00Z,83
4020332650,2016-03-13T20:00:00Z,83
4020332650,2016-03-13T21:00:00Z,83
4020332650,2016-03-13T22:00:00Z,155
4020332650,2016-03-13T23:00:00Z,187
4020332650,2016-03-14T00:00:00Z,97
4020332650,2016-03-14T01:00:00Z,84
4020332650,2016-03-14T02:00:00Z,86
4020332650,2016-03-14T03:00:00Z,86
4020332650,2016-03-14T04:00:00Z,91
4020332650,2016-03-14T05:00:00Z,102
4020332650,2016-03-14T06:00:00Z,85
4020332650,2016-03-14T07:00:00Z,110
4020332650,2016-03-14T08:00:00Z,94
4020332650,2016-03-14T09:00:00Z,112
4020332650,2016-03-14T10:00:00Z,116
4020332650,2016-03-14T11:00:00Z,109
4020332650,2016-03-14T12:00:00Z,124
4020332650,2016-03-14T13:00:00Z,157
4020332650,2016-03-14T14:00:00Z,98
4020332650,2016-03-14T15:00:00Z,83
4020332650,2016-03-14T16:00:00Z,83
4020332650,2016-03-14T17:00:00Z,83
4020332650,2016-03-14T18:00:00Z,83
4020332650,2016-03-14T19:00:00Z,126
4020332650,2016-03-14T20:00:00Z,178
4020332650,2016-03-14T21:00:00Z,105
4020332650,2016-03-14T22:00:00Z,138
4020332650,2016-03-14T23:00:00Z,135
4020332650,2016-03-15T00:00:00Z,143
4020332650,2016-03-15T01:00:00Z,109
4020332650,2016-03-15T02:00:00Z,91
4020332650,2016-03-15T03:00:00Z,83
4020332650,2016-03-15T04:00:00Z,83
4020332650,2016-03-15T05:00:00Z,83
4020332650,2016-03-15T06:00:00Z,85
4020332650,2016-03-15T07:00:00Z,89
4020332650,2016-03-15T08:00:00Z,86
4020332650,2016-03-15T09:00:00Z,89
4020332650,2016-03-15T10:00:00Z,127
4020332650,2016-03-15T11:00:00Z,102
4020332650,2016-03-15T12:00:00Z,109
4020332650,2016-03-15T13:00:00Z,121
4020332650,2016-03-15T14:00:00Z,140
4020332650,2016-03-15T15:00:00Z,107
4020332650,2016-03-15T16:00:00Z,105
4020332650,2016-03-15T17:00:00Z,182
4020332650,2016-03-15T18:00:00Z,261
4020332650,2016-03-15T19:00:00Z,197
4020332650,2016-03-15T20:00:00Z,162
4020332650,2016-03-15T21:00:00Z,148
4020332650,2016-03-15T22:00:00Z,188
4020332650,2016-03-15T23:00:00Z,125
4020332650,2016-03-16T00:00:00Z,234
4020332650,2016-03-16T01:00:00Z,205
4020332650,2016-03-16T02:00:00Z,98
4020332650,2016-03-16T03:00:00Z,90
4020332650,2016-03-16T04:00:00Z,92
4020332650,2016-03-16T05:00:00Z,83
4020332650,2016-03-16T06:00:00Z,83
4020332650,2016-03-16T07:00:00Z,83
4020332650,2016-03-16T08:00:00Z,88
4020332650,2016-03-16T09:00:00Z,83
4020332650,2016-03-16T10:00:00Z,124
4020332650,2016-03-16T11:00:00Z,158
4020332650,2016-03-16T12:00:00Z,227
4020332650,2016-03-16T13:00:00Z,128
4020332650,2016-03-16T14:00:00Z,160
4020332650,2016-03-16T15:00:00Z,186
4020332650,2016-03-16T16:00:00Z,235
4020332650,2016-03-16T17:00:00Z,145
4020332650,2016-03-16T18:00:00Z,207
4020332650,2016-03-16T19:00:00Z,149
4020332650,2016-03-16T20:00:00Z,412
4020332650,2016-03-16T21:00:00Z,253
4020332650,2016-03-16T22:00:00Z,122
4020332650,2016-03-16T23:00:00Z,180
4020332650,2016-03-17T00:00:00Z,107
4020332650,2016-03-17T01:00:00Z,85
4020332650,2016-03-17T02:00:00Z,83
4020332650,2016-03-17T03:00:00Z,85
4020332650,2016-03-17T04:00:00Z,85
4020332650,2016-03-17T05:00:00Z,89
4020332650,2016-03-17T06:00:00Z,83
4020332650,2016-03-17T07:00:00Z,104
4020332650,2016-03-17T08:00:00Z,107
4020332650,2016-03-17T09:00:00Z,89
4020332650,2016-03-17T10:00:00Z,86
4020332650,2016-03-17T11:00:00Z,114
4020332650,2016-03-17T12:00:00Z,119
4020332650,2016-03-17T13:00:00Z,91
4020332650,2016-03-17T14:00:00Z,83
4020332650,2016-03-17T15:00:00Z,83
4020332650,2016-03-17T16:00:00Z,83
4020332650,2016-03-17T17:00:00Z,83
4020332650,2016-03-17T18:00:00Z,83
4020332650,2016-03-17T19:00:00Z,83
4020332650,2016-03-17T20:00:00Z,83
4020332650,2016-03-17T21:00:00Z,83
4020332650,2016-03-17T22:00:00Z,83
4020332650,2016-03-17T23:00:00Z,83
4020332650,2016-03-18T00:00:00Z,83
4020332650,2016-03-18T01:00:00Z,83
4020332650,2016-03-18T02:00:00Z,83
4020332650,2016-03-18T03:00:00Z,83
4020332650,2016-03-18T04:00:00Z,83
4020332650,2016-03-18T05:00:00Z,83
4020332650,2016-03-18T06:00:00Z,83
4020332650,2016-03-18T07:00:00Z,83
4020332650,2016-03-18T08:00:00Z,83
4020332650,2016-03-18T09:00:00Z,83
4020332650,2016-03-18T10:00:00Z,83
4020332650,2016-03-18T11:00:00Z,83
4020332650,2016-03-18T12:00:00Z,83
4020332650,2016-03-18T13:00:00Z,83
4020332650,2016-03-18T14:00:00Z,83
4020332650,2016-03-18T15:00:00Z,83
4020332650,2016-03-18T16:00:00Z,83
4020332650,2016-03-18T17:00:00Z,83
4020332650,2016-03-18T18:00:00Z,83
4020332650,2016-03-18T19:00:00Z,83
4020332650,2016-03-18T20:00:00Z,83
4020332650,2016-03-18T21:00:00Z,83
4020332650,2016-03-18T22:00:00Z,83
4020332650,2016-03-18T23:00:00Z,83
4020332650,2016-03-19T00:00:00Z,83
4020332650,2016-03-19T01:00:00Z,83
4020332650,2016-03-19T02:00:00Z,83
4020332650,2016-03-19T03:00:00Z,83
4020332650,2016-03-19T04:00:00Z,83
4020332650,2016-03-19T05:00:00Z,83
4020332650,2016-03-19T06:00:00Z,83
4020332650,2016-03-19T07:00:00Z,83
4020332650,2016-03-19T08:00:00Z,83
4020332650,2016-03-19T09:00:00Z,83
4020332650,2016-03-19T10:00:00Z,83
4020332650,2016-03-19T11:00:00Z,83
4020332650,2016-03-19T12:00:00Z,83
4020332650,2016-03-19T13:00:00Z,83
4020332650,2016-03-19T14:00:00Z,83
4020332650,2016-03-19T15:00:00Z,83
4020332650,2016-03-19T16:00:00Z,83
4020332650,2016-03-19T17:00:00Z,83
4020332650,2016-03-19T18:00:00Z,83
4020332650,2016-03-19T19:00:00Z,83
4020332650,2016-03-19T20:00:00Z,83
4020332650,2016-03-19T21:00:00Z,83
4020332650,2016-03-19T22:00:00Z,83
4020332650,2016-03-19T23:00:00Z,83
4020332650,2016-03-20T00:00:00Z,83
4020332650,2016-03-20T01:00:00Z,83
4020332650,2016-03-20T02:00:00Z,83
4020332650,2016-03-20T03:00:00Z,83
4020332650,2016-03-20T04:00:00Z,83
4020332650,2016-03-20T05:00:00Z,83
4020332650,2016-03-20T06:00:00Z,83
4020332650,2016-03-20T07:00:00Z,83
4020332650,2016-03-20T08:00:00Z,83
4020332650,2016-03-20T09:00:00Z,83
4020332650,2016-03-20T10:00:00Z,83
4020332650,2016-03-20T11:00:00Z,83
4020332650,2016-03-20T12:00:00Z,83
4020332650,2016-03-20T13:00:00Z,83
4020332650,2016-03-20T14:00:00Z,83
4020332650,2016-03-20T15:00:00Z,83
4020332650,2016-03-20T16:00:00Z,83
4020332650,2016-03-20T17:00:00Z,83
4020332650,2016-03-20T18:00:00Z,83
4020332650,2016-03-20T19:00:00Z,83
4020332650,2016-03-20T20:00:00Z,83
4020332650,2016-03-20T21:00:00Z,83
4020332650,2016-03-20T22:00:00Z,83
4020332650,2016-03-20T23:00:00Z,83
4020332650,2016-03-21T00:00:00Z,83
4020332650,2016-03-21T01:00:00Z,83
4020332650,2016-03-21T02:00:00Z,83
4020332650,2016-03-21T03:00:00Z,83
4020332650,2016-03-21T04:00:00Z,83
4020332650,2016-03-21T05:00:00Z,83
4020332650,2016-03-21T06:00:00Z,83
4020332650,2016-03-21T07:00:00Z,83
4020332650,2016-03-21T08:00:00Z,83
4020332650,2016-03-21T09:00:00Z,83
4020332650,2016-03-21T10:00:00Z,83
4020332650,2016-03-21T11:00:00Z,83
4020332650,2016-03-21T12:00:00Z,83
4020332650,2016-03-21T13:00:00Z,83
4020332650,2016-03-21T14:00:00Z,83
4020332650,2016-03-21T15:00:00Z,83
4020332650,2016-03-21T16:00:00Z,83
4020332650,2016-03-21T17:00:00Z,83
4020332650,2016-03-21T18:00:00Z,83
4020332650,2016-03-21T19:00:00Z,83
4020332650,2016-03-21T20:00:00Z,83
4020332650,2016-03-21T21:00:00Z,83
4020332650,2016-03-21T22:00:00Z,83
4020332650,2016-03-21T23:00:00Z,83
4020332650,2016-03-22T00:00:00Z,83
4020332650,2016-03-22T01:00:00Z,83
4020332650,2016-03-22T02:00:00Z,83
4020332650,2016-03-22T03:00:00Z,83
4020332650,2016-03-22T04:00:00Z,83
4020332650,2016-03-22T05:00:00Z,83
4020332650,2016-03-22T06:00:00Z,83
4020332650,2016-03-22T07:00:00Z,83
4020332650,2016-03-22T08:00:00Z,83
4020332650,2016-03-22T09:00:00Z,83
4020332650,2016-03-22T10:00:00Z,83
4020332650,2016-03-22T11:00:00Z,83
4020332650,2016-03-22T12:00:00Z,83
4020332650,2016-03-22T13:00:00Z,83
4020332650,2016-03-22T14:00:00Z,83
4020332650,2016-03-22T15:00:00Z,83
4020332650,2016-03-22T16:00:00Z,83
4020332650,2016-03-22T17:00:00Z,83
4020332650,2016-03-22T18:00:00Z,83
4020332650,2016-03-22T19:00:00Z,83
4020332650,2016-03-22T20:00:00Z,83
4020332650,2016-03-22T21:00:00Z,83
4020332650,2016-03-22T22:00:00Z,83
4020332650,2016-03-22T23:00:00Z,83
4020332650,2016-03-23T00:00:00Z,83
4020332650,2016-03-23T01:00:00Z,83
4020332650,2016-03-23T02:00:00Z,83
4020332650,2016-03-23T03:00:00Z,83
4020332650,2016-03-23T04:00:00Z,83
4020332650,2016-03-23T05:00:00Z,83
4020332650,2016-03-23T06:00:00Z,83
4020332650,2016-03-23T07:00:00Z,83
4020332650,2016-03-23T08:00:00Z,83
4020332650,2016-03-23T09:00:00Z,83
4020332650,2016-03-23T10:00:00Z,83
4020332650,2016-03-23T11:00:00Z,83
4020332650,2016-03-23T12:00:00Z,83
4020332650,2016-03-23T13:00:00Z,83
4020332650,2016-03-23T14:00:00Z,83
4020332650,2016-03-23T15:00:00Z,83
4020332650,2016-03-23T16:00:00Z,83
4020332650,2016-03-23T17:00:00Z,83
4020332650,2016-03-23T18:00:00Z,83
4020332650,2016-03-23T19:00:00Z,83
4020332650,2016-03-23T20:00:00Z,83
4020332650,2016-03-23T21:00:00Z,83
4020332650,2016-03-23T22:00:00Z,83
4020332650,2016-03-23T23:00:00Z,83
4020332650,2016-03-24T00:00:00Z,83
4020332650,2016-03-24T01:00:00Z,83
4020332650,2016-03-24T02:00:00Z,83
4020332650,2016-03-24T03:00:00Z,83
4020332650,2016-03-24T04:00:00Z,83
4020332650,2016-03-24T05:00:00Z,83
4020332650,2016-03-24T06:00:00Z,83
4020332650,2016-03-24T07:00:00Z,83
4020332650,2016-03-24T08:00:00Z,83
4020332650,2016-03-24T09:00:00Z,83
4020332650,2016-03-24T10:00:00Z,83
4020332650,2016-03-24T11:00:00Z,83
4020332650,2016-03-24T12:00:00Z,83
4020332650,2016-03-24T13:00:00Z,83
4020332650,2016-03-24T14:00:00Z,83
4020332650,2016-03-24T15:00:00Z,83
4020332650,2016-03-24T16:00:00Z,83
4020332650,2016-03-24T17:00:00Z,83
4020332650,2016-03-24T18:00:00Z,83
4020332650,2016-03-24T19:00:00Z,83
4020332650,2016-03-24T20:00:00Z,83
4020332650,2016-03-24T21:00:00Z,83
4020332650,2016-03-24T22:00:00Z,83
4020332650,2016-03-24T23:00:00Z,83
4020332650,2016-03-25T00:00:00Z,83
4020332650,2016-03-25T01:00:00Z,83
4020332650,2016-03-25T02:00:00Z,83
4020332650,2016-03-25T03:00:00Z,83
4020332650,2016-03-25T04:00:00Z,83
4020332650,2016-03-25T05:00:00Z,83
4020332650,2016-03-25T06:00:00Z,83
4020332650,2016-03-25T07:00:00Z,83
4020332650,2016-03-25T08:00:00Z,83
4020332650,2016-03-25T09:00:00Z,83
4020332650,2016-03-25T10:00:00Z,83
4020332650,2016-03-25T11:00:00Z,83
4020332650,2016-03-25T12:00:00Z,83
4020332650,2016-03-25T13:00:00Z,83
4020332650,2016-03-25T14:00:00Z,83
4020332650,2016-03-25T15:00:00Z,83
4020332650,2016-03-25T16:00:00Z,83
4020332650,2016-03-25T17:00:00Z,83
4020332650,2016-03-25T18:00:00Z,83
4020332650,2016-03-25T19:00:00Z,83
4020332650,2016-03-25T20:00:00Z,83
4020332650,2016-03-25T21:00:00Z,83
4020332650,2016-03-25T22:00:00Z,83
4020332650,2016-03-25T23:00:00Z,83
4020332650,2016-03-26T00:00:00Z,83
4020332650,2016-03-26T01:00:00Z,83
4020332650,2016-03-26T02:00:00Z,83
4020332650,2016-03-26T03:00:00Z,83
4020332650,2016-03-26T04:00:00Z,83
4020332650,2016-03-26T05:00:00Z,83
4020332650,2016-03-26T06:00:00Z,83
4020332650,2016-03-26T07:00:00Z,83
4020332650,2016-03-26T08:00:00Z,83
4020332650,2016-03-26T09:00:00Z,83
4020332650,2016-03-26T10:00:00Z,83
4020332650,2016-03-26T11:00:00Z,83
4020332650,2016-03-26T12:00:00Z,83
4020332650,2016-03-26T13:00:00Z,83
4020332650,2016-03-26T14:00:00Z,83
4020332650,2016-03-26T15:00:00Z,83
4020332650,2016-03-26T16:00:00Z,83
4020332650,2016-03-26T17:00:00Z,83
4020332650,2016-03-26T18:00:00Z,83
4020332650,2016-03-26T19:00:00Z,83
4020332650,2016-03-26T20:00:00Z,83
4020332650,2016-03-26T21:00:00Z,83
4020332650,2016-03-26T22:00:00Z,83
4020332650,2016-03-26T23:00:00Z,83
4020332650,2016-03-27T00:00:00Z,83
4020332650,2016-03-27T01:00:00Z,83
4020332650,2016-03-27T02:00:00Z,83
4020332650,2016-03-27T03:00:00Z,83
4020332650,2016-03-27T04:00:00Z,83
4020332650,2016-03-27T05:00:00Z,83
4020332650,2016-03-27T06:00:00Z,83
4020332650,2016-03-27T07:00:00Z,83
4020332650,2016-03-27T08:00:00Z,83
4020332650,2016-03-27T09:00:00Z,83
4020332650,2016-03-27T10:00:00Z,83
4020332650,2016-03-27T11:00:00Z,83
4020332650,2016-03-27T12:00:00Z,83
4020332650,2016-03-27T13:00:00Z,83
4020332650,2016-03-27T14:00:00Z,83
4020332650,2016-03-27T15:00:00Z,83
4020332650,2016-03-27T16:00:00Z,83
4020332650,2016-03-27T17:00:00Z,83
4020332650,2016-03-27T18:00:00Z,83
4020332650,2016-03-27T19:00:00Z,83
4020332650,2016-03-27T20:00:00Z,83
4020332650,2016-03-27T21:00:00Z,83
4020332650,2016-03-27T22:00:00Z,83
4020332650,2016-03-27T23:00:00Z,83
4020332650,2016-03-28T00:00:00Z,83
4020332650,2016-03-28T01:00:00Z,83
4020332650,2016-03-28T02:00:00Z,83
4020332650,2016-03-28T03:00:00Z,83
4020332650,2016-03-28T04:00:00Z,83
4020332650,2016-03-28T05:00:00Z,83
4020332650,2016-03-28T06:00:00Z,83
4020332650,2016-03-28T07:00:00Z,83
4020332650,2016-03-28T08:00:00Z,83
4020332650,2016-03-28T09:00:00Z,83
4020332650,2016-03-28T10:00:00Z,83
4020332650,2016-03-28T11:00:00Z,83
4020332650,2016-03-28T12:00:00Z,83
4020332650,2016-03-28T13:00:00Z,83
4020332650,2016-03-28T14:00:00Z,83
4020332650,2016-03-28T15:00:00Z,83
4020332650,2016-03-28T16:00:00Z,83
4020332650,2016-03-28T17:00:00Z,442
4020332650,2016-03-28T18:00:00Z,360
4020332650,2016-03-28T19:00:00Z,200
4020332650,2016-03-28T20:00:00Z,151
4020332650,2016-03-28T21:00:00Z,142
4020332650,2016-03-28T22:00:00Z,143
4020332650,2016-03-28T23:00:00Z,119
4020332650,2016-03-29T00:00:00Z,102
4020332650,2016-03-29T01:00:00Z,97
4020332650,2016-03-29T02:00:00Z,94
4020332650,2016-03-29T03:00:00Z,117
4020332650,2016-03-29T04:00:00Z,84
4020332650,2016-03-29T05:00:00Z,83
4020332650,2016-03-29T06:00:00Z,93
4020332650,2016-03-29T07:00:00Z,84
4020332650,2016-03-29T08:00:00Z,90
4020332650,2016-03-29T09:00:00Z,122
4020332650,2016-03-29T10:00:00Z,118
4020332650,2016-03-29T11:00:00Z,116
4020332650,2016-03-29T12:00:00Z,143
4020332650,2016-03-29T13:00:00Z,140
4020332650,2016-03-29T14:00:00Z,121
4020332650,2016-03-29T15:00:00Z,164
4020332650,2016-03-29T16:00:00Z,117
4020332650,2016-03-29T17:00:00Z,114
4020332650,2016-03-29T18:00:00Z,156
4020332650,2016-03-29T19:00:00Z,176
4020332650,2016-03-29T20:00:00Z,136
4020332650,2016-03-29T21:00:00Z,115
4020332650,2016-03-29T22:00:00Z,237
4020332650,2016-03-29T23:00:00Z,154
4020332650,2016-03-30T00:00:00Z,192
4020332650,2016-03-30T01:00:00Z,126
4020332650,2016-03-30T02:00:00Z,118
4020332650,2016-03-30T03:00:00Z,110
4020332650,2016-03-30T04:00:00Z,96
4020332650,2016-03-30T05:00:00Z,87
4020332650,2016-03-30T06:00:00Z,106
4020332650,2016-03-30T07:00:00Z,96
4020332650,2016-03-30T08:00:00Z,98
4020332650,2016-03-30T09:00:00Z,90
4020332650,2016-03-30T10:00:00Z,145
4020332650,2016-03-30T11:00:00Z,111
4020332650,2016-03-30T12:00:00Z,113
4020332650,2016-03-30T13:00:00Z,156
4020332650,2016-03-30T14:00:00Z,227
4020332650,2016-03-30T15:00:00Z,179
4020332650,2016-03-30T16:00:00Z,219
4020332650,2016-03-30T17:00:00Z,179
4020332650,2016-03-30T18:00:00Z,237
4020332650,2016-03-30T19:00:00Z,215
4020332650,2016-03-30T20:00:00Z,126
4020332650,2016-03-30T21:00:00Z,113
4020332650,2016-03-30T22:00:00Z,136
4020332650,2016-03-30T23:00:00Z,141
4020332650,2016-03-31T00:00:00Z,123
4020332650,2016-03-31T01:00:00Z,107
4020332650,2016-03-31T02:00:00Z,116
4020332650,2016-03-31T03:00:00Z,86
4020332650,2016-03-31T04:00:00Z,83
4020332650,2016-03-31T05:00:00Z,89
4020332650,2016-03-31T06:00:00Z,83
4020332650,2016-03-31T07:00:00Z,103
4020332650,2016-03-31T08:00:00Z,104
4020332650,2016-03-31T09:00:00Z,102
4020332650,2016-03-31T10:00:00Z,119
4020332650,2016-03-31T11:00:00Z,128
4020332650,2016-03-31T12:00:00Z,400
4020332650,2016-03-31T13:00:00Z,258
4020332650,2016-03-31T14:00:00Z,186
4020332650,2016-03-31T15:00:00Z,195
4020332650,2016-03-31T16:00:00Z,204
4020332650,2016-03-31T17:00:00Z,170
4020332650,2016-03-31T18:00:00Z,150
4020332650,2016-03-31T19:00:00Z,130
4020332650,2016-03-31T20:00:00Z,145
4020332650,2016-03-31T21:00:00Z,111
4020332650,2016-03-31T22:00:00Z,109
4020332650,2016-03-31T23:00:00Z,140
4020332650,2016-04-01T00:00:00Z,109
4020332650,2016-04-01T01:00:00Z,94
4020332650,2016-04-01T02:00:00Z,83
4020332650,2016-04-01T03:00:00Z,83
4020332650,2016-04-01T04:00:00Z,83
4020332650,2016-04-01T05:00:00Z,86
4020332650,2016-04-01T06:00:00Z,83
4020332650,2016-04-01T07:00:00Z,83
4020332650,2016-04-01T08:00:00Z,107
4020332650,2016-04-01T09:00:00Z,91
4020332650,2016-04-01T10:00:00Z,111
4020332650,2016-04-01T11:00:00Z,169
4020332650,2016-04-01T12:00:00Z,149
4020332650,2016-04-01T13:00:00Z,284
4020332650,2016-04-01T14:00:00Z,144
4020332650,2016-04-01T15:00:00Z,234
4020332650,2016-04-01T16:00:00Z,216
4020332650,2016-04-01T17:00:00Z,220
4020332650,2016-04-01T18:00:00Z,243
4020332650,2016-04-01T19:00:00Z,162
4020332650,2016-04-01T20:00:00Z,165
4020332650,2016-04-01T21:00:00Z,131
4020332650,2016-04-01T22:00:00Z,112
4020332650,2016-04-01T23:00:00Z,94
4020332650,2016-04-02T00:00:00Z,83
4020332650,2016-04-02T01:00:00Z,83
4020332650,2016-04-02T02:00:00Z,83
4020332650,2016-04-02T03:00:00Z,83
4020332650,2016-04-02T04:00:00Z,83
4020332650,2016-04-02T05:00:00Z,100
4020332650,2016-04-02T06:00:00Z,83
4020332650,2016-04-02T07:00:00Z,83
4020332650,2016-04-02T08:00:00Z,91
4020332650,2016-04-02T09:00:00Z,86
4020332650,2016-04-02T10:00:00Z,87
4020332650,2016-04-02T11:00:00Z,134
4020332650,2016-04-02T12:00:00Z,139
4020332650,2016-04-02T13:00:00Z,296
4020332650,2016-04-02T14:00:00Z,259
4020332650,2016-04-02T15:00:00Z,187
4020332650,2016-04-02T16:00:00Z,143
4020332650,2016-04-02T17:00:00Z,83
4020332650,2016-04-02T18:00:00Z,83
4020332650,2016-04-02T19:00:00Z,88
4020332650,2016-04-02T20:00:00Z,83
4020332650,2016-04-02T21:00:00Z,140
4020332650,2016-04-02T22:00:00Z,159
4020332650,2016-04-02T23:00:00Z,149
4020332650,2016-04-03T00:00:00Z,182
4020332650,2016-04-03T01:00:00Z,169
4020332650,2016-04-03T02:00:00Z,108
4020332650,2016-04-03T03:00:00Z,84
4020332650,2016-04-03T04:00:00Z,83
4020332650,2016-04-03T05:00:00Z,87
4020332650,2016-04-03T06:00:00Z,85
4020332650,2016-04-03T07:00:00Z,86
4020332650,2016-04-03T08:00:00Z,103
4020332650,2016-04-03T09:00:00Z,83
4020332650,2016-04-03T10:00:00Z,146
4020332650,2016-04-03T11:00:00Z,164
4020332650,2016-04-03T12:00:00Z,129
4020332650,2016-04-03T13:00:00Z,128
4020332650,2016-04-03T14:00:00Z,183
4020332650,2016-04-03T15:00:00Z,160
4020332650,2016-04-03T16:00:00Z,144
4020332650,2016-04-03T17:00:00Z,138
4020332650,2016-04-03T18:00:00Z,202
4020332650,2016-04-03T19:00:00Z,216
4020332650,2016-04-03T20:00:00Z,135
4020332650,2016-04-03T21:00:00Z,138
4020332650,2016-04-03T22:00:00Z,133
4020332650,2016-04-03T23:00:00Z,220
4020332650,2016-04-04T00:00:00Z,174
4020332650,2016-04-04T01:00:00Z,100
4020332650,2016-04-04T02:00:00Z,89
4020332650,2016-04-04T03:00:00Z,84
4020332650,2016-04-04T04:00:00Z,83
4020332650,2016-04-04T05:00:00Z,83
4020332650,2016-04-04T06:00:00Z,85
4020332650,2016-04-04T07:00:00Z,87
4020332650,2016-04-04T08:00:00Z,96
4020332650,2016-04-04T09:00:00Z,132
4020332650,2016-04-04T10:00:00Z,166
4020332650,2016-04-04T11:00:00Z,137
4020332650,2016-04-04T12:00:00Z,133
4020332650,2016-04-04T13:00:00Z,144
4020332650,2016-04-04T14:00:00Z,137
4020332650,2016-04-04T15:00:00Z,179
4020332650,2016-04-04T16:00:00Z,286
4020332650,2016-04-04T17:00:00Z,324
4020332650,2016-04-04T18:00:00Z,169
4020332650,2016-04-04T19:00:00Z,101
4020332650,2016-04-04T20:00:00Z,83
4020332650,2016-04-04T21:00:00Z,83
4020332650,2016-04-04T22:00:00Z,83
4020332650,2016-04-04T23:00:00Z,83
4020332650,2016-04-05T00:00:00Z,83
4020332650,2016-04-05T01:00:00Z,83
4020332650,2016-04-05T02:00:00Z,83
4020332650,2016-04-05T03:00:00Z,83
4020332650,2016-04-05T04:00:00Z,83
4020332650,2016-04-05T05:00:00Z,83
4020332650,2016-04-05T06:00:00Z,83
4020332650,2016-04-05T07:00:00Z,83
4020332650,2016-04-05T08:00:00Z,83
4020332650,2016-04-05T09:00:00Z,83
4020332650,2016-04-05T10:00:00Z,83
4020332650,2016-04-05T11:00:00Z,83
4020332650,2016-04-05T12:00:00Z,83
4020332650,2016-04-05T13:00:00Z,83
4020332650,2016-04-05T14:00:00Z,83
4020332650,2016-04-05T15:00:00Z,157
4020332650,2016-04-05T16:00:00Z,235
4020332650,2016-04-05T17:00:00Z,164
4020332650,2016-04-05T18:00:00Z,246
4020332650,2016-04-05T19:00:00Z,237
4020332650,2016-04-05T20:00:00Z,223
4020332650,2016-04-05T21:00:00Z,145
4020332650,2016-04-05T22:00:00Z,175
4020332650,2016-04-05T23:00:00Z,148
4020332650,2016-04-06T00:00:00Z,196
4020332650,2016-04-06T01:00:00Z,112
4020332650,2016-04-06T02:00:00Z,118
4020332650,2016-04-06T03:00:00Z,83
4020332650,2016-04-06T04:00:00Z,86
4020332650,2016-04-06T05:00:00Z,84
4020332650,2016-04-06T06:00:00Z,84
4020332650,2016-04-06T07:00:00Z,110
4020332650,2016-04-06T08:00:00Z,87
4020332650,2016-04-06T09:00:00Z,94
4020332650,2016-04-06T10:00:00Z,125
4020332650,2016-04-06T11:00:00Z,112
4020332650,2016-04-06T12:00:00Z,140
4020332650,2016-04-06T13:00:00Z,165
4020332650,2016-04-06T14:00:00Z,141
4020332650,2016-04-06T15:00:00Z,215
4020332650,2016-04-06T16:00:00Z,114
4020332650,2016-04-06T17:00:00Z,235
4020332650,2016-04-06T18:00:00Z,223
4020332650,2016-04-06T19:00:00Z,140
4020332650,2016-04-06T20:00:00Z,211
4020332650,2016-04-06T21:00:00Z,138
4020332650,2016-04-06T22:00:00Z,152
4020332650,2016-04-06T23:00:00Z,83
4020332650,2016-04-07T00:00:00Z,83
4020332650,2016-04-07T01:00:00Z,83
4020332650,2016-04-07T02:00:00Z,83
4020332650,2016-04-07T03:00:00Z,83
4020332650,2016-04-07T04:00:00Z,83
4020332650,2016-04-07T05:00:00Z,83
4020332650,2016-04-07T06:00:00Z,83
4020332650,2016-04-07T07:00:00Z,83
4020332650,2016-04-07T08:00:00Z,83
4020332650,2016-04-07T09:00:00Z,83
4020332650,2016-04-07T10:00:00Z,107
4020332650,2016-04-07T11:00:00Z,158
4020332650,2016-04-07T12:00:00Z,153
4020332650,2016-04-07T13:00:00Z,149
4020332650,2016-04-07T14:00:00Z,205
4020332650,2016-04-07T15:00:00Z,168
4020332650,2016-04-07T16:00:00Z,173
4020332650,2016-04-07T17:00:00Z,172
4020332650,2016-04-07T18:00:00Z,190
4020332650,2016-04-07T19:00:00Z,204
4020332650,2016-04-07T20:00:00Z,229
4020332650,2016-04-07T21:00:00Z,128
4020332650,2016-04-07T22:00:00Z,83
4020332650,2016-04-07T23:00:00Z,83
4020332650,2016-04-08T00:00:00Z,85
4020332650,2016-04-08T01:00:00Z,83
4020332650,2016-04-08T02:00:00Z,83
4020332650,2016-04-08T03:00:00Z,83
4020332650,2016-04-08T04:00:00Z,83
4020332650,2016-04-08T05:00:00Z,215
4020332650,2016-04-08T06:00:00Z,158
4020332650,2016-04-08T07:00:00Z,229
4020332650,2016-04-08T08:00:00Z,247
4020332650,2016-04-08T09:00:00Z,125
4020332650,2016-04-08T10:00:00Z,110
4020332650,2016-04-08T11:00:00Z,114
4020332650,2016-04-08T12:00:00Z,133
4020332650,2016-04-08T13:00:00Z,212
4020332650,2016-04-08T14:00:00Z,138
4020332650,2016-04-08T15:00:00Z,228
4020332650,2016-04-08T16:00:00Z,219
4020332650,2016-04-08T17:00:00Z,310
4020332650,2016-04-08T18:00:00Z,196
4020332650,2016-04-08T19:00:00Z,215
4020332650,2016-04-08T20:00:00Z,93
4020332650,2016-04-08T21:00:00Z,83
4020332650,2016-04-08T22:00:00Z,83
4020332650,2016-04-08T23:00:00Z,83
4020332650,2016-04-09T00:00:00Z,83
4020332650,2016-04-09T01:00:00Z,83
4020332650,2016-04-09T02:00:00Z,83
4020332650,2016-04-09T03:00:00Z,83
4020332650,2016-04-09T04:00:00Z,83
4020332650,2016-04-09T05:00:00Z,83
4020332650,2016-04-09T06:00:00Z,83
4020332650,2016-04-09T07:00:00Z,83
4020332650,2016-04-09T08:00:00Z,83
4020332650,2016-04-09T09:00:00Z,83
4020332650,2016-04-09T10:00:00Z,83
4020332650,2016-04-09T11:00:00Z,122
4020332650,2016-04-09T12:00:00Z,166
4020332650,2016-04-09T13:00:00Z,158
4020332650,2016-04-09T14:00:00Z,143
4020332650,2016-04-09T15:00:00Z,250
4020332650,2016-04-09T16:00:00Z,232
4020332650,2016-04-09T17:00:00Z,246
4020332650,2016-04-09T18:00:00Z,277
4020332650,2016-04-09T19:00:00Z,175
4020332650,2016-04-09T20:00:00Z,194
4020332650,2016-04-09T21:00:00Z,218
4020332650,2016-04-09T22:00:00Z,93
4020332650,2016-04-09T23:00:00Z,83
4020332650,2016-04-10T00:00:00Z,83
4020332650,2016-04-10T01:00:00Z,83
4020332650,2016-04-10T02:00:00Z,83
4020332650,2016-04-10T03:00:00Z,83
4020332650,2016-04-10T04:00:00Z,83
4020332650,2016-04-10T05:00:00Z,83
4020332650,2016-04-10T06:00:00Z,83
4020332650,2016-04-10T07:00:00Z,83
4020332650,2016-04-10T08:00:00Z,113
4020332650,2016-04-10T09:00:00Z,195
4020332650,2016-04-10T10:00:00Z,312
4020332650,2016-04-10T11:00:00Z,160
4020332650,2016-04-10T12:00:00Z,170
4020332650,2016-04-10T13:00:00Z,195
4020332650,2016-04-10T14:00:00Z,158
4020332650,2016-04-10T15:00:00Z,139
4020332650,2016-04-10T16:00:00Z,84
4020332650,2016-04-10T17:00:00Z,83
4020332650,2016-04-10T18:00:00Z,83
4020332650,2016-04-10T19:00:00Z,83
4020332650,2016-04-10T20:00:00Z,83
4020332650,2016-04-10T21:00:00Z,94
4020332650,2016-04-10T22:00:00Z,113
4020332650,2016-04-10T23:00:00Z,83
4020332650,2016-04-11T00:00:00Z,83
4020332650,2016-04-11T01:00:00Z,83
4020332650,2016-04-11T02:00:00Z,83
4020332650,2016-04-11T03:00:00Z,95
4020332650,2016-04-11T04:00:00Z,83
4020332650,2016-04-11T05:00:00Z,83
4020332650,2016-04-11T06:00:00Z,83
4020332650,2016-04-11T07:00:00Z,105
4020332650,2016-04-11T08:00:00Z,95
4020332650,2016-04-11T09:00:00Z,114
4020332650,2016-04-11T10:00:00Z,83
4020332650,2016-04-11T11:00:00Z,83
4020332650,2016-04-11T12:00:00Z,83
4020332650,2016-04-11T13:00:00Z,83
4020332650,2016-04-11T14:00:00Z,83
4020332650,2016-04-11T15:00:00Z,83
4020332650,2016-04-11T16:00:00Z,83
4020332650,2016-04-11T17:00:00Z,182
4020332650,2016-04-11T18:00:00Z,170
4020332650,2016-04-11T19:00:00Z,174
4020332650,2016-04-11T20:00:00Z,214
4020332650,2016-04-11T21:00:00Z,110
4020332650,2016-04-11T22:00:00Z,84
4020332650,2016-04-11T23:00:00Z,86
4020332650,2016-04-12T00:00:00Z,83
4020332650,2016-04-12T01:00:00Z,83
4020332650,2016-04-12T02:00:00Z,83
4020332650,2016-04-12T03:00:00Z,83
4020332650,2016-04-12T04:00:00Z,85
4057192912,2016-03-12T00:00:00Z,74
4057192912,2016-03-12T01:00:00Z,74
4057192912,2016-03-12T02:00:00Z,74
4057192912,2016-03-12T03:00:00Z,74
4057192912,2016-03-12T04:00:00Z,74
4057192912,2016-03-12T05:00:00Z,74
4057192912,2016-03-12T06:00:00Z,74
4057192912,2016-03-12T07:00:00Z,74
4057192912,2016-03-12T08:00:00Z,74
4057192912,2016-03-12T09:00:00Z,74
4057192912,2016-03-12T10:00:00Z,74
4057192912,2016-03-12T11:00:00Z,74
4057192912,2016-03-12T12:00:00Z,74
4057192912,2016-03-12T13:00:00Z,74
4057192912,2016-03-12T14:00:00Z,74
4057192912,2016-03-12T15:00:00Z,74
4057192912,2016-03-12T16:00:00Z,74
4057192912,2016-03-12T17:00:00Z,74
4057192912,2016-03-12T18:00:00Z,74
4057192912,2016-03-12T19:00:00Z,74
4057192912,2016-03-12T20:00:00Z,74
4057192912,2016-03-12T21:00:00Z,74
4057192912,2016-03-12T22:00:00Z,74
4057192912,2016-03-12T23:00:00Z,74
4057192912,2016-03-13T00:00:00Z,74
4057192912,2016-03-13T01:00:00Z,74
4057192912,2016-03-13T02:00:00Z,74
4057192912,2016-03-13T03:00:00Z,74
4057192912,2016-03-13T04:00:00Z,74
4057192912,2016-03-13T05:00:00Z,74
4057192912,2016-03-13T06:00:00Z,74
4057192912,2016-03-13T07:00:00Z,74
4057192912,2016-03-13T08:00:00Z,74
4057192912,2016-03-13T09:00:00Z,74
4057192912,2016-03-13T10:00:00Z,74
4057192912,2016-03-13T11:00:00Z,74
4057192912,2016-03-13T12:00:00Z,74
4057192912,2016-03-13T13:00:00Z,74
4057192912,2016-03-13T14:00:00Z,74
4057192912,2016-03-13T15:00:00Z,74
4057192912,2016-03-13T16:00:00Z,74
4057192912,2016-03-13T17:00:00Z,74
4057192912,2016-03-13T18:00:00Z,74
4057192912,2016-03-13T19:00:00Z,74
4057192912,2016-03-13T20:00:00Z,74
4057192912,2016-03-13T21:00:00Z,74
4057192912,2016-03-13T22:00:00Z,74
4057192912,2016-03-13T23:00:00Z,74
4057192912,2016-03-14T00:00:00Z,74
4057192912,2016-03-14T01:00:00Z,74
4057192912,2016-03-14T02:00:00Z,74
4057192912,2016-03-14T03:00:00Z,74
4057192912,2016-03-14T04:00:00Z,74
4057192912,2016-03-14T05:00:00Z,276
4057192912,2016-03-14T06:00:00Z,171
4057192912,2016-03-14T07:00:00Z,103
4057192912,2016-03-14T08:00:00Z,79
4057192912,2016-03-14T09:00:00Z,104
4057192912,2016-03-14T10:00:00Z,99
4057192912,2016-03-14T11:00:00Z,128
4057192912,2016-03-14T12:00:00Z,97
4057192912,2016-03-14T13:00:00Z,105
4057192912,2016-03-14T14:00:00Z,105
4057192912,2016-03-14T15:00:00Z,85
4057192912,2016-03-14T16:00:00Z,116
4057192912,2016-03-14T17:00:00Z,84
4057192912,2016-03-14T18:00:00Z,126
4057192912,2016-03-14T19:00:00Z,90
4057192912,2016-03-14T20:00:00Z,92
4057192912,2016-03-14T21:00:00Z,74
4057192912,2016-03-14T22:00:00Z,76
4057192912,2016-03-14T23:00:00Z,74
4057192912,2016-03-15T00:00:00Z,74
4057192912,2016-03-15T01:00:00Z,74
4057192912,2016-03-15T02:00:00Z,74
4057192912,2016-03-15T03:00:00Z,74
4057192912,2016-03-15T04:00:00Z,74
4057192912,2016-03-15T05:00:00Z,74
4057192912,2016-03-15T06:00:00Z,74
4057192912,2016-03-15T07:00:00Z,74
4057192912,2016-03-15T08:00:00Z,74
4057192912,2016-03-15T09:00:00Z,74
4057192912,2016-03-15T10:00:00Z,74
4057192912,2016-03-15T11:00:00Z,74
4057192912,2016-03-15T12:00:00Z,74
4057192912,2016-03-15T13:00:00Z,74
4057192912,2016-03-15T14:00:00Z,74
4057192912,2016-03-15T15:00:00Z,74
4057192912,2016-03-15T16:00:00Z,74
4057192912,2016-03-15T17:00:00Z,74
4057192912,2016-03-15T18:00:00Z,74
4057192912,2016-03-15T19:00:00Z,74
4057192912,2016-03-15T20:00:00Z,74
4057192912,2016-03-15T21:00:00Z,74
4057192912,2016-03-15T22:00:00Z,74
4057192912,2016-03-15T23:00:00Z,74
4057192912,2016-03-16T00:00:00Z,74
4057192912,2016-03-16T01:00:00Z,74
4057192912,2016-03-16T02:00:00Z,74
4057192912,2016-03-16T03:00:00Z,74
4057192912,2016-03-16T04:00:00Z,74
4057192912,2016-03-16T05:00:00Z,74
4057192912,2016-03-16T06:00:00Z,124
4057192912,2016-03-16T07:00:00Z,180
4057192912,2016-03-16T08:00:00Z,76
4057192912,2016-03-16T09:00:00Z,74
4057192912,2016-03-16T10:00:00Z,74
4057192912,2016-03-16T11:00:00Z,74
4057192912,2016-03-16T12:00:00Z,74
4057192912,2016-03-16T13:00:00Z,74
4057192912,2016-03-16T14:00:00Z,74
4057192912,2016-03-16T15:00:00Z,74
4057192912,2016-03-16T16:00:00Z,74
4057192912,2016-03-16T17:00:00Z,74
4057192912,2016-03-16T18:00:00Z,74
4057192912,2016-03-16T19:00:00Z,74
4057192912,2016-03-16T20:00:00Z,74
4057192912,2016-03-16T21:00:00Z,74
4057192912,2016-03-16T22:00:00Z,74
4057192912,2016-03-16T23:00:00Z,74
4057192912,2016-03-17T00:00:00Z,74
4057192912,2016-03-17T01:00:00Z,74
4057192912,2016-03-17T02:00:00Z,74
4057192912,2016-03-17T03:00:00Z,74
4057192912,2016-03-17T04:00:00Z,74
4057192912,2016-03-17T05:00:00Z,74
4057192912,2016-03-17T06:00:00Z,74
4057192912,2016-03-17T07:00:00Z,74
4057192912,2016-03-17T08:00:00Z,74
4057192912,2016-03-17T09:00:00Z,74
4057192912,2016-03-17T10:00:00Z,74
4057192912,2016-03-17T11:00:00Z,74
4057192912,2016-03-17T12:00:00Z,74
4057192912,2016-03-17T13:00:00Z,74
4057192912,2016-03-17T14:00:00Z,74
4057192912,2016-03-17T15:00:00Z,74
4057192912,2016-03-17T16:00:00Z,74
4057192912,2016-03-17T17:00:00Z,74
4057192912,2016-03-17T18:00:00Z,74
4057192912,2016-03-17T19:00:00Z,74
4057192912,2016-03-17T20:00:00Z,74
4057192912,2016-03-17T21:00:00Z,74
4057192912,2016-03-17T22:00:00Z,74
4057192912,2016-03-17T23:00:00Z,74
4057192912,2016-03-18T00:00:00Z,74
4057192912,2016-03-18T01:00:00Z,74
4057192912,2016-03-18T02:00:00Z,74
4057192912,2016-03-18T03:00:00Z,74
4057192912,2016-03-18T04:00:00Z,74
4057192912,2016-03-18T05:00:00Z,74
4057192912,2016-03-18T06:00:00Z,88
4057192912,2016-03-18T07:00:00Z,147
4057192912,2016-03-18T08:00:00Z,78
4057192912,2016-03-18T09:00:00Z,74
4057192912,2016-03-18T10:00:00Z,74
4057192912,2016-03-18T11:00:00Z,74
4057192912,2016-03-18T12:00:00Z,76
4057192912,2016-03-18T13:00:00Z,74
4057192912,2016-03-18T14:00:00Z,74
4057192912,2016-03-18T15:00:00Z,74
4057192912,2016-03-18T16:00:00Z,74
4057192912,2016-03-18T17:00:00Z,74
4057192912,2016-03-18T18:00:00Z,74
4057192912,2016-03-18T19:00:00Z,74
4057192912,2016-03-18T20:00:00Z,74
4057192912,2016-03-18T21:00:00Z,74
4057192912,2016-03-18T22:00:00Z,74
4057192912,2016-03-18T23:00:00Z,74
4057192912,2016-03-19T00:00:00Z,74
4057192912,2016-03-19T01:00:00Z,74
4057192912,2016-03-19T02:00:00Z,74
4057192912,2016-03-19T03:00:00Z,74
4057192912,2016-03-19T04:00:00Z,74
4057192912,2016-03-19T05:00:00Z,74
4057192912,2016-03-19T06:00:00Z,74
4057192912,2016-03-19T07:00:00Z,74
4057192912,2016-03-19T08:00:00Z,74
4057192912,2016-03-19T09:00:00Z,74
4057192912,2016-03-19T10:00:00Z,74
4057192912,2016-03-19T11:00:00Z,74
4057192912,2016-03-19T12:00:00Z,74
4057192912,2016-03-19T13:00:00Z,74
4057192912,2016-03-19T14:00:00Z,74
4057192912,2016-03-19T15:00:00Z,74
4057192912,2016-03-19T16:00:00Z,74
4057192912,2016-03-19T17:00:00Z,74
4057192912,2016-03-19T18:00:00Z,74
4057192912,2016-03-19T19:00:00Z,74
4057192912,2016-03-19T20:00:00Z,74
4057192912,2016-03-19T21:00:00Z,74
4057192912,2016-03-19T22:00:00Z,74
4057192912,2016-03-19T23:00:00Z,74
4057192912,2016-03-20T00:00:00Z,74
4057192912,2016-03-20T01:00:00Z,74
4057192912,2016-03-20T02:00:00Z,74
4057192912,2016-03-20T03:00:00Z,74
4057192912,2016-03-20T04:00:00Z,74
4057192912,2016-03-20T05:00:00Z,74
4057192912,2016-03-20T06:00:00Z,74
4057192912,2016-03-20T07:00:00Z,74
4057192912,2016-03-20T08:00:00Z,74
4057192912,2016-03-20T09:00:00Z,74
4057192912,2016-03-20T10:00:00Z,74
4057192912,2016-03-20T11:00:00Z,74
4057192912,2016-03-20T12:00:00Z,74
4057192912,2016-03-20T13:00:00Z,74
4057192912,2016-03-20T14:00:00Z,74
4057192912,2016-03-20T15:00:00Z,74
4057192912,2016-03-20T16:00:00Z,74
4057192912,2016-03-20T17:00:00Z,74
4057192912,2016-03-20T18:00:00Z,74
4057192912,2016-03-20T19:00:00Z,74
4057192912,2016-03-20T20:00:00Z,74
4057192912,2016-03-20T21:00:00Z,79
4057192912,2016-03-20T22:00:00Z,74
4057192912,2016-03-20T23:00:00Z,74
4057192912,2016-03-21T00:00:00Z,74
4057192912,2016-03-21T01:00:00Z,74
4057192912,2016-03-21T02:00:00Z,74
4057192912,2016-03-21T03:00:00Z,74
4057192912,2016-03-21T04:00:00Z,74
4057192912,2016-03-21T05:00:00Z,74
4057192912,2016-03-21T06:00:00Z,74
4057192912,2016-03-21T07:00:00Z,74
4057192912,2016-03-21T08:00:00Z,90
4057192912,2016-03-21T09:00:00Z,96
4057192912,2016-03-21T10:00:00Z,74
4057192912,2016-03-21T11:00:00Z,115
4057192912,2016-03-21T12:00:00Z,74
4057192912,2016-03-21T13:00:00Z,99
4057192912,2016-03-21T14:00:00Z,95
4057192912,2016-03-21T15:00:00Z,74
4057192912,2016-03-21T16:00:00Z,113
4057192912,2016-03-21T17:00:00Z,74
4057192912,2016-03-21T18:00:00Z,112
4057192912,2016-03-21T19:00:00Z,74
4057192912,2016-03-21T20:00:00Z,74
4057192912,2016-03-21T21:00:00Z,74
4057192912,2016-03-21T22:00:00Z,74
4057192912,2016-03-21T23:00:00Z,74
4057192912,2016-03-22T00:00:00Z,74
4057192912,2016-03-22T01:00:00Z,74
4057192912,2016-03-22T02:00:00Z,74
4057192912,2016-03-22T03:00:00Z,74
4057192912,2016-03-22T04:00:00Z,74
4057192912,2016-03-22T05:00:00Z,74
4057192912,2016-03-22T06:00:00Z,74
4057192912,2016-03-22T07:00:00Z,140
4057192912,2016-03-22T08:00:00Z,102
4057192912,2016-03-22T09:00:00Z,117
4057192912,2016-03-22T10:00:00Z,121
4057192912,2016-03-22T11:00:00Z,130
4057192912,2016-03-22T12:00:00Z,88
4057192912,2016-03-22T13:00:00Z,118
4057192912,2016-03-22T14:00:00Z,105
4057192912,2016-03-22T15:00:00Z,81
4057192912,2016-03-22T16:00:00Z,130
4057192912,2016-03-22T17:00:00Z,79
4057192912,2016-03-22T18:00:00Z,131
4057192912,2016-03-22T19:00:00Z,94
4057192912,2016-03-22T20:00:00Z,113
4057192912,2016-03-22T21:00:00Z,74
4057192912,2016-03-22T22:00:00Z,74
4057192912,2016-03-22T23:00:00Z,74
4057192912,2016-03-23T00:00:00Z,74
4057192912,2016-03-23T01:00:00Z,74
4057192912,2016-03-23T02:00:00Z,74
4057192912,2016-03-23T03:00:00Z,74
4057192912,2016-03-23T04:00:00Z,74
4057192912,2016-03-23T05:00:00Z,74
4057192912,2016-03-23T06:00:00Z,132
4057192912,2016-03-23T07:00:00Z,120
4057192912,2016-03-23T08:00:00Z,111
4057192912,2016-03-23T09:00:00Z,109
4057192912,2016-03-23T10:00:00Z,81
4057192912,2016-03-23T11:00:00Z,209
4057192912,2016-03-23T12:00:00Z,94
4057192912,2016-03-23T13:00:00Z,128
4057192912,2016-03-23T14:00:00Z,111
4057192912,2016-03-23T15:00:00Z,81
4057192912,2016-03-23T16:00:00Z,121
4057192912,2016-03-23T17:00:00Z,93
4057192912,2016-03-23T18:00:00Z,138
4057192912,2016-03-23T19:00:00Z,128
4057192912,2016-03-23T20:00:00Z,100
4057192912,2016-03-23T21:00:00Z,74
4057192912,2016-03-23T22:00:00Z,74
4057192912,2016-03-23T23:00:00Z,74
4057192912,2016-03-24T00:00:00Z,74
4057192912,2016-03-24T01:00:00Z,74
4057192912,2016-03-24T02:00:00Z,74
4057192912,2016-03-24T03:00:00Z,74
4057192912,2016-03-24T04:00:00Z,74
4057192912,2016-03-24T05:00:00Z,74
4057192912,2016-03-24T06:00:00Z,74
4057192912,2016-03-24T07:00:00Z,74
4057192912,2016-03-24T08:00:00Z,74
4057192912,2016-03-24T09:00:00Z,74
4057192912,2016-03-24T10:00:00Z,74
4057192912,2016-03-24T11:00:00Z,74
4057192912,2016-03-24T12:00:00Z,74
4057192912,2016-03-24T13:00:00Z,74
4057192912,2016-03-24T14:00:00Z,74
4057192912,2016-03-24T15:00:00Z,74
4057192912,2016-03-24T16:00:00Z,76
4057192912,2016-03-24T17:00:00Z,74
4057192912,2016-03-24T18:00:00Z,74
4057192912,2016-03-24T19:00:00Z,74
4057192912,2016-03-24T20:00:00Z,74
4057192912,2016-03-24T21:00:00Z,74
4057192912,2016-03-24T22:00:00Z,74
4057192912,2016-03-24T23:00:00Z,74
4057192912,2016-03-25T00:00:00Z,74
4057192912,2016-03-25T01:00:00Z,74
4057192912,2016-03-25T02:00:00Z,74
4057192912,2016-03-25T03:00:00Z,74
4057192912,2016-03-25T04:00:00Z,74
4057192912,2016-03-25T05:00:00Z,74
4057192912,2016-03-25T06:00:00Z,74
4057192912,2016-03-25T07:00:00Z,74
4057192912,2016-03-25T08:00:00Z,74
4057192912,2016-03-25T09:00:00Z,74
4057192912,2016-03-25T10:00:00Z,74
4057192912,2016-03-25T11:00:00Z,74
4057192912,2016-03-25T12:00:00Z,74
4057192912,2016-03-25T13:00:00Z,74
4057192912,2016-03-25T14:00:00Z,74
4057192912,2016-03-25T15:00:00Z,74
4057192912,2016-03-25T16:00:00Z,74
4057192912,2016-03-25T17:00:00Z,74
4057192912,2016-03-25T18:00:00Z,74
4057192912,2016-03-25T19:00:00Z,74
4057192912,2016-03-25T20:00:00Z,74
4057192912,2016-03-25T21:00:00Z,74
4057192912,2016-03-25T22:00:00Z,74
4057192912,2016-03-25T23:00:00Z,74
4057192912,2016-03-26T00:00:00Z,74
4057192912,2016-03-26T01:00:00Z,74
4057192912,2016-03-26T02:00:00Z,74
4057192912,2016-03-26T03:00:00Z,74
4057192912,2016-03-26T04:00:00Z,74
4057192912,2016-03-26T05:00:00Z,74
4057192912,2016-03-26T06:00:00Z,74
4057192912,2016-03-26T07:00:00Z,74
4057192912,2016-03-26T08:00:00Z,74
4057192912,2016-03-26T09:00:00Z,74
4057192912,2016-03-26T10:00:00Z,74
4057192912,2016-03-26T11:00:00Z,74
4057192912,2016-03-26T12:00:00Z,74
4057192912,2016-03-26T13:00:00Z,74
4057192912,2016-03-26T14:00:00Z,74
4057192912,2016-03-26T15:00:00Z,74
4057192912,2016-03-26T16:00:00Z,74
4057192912,2016-03-26T17:00:00Z,74
4057192912,2016-03-26T18:00:00Z,74
4057192912,2016-03-26T19:00:00Z,74
4057192912,2016-03-26T20:00:00Z,74
4057192912,2016-03-26T21:00:00Z,74
4057192912,2016-03-26T22:00:00Z,74
4057192912,2016-03-26T23:00:00Z,74
4057192912,2016-03-27T00:00:00Z,74
4057192912,2016-03-27T01:00:00Z,74
4057192912,2016-03-27T02:00:00Z,74
4057192912,2016-03-27T03:00:00Z,74
4057192912,2016-03-27T04:00:00Z,74
4057192912,2016-03-27T05:00:00Z,74
4057192912,2016-03-27T06:00:00Z,74
4057192912,2016-03-27T07:00:00Z,74
4057192912,2016-03-27T08:00:00Z,74
4057192912,2016-03-27T09:00:00Z,74
4057192912,2016-03-27T10:00:00Z,74
4057192912,2016-03-27T11:00:00Z,74
4057192912,2016-03-27T12:00:00Z,74
4057192912,2016-03-27T13:00:00Z,123
4057192912,2016-03-27T14:00:00Z,156
4057192912,2016-03-27T15:00:00Z,79
4057192912,2016-03-27T16:00:00Z,91
4057192912,2016-03-27T17:00:00Z,84
4057192912,2016-03-27T18:00:00Z,93
4057192912,2016-03-27T19:00:00Z,86
4057192912,2016-03-27T20:00:00Z,97
4057192912,2016-03-27T21:00:00Z,87
4057192912,2016-03-27T22:00:00Z,74
4057192912,2016-03-27T23:00:00Z,74
4057192912,2016-03-28T00:00:00Z,74
4057192912,2016-03-28T01:00:00Z,74
4057192912,2016-03-28T02:00:00Z,74
4057192912,2016-03-28T03:00:00Z,74
4057192912,2016-03-28T04:00:00Z,74
4057192912,2016-03-28T05:00:00Z,74
4057192912,2016-03-28T06:00:00Z,74
4057192912,2016-03-28T07:00:00Z,74
4057192912,2016-03-28T08:00:00Z,74
4057192912,2016-03-28T09:00:00Z,74
4057192912,2016-03-28T10:00:00Z,74
4057192912,2016-03-28T11:00:00Z,74
4057192912,2016-03-28T12:00:00Z,74
4057192912,2016-03-28T13:00:00Z,74
4057192912,2016-03-28T14:00:00Z,74
4057192912,2016-03-28T15:00:00Z,74
4057192912,2016-03-28T16:00:00Z,74
4057192912,2016-03-28T17:00:00Z,74
4057192912,2016-03-28T18:00:00Z,76
4057192912,2016-03-28T19:00:00Z,74
4057192912,2016-03-28T20:00:00Z,74
4057192912,2016-03-28T21:00:00Z,74
4057192912,2016-03-28T22:00:00Z,74
4057192912,2016-03-28T23:00:00Z,74
4057192912,2016-03-29T00:00:00Z,74
4057192912,2016-03-29T01:00:00Z,74
4057192912,2016-03-29T02:00:00Z,74
4057192912,2016-03-29T03:00:00Z,74
4057192912,2016-03-29T04:00:00Z,74
4057192912,2016-03-29T05:00:00Z,74
4057192912,2016-03-29T06:00:00Z,74
4057192912,2016-03-29T07:00:00Z,142
4057192912,2016-03-29T08:00:00Z,84
4057192912,2016-03-29T09:00:00Z,129
4057192912,2016-03-29T10:00:00Z,103
4057192912,2016-03-29T11:00:00Z,85
4057192912,2016-03-29T12:00:00Z,119
4057192912,2016-03-29T13:00:00Z,124
4057192912,2016-03-29T14:00:00Z,86
4057192912,2016-03-29T15:00:00Z,90
4057192912,2016-03-29T16:00:00Z,123
4057192912,2016-03-29T17:00:00Z,94
4057192912,2016-03-29T18:00:00Z,140
4057192912,2016-03-29T19:00:00Z,92
4057192912,2016-03-29T20:00:00Z,85
4057192912,2016-03-29T21:00:00Z,74
4057192912,2016-03-29T22:00:00Z,74
4057192912,2016-03-29T23:00:00Z,86
4057192912,2016-03-30T00:00:00Z,92
4057192912,2016-03-30T01:00:00Z,74
4057192912,2016-03-30T02:00:00Z,74
4057192912,2016-03-30T03:00:00Z,74
4057192912,2016-03-30T04:00:00Z,74
4057192912,2016-03-30T05:00:00Z,74
4057192912,2016-03-30T06:00:00Z,78
4057192912,2016-03-30T07:00:00Z,81
4057192912,2016-03-30T08:00:00Z,89
4057192912,2016-03-30T09:00:00Z,112
4057192912,2016-03-30T10:00:00Z,94
4057192912,2016-03-30T11:00:00Z,142
4057192912,2016-03-30T12:00:00Z,91
4057192912,2016-03-30T13:00:00Z,118
4057192912,2016-03-30T14:00:00Z,109
4057192912,2016-03-30T15:00:00Z,81
4057192912,2016-03-30T16:00:00Z,94
4057192912,2016-03-30T17:00:00Z,119
4057192912,2016-03-30T18:00:00Z,114
4057192912,2016-03-30T19:00:00Z,76
4057192912,2016-03-30T20:00:00Z,100
4057192912,2016-03-30T21:00:00Z,74
4057192912,2016-03-30T22:00:00Z,122
4057192912,2016-03-30T23:00:00Z,81
4057192912,2016-03-31T00:00:00Z,74
4057192912,2016-03-31T01:00:00Z,74
4057192912,2016-03-31T02:00:00Z,74
4057192912,2016-03-31T03:00:00Z,74
4057192912,2016-03-31T04:00:00Z,74
4057192912,2016-03-31T05:00:00Z,74
4057192912,2016-03-31T06:00:00Z,74
4057192912,2016-03-31T07:00:00Z,74
4057192912,2016-03-31T08:00:00Z,74
4057192912,2016-03-31T09:00:00Z,74
4057192912,2016-03-31T10:00:00Z,74
4057192912,2016-03-31T11:00:00Z,74
4057192912,2016-03-31T12:00:00Z,74
4057192912,2016-03-31T13:00:00Z,74
4057192912,2016-03-31T14:00:00Z,74
4057192912,2016-03-31T15:00:00Z,74
4057192912,2016-03-31T16:00:00Z,74
4057192912,2016-03-31T17:00:00Z,74
4057192912,2016-03-31T18:00:00Z,74
4057192912,2016-03-31T19:00:00Z,74
4057192912,2016-03-31T20:00:00Z,74
4057192912,2016-03-31T21:00:00Z,74
4057192912,2016-03-31T22:00:00Z,74
4057192912,2016-03-31T23:00:00Z,74
4057192912,2016-04-01T00:00:00Z,74
4057192912,2016-04-01T01:00:00Z,74
4057192912,2016-04-01T02:00:00Z,74
4057192912,2016-04-01T03:00:00Z,74
4057192912,2016-04-01T04:00:00Z,74
4057192912,2016-04-01T05:00:00Z,74
4057192912,2016-04-01T06:00:00Z,74
4057192912,2016-04-01T07:00:00Z,74
4057192912,2016-04-01T08:00:00Z,74
4057192912,2016-04-01T09:00:00Z,74
4057192912,2016-04-01T10:00:00Z,74
4057192912,2016-04-01T11:00:00Z,74
4057192912,2016-04-01T12:00:00Z,74
4057192912,2016-04-01T13:00:00Z,74
4057192912,2016-04-01T14:00:00Z,74
4057192912,2016-04-01T15:00:00Z,74
4057192912,2016-04-01T16:00:00Z,74
4057192912,2016-04-01T17:00:00Z,74
4057192912,2016-04-01T18:00:00Z,74
4057192912,2016-04-01T19:00:00Z,74
4057192912,2016-04-01T20:00:00Z,74
4057192912,2016-04-01T21:00:00Z,74
4057192912,2016-04-01T22:00:00Z,74
4057192912,2016-04-01T23:00:00Z,74
4057192912,2016-04-02T00:00:00Z,74
4057192912,2016-04-02T01:00:00Z,74
4057192912,2016-04-02T02:00:00Z,74
4057192912,2016-04-02T03:00:00Z,74
4057192912,2016-04-02T04:00:00Z,74
4057192912,2016-04-02T05:00:00Z,74
4057192912,2016-04-02T06:00:00Z,74
4057192912,2016-04-02T07:00:00Z,74
4057192912,2016-04-02T08:00:00Z,74
4057192912,2016-04-02T09:00:00Z,74
4057192912,2016-04-02T10:00:00Z,74
4057192912,2016-04-02T11:00:00Z,74
4057192912,2016-04-02T12:00:00Z,74
4057192912,2016-04-02T13:00:00Z,74
4057192912,2016-04-02T14:00:00Z,74
4057192912,2016-04-02T15:00:00Z,74
4057192912,2016-04-02T16:00:00Z,74
4057192912,2016-04-02T17:00:00Z,74
4057192912,2016-04-02T18:00:00Z,74
4057192912,2016-04-02T19:00:00Z,74
4057192912,2016-04-02T20:00:00Z,74
4057192912,2016-04-02T21:00:00Z,74
4057192912,2016-04-02T22:00:00Z,74
4057192912,2016-04-02T23:00:00Z,74
4057192912,2016-04-03T00:00:00Z,74
4057192912,2016-04-03T01:00:00Z,74
4057192912,2016-04-03T02:00:00Z,74
4057192912,2016-04-03T03:00:00Z,74
4057192912,2016-04-03T04:00:00Z,74
4057192912,2016-04-03T05:00:00Z,74
4057192912,2016-04-03T06:00:00Z,74
4057192912,2016-04-03T07:00:00Z,74
4057192912,2016-04-03T08:00:00Z,74
4057192912,2016-04-03T09:00:00Z,74
4057192912,2016-04-03T10:00:00Z,74
4057192912,2016-04-03T11:00:00Z,74
4057192912,2016-04-03T12:00:00Z,74
4057192912,2016-04-03T13:00:00Z,74
4057192912,2016-04-03T14:00:00Z,74
4057192912,2016-04-03T15:00:00Z,74
4057192912,2016-04-03T16:00:00Z,74
4057192912,2016-04-03T17:00:00Z,74
4057192912,2016-04-03T18:00:00Z,74
4057192912,2016-04-03T19:00:00Z,74
4057192912,2016-04-03T20:00:00Z,74
4057192912,2016-04-03T21:00:00Z,74
4057192912,2016-04-03T22:00:00Z,74
4057192912,2016-04-03T23:00:00Z,74
4057192912,2016-04-04T00:00:00Z,74
4057192912,2016-04-04T01:00:00Z,74
4057192912,2016-04-04T02:00:00Z,74
4057192912,2016-04-04T03:00:00Z,74
4057192912,2016-04-04T04:00:00Z,74
4057192912,2016-04-04T05:00:00Z,74
4057192912,2016-04-04T06:00:00Z,74
4057192912,2016-04-04T07:00:00Z,74
4057192912,2016-04-04T08:00:00Z,74
4057192912,2016-04-04T09:00:00Z,74
4057192912,2016-04-04T10:00:00Z,74
4057192912,2016-04-04T11:00:00Z,74
4057192912,2016-04-04T12:00:00Z,74
4057192912,2016-04-04T13:00:00Z,74
4057192912,2016-04-04T14:00:00Z,74
4057192912,2016-04-04T15:00:00Z,74
4057192912,2016-04-04T16:00:00Z,74
4057192912,2016-04-04T17:00:00Z,74
4057192912,2016-04-04T18:00:00Z,74
4057192912,2016-04-04T19:00:00Z,74
4057192912,2016-04-04T20:00:00Z,74
4057192912,2016-04-04T21:00:00Z,74
4057192912,2016-04-04T22:00:00Z,74
4057192912,2016-04-04T23:00:00Z,74
4057192912,2016-04-05T00:00:00Z,74
4057192912,2016-04-05T01:00:00Z,74
4057192912,2016-04-05T02:00:00Z,74
4057192912,2016-04-05T03:00:00Z,74
4057192912,2016-04-05T04:00:00Z,74
4057192912,2016-04-05T05:00:00Z,74
4057192912,2016-04-05T06:00:00Z,74
4057192912,2016-04-05T07:00:00Z,74
4057192912,2016-04-05T08:00:00Z,74
4057192912,2016-04-05T09:00:00Z,74
4057192912,2016-04-05T10:00:00Z,74
4057192912,2016-04-05T11:00:00Z,74
4057192912,2016-04-05T12:00:00Z,74
4057192912,2016-04-05T13:00:00Z,74
4057192912,2016-04-05T14:00:00Z,74
4057192912,2016-04-05T15:00:00Z,74
4057192912,2016-04-05T16:00:00Z,74
4057192912,2016-04-05T17:00:00Z,74
4057192912,2016-04-05T18:00:00Z,74
4057192912,2016-04-05T19:00:00Z,74
4057192912,2016-04-05T20:00:00Z,74
4057192912,2016-04-05T21:00:00Z,74
4057192912,2016-04-05T22:00:00Z,74
4057192912,2016-04-05T23:00:00Z,74
4057192912,2016-04-06T00:00:00Z,74
4057192912,2016-04-06T01:00:00Z,74
4057192912,2016-04-06T02:00:00Z,74
4057192912,2016-04-06T03:00:00Z,74
4057192912,2016-04-06T04:00:00Z,74
4057192912,2016-04-06T05:00:00Z,74
4057192912,2016-04-06T06:00:00Z,74
4057192912,2016-04-06T07:00:00Z,74
4057192912,2016-04-06T08:00:00Z,74
4057192912,2016-04-06T09:00:00Z,74
4057192912,2016-04-06T10:00:00Z,74
4057192912,2016-04-06T11:00:00Z,74
4057192912,2016-04-06T12:00:00Z,74
4057192912,2016-04-06T13:00:00Z,74
4057192912,2016-04-06T14:00:00Z,74
4057192912,2016-04-06T15:00:00Z,78
4057192912,2016-04-06T16:00:00Z,74
4057192912,2016-04-06T17:00:00Z,74
4057192912,2016-04-06T18:00:00Z,74
4057192912,2016-04-06T19:00:00Z,74
4057192912,2016-04-06T20:00:00Z,74
4057192912,2016-04-06T21:00:00Z,74
4057192912,2016-04-06T22:00:00Z,74
4057192912,2016-04-06T23:00:00Z,74
4057192912,2016-04-07T00:00:00Z,74
4057192912,2016-04-07T01:00:00Z,74
4057192912,2016-04-07T02:00:00Z,74
4057192912,2016-04-07T03:00:00Z,74
4057192912,2016-04-07T04:00:00Z,74
4057192912,2016-04-07T05:00:00Z,74
4057192912,2016-04-07T06:00:00Z,74
4057192912,2016-04-07T07:00:00Z,74
4057192912,2016-04-07T08:00:00Z,74
4057192912,2016-04-07T09:00:00Z,74
4057192912,2016-04-07T10:00:00Z,74
4057192912,2016-04-07T11:00:00Z,74
4057192912,2016-04-07T12:00:00Z,74
4057192912,2016-04-07T13:00:00Z,74
4057192912,2016-04-07T14:00:00Z,74
4057192912,2016-04-07T15:00:00Z,74
4057192912,2016-04-07T16:00:00Z,74
4057192912,2016-04-07T17:00:00Z,74
4057192912,2016-04-07T18:00:00Z,76
4057192912,2016-04-07T19:00:00Z,74
4057192912,2016-04-07T20:00:00Z,74
4057192912,2016-04-07T21:00:00Z,74
4057192912,2016-04-07T22:00:00Z,74
4057192912,2016-04-07T23:00:00Z,74
4057192912,2016-04-08T00:00:00Z,74
4057192912,2016-04-08T01:00:00Z,74
4057192912,2016-04-08T02:00:00Z,74
4057192912,2016-04-08T03:00:00Z,74
4057192912,2016-04-08T04:00:00Z,74
4057192912,2016-04-08T05:00:00Z,74
4057192912,2016-04-08T06:00:00Z,74
4057192912,2016-04-08T07:00:00Z,74
4057192912,2016-04-08T08:00:00Z,74
4057192912,2016-04-08T09:00:00Z,74
4057192912,2016-04-08T10:00:00Z,74
4057192912,2016-04-08T11:00:00Z,74
4057192912,2016-04-08T12:00:00Z,91
4057192912,2016-04-08T13:00:00Z,239
4057192912,2016-04-08T14:00:00Z,330
4057192912,2016-04-08T15:00:00Z,219
4057192912,2016-04-08T16:00:00Z,74
4057192912,2016-04-08T17:00:00Z,74
4057192912,2016-04-08T18:00:00Z,76
4057192912,2016-04-08T19:00:00Z,74
4057192912,2016-04-08T20:00:00Z,74
4057192912,2016-04-08T21:00:00Z,74
4057192912,2016-04-08T22:00:00Z,74
4057192912,2016-04-08T23:00:00Z,74
4057192912,2016-04-09T00:00:00Z,74
4057192912,2016-04-09T01:00:00Z,74
4057192912,2016-04-09T02:00:00Z,74
4057192912,2016-04-09T03:00:00Z,74
4057192912,2016-04-09T04:00:00Z,74
4057192912,2016-04-09T05:00:00Z,74
4057192912,2016-04-09T06:00:00Z,74
4057192912,2016-04-09T07:00:00Z,74
4057192912,2016-04-09T08:00:00Z,74
4057192912,2016-04-09T09:00:00Z,74
4057192912,2016-04-09T10:00:00Z,74
4057192912,2016-04-09T11:00:00Z,74
4057192912,2016-04-09T12:00:00Z,74
4057192912,2016-04-09T13:00:00Z,74
4057192912,2016-04-09T14:00:00Z,74
4057192912,2016-04-09T15:00:00Z,74
4057192912,2016-04-09T16:00:00Z,74
4057192912,2016-04-09T17:00:00Z,74
4057192912,2016-04-09T18:00:00Z,118
4057192912,2016-04-09T19:00:00Z,99
4057192912,2016-04-09T20:00:00Z,105
4057192912,2016-04-09T21:00:00Z,127
4057192912,2016-04-09T22:00:00Z,87
4057192912,2016-04-09T23:00:00Z,74
4057192912,2016-04-10T00:00:00Z,74
4057192912,2016-04-10T01:00:00Z,74
4057192912,2016-04-10T02:00:00Z,74
4057192912,2016-04-10T03:00:00Z,74
4057192912,2016-04-10T04:00:00Z,74
4057192912,2016-04-10T05:00:00Z,74
4057192912,2016-04-10T06:00:00Z,74
4057192912,2016-04-10T07:00:00Z,74
4057192912,2016-04-10T08:00:00Z,74
4057192912,2016-04-10T09:00:00Z,99
4057192912,2016-04-10T10:00:00Z,108
4057192912,2016-04-10T11:00:00Z,95
4057192912,2016-04-10T12:00:00Z,110
4057192912,2016-04-10T13:00:00Z,96
4057192912,2016-04-10T14:00:00Z,124
4057192912,2016-04-10T15:00:00Z,186
4057192912,2016-04-10T16:00:00Z,98
4057192912,2016-04-10T17:00:00Z,74
4057192912,2016-04-10T18:00:00Z,74
4057192912,2016-04-10T19:00:00Z,74
4057192912,2016-04-10T20:00:00Z,74
4057192912,2016-04-10T21:00:00Z,74
4057192912,2016-04-10T22:00:00Z,74
4057192912,2016-04-10T23:00:00Z,74
4057192912,2016-04-11T00:00:00Z,74
4057192912,2016-04-11T01:00:00Z,74
4057192912,2016-04-11T02:00:00Z,74
4057192912,2016-04-11T03:00:00Z,74
4057192912,2016-04-11T04:00:00Z,74
4057192912,2016-04-11T05:00:00Z,74
4057192912,2016-04-11T06:00:00Z,91
4057192912,2016-04-11T07:00:00Z,200
4057192912,2016-04-11T08:00:00Z,104
4057192912,2016-04-11T09:00:00Z,127
4057192912,2016-04-11T10:00:00Z,87
4057192912,2016-04-11T11:00:00Z,134
4057192912,2016-04-11T12:00:00Z,101
4057192912,2016-04-11T13:00:00Z,132
4057192912,2016-04-11T14:00:00Z,100
4057192912,2016-04-11T15:00:00Z,82
4057192912,2016-04-11T16:00:00Z,129
4057192912,2016-04-11T17:00:00Z,94
4057192912,2016-04-11T18:00:00Z,144
4057192912,2016-04-11T19:00:00Z,76
4057192912,2016-04-11T20:00:00Z,76
4057192912,2016-04-11T21:00:00Z,92
4057192912,2016-04-11T22:00:00Z,78
4057192912,2016-04-11T23:00:00Z,84
4057192912,2016-04-12T00:00:00Z,76
4057192912,2016-04-12T01:00:00Z,74
4057192912,2016-04-12T02:00:00Z,74
4057192912,2016-04-12T03:00:00Z,93
4057192912,2016-04-12T04:00:00Z,74
4057192912,2016-04-12T05:00:00Z,74
4319703577,2016-03-12T00:00:00Z,62
4319703577,2016-03-12T01:00:00Z,61
4319703577,2016-03-12T02:00:00Z,61
4319703577,2016-03-12T03:00:00Z,61
4319703577,2016-03-12T04:00:00Z,63
4319703577,2016-03-12T05:00:00Z,61
4319703577,2016-03-12T06:00:00Z,61
4319703577,2016-03-12T07:00:00Z,61
4319703577,2016-03-12T08:00:00Z,82
4319703577,2016-03-12T09:00:00Z,94
4319703577,2016-03-12T10:00:00Z,73
4319703577,2016-03-12T11:00:00Z,138
4319703577,2016-03-12T12:00:00Z,131
4319703577,2016-03-12T13:00:00Z,84
4319703577,2016-03-12T14:00:00Z,72
4319703577,2016-03-12T15:00:00Z,85
4319703577,2016-03-12T16:00:00Z,157
4319703577,2016-03-12T17:00:00Z,129
4319703577,2016-03-12T18:00:00Z,139
4319703577,2016-03-12T19:00:00Z,150
4319703577,2016-03-12T20:00:00Z,131
4319703577,2016-03-12T21:00:00Z,103
4319703577,2016-03-12T22:00:00Z,63
4319703577,2016-03-12T23:00:00Z,80
4319703577,2016-03-13T00:00:00Z,63
4319703577,2016-03-13T01:00:00Z,61
4319703577,2016-03-13T02:00:00Z,61
4319703577,2016-03-13T03:00:00Z,63
4319703577,2016-03-13T04:00:00Z,61
4319703577,2016-03-13T05:00:00Z,61
4319703577,2016-03-13T06:00:00Z,92
4319703577,2016-03-13T07:00:00Z,115
4319703577,2016-03-13T08:00:00Z,93
4319703577,2016-03-13T09:00:00Z,172
4319703577,2016-03-13T10:00:00Z,151
4319703577,2016-03-13T11:00:00Z,97
4319703577,2016-03-13T12:00:00Z,76
4319703577,2016-03-13T13:00:00Z,141
4319703577,2016-03-13T14:00:00Z,119
4319703577,2016-03-13T15:00:00Z,119
4319703577,2016-03-13T16:00:00Z,74
4319703577,2016-03-13T17:00:00Z,126
4319703577,2016-03-13T18:00:00Z,66
4319703577,2016-03-13T19:00:00Z,61
4319703577,2016-03-13T20:00:00Z,61
4319703577,2016-03-13T21:00:00Z,63
4319703577,2016-03-13T22:00:00Z,61
4319703577,2016-03-13T23:00:00Z,61
4319703577,2016-03-14T00:00:00Z,61
4319703577,2016-03-14T01:00:00Z,61
4319703577,2016-03-14T02:00:00Z,61
4319703577,2016-03-14T03:00:00Z,61
4319703577,2016-03-14T04:00:00Z,61
4319703577,2016-03-14T05:00:00Z,61
4319703577,2016-03-14T06:00:00Z,61
4319703577,2016-03-14T07:00:00Z,61
4319703577,2016-03-14T08:00:00Z,61
4319703577,2016-03-14T09:00:00Z,164
4319703577,2016-03-14T10:00:00Z,125
4319703577,2016-03-14T11:00:00Z,139
4319703577,2016-03-14T12:00:00Z,89
4319703577,2016-03-14T13:00:00Z,120
4319703577,2016-03-14T14:00:00Z,107
4319703577,2016-03-14T15:00:00Z,75
4319703577,2016-03-14T16:00:00Z,134
4319703577,2016-03-14T17:00:00Z,127
4319703577,2016-03-14T18:00:00Z,122
4319703577,2016-03-14T19:00:00Z,141
4319703577,2016-03-14T20:00:00Z,121
4319703577,2016-03-14T21:00:00Z,90
4319703577,2016-03-14T22:00:00Z,70
4319703577,2016-03-14T23:00:00Z,61
4319703577,2016-03-15T00:00:00Z,63
4319703577,2016-03-15T01:00:00Z,61
4319703577,2016-03-15T02:00:00Z,61
4319703577,2016-03-15T03:00:00Z,61
4319703577,2016-03-15T04:00:00Z,61
4319703577,2016-03-15T05:00:00Z,63
4319703577,2016-03-15T06:00:00Z,61
4319703577,2016-03-15T07:00:00Z,90
4319703577,2016-03-15T08:00:00Z,77
4319703577,2016-03-15T09:00:00Z,181
4319703577,2016-03-15T10:00:00Z,143
4319703577,2016-03-15T11:00:00Z,146
4319703577,2016-03-15T12:00:00Z,92
4319703577,2016-03-15T13:00:00Z,119
4319703577,2016-03-15T14:00:00Z,108
4319703577,2016-03-15T15:00:00Z,107
4319703577,2016-03-15T16:00:00Z,86
4319703577,2016-03-15T17:00:00Z,79
4319703577,2016-03-15T18:00:00Z,70
4319703577,2016-03-15T19:00:00Z,127
4319703577,2016-03-15T20:00:00Z,61
4319703577,2016-03-15T21:00:00Z,61
4319703577,2016-03-15T22:00:00Z,91
4319703577,2016-03-15T23:00:00Z,61
4319703577,2016-03-16T00:00:00Z,63
4319703577,2016-03-16T01:00:00Z,61
4319703577,2016-03-16T02:00:00Z,61
4319703577,2016-03-16T03:00:00Z,63
4319703577,2016-03-16T04:00:00Z,63
4319703577,2016-03-16T05:00:00Z,63
4319703577,2016-03-16T06:00:00Z,61
4319703577,2016-03-16T07:00:00Z,61
4319703577,2016-03-16T08:00:00Z,98
4319703577,2016-03-16T09:00:00Z,62
4319703577,2016-03-16T10:00:00Z,176
4319703577,2016-03-16T11:00:00Z,159
4319703577,2016-03-16T12:00:00Z,187
4319703577,2016-03-16T13:00:00Z,111
4319703577,2016-03-16T14:00:00Z,119
4319703577,2016-03-16T15:00:00Z,101
4319703577,2016-03-16T16:00:00Z,92
4319703577,2016-03-16T17:00:00Z,90
4319703577,2016-03-16T18:00:00Z,88
4319703577,2016-03-16T19:00:00Z,153
4319703577,2016-03-16T20:00:00Z,76
4319703577,2016-03-16T21:00:00Z,75
4319703577,2016-03-16T22:00:00Z,83
4319703577,2016-03-16T23:00:00Z,61
4319703577,2016-03-17T00:00:00Z,62
4319703577,2016-03-17T01:00:00Z,61
4319703577,2016-03-17T02:00:00Z,61
4319703577,2016-03-17T03:00:00Z,61
4319703577,2016-03-17T04:00:00Z,63
4319703577,2016-03-17T05:00:00Z,63
4319703577,2016-03-17T06:00:00Z,62
4319703577,2016-03-17T07:00:00Z,61
4319703577,2016-03-17T08:00:00Z,84
4319703577,2016-03-17T09:00:00Z,82
4319703577,2016-03-17T10:00:00Z,182
4319703577,2016-03-17T11:00:00Z,105
4319703577,2016-03-17T12:00:00Z,117
4319703577,2016-03-17T13:00:00Z,100
4319703577,2016-03-17T14:00:00Z,131
4319703577,2016-03-17T15:00:00Z,88
4319703577,2016-03-17T16:00:00Z,90
4319703577,2016-03-17T17:00:00Z,99
4319703577,2016-03-17T18:00:00Z,113
4319703577,2016-03-17T19:00:00Z,149
4319703577,2016-03-17T20:00:00Z,106
4319703577,2016-03-17T21:00:00Z,75
4319703577,2016-03-17T22:00:00Z,104
4319703577,2016-03-17T23:00:00Z,61
4319703577,2016-03-18T00:00:00Z,61
4319703577,2016-03-18T01:00:00Z,61
4319703577,2016-03-18T02:00:00Z,63
4319703577,2016-03-18T03:00:00Z,62
4319703577,2016-03-18T04:00:00Z,61
4319703577,2016-03-18T05:00:00Z,63
4319703577,2016-03-18T06:00:00Z,62
4319703577,2016-03-18T07:00:00Z,61
4319703577,2016-03-18T08:00:00Z,89
4319703577,2016-03-18T09:00:00Z,89
4319703577,2016-03-18T10:00:00Z,190
4319703577,2016-03-18T11:00:00Z,113
4319703577,2016-03-18T12:00:00Z,136
4319703577,2016-03-18T13:00:00Z,80
4319703577,2016-03-18T14:00:00Z,95
4319703577,2016-03-18T15:00:00Z,93
4319703577,2016-03-18T16:00:00Z,62
4319703577,2016-03-18T17:00:00Z,62
4319703577,2016-03-18T18:00:00Z,97
4319703577,2016-03-18T19:00:00Z,120
4319703577,2016-03-18T20:00:00Z,88
4319703577,2016-03-18T21:00:00Z,78
4319703577,2016-03-18T22:00:00Z,63
4319703577,2016-03-18T23:00:00Z,90
4319703577,2016-03-19T00:00:00Z,61
4319703577,2016-03-19T01:00:00Z,61
4319703577,2016-03-19T02:00:00Z,63
4319703577,2016-03-19T03:00:00Z,61
4319703577,2016-03-19T04:00:00Z,63
4319703577,2016-03-19T05:00:00Z,61
4319703577,2016-03-19T06:00:00Z,61
4319703577,2016-03-19T07:00:00Z,132
4319703577,2016-03-19T08:00:00Z,98
4319703577,2016-03-19T09:00:00Z,85
4319703577,2016-03-19T10:00:00Z,80
4319703577,2016-03-19T11:00:00Z,107
4319703577,2016-03-19T12:00:00Z,91
4319703577,2016-03-19T13:00:00Z,90
4319703577,2016-03-19T14:00:00Z,69
4319703577,2016-03-19T15:00:00Z,79
4319703577,2016-03-19T16:00:00Z,90
4319703577,2016-03-19T17:00:00Z,81
4319703577,2016-03-19T18:00:00Z,112
4319703577,2016-03-19T19:00:00Z,155
4319703577,2016-03-19T20:00:00Z,120
4319703577,2016-03-19T21:00:00Z,74
4319703577,2016-03-19T22:00:00Z,93
4319703577,2016-03-19T23:00:00Z,61
4319703577,2016-03-20T00:00:00Z,66
4319703577,2016-03-20T01:00:00Z,63
4319703577,2016-03-20T02:00:00Z,61
4319703577,2016-03-20T03:00:00Z,61
4319703577,2016-03-20T04:00:00Z,64
4319703577,2016-03-20T05:00:00Z,61
4319703577,2016-03-20T06:00:00Z,63
4319703577,2016-03-20T07:00:00Z,112
4319703577,2016-03-20T08:00:00Z,117
4319703577,2016-03-20T09:00:00Z,81
4319703577,2016-03-20T10:00:00Z,87
4319703577,2016-03-20T11:00:00Z,107
4319703577,2016-03-20T12:00:00Z,126
4319703577,2016-03-20T13:00:00Z,72
4319703577,2016-03-20T14:00:00Z,85
4319703577,2016-03-20T15:00:00Z,88
4319703577,2016-03-20T16:00:00Z,106
4319703577,2016-03-20T17:00:00Z,61
4319703577,2016-03-20T18:00:00Z,61
4319703577,2016-03-20T19:00:00Z,61
4319703577,2016-03-20T20:00:00Z,61
4319703577,2016-03-20T21:00:00Z,61
4319703577,2016-03-20T22:00:00Z,86
4319703577,2016-03-20T23:00:00Z,61
4319703577,2016-03-21T00:00:00Z,61
4319703577,2016-03-21T01:00:00Z,63
4319703577,2016-03-21T02:00:00Z,63
4319703577,2016-03-21T03:00:00Z,61
4319703577,2016-03-21T04:00:00Z,66
4319703577,2016-03-21T05:00:00Z,62
4319703577,2016-03-21T06:00:00Z,66
4319703577,2016-03-21T07:00:00Z,63
4319703577,2016-03-21T08:00:00Z,88
4319703577,2016-03-21T09:00:00Z,110
4319703577,2016-03-21T10:00:00Z,165
4319703577,2016-03-21T11:00:00Z,95
4319703577,2016-03-21T12:00:00Z,115
4319703577,2016-03-21T13:00:00Z,82
4319703577,2016-03-21T14:00:00Z,137
4319703577,2016-03-21T15:00:00Z,102
4319703577,2016-03-21T16:00:00Z,68
4319703577,2016-03-21T17:00:00Z,130
4319703577,2016-03-21T18:00:00Z,112
4319703577,2016-03-21T19:00:00Z,135
4319703577,2016-03-21T20:00:00Z,61
4319703577,2016-03-21T21:00:00Z,61
4319703577,2016-03-21T22:00:00Z,61
4319703577,2016-03-21T23:00:00Z,61
4319703577,2016-03-22T00:00:00Z,61
4319703577,2016-03-22T01:00:00Z,61
4319703577,2016-03-22T02:00:00Z,61
4319703577,2016-03-22T03:00:00Z,61
4319703577,2016-03-22T04:00:00Z,61
4319703577,2016-03-22T05:00:00Z,61
4319703577,2016-03-22T06:00:00Z,61
4319703577,2016-03-22T07:00:00Z,64
4319703577,2016-03-22T08:00:00Z,89
4319703577,2016-03-22T09:00:00Z,68
4319703577,2016-03-22T10:00:00Z,174
4319703577,2016-03-22T11:00:00Z,108
4319703577,2016-03-22T12:00:00Z,118
4319703577,2016-03-22T13:00:00Z,89
4319703577,2016-03-22T14:00:00Z,106
4319703577,2016-03-22T15:00:00Z,75
4319703577,2016-03-22T16:00:00Z,102
4319703577,2016-03-22T17:00:00Z,85
4319703577,2016-03-22T18:00:00Z,94
4319703577,2016-03-22T19:00:00Z,183
4319703577,2016-03-22T20:00:00Z,117
4319703577,2016-03-22T21:00:00Z,95
4319703577,2016-03-22T22:00:00Z,82
4319703577,2016-03-22T23:00:00Z,61
4319703577,2016-03-23T00:00:00Z,62
4319703577,2016-03-23T01:00:00Z,61
4319703577,2016-03-23T02:00:00Z,61
4319703577,2016-03-23T03:00:00Z,61
4319703577,2016-03-23T04:00:00Z,61
4319703577,2016-03-23T05:00:00Z,61
4319703577,2016-03-23T06:00:00Z,61
4319703577,2016-03-23T07:00:00Z,61
4319703577,2016-03-23T08:00:00Z,96
4319703577,2016-03-23T09:00:00Z,71
4319703577,2016-03-23T10:00:00Z,186
4319703577,2016-03-23T11:00:00Z,155
4319703577,2016-03-23T12:00:00Z,148
4319703577,2016-03-23T13:00:00Z,91
4319703577,2016-03-23T14:00:00Z,106
4319703577,2016-03-23T15:00:00Z,130
4319703577,2016-03-23T16:00:00Z,86
4319703577,2016-03-23T17:00:00Z,131
4319703577,2016-03-23T18:00:00Z,97
4319703577,2016-03-23T19:00:00Z,142
4319703577,2016-03-23T20:00:00Z,67
4319703577,2016-03-23T21:00:00Z,61
4319703577,2016-03-23T22:00:00Z,69
4319703577,2016-03-23T23:00:00Z,77
4319703577,2016-03-24T00:00:00Z,61
4319703577,2016-03-24T01:00:00Z,64
4319703577,2016-03-24T02:00:00Z,61
4319703577,2016-03-24T03:00:00Z,61
4319703577,2016-03-24T04:00:00Z,61
4319703577,2016-03-24T05:00:00Z,62
4319703577,2016-03-24T06:00:00Z,63
4319703577,2016-03-24T07:00:00Z,75
4319703577,2016-03-24T08:00:00Z,99
4319703577,2016-03-24T09:00:00Z,79
4319703577,2016-03-24T10:00:00Z,171
4319703577,2016-03-24T11:00:00Z,106
4319703577,2016-03-24T12:00:00Z,155
4319703577,2016-03-24T13:00:00Z,95
4319703577,2016-03-24T14:00:00Z,123
4319703577,2016-03-24T15:00:00Z,92
4319703577,2016-03-24T16:00:00Z,120
4319703577,2016-03-24T17:00:00Z,134
4319703577,2016-03-24T18:00:00Z,154
4319703577,2016-03-24T19:00:00Z,184
4319703577,2016-03-24T20:00:00Z,86
4319703577,2016-03-24T21:00:00Z,76
4319703577,2016-03-24T22:00:00Z,99
4319703577,2016-03-24T23:00:00Z,66
4319703577,2016-03-25T00:00:00Z,62
4319703577,2016-03-25T01:00:00Z,61
4319703577,2016-03-25T02:00:00Z,64
4319703577,2016-03-25T03:00:00Z,64
4319703577,2016-03-25T04:00:00Z,62
4319703577,2016-03-25T05:00:00Z,62
4319703577,2016-03-25T06:00:00Z,61
4319703577,2016-03-25T07:00:00Z,67
4319703577,2016-03-25T08:00:00Z,96
4319703577,2016-03-25T09:00:00Z,94
4319703577,2016-03-25T10:00:00Z,174
4319703577,2016-03-25T11:00:00Z,117
4319703577,2016-03-25T12:00:00Z,116
4319703577,2016-03-25T13:00:00Z,83
4319703577,2016-03-25T14:00:00Z,150
4319703577,2016-03-25T15:00:00Z,73
4319703577,2016-03-25T16:00:00Z,94
4319703577,2016-03-25T17:00:00Z,82
4319703577,2016-03-25T18:00:00Z,68
4319703577,2016-03-25T19:00:00Z,193
4319703577,2016-03-25T20:00:00Z,139
4319703577,2016-03-25T21:00:00Z,80
4319703577,2016-03-25T22:00:00Z,77
4319703577,2016-03-25T23:00:00Z,64
4319703577,2016-03-26T00:00:00Z,61
4319703577,2016-03-26T01:00:00Z,61
4319703577,2016-03-26T02:00:00Z,61
4319703577,2016-03-26T03:00:00Z,61
4319703577,2016-03-26T04:00:00Z,62
4319703577,2016-03-26T05:00:00Z,64
4319703577,2016-03-26T06:00:00Z,61
4319703577,2016-03-26T07:00:00Z,61
4319703577,2016-03-26T08:00:00Z,65
4319703577,2016-03-26T09:00:00Z,107
4319703577,2016-03-26T10:00:00Z,65
4319703577,2016-03-26T11:00:00Z,90
4319703577,2016-03-26T12:00:00Z,124
4319703577,2016-03-26T13:00:00Z,87
4319703577,2016-03-26T14:00:00Z,80
4319703577,2016-03-26T15:00:00Z,133
4319703577,2016-03-26T16:00:00Z,83
4319703577,2016-03-26T17:00:00Z,89
4319703577,2016-03-26T18:00:00Z,96
4319703577,2016-03-26T19:00:00Z,104
4319703577,2016-03-26T20:00:00Z,97
4319703577,2016-03-26T21:00:00Z,118
4319703577,2016-03-26T22:00:00Z,107
4319703577,2016-03-26T23:00:00Z,111
4319703577,2016-03-27T00:00:00Z,74
4319703577,2016-03-27T01:00:00Z,62
4319703577,2016-03-27T02:00:00Z,61
4319703577,2016-03-27T03:00:00Z,63
4319703577,2016-03-27T04:00:00Z,61
4319703577,2016-03-27T05:00:00Z,61
4319703577,2016-03-27T06:00:00Z,61
4319703577,2016-03-27T07:00:00Z,61
4319703577,2016-03-27T08:00:00Z,62
4319703577,2016-03-27T09:00:00Z,76
4319703577,2016-03-27T10:00:00Z,77
4319703577,2016-03-27T11:00:00Z,101
4319703577,2016-03-27T12:00:00Z,150
4319703577,2016-03-27T13:00:00Z,96
4319703577,2016-03-27T14:00:00Z,123
4319703577,2016-03-27T15:00:00Z,72
4319703577,2016-03-27T16:00:00Z,61
4319703577,2016-03-27T17:00:00Z,61
4319703577,2016-03-27T18:00:00Z,61
4319703577,2016-03-27T19:00:00Z,61
4319703577,2016-03-27T20:00:00Z,61
4319703577,2016-03-27T21:00:00Z,61
4319703577,2016-03-27T22:00:00Z,98
4319703577,2016-03-27T23:00:00Z,61
4319703577,2016-03-28T00:00:00Z,61
4319703577,2016-03-28T01:00:00Z,62
4319703577,2016-03-28T02:00:00Z,61
4319703577,2016-03-28T03:00:00Z,61
4319703577,2016-03-28T04:00:00Z,64
4319703577,2016-03-28T05:00:00Z,61
4319703577,2016-03-28T06:00:00Z,61
4319703577,2016-03-28T07:00:00Z,61
4319703577,2016-03-28T08:00:00Z,95
4319703577,2016-03-28T09:00:00Z,81
4319703577,2016-03-28T10:00:00Z,176
4319703577,2016-03-28T11:00:00Z,127
4319703577,2016-03-28T12:00:00Z,103
4319703577,2016-03-28T13:00:00Z,92
4319703577,2016-03-28T14:00:00Z,113
4319703577,2016-03-28T15:00:00Z,120
4319703577,2016-03-28T16:00:00Z,86
4319703577,2016-03-28T17:00:00Z,144
4319703577,2016-03-28T18:00:00Z,142
4319703577,2016-03-28T19:00:00Z,182
4319703577,2016-03-28T20:00:00Z,84
4319703577,2016-03-28T21:00:00Z,67
4319703577,2016-03-28T22:00:00Z,124
4319703577,2016-03-28T23:00:00Z,69
4319703577,2016-03-29T00:00:00Z,64
4319703577,2016-03-29T01:00:00Z,61
4319703577,2016-03-29T02:00:00Z,61
4319703577,2016-03-29T03:00:00Z,61
4319703577,2016-03-29T04:00:00Z,61
4319703577,2016-03-29T05:00:00Z,73
4319703577,2016-03-29T06:00:00Z,145
4319703577,2016-03-29T07:00:00Z,96
4319703577,2016-03-29T08:00:00Z,73
4319703577,2016-03-29T09:00:00Z,73
4319703577,2016-03-29T10:00:00Z,62
4319703577,2016-03-29T11:00:00Z,71
4319703577,2016-03-29T12:00:00Z,93
4319703577,2016-03-29T13:00:00Z,100
4319703577,2016-03-29T14:00:00Z,121
4319703577,2016-03-29T15:00:00Z,93
4319703577,2016-03-29T16:00:00Z,64
4319703577,2016-03-29T17:00:00Z,72
4319703577,2016-03-29T18:00:00Z,128
4319703577,2016-03-29T19:00:00Z,61
4319703577,2016-03-29T20:00:00Z,86
4319703577,2016-03-29T21:00:00Z,110
4319703577,2016-03-29T22:00:00Z,67
4319703577,2016-03-29T23:00:00Z,61
4319703577,2016-03-30T00:00:00Z,61
4319703577,2016-03-30T01:00:00Z,61
4319703577,2016-03-30T02:00:00Z,61
4319703577,2016-03-30T03:00:00Z,63
4319703577,2016-03-30T04:00:00Z,68
4319703577,2016-03-30T05:00:00Z,61
4319703577,2016-03-30T06:00:00Z,63
4319703577,2016-03-30T07:00:00Z,61
4319703577,2016-03-30T08:00:00Z,87
4319703577,2016-03-30T09:00:00Z,77
4319703577,2016-03-30T10:00:00Z,168
4319703577,2016-03-30T11:00:00Z,151
4319703577,2016-03-30T12:00:00Z,159
4319703577,2016-03-30T13:00:00Z,100
4319703577,2016-03-30T14:00:00Z,117
4319703577,2016-03-30T15:00:00Z,70
4319703577,2016-03-30T16:00:00Z,70
4319703577,2016-03-30T17:00:00Z,69
4319703577,2016-03-30T18:00:00Z,109
4319703577,2016-03-30T19:00:00Z,140
4319703577,2016-03-30T20:00:00Z,126
4319703577,2016-03-30T21:00:00Z,77
4319703577,2016-03-30T22:00:00Z,61
4319703577,2016-03-30T23:00:00Z,61
4319703577,2016-03-31T00:00:00Z,61
4319703577,2016-03-31T01:00:00Z,61
4319703577,2016-03-31T02:00:00Z,61
4319703577,2016-03-31T03:00:00Z,61
4319703577,2016-03-31T04:00:00Z,61
4319703577,2016-03-31T05:00:00Z,61
4319703577,2016-03-31T06:00:00Z,61
4319703577,2016-03-31T07:00:00Z,61
4319703577,2016-03-31T08:00:00Z,108
4319703577,2016-03-31T09:00:00Z,72
4319703577,2016-03-31T10:00:00Z,131
4319703577,2016-03-31T11:00:00Z,109
4319703577,2016-03-31T12:00:00Z,121
4319703577,2016-03-31T13:00:00Z,99
4319703577,2016-03-31T14:00:00Z,67
4319703577,2016-03-31T15:00:00Z,79
4319703577,2016-03-31T16:00:00Z,67
4319703577,2016-03-31T17:00:00Z,151
4319703577,2016-03-31T18:00:00Z,101
4319703577,2016-03-31T19:00:00Z,177
4319703577,2016-03-31T20:00:00Z,107
4319703577,2016-03-31T21:00:00Z,82
4319703577,2016-03-31T22:00:00Z,97
4319703577,2016-03-31T23:00:00Z,74
4319703577,2016-04-01T00:00:00Z,61
4319703577,2016-04-01T01:00:00Z,61
4319703577,2016-04-01T02:00:00Z,61
4319703577,2016-04-01T03:00:00Z,63
4319703577,2016-04-01T04:00:00Z,61
4319703577,2016-04-01T05:00:00Z,100
4319703577,2016-04-01T06:00:00Z,71
4319703577,2016-04-01T07:00:00Z,61
4319703577,2016-04-01T08:00:00Z,102
4319703577,2016-04-01T09:00:00Z,124
4319703577,2016-04-01T10:00:00Z,188
4319703577,2016-04-01T11:00:00Z,91
4319703577,2016-04-01T12:00:00Z,103
4319703577,2016-04-01T13:00:00Z,68
4319703577,2016-04-01T14:00:00Z,97
4319703577,2016-04-01T15:00:00Z,115
4319703577,2016-04-01T16:00:00Z,71
4319703577,2016-04-01T17:00:00Z,64
4319703577,2016-04-01T18:00:00Z,89
4319703577,2016-04-01T19:00:00Z,217
4319703577,2016-04-01T20:00:00Z,104
4319703577,2016-04-01T21:00:00Z,93
4319703577,2016-04-01T22:00:00Z,91
4319703577,2016-04-01T23:00:00Z,61
4319703577,2016-04-02T00:00:00Z,61
4319703577,2016-04-02T01:00:00Z,61
4319703577,2016-04-02T02:00:00Z,61
4319703577,2016-04-02T03:00:00Z,63
4319703577,2016-04-02T04:00:00Z,61
4319703577,2016-04-02T05:00:00Z,63
4319703577,2016-04-02T06:00:00Z,61
4319703577,2016-04-02T07:00:00Z,61
4319703577,2016-04-02T08:00:00Z,86
4319703577,2016-04-02T09:00:00Z,62
4319703577,2016-04-02T10:00:00Z,125
4319703577,2016-04-02T11:00:00Z,76
4319703577,2016-04-02T12:00:00Z,62
4319703577,2016-04-02T13:00:00Z,82
4319703577,2016-04-02T14:00:00Z,93
4319703577,2016-04-02T15:00:00Z,100
4319703577,2016-04-02T16:00:00Z,233
4319703577,2016-04-02T17:00:00Z,81
4319703577,2016-04-02T18:00:00Z,123
4319703577,2016-04-02T19:00:00Z,144
4319703577,2016-04-02T20:00:00Z,144
4319703577,2016-04-02T21:00:00Z,101
4319703577,2016-04-02T22:00:00Z,89
4319703577,2016-04-02T23:00:00Z,61
4319703577,2016-04-03T00:00:00Z,61
4319703577,2016-04-03T01:00:00Z,61
4319703577,2016-04-03T02:00:00Z,61
4319703577,2016-04-03T03:00:00Z,64
4319703577,2016-04-03T04:00:00Z,61
4319703577,2016-04-03T05:00:00Z,61
4319703577,2016-04-03T06:00:00Z,61
4319703577,2016-04-03T07:00:00Z,61
4319703577,2016-04-03T08:00:00Z,61
4319703577,2016-04-03T09:00:00Z,90
4319703577,2016-04-03T10:00:00Z,70
4319703577,2016-04-03T11:00:00Z,189
4319703577,2016-04-03T12:00:00Z,144
4319703577,2016-04-03T13:00:00Z,119
4319703577,2016-04-03T14:00:00Z,110
4319703577,2016-04-03T15:00:00Z,106
4319703577,2016-04-03T16:00:00Z,86
4319703577,2016-04-03T17:00:00Z,84
4319703577,2016-04-03T18:00:00Z,85
4319703577,2016-04-03T19:00:00Z,153
4319703577,2016-04-03T20:00:00Z,134
4319703577,2016-04-03T21:00:00Z,110
4319703577,2016-04-03T22:00:00Z,85
4319703577,2016-04-03T23:00:00Z,61
4319703577,2016-04-04T00:00:00Z,61
4319703577,2016-04-04T01:00:00Z,62
4319703577,2016-04-04T02:00:00Z,61
4319703577,2016-04-04T03:00:00Z,61
4319703577,2016-04-04T04:00:00Z,61
4319703577,2016-04-04T05:00:00Z,62
4319703577,2016-04-04T06:00:00Z,61
4319703577,2016-04-04T07:00:00Z,127
4319703577,2016-04-04T08:00:00Z,76
4319703577,2016-04-04T09:00:00Z,67
4319703577,2016-04-04T10:00:00Z,195
4319703577,2016-04-04T11:00:00Z,115
4319703577,2016-04-04T12:00:00Z,126
4319703577,2016-04-04T13:00:00Z,79
4319703577,2016-04-04T14:00:00Z,123
4319703577,2016-04-04T15:00:00Z,130
4319703577,2016-04-04T16:00:00Z,72
4319703577,2016-04-04T17:00:00Z,155
4319703577,2016-04-04T18:00:00Z,151
4319703577,2016-04-04T19:00:00Z,155
4319703577,2016-04-04T20:00:00Z,88
4319703577,2016-04-04T21:00:00Z,66
4319703577,2016-04-04T22:00:00Z,90
4319703577,2016-04-04T23:00:00Z,63
4319703577,2016-04-05T00:00:00Z,61
4319703577,2016-04-05T01:00:00Z,61
4319703577,2016-04-05T02:00:00Z,61
4319703577,2016-04-05T03:00:00Z,61
4319703577,2016-04-05T04:00:00Z,63
4319703577,2016-04-05T05:00:00Z,61
4319703577,2016-04-05T06:00:00Z,63
4319703577,2016-04-05T07:00:00Z,61
4319703577,2016-04-05T08:00:00Z,99
4319703577,2016-04-05T09:00:00Z,64
4319703577,2016-04-05T10:00:00Z,180
4319703577,2016-04-05T11:00:00Z,126
4319703577,2016-04-05T12:00:00Z,157
4319703577,2016-04-05T13:00:00Z,83
4319703577,2016-04-05T14:00:00Z,132
4319703577,2016-04-05T15:00:00Z,96
4319703577,2016-04-05T16:00:00Z,147
4319703577,2016-04-05T17:00:00Z,86
4319703577,2016-04-05T18:00:00Z,79
4319703577,2016-04-05T19:00:00Z,134
4319703577,2016-04-05T20:00:00Z,91
4319703577,2016-04-05T21:00:00Z,74
4319703577,2016-04-05T22:00:00Z,98
4319703577,2016-04-05T23:00:00Z,64
4319703577,2016-04-06T00:00:00Z,61
4319703577,2016-04-06T01:00:00Z,62
4319703577,2016-04-06T02:00:00Z,61
4319703577,2016-04-06T03:00:00Z,77
4319703577,2016-04-06T04:00:00Z,63
4319703577,2016-04-06T05:00:00Z,62
4319703577,2016-04-06T06:00:00Z,62
4319703577,2016-04-06T07:00:00Z,61
4319703577,2016-04-06T08:00:00Z,96
4319703577,2016-04-06T09:00:00Z,78
4319703577,2016-04-06T10:00:00Z,176
4319703577,2016-04-06T11:00:00Z,149
4319703577,2016-04-06T12:00:00Z,192
4319703577,2016-04-06T13:00:00Z,83
4319703577,2016-04-06T14:00:00Z,140
4319703577,2016-04-06T15:00:00Z,122
4319703577,2016-04-06T16:00:00Z,77
4319703577,2016-04-06T17:00:00Z,99
4319703577,2016-04-06T18:00:00Z,104
4319703577,2016-04-06T19:00:00Z,195
4319703577,2016-04-06T20:00:00Z,90
4319703577,2016-04-06T21:00:00Z,77
4319703577,2016-04-06T22:00:00Z,91
4319703577,2016-04-06T23:00:00Z,64
4319703577,2016-04-07T00:00:00Z,61
4319703577,2016-04-07T01:00:00Z,61
4319703577,2016-04-07T02:00:00Z,61
4319703577,2016-04-07T03:00:00Z,61
4319703577,2016-04-07T04:00:00Z,61
4319703577,2016-04-07T05:00:00Z,61
4319703577,2016-04-07T06:00:00Z,61
4319703577,2016-04-07T07:00:00Z,61
4319703577,2016-04-07T08:00:00Z,90
4319703577,2016-04-07T09:00:00Z,106
4319703577,2016-04-07T10:00:00Z,178
4319703577,2016-04-07T11:00:00Z,113
4319703577,2016-04-07T12:00:00Z,147
4319703577,2016-04-07T13:00:00Z,88
4319703577,2016-04-07T14:00:00Z,118
4319703577,2016-04-07T15:00:00Z,114
4319703577,2016-04-07T16:00:00Z,113
4319703577,2016-04-07T17:00:00Z,94
4319703577,2016-04-07T18:00:00Z,87
4319703577,2016-04-07T19:00:00Z,180
4319703577,2016-04-07T20:00:00Z,110
4319703577,2016-04-07T21:00:00Z,75
4319703577,2016-04-07T22:00:00Z,75
4319703577,2016-04-07T23:00:00Z,61
4319703577,2016-04-08T00:00:00Z,61
4319703577,2016-04-08T01:00:00Z,61
4319703577,2016-04-08T02:00:00Z,61
4319703577,2016-04-08T03:00:00Z,61
4319703577,2016-04-08T04:00:00Z,61
4319703577,2016-04-08T05:00:00Z,61
4319703577,2016-04-08T06:00:00Z,61
4319703577,2016-04-08T07:00:00Z,87
4319703577,2016-04-08T08:00:00Z,106
4319703577,2016-04-08T09:00:00Z,116
4319703577,2016-04-08T10:00:00Z,113
4319703577,2016-04-08T11:00:00Z,102
4319703577,2016-04-08T12:00:00Z,150
4319703577,2016-04-08T13:00:00Z,76
4319703577,2016-04-08T14:00:00Z,125
4319703577,2016-04-08T15:00:00Z,141
4319703577,2016-04-08T16:00:00Z,76
4319703577,2016-04-08T17:00:00Z,89
4319703577,2016-04-08T18:00:00Z,76
4319703577,2016-04-08T19:00:00Z,110
4319703577,2016-04-08T20:00:00Z,85
4319703577,2016-04-08T21:00:00Z,66
4319703577,2016-04-08T22:00:00Z,72
4445114986,2016-03-12T00:00:00Z,107
4445114986,2016-03-12T01:00:00Z,70
4445114986,2016-03-12T02:00:00Z,76
4445114986,2016-03-12T03:00:00Z,70
4445114986,2016-03-12T04:00:00Z,70
4445114986,2016-03-12T05:00:00Z,70
4445114986,2016-03-12T06:00:00Z,85
4445114986,2016-03-12T07:00:00Z,70
4445114986,2016-03-12T08:00:00Z,71
4445114986,2016-03-12T09:00:00Z,74
4445114986,2016-03-12T10:00:00Z,71
4445114986,2016-03-12T11:00:00Z,74
4445114986,2016-03-12T12:00:00Z,126
4445114986,2016-03-12T13:00:00Z,106
4445114986,2016-03-12T14:00:00Z,93
4445114986,2016-03-12T15:00:00Z,142
4445114986,2016-03-12T16:00:00Z,100
4445114986,2016-03-12T17:00:00Z,146
4445114986,2016-03-12T18:00:00Z,87
4445114986,2016-03-12T19:00:00Z,97
4445114986,2016-03-12T20:00:00Z,85
4445114986,2016-03-12T21:00:00Z,101
4445114986,2016-03-12T22:00:00Z,107
4445114986,2016-03-12T23:00:00Z,120
4445114986,2016-03-13T00:00:00Z,71
4445114986,2016-03-13T01:00:00Z,73
4445114986,2016-03-13T02:00:00Z,70
4445114986,2016-03-13T03:00:00Z,70
4445114986,2016-03-13T04:00:00Z,70
4445114986,2016-03-13T05:00:00Z,70
4445114986,2016-03-13T06:00:00Z,70
4445114986,2016-03-13T07:00:00Z,85
4445114986,2016-03-13T08:00:00Z,71
4445114986,2016-03-13T09:00:00Z,132
4445114986,2016-03-13T10:00:00Z,102
4445114986,2016-03-13T11:00:00Z,138
4445114986,2016-03-13T12:00:00Z,118
4445114986,2016-03-13T13:00:00Z,102
4445114986,2016-03-13T14:00:00Z,82
4445114986,2016-03-13T15:00:00Z,119
4445114986,2016-03-13T16:00:00Z,144
4445114986,2016-03-13T17:00:00Z,124
4445114986,2016-03-13T18:00:00Z,131
4445114986,2016-03-13T19:00:00Z,140
4445114986,2016-03-13T20:00:00Z,97
4445114986,2016-03-13T21:00:00Z,100
4445114986,2016-03-13T22:00:00Z,95
4445114986,2016-03-13T23:00:00Z,124
4445114986,2016-03-14T00:00:00Z,70
4445114986,2016-03-14T01:00:00Z,70
4445114986,2016-03-14T02:00:00Z,70
4445114986,2016-03-14T03:00:00Z,70
4445114986,2016-03-14T04:00:00Z,70
4445114986,2016-03-14T05:00:00Z,70
4445114986,2016-03-14T06:00:00Z,70
4445114986,2016-03-14T07:00:00Z,70
4445114986,2016-03-14T08:00:00Z,70
4445114986,2016-03-14T09:00:00Z,70
4445114986,2016-03-14T10:00:00Z,70
4445114986,2016-03-14T11:00:00Z,70
4445114986,2016-03-14T12:00:00Z,70
4445114986,2016-03-14T13:00:00Z,72
4445114986,2016-03-14T14:00:00Z,70
4445114986,2016-03-14T15:00:00Z,70
4445114986,2016-03-14T16:00:00Z,228
4445114986,2016-03-14T17:00:00Z,103
4445114986,2016-03-14T18:00:00Z,91
4445114986,2016-03-14T19:00:00Z,124
4445114986,2016-03-14T20:00:00Z,308
4445114986,2016-03-14T21:00:00Z,165
4445114986,2016-03-14T22:00:00Z,70
4445114986,2016-03-14T23:00:00Z,95
4445114986,2016-03-15T00:00:00Z,77
4445114986,2016-03-15T01:00:00Z,74
4445114986,2016-03-15T02:00:00Z,77
4445114986,2016-03-15T03:00:00Z,70
4445114986,2016-03-15T04:00:00Z,84
4445114986,2016-03-15T05:00:00Z,70
4445114986,2016-03-15T06:00:00Z,79
4445114986,2016-03-15T07:00:00Z,71
4445114986,2016-03-15T08:00:00Z,72
4445114986,2016-03-15T09:00:00Z,70
4445114986,2016-03-15T10:00:00Z,75
4445114986,2016-03-15T11:00:00Z,73
4445114986,2016-03-15T12:00:00Z,91
4445114986,2016-03-15T13:00:00Z,145
4445114986,2016-03-15T14:00:00Z,94
4445114986,2016-03-15T15:00:00Z,97
4445114986,2016-03-15T16:00:00Z,93
4445114986,2016-03-15T17:00:00Z,98
4445114986,2016-03-15T18:00:00Z,144
4445114986,2016-03-15T19:00:00Z,175
4445114986,2016-03-15T20:00:00Z,112
4445114986,2016-03-15T21:00:00Z,97
4445114986,2016-03-15T22:00:00Z,115
4445114986,2016-03-15T23:00:00Z,118
4445114986,2016-03-16T00:00:00Z,70
4445114986,2016-03-16T01:00:00Z,81
4445114986,2016-03-16T02:00:00Z,82
4445114986,2016-03-16T03:00:00Z,70
4445114986,2016-03-16T04:00:00Z,78
4445114986,2016-03-16T05:00:00Z,71
4445114986,2016-03-16T06:00:00Z,70
4445114986,2016-03-16T07:00:00Z,90
4445114986,2016-03-16T08:00:00Z,81
4445114986,2016-03-16T09:00:00Z,73
4445114986,2016-03-16T10:00:00Z,71
4445114986,2016-03-16T11:00:00Z,72
4445114986,2016-03-16T12:00:00Z,111
4445114986,2016-03-16T13:00:00Z,120
4445114986,2016-03-16T14:00:00Z,118
4445114986,2016-03-16T15:00:00Z,106
4445114986,2016-03-16T16:00:00Z,120
4445114986,2016-03-16T17:00:00Z,128
4445114986,2016-03-16T18:00:00Z,90
4445114986,2016-03-16T19:00:00Z,105
4445114986,2016-03-16T20:00:00Z,155
4445114986,2016-03-16T21:00:00Z,119
4445114986,2016-03-16T22:00:00Z,114
4445114986,2016-03-16T23:00:00Z,96
4445114986,2016-03-17T00:00:00Z,73
4445114986,2016-03-17T01:00:00Z,71
4445114986,2016-03-17T02:00:00Z,79
4445114986,2016-03-17T03:00:00Z,83
4445114986,2016-03-17T04:00:00Z,75
4445114986,2016-03-17T05:00:00Z,70
4445114986,2016-03-17T06:00:00Z,76
4445114986,2016-03-17T07:00:00Z,72
4445114986,2016-03-17T08:00:00Z,70
4445114986,2016-03-17T09:00:00Z,73
4445114986,2016-03-17T10:00:00Z,75
4445114986,2016-03-17T11:00:00Z,71
4445114986,2016-03-17T12:00:00Z,108
4445114986,2016-03-17T13:00:00Z,127
4445114986,2016-03-17T14:00:00Z,154
4445114986,2016-03-17T15:00:00Z,120
4445114986,2016-03-17T16:00:00Z,119
4445114986,2016-03-17T17:00:00Z,122
4445114986,2016-03-17T18:00:00Z,101
4445114986,2016-03-17T19:00:00Z,361
4445114986,2016-03-17T20:00:00Z,84
4445114986,2016-03-17T21:00:00Z,70
4445114986,2016-03-17T22:00:00Z,70
4445114986,2016-03-17T23:00:00Z,70
4445114986,2016-03-18T00:00:00Z,70
4445114986,2016-03-18T01:00:00Z,72
4445114986,2016-03-18T02:00:00Z,70
4445114986,2016-03-18T03:00:00Z,70
4445114986,2016-03-18T04:00:00Z,70
4445114986,2016-03-18T05:00:00Z,70
4445114986,2016-03-18T06:00:00Z,70
4445114986,2016-03-18T07:00:00Z,70
4445114986,2016-03-18T08:00:00Z,70
4445114986,2016-03-18T09:00:00Z,70
4445114986,2016-03-18T10:00:00Z,70
4445114986,2016-03-18T11:00:00Z,70
4445114986,2016-03-18T12:00:00Z,102
4445114986,2016-03-18T13:00:00Z,125
4445114986,2016-03-18T14:00:00Z,91
4445114986,2016-03-18T15:00:00Z,119
4445114986,2016-03-18T16:00:00Z,105
4445114986,2016-03-18T17:00:00Z,126
4445114986,2016-03-18T18:00:00Z,72
4445114986,2016-03-18T19:00:00Z,129
4445114986,2016-03-18T20:00:00Z,110
4445114986,2016-03-18T21:00:00Z,131
4445114986,2016-03-18T22:00:00Z,91
4445114986,2016-03-18T23:00:00Z,123
4445114986,2016-03-19T00:00:00Z,89
4445114986,2016-03-19T01:00:00Z,106
4445114986,2016-03-19T02:00:00Z,92
4445114986,2016-03-19T03:00:00Z,114
4445114986,2016-03-19T04:00:00Z,78
4445114986,2016-03-19T05:00:00Z,83
4445114986,2016-03-19T06:00:00Z,122
4445114986,2016-03-19T07:00:00Z,113
4445114986,2016-03-19T08:00:00Z,75
4445114986,2016-03-19T09:00:00Z,78
4445114986,2016-03-19T10:00:00Z,99
4445114986,2016-03-19T11:00:00Z,115
4445114986,2016-03-19T12:00:00Z,104
4445114986,2016-03-19T13:00:00Z,80
4445114986,2016-03-19T14:00:00Z,70
4445114986,2016-03-19T15:00:00Z,72
4445114986,2016-03-19T16:00:00Z,91
4445114986,2016-03-19T17:00:00Z,129
4445114986,2016-03-19T18:00:00Z,130
4445114986,2016-03-19T19:00:00Z,76
4445114986,2016-03-19T20:00:00Z,91
4445114986,2016-03-19T21:00:00Z,93
4445114986,2016-03-19T22:00:00Z,99
4445114986,2016-03-19T23:00:00Z,102
4445114986,2016-03-20T00:00:00Z,80
4445114986,2016-03-20T01:00:00Z,79
4445114986,2016-03-20T02:00:00Z,75
4445114986,2016-03-20T03:00:00Z,70
4445114986,2016-03-20T04:00:00Z,70
4445114986,2016-03-20T05:00:00Z,78
4445114986,2016-03-20T06:00:00Z,77
4445114986,2016-03-20T07:00:00Z,72
4445114986,2016-03-20T08:00:00Z,73
4445114986,2016-03-20T09:00:00Z,73
4445114986,2016-03-20T10:00:00Z,71
4445114986,2016-03-20T11:00:00Z,70
4445114986,2016-03-20T12:00:00Z,98
4445114986,2016-03-20T13:00:00Z,100
4445114986,2016-03-20T14:00:00Z,110
4445114986,2016-03-20T15:00:00Z,114
4445114986,2016-03-20T16:00:00Z,121
4445114986,2016-03-20T17:00:00Z,106
4445114986,2016-03-20T18:00:00Z,121
4445114986,2016-03-20T19:00:00Z,106
4445114986,2016-03-20T20:00:00Z,122
4445114986,2016-03-20T21:00:00Z,131
4445114986,2016-03-20T22:00:00Z,91
4445114986,2016-03-20T23:00:00Z,109
4445114986,2016-03-21T00:00:00Z,70
4445114986,2016-03-21T01:00:00Z,83
4445114986,2016-03-21T02:00:00Z,76
4445114986,2016-03-21T03:00:00Z,72
4445114986,2016-03-21T04:00:00Z,70
4445114986,2016-03-21T05:00:00Z,72
4445114986,2016-03-21T06:00:00Z,93
4445114986,2016-03-21T07:00:00Z,70
4445114986,2016-03-21T08:00:00Z,78
4445114986,2016-03-21T09:00:00Z,71
4445114986,2016-03-21T10:00:00Z,77
4445114986,2016-03-21T11:00:00Z,86
4445114986,2016-03-21T12:00:00Z,137
4445114986,2016-03-21T13:00:00Z,86
4445114986,2016-03-21T14:00:00Z,147
4445114986,2016-03-21T15:00:00Z,115
4445114986,2016-03-21T16:00:00Z,93
4445114986,2016-03-21T17:00:00Z,102
4445114986,2016-03-21T18:00:00Z,74
4445114986,2016-03-21T19:00:00Z,81
4445114986,2016-03-21T20:00:00Z,333
4445114986,2016-03-21T21:00:00Z,173
4445114986,2016-03-21T22:00:00Z,83
4445114986,2016-03-21T23:00:00Z,114
4445114986,2016-03-22T00:00:00Z,97
4445114986,2016-03-22T01:00:00Z,80
4445114986,2016-03-22T02:00:00Z,72
4445114986,2016-03-22T03:00:00Z,70
4445114986,2016-03-22T04:00:00Z,73
4445114986,2016-03-22T05:00:00Z,70
4445114986,2016-03-22T06:00:00Z,80
4445114986,2016-03-22T07:00:00Z,73
4445114986,2016-03-22T08:00:00Z,74
4445114986,2016-03-22T09:00:00Z,71
4445114986,2016-03-22T10:00:00Z,74
4445114986,2016-03-22T11:00:00Z,107
4445114986,2016-03-22T12:00:00Z,108
4445114986,2016-03-22T13:00:00Z,89
4445114986,2016-03-22T14:00:00Z,108
4445114986,2016-03-22T15:00:00Z,102
4445114986,2016-03-22T16:00:00Z,89
4445114986,2016-03-22T17:00:00Z,109
4445114986,2016-03-22T18:00:00Z,112
4445114986,2016-03-22T19:00:00Z,96
4445114986,2016-03-22T20:00:00Z,81
4445114986,2016-03-22T21:00:00Z,91
4445114986,2016-03-22T22:00:00Z,132
4445114986,2016-03-22T23:00:00Z,70
4445114986,2016-03-23T00:00:00Z,70
4445114986,2016-03-23T01:00:00Z,70
4445114986,2016-03-23T02:00:00Z,70
4445114986,2016-03-23T03:00:00Z,70
4445114986,2016-03-23T04:00:00Z,70
4445114986,2016-03-23T05:00:00Z,70
4445114986,2016-03-23T06:00:00Z,70
4445114986,2016-03-23T07:00:00Z,70
4445114986,2016-03-23T08:00:00Z,70
4445114986,2016-03-23T09:00:00Z,78
4445114986,2016-03-23T10:00:00Z,157
4445114986,2016-03-23T11:00:00Z,93
4445114986,2016-03-23T12:00:00Z,112
4445114986,2016-03-23T13:00:00Z,115
4445114986,2016-03-23T14:00:00Z,109
4445114986,2016-03-23T15:00:00Z,106
4445114986,2016-03-23T16:00:00Z,130
4445114986,2016-03-23T17:00:00Z,82
4445114986,2016-03-23T18:00:00Z,123
4445114986,2016-03-23T19:00:00Z,130
4445114986,2016-03-23T20:00:00Z,112
4445114986,2016-03-23T21:00:00Z,125
4445114986,2016-03-23T22:00:00Z,100
4445114986,2016-03-23T23:00:00Z,97
4445114986,2016-03-24T00:00:00Z,70
4445114986,2016-03-24T01:00:00Z,72
4445114986,2016-03-24T02:00:00Z,70
4445114986,2016-03-24T03:00:00Z,69
4445114986,2016-03-24T04:00:00Z,70
4445114986,2016-03-24T05:00:00Z,70
4445114986,2016-03-24T06:00:00Z,87
4445114986,2016-03-24T07:00:00Z,75
4445114986,2016-03-24T08:00:00Z,94
4445114986,2016-03-24T09:00:00Z,70
4445114986,2016-03-24T10:00:00Z,71
4445114986,2016-03-24T11:00:00Z,71
4445114986,2016-03-24T12:00:00Z,109
4445114986,2016-03-24T13:00:00Z,94
4445114986,2016-03-24T14:00:00Z,92
4445114986,2016-03-24T15:00:00Z,87
4445114986,2016-03-24T16:00:00Z,109
4445114986,2016-03-24T17:00:00Z,145
4445114986,2016-03-24T18:00:00Z,97
4445114986,2016-03-24T19:00:00Z,72
4445114986,2016-03-24T20:00:00Z,72
4445114986,2016-03-24T21:00:00Z,90
4445114986,2016-03-24T22:00:00Z,107
4445114986,2016-03-24T23:00:00Z,86
4445114986,2016-03-25T00:00:00Z,86
4445114986,2016-03-25T01:00:00Z,78
4445114986,2016-03-25T02:00:00Z,69
4445114986,2016-03-25T03:00:00Z,73
4445114986,2016-03-25T04:00:00Z,71
4445114986,2016-03-25T05:00:00Z,69
4445114986,2016-03-25T06:00:00Z,69
4445114986,2016-03-25T07:00:00Z,71
4445114986,2016-03-25T08:00:00Z,79
4445114986,2016-03-25T09:00:00Z,69
4445114986,2016-03-25T10:00:00Z,78
4445114986,2016-03-25T11:00:00Z,92
4445114986,2016-03-25T12:00:00Z,152
4445114986,2016-03-25T13:00:00Z,110
4445114986,2016-03-25T14:00:00Z,118
4445114986,2016-03-25T15:00:00Z,140
4445114986,2016-03-25T16:00:00Z,104
4445114986,2016-03-25T17:00:00Z,94
4445114986,2016-03-25T18:00:00Z,122
4445114986,2016-03-25T19:00:00Z,92
4445114986,2016-03-25T20:00:00Z,106
4445114986,2016-03-25T21:00:00Z,128
4445114986,2016-03-25T22:00:00Z,112
4445114986,2016-03-25T23:00:00Z,103
4445114986,2016-03-26T00:00:00Z,70
4445114986,2016-03-26T01:00:00Z,77
4445114986,2016-03-26T02:00:00Z,69
4445114986,2016-03-26T03:00:00Z,69
4445114986,2016-03-26T04:00:00Z,69
4445114986,2016-03-26T05:00:00Z,69
4445114986,2016-03-26T06:00:00Z,69
4445114986,2016-03-26T07:00:00Z,69
4445114986,2016-03-26T08:00:00Z,69
4445114986,2016-03-26T09:00:00Z,149
4445114986,2016-03-26T10:00:00Z,96
4445114986,2016-03-26T11:00:00Z,90
4445114986,2016-03-26T12:00:00Z,118
4445114986,2016-03-26T13:00:00Z,105
4445114986,2016-03-26T14:00:00Z,108
4445114986,2016-03-26T15:00:00Z,118
4445114986,2016-03-26T16:00:00Z,161
4445114986,2016-03-26T17:00:00Z,141
4445114986,2016-03-26T18:00:00Z,84
4445114986,2016-03-26T19:00:00Z,142
4445114986,2016-03-26T20:00:00Z,116
4445114986,2016-03-26T21:00:00Z,106
4445114986,2016-03-26T22:00:00Z,130
4445114986,2016-03-26T23:00:00Z,105
4445114986,2016-03-27T00:00:00Z,113
4445114986,2016-03-27T01:00:00Z,84
4445114986,2016-03-27T02:00:00Z,69
4445114986,2016-03-27T03:00:00Z,69
4445114986,2016-03-27T04:00:00Z,71
4445114986,2016-03-27T05:00:00Z,69
4445114986,2016-03-27T06:00:00Z,69
4445114986,2016-03-27T07:00:00Z,75
4445114986,2016-03-27T08:00:00Z,79
4445114986,2016-03-27T09:00:00Z,130
4445114986,2016-03-27T10:00:00Z,145
4445114986,2016-03-27T11:00:00Z,145
4445114986,2016-03-27T12:00:00Z,116
4445114986,2016-03-27T13:00:00Z,98
4445114986,2016-03-27T14:00:00Z,96
4445114986,2016-03-27T15:00:00Z,92
4445114986,2016-03-27T16:00:00Z,113
4445114986,2016-03-27T17:00:00Z,109
4445114986,2016-03-27T18:00:00Z,101
4445114986,2016-03-27T19:00:00Z,106
4445114986,2016-03-27T20:00:00Z,89
4445114986,2016-03-27T21:00:00Z,81
4445114986,2016-03-27T22:00:00Z,112
4445114986,2016-03-27T23:00:00Z,71
4445114986,2016-03-28T00:00:00Z,69
4445114986,2016-03-28T01:00:00Z,71
4445114986,2016-03-28T02:00:00Z,69
4445114986,2016-03-28T03:00:00Z,69
4445114986,2016-03-28T04:00:00Z,69
4445114986,2016-03-28T05:00:00Z,69
4445114986,2016-03-28T06:00:00Z,78
4445114986,2016-03-28T07:00:00Z,79
4445114986,2016-03-28T08:00:00Z,69
4445114986,2016-03-28T09:00:00Z,70
4445114986,2016-03-28T10:00:00Z,79
4445114986,2016-03-28T11:00:00Z,114
4445114986,2016-03-28T12:00:00Z,113
4445114986,2016-03-28T13:00:00Z,101
4445114986,2016-03-28T14:00:00Z,125
4445114986,2016-03-28T15:00:00Z,95
4445114986,2016-03-28T16:00:00Z,70
4445114986,2016-03-28T17:00:00Z,79
4445114986,2016-03-28T18:00:00Z,98
4445114986,2016-03-28T19:00:00Z,94
4445114986,2016-03-28T20:00:00Z,100
4445114986,2016-03-28T21:00:00Z,111
4445114986,2016-03-28T22:00:00Z,77
4445114986,2016-03-28T23:00:00Z,102
4445114986,2016-03-29T00:00:00Z,81
4445114986,2016-03-29T01:00:00Z,80
4445114986,2016-03-29T02:00:00Z,69
4445114986,2016-03-29T03:00:00Z,69
4445114986,2016-03-29T04:00:00Z,69
4445114986,2016-03-29T05:00:00Z,74
4445114986,2016-03-29T06:00:00Z,69
4445114986,2016-03-29T07:00:00Z,76
4445114986,2016-03-29T08:00:00Z,69
4445114986,2016-03-29T09:00:00Z,69
4445114986,2016-03-29T10:00:00Z,79
4445114986,2016-03-29T11:00:00Z,100
4445114986,2016-03-29T12:00:00Z,88
4445114986,2016-03-29T13:00:00Z,127
4445114986,2016-03-29T14:00:00Z,94
4445114986,2016-03-29T15:00:00Z,123
4445114986,2016-03-29T16:00:00Z,76
4445114986,2016-03-29T17:00:00Z,73
4445114986,2016-03-29T18:00:00Z,71
4445114986,2016-03-29T19:00:00Z,96
4445114986,2016-03-29T20:00:00Z,94
4445114986,2016-03-29T21:00:00Z,113
4445114986,2016-03-29T22:00:00Z,82
4445114986,2016-03-29T23:00:00Z,69
4445114986,2016-03-30T00:00:00Z,69
4445114986,2016-03-30T01:00:00Z,69
4445114986,2016-03-30T02:00:00Z,69
4445114986,2016-03-30T03:00:00Z,69
4445114986,2016-03-30T04:00:00Z,69
4445114986,2016-03-30T05:00:00Z,69
4445114986,2016-03-30T06:00:00Z,69
4445114986,2016-03-30T07:00:00Z,69
4445114986,2016-03-30T08:00:00Z,69
4445114986,2016-03-30T09:00:00Z,69
4445114986,2016-03-30T10:00:00Z,69
4445114986,2016-03-30T11:00:00Z,117
4445114986,2016-03-30T12:00:00Z,111
4445114986,2016-03-30T13:00:00Z,123
4445114986,2016-03-30T14:00:00Z,102
4445114986,2016-03-30T15:00:00Z,123
4445114986,2016-03-30T16:00:00Z,70
4445114986,2016-03-30T17:00:00Z,74
4445114986,2016-03-30T18:00:00Z,81
4445114986,2016-03-30T19:00:00Z,82
4445114986,2016-03-30T20:00:00Z,89
4445114986,2016-03-30T21:00:00Z,144
4445114986,2016-03-30T22:00:00Z,88
4445114986,2016-03-30T23:00:00Z,69
4445114986,2016-03-31T00:00:00Z,69
4445114986,2016-03-31T01:00:00Z,71
4445114986,2016-03-31T02:00:00Z,70
4445114986,2016-03-31T03:00:00Z,69
4445114986,2016-03-31T04:00:00Z,69
4445114986,2016-03-31T05:00:00Z,72
4445114986,2016-03-31T06:00:00Z,74
4445114986,2016-03-31T07:00:00Z,97
4445114986,2016-03-31T08:00:00Z,71
4445114986,2016-03-31T09:00:00Z,69
4445114986,2016-03-31T10:00:00Z,71
4445114986,2016-03-31T11:00:00Z,99
4445114986,2016-03-31T12:00:00Z,110
4445114986,2016-03-31T13:00:00Z,111
4445114986,2016-03-31T14:00:00Z,104
4445114986,2016-03-31T15:00:00Z,85
4445114986,2016-03-31T16:00:00Z,91
4445114986,2016-03-31T17:00:00Z,85
4445114986,2016-03-31T18:00:00Z,135
4445114986,2016-03-31T19:00:00Z,147
4445114986,2016-03-31T20:00:00Z,117
4445114986,2016-03-31T21:00:00Z,105
4445114986,2016-03-31T22:00:00Z,90
4445114986,2016-03-31T23:00:00Z,147
4445114986,2016-04-01T00:00:00Z,69
4445114986,2016-04-01T01:00:00Z,69
4445114986,2016-04-01T02:00:00Z,75
4445114986,2016-04-01T03:00:00Z,69
4445114986,2016-04-01T04:00:00Z,75
4445114986,2016-04-01T05:00:00Z,69
4445114986,2016-04-01T06:00:00Z,71
4445114986,2016-04-01T07:00:00Z,69
4445114986,2016-04-01T08:00:00Z,121
4445114986,2016-04-01T09:00:00Z,94
4445114986,2016-04-01T10:00:00Z,87
4445114986,2016-04-01T11:00:00Z,75
4445114986,2016-04-01T12:00:00Z,85
4445114986,2016-04-01T13:00:00Z,113
4445114986,2016-04-01T14:00:00Z,141
4445114986,2016-04-01T15:00:00Z,90
4445114986,2016-04-01T16:00:00Z,79
4445114986,2016-04-01T17:00:00Z,92
4445114986,2016-04-01T18:00:00Z,76
4445114986,2016-04-01T19:00:00Z,102
4445114986,2016-04-01T20:00:00Z,98
4445114986,2016-04-01T21:00:00Z,99
4445114986,2016-04-01T22:00:00Z,122
4445114986,2016-04-01T23:00:00Z,89
4445114986,2016-04-02T00:00:00Z,96
4445114986,2016-04-02T01:00:00Z,69
4445114986,2016-04-02T02:00:00Z,69
4445114986,2016-04-02T03:00:00Z,71
4445114986,2016-04-02T04:00:00Z,69
4445114986,2016-04-02T05:00:00Z,69
4445114986,2016-04-02T06:00:00Z,69
4445114986,2016-04-02T07:00:00Z,71
4445114986,2016-04-02T08:00:00Z,75
4445114986,2016-04-02T09:00:00Z,135
4445114986,2016-04-02T10:00:00Z,94
4445114986,2016-04-02T11:00:00Z,83
4445114986,2016-04-02T12:00:00Z,112
4445114986,2016-04-02T13:00:00Z,96
4445114986,2016-04-02T14:00:00Z,74
4445114986,2016-04-02T15:00:00Z,123
4445114986,2016-04-02T16:00:00Z,150
4445114986,2016-04-02T17:00:00Z,117
4445114986,2016-04-02T18:00:00Z,94
4445114986,2016-04-02T19:00:00Z,138
4445114986,2016-04-02T20:00:00Z,112
4445114986,2016-04-02T21:00:00Z,97
4445114986,2016-04-02T22:00:00Z,129
4445114986,2016-04-02T23:00:00Z,102
4445114986,2016-04-03T00:00:00Z,71
4445114986,2016-04-03T01:00:00Z,69
4445114986,2016-04-03T02:00:00Z,69
4445114986,2016-04-03T03:00:00Z,69
4445114986,2016-04-03T04:00:00Z,69
4445114986,2016-04-03T05:00:00Z,69
4445114986,2016-04-03T06:00:00Z,69
4445114986,2016-04-03T07:00:00Z,69
4445114986,2016-04-03T08:00:00Z,69
4445114986,2016-04-03T09:00:00Z,69
4445114986,2016-04-03T10:00:00Z,69
4445114986,2016-04-03T11:00:00Z,69
4445114986,2016-04-03T12:00:00Z,96
4445114986,2016-04-03T13:00:00Z,143
4445114986,2016-04-03T14:00:00Z,94
4445114986,2016-04-03T15:00:00Z,132
4445114986,2016-04-03T16:00:00Z,93
4445114986,2016-04-03T17:00:00Z,137
4445114986,2016-04-03T18:00:00Z,89
4445114986,2016-04-03T19:00:00Z,107
4445114986,2016-04-03T20:00:00Z,80
4445114986,2016-04-03T21:00:00Z,89
4445114986,2016-04-03T22:00:00Z,70
4445114986,2016-04-03T23:00:00Z,99
4445114986,2016-04-04T00:00:00Z,69
4445114986,2016-04-04T01:00:00Z,69
4445114986,2016-04-04T02:00:00Z,69
4445114986,2016-04-04T03:00:00Z,69
4445114986,2016-04-04T04:00:00Z,69
4445114986,2016-04-04T05:00:00Z,69
4445114986,2016-04-04T06:00:00Z,69
4445114986,2016-04-04T07:00:00Z,69
4445114986,2016-04-04T08:00:00Z,69
4445114986,2016-04-04T09:00:00Z,69
4445114986,2016-04-04T10:00:00Z,69
4445114986,2016-04-04T11:00:00Z,69
4445114986,2016-04-04T12:00:00Z,69
4445114986,2016-04-04T13:00:00Z,83
4445114986,2016-04-04T14:00:00Z,122
4445114986,2016-04-04T15:00:00Z,74
4445114986,2016-04-04T16:00:00Z,75
4445114986,2016-04-04T17:00:00Z,100
4445114986,2016-04-04T18:00:00Z,125
4445114986,2016-04-04T19:00:00Z,120
4445114986,2016-04-04T20:00:00Z,76
4445114986,2016-04-04T21:00:00Z,98
4445114986,2016-04-04T22:00:00Z,81
4445114986,2016-04-04T23:00:00Z,86
4445114986,2016-04-05T00:00:00Z,99
4445114986,2016-04-05T01:00:00Z,80
4445114986,2016-04-05T02:00:00Z,74
4445114986,2016-04-05T03:00:00Z,69
4445114986,2016-04-05T04:00:00Z,69
4445114986,2016-04-05T05:00:00Z,77
4445114986,2016-04-05T06:00:00Z,73
4445114986,2016-04-05T07:00:00Z,72
4445114986,2016-04-05T08:00:00Z,69
4445114986,2016-04-05T09:00:00Z,71
4445114986,2016-04-05T10:00:00Z,86
4445114986,2016-04-05T11:00:00Z,103
4445114986,2016-04-05T12:00:00Z,118
4445114986,2016-04-05T13:00:00Z,99
4445114986,2016-04-05T14:00:00Z,109
4445114986,2016-04-05T15:00:00Z,110
4445114986,2016-04-05T16:00:00Z,76
4445114986,2016-04-05T17:00:00Z,71
4445114986,2016-04-05T18:00:00Z,118
4445114986,2016-04-05T19:00:00Z,133
4445114986,2016-04-05T20:00:00Z,124
4445114986,2016-04-05T21:00:00Z,96
4445114986,2016-04-05T22:00:00Z,102
4445114986,2016-04-05T23:00:00Z,117
4445114986,2016-04-06T00:00:00Z,103
4445114986,2016-04-06T01:00:00Z,69
4445114986,2016-04-06T02:00:00Z,82
4445114986,2016-04-06T03:00:00Z,71
4445114986,2016-04-06T04:00:00Z,76
4445114986,2016-04-06T05:00:00Z,71
4445114986,2016-04-06T06:00:00Z,69
4445114986,2016-04-06T07:00:00Z,70
4445114986,2016-04-06T08:00:00Z,70
4445114986,2016-04-06T09:00:00Z,69
4445114986,2016-04-06T10:00:00Z,72
4445114986,2016-04-06T11:00:00Z,89
4445114986,2016-04-06T12:00:00Z,135
4445114986,2016-04-06T13:00:00Z,106
4445114986,2016-04-06T14:00:00Z,89
4445114986,2016-04-06T15:00:00Z,123
4445114986,2016-04-06T16:00:00Z,91
4445114986,2016-04-06T17:00:00Z,319
4445114986,2016-04-06T18:00:00Z,102
4445114986,2016-04-06T19:00:00Z,104
4445114986,2016-04-06T20:00:00Z,101
4445114986,2016-04-06T21:00:00Z,79
4445114986,2016-04-06T22:00:00Z,97
4445114986,2016-04-06T23:00:00Z,119
4445114986,2016-04-07T00:00:00Z,93
4445114986,2016-04-07T01:00:00Z,77
4445114986,2016-04-07T02:00:00Z,71
4445114986,2016-04-07T03:00:00Z,69
4445114986,2016-04-07T04:00:00Z,73
4445114986,2016-04-07T05:00:00Z,76
4445114986,2016-04-07T06:00:00Z,69
4445114986,2016-04-07T07:00:00Z,69
4445114986,2016-04-07T08:00:00Z,70
4445114986,2016-04-07T09:00:00Z,73
4445114986,2016-04-07T10:00:00Z,84
4445114986,2016-04-07T11:00:00Z,90
4445114986,2016-04-07T12:00:00Z,106
4445114986,2016-04-07T13:00:00Z,135
4445114986,2016-04-07T14:00:00Z,77
4445114986,2016-04-07T15:00:00Z,96
4445114986,2016-04-07T16:00:00Z,99
4445114986,2016-04-07T17:00:00Z,294
4445114986,2016-04-07T18:00:00Z,95
4445114986,2016-04-07T19:00:00Z,75
4445114986,2016-04-07T20:00:00Z,87
4445114986,2016-04-07T21:00:00Z,107
4445114986,2016-04-07T22:00:00Z,141
4445114986,2016-04-07T23:00:00Z,111
4445114986,2016-04-08T00:00:00Z,72
4445114986,2016-04-08T01:00:00Z,76
4445114986,2016-04-08T02:00:00Z,69
4445114986,2016-04-08T03:00:00Z,69
4445114986,2016-04-08T04:00:00Z,69
4445114986,2016-04-08T05:00:00Z,74
4445114986,2016-04-08T06:00:00Z,69
4445114986,2016-04-08T07:00:00Z,102
4445114986,2016-04-08T08:00:00Z,83
4445114986,2016-04-08T09:00:00Z,73
4445114986,2016-04-08T10:00:00Z,75
4445114986,2016-04-08T11:00:00Z,95
4445114986,2016-04-08T12:00:00Z,106
4445114986,2016-04-08T13:00:00Z,110
4445114986,2016-04-08T14:00:00Z,164
4445114986,2016-04-08T15:00:00Z,128
4445114986,2016-04-08T16:00:00Z,118
4445114986,2016-04-08T17:00:00Z,158
4445114986,2016-04-08T18:00:00Z,118
4445114986,2016-04-08T19:00:00Z,101
4445114986,2016-04-08T20:00:00Z,91
4445114986,2016-04-08T21:00:00Z,81
4445114986,2016-04-08T22:00:00Z,108
4445114986,2016-04-08T23:00:00Z,93
4445114986,2016-04-09T00:00:00Z,77
4445114986,2016-04-09T01:00:00Z,98
4445114986,2016-04-09T02:00:00Z,69
4445114986,2016-04-09T03:00:00Z,71
4445114986,2016-04-09T04:00:00Z,70
4445114986,2016-04-09T05:00:00Z,71
4445114986,2016-04-09T06:00:00Z,71
4445114986,2016-04-09T07:00:00Z,77
4445114986,2016-04-09T08:00:00Z,74
4445114986,2016-04-09T09:00:00Z,70
4445114986,2016-04-09T10:00:00Z,71
4445114986,2016-04-09T11:00:00Z,69
4445114986,2016-04-09T12:00:00Z,92
4445114986,2016-04-09T13:00:00Z,169
4445114986,2016-04-09T14:00:00Z,113
4445114986,2016-04-09T15:00:00Z,99
4445114986,2016-04-09T16:00:00Z,104
4445114986,2016-04-09T17:00:00Z,98
4445114986,2016-04-09T18:00:00Z,101
4445114986,2016-04-09T19:00:00Z,103
4445114986,2016-04-09T20:00:00Z,130
4445114986,2016-04-09T21:00:00Z,100
4445114986,2016-04-09T22:00:00Z,90
4445114986,2016-04-09T23:00:00Z,119
4445114986,2016-04-10T00:00:00Z,154
4445114986,2016-04-10T01:00:00Z,114
4445114986,2016-04-10T02:00:00Z,87
4445114986,2016-04-10T03:00:00Z,69
4445114986,2016-04-10T04:00:00Z,69
4445114986,2016-04-10T05:00:00Z,69
4445114986,2016-04-10T06:00:00Z,71
4445114986,2016-04-10T07:00:00Z,86
4445114986,2016-04-10T08:00:00Z,75
4445114986,2016-04-10T09:00:00Z,77
4445114986,2016-04-10T10:00:00Z,88
4445114986,2016-04-10T11:00:00Z,94
4445114986,2016-04-10T12:00:00Z,125
4445114986,2016-04-10T13:00:00Z,147
4445114986,2016-04-10T14:00:00Z,111
4445114986,2016-04-10T15:00:00Z,158
4445114986,2016-04-10T16:00:00Z,127
4445114986,2016-04-10T17:00:00Z,97
4445114986,2016-04-10T18:00:00Z,92
4445114986,2016-04-10T19:00:00Z,71
4445114986,2016-04-10T20:00:00Z,84
4445114986,2016-04-10T21:00:00Z,119
4445114986,2016-04-10T22:00:00Z,99
4445114986,2016-04-10T23:00:00Z,140
4445114986,2016-04-11T00:00:00Z,85
4445114986,2016-04-11T01:00:00Z,80
4445114986,2016-04-11T02:00:00Z,83
4445114986,2016-04-11T03:00:00Z,69
4445114986,2016-04-11T04:00:00Z,69
4445114986,2016-04-11T05:00:00Z,70
4445114986,2016-04-11T06:00:00Z,69
4445114986,2016-04-11T07:00:00Z,77
4445114986,2016-04-11T08:00:00Z,72
4445114986,2016-04-11T09:00:00Z,70
4445114986,2016-04-11T10:00:00Z,71
4445114986,2016-04-11T11:00:00Z,80
4445114986,2016-04-11T12:00:00Z,85
4445114986,2016-04-11T13:00:00Z,117
4445114986,2016-04-11T14:00:00Z,90
4445114986,2016-04-11T15:00:00Z,98
4445114986,2016-04-11T16:00:00Z,102
4445114986,2016-04-11T17:00:00Z,149
4445114986,2016-04-11T18:00:00Z,279
4445114986,2016-04-11T19:00:00Z,109
4445114986,2016-04-11T20:00:00Z,113
4445114986,2016-04-11T21:00:00Z,95
4445114986,2016-04-11T22:00:00Z,75
4445114986,2016-04-11T23:00:00Z,90
4445114986,2016-04-12T00:00:00Z,70
4445114986,2016-04-12T01:00:00Z,85
4445114986,2016-04-12T02:00:00Z,69
4445114986,2016-04-12T03:00:00Z,72
4445114986,2016-04-12T04:00:00Z,73
4445114986,2016-04-12T05:00:00Z,69
4445114986,2016-04-12T06:00:00Z,69
4445114986,2016-04-12T07:00:00Z,81
4445114986,2016-04-12T08:00:00Z,82
4445114986,2016-04-12T09:00:00Z,70
4558609924,2016-03-12T00:00:00Z,82
4558609924,2016-03-12T01:00:00Z,59
4558609924,2016-03-12T02:00:00Z,56
4558609924,2016-03-12T03:00:00Z,56
4558609924,2016-03-12T04:00:00Z,56
4558609924,2016-03-12T05:00:00Z,56
4558609924,2016-03-12T06:00:00Z,56
4558609924,2016-03-12T07:00:00Z,56
4558609924,2016-03-12T08:00:00Z,56
4558609924,2016-03-12T09:00:00Z,56
4558609924,2016-03-12T10:00:00Z,89
4558609924,2016-03-12T11:00:00Z,128
4558609924,2016-03-12T12:00:00Z,137
4558609924,2016-03-12T13:00:00Z,146
4558609924,2016-03-12T14:00:00Z,121
4558609924,2016-03-12T15:00:00Z,142
4558609924,2016-03-12T16:00:00Z,91
4558609924,2016-03-12T17:00:00Z,63
4558609924,2016-03-12T18:00:00Z,74
4558609924,2016-03-12T19:00:00Z,89
4558609924,2016-03-12T20:00:00Z,100
4558609924,2016-03-12T21:00:00Z,82
4558609924,2016-03-12T22:00:00Z,82
4558609924,2016-03-12T23:00:00Z,64
4558609924,2016-03-13T00:00:00Z,61
4558609924,2016-03-13T01:00:00Z,56
4558609924,2016-03-13T02:00:00Z,56
4558609924,2016-03-13T03:00:00Z,56
4558609924,2016-03-13T04:00:00Z,56
4558609924,2016-03-13T05:00:00Z,56
4558609924,2016-03-13T06:00:00Z,56
4558609924,2016-03-13T07:00:00Z,56
4558609924,2016-03-13T08:00:00Z,56
4558609924,2016-03-13T09:00:00Z,86
4558609924,2016-03-13T10:00:00Z,79
4558609924,2016-03-13T11:00:00Z,68
4558609924,2016-03-13T12:00:00Z,71
4558609924,2016-03-13T13:00:00Z,79
4558609924,2016-03-13T14:00:00Z,56
4558609924,2016-03-13T15:00:00Z,66
4558609924,2016-03-13T16:00:00Z,79
4558609924,2016-03-13T17:00:00Z,77
4558609924,2016-03-13T18:00:00Z,76
4558609924,2016-03-13T19:00:00Z,83
4558609924,2016-03-13T20:00:00Z,95
4558609924,2016-03-13T21:00:00Z,89
4558609924,2016-03-13T22:00:00Z,85
4558609924,2016-03-13T23:00:00Z,58
4558609924,2016-03-14T00:00:00Z,56
4558609924,2016-03-14T01:00:00Z,56
4558609924,2016-03-14T02:00:00Z,56
4558609924,2016-03-14T03:00:00Z,56
4558609924,2016-03-14T04:00:00Z,56
4558609924,2016-03-14T05:00:00Z,56
4558609924,2016-03-14T06:00:00Z,56
4558609924,2016-03-14T07:00:00Z,56
4558609924,2016-03-14T08:00:00Z,56
4558609924,2016-03-14T09:00:00Z,56
4558609924,2016-03-14T10:00:00Z,56
4558609924,2016-03-14T11:00:00Z,56
4558609924,2016-03-14T12:00:00Z,56
4558609924,2016-03-14T13:00:00Z,57
4558609924,2016-03-14T14:00:00Z,71
4558609924,2016-03-14T15:00:00Z,62
4558609924,2016-03-14T16:00:00Z,64
4558609924,2016-03-14T17:00:00Z,56
4558609924,2016-03-14T18:00:00Z,67
4558609924,2016-03-14T19:00:00Z,129
4558609924,2016-03-14T20:00:00Z,58
4558609924,2016-03-14T21:00:00Z,56
4558609924,2016-03-14T22:00:00Z,56
4558609924,2016-03-14T23:00:00Z,56
4558609924,2016-03-15T00:00:00Z,56
4558609924,2016-03-15T01:00:00Z,56
4558609924,2016-03-15T02:00:00Z,56
4558609924,2016-03-15T03:00:00Z,56
4558609924,2016-03-15T04:00:00Z,56
4558609924,2016-03-15T05:00:00Z,56
4558609924,2016-03-15T06:00:00Z,56
4558609924,2016-03-15T07:00:00Z,56
4558609924,2016-03-15T08:00:00Z,56
4558609924,2016-03-15T09:00:00Z,57
4558609924,2016-03-15T10:00:00Z,112
4558609924,2016-03-15T11:00:00Z,107
4558609924,2016-03-15T12:00:00Z,137
4558609924,2016-03-15T13:00:00Z,82
4558609924,2016-03-15T14:00:00Z,94
4558609924,2016-03-15T15:00:00Z,72
4558609924,2016-03-15T16:00:00Z,56
4558609924,2016-03-15T17:00:00Z,59
4558609924,2016-03-15T18:00:00Z,56
4558609924,2016-03-15T19:00:00Z,77
4558609924,2016-03-15T20:00:00Z,65
4558609924,2016-03-15T21:00:00Z,98
4558609924,2016-03-15T22:00:00Z,74
4558609924,2016-03-15T23:00:00Z,57
4558609924,2016-03-16T00:00:00Z,69
4558609924,2016-03-16T01:00:00Z,61
4558609924,2016-03-16T02:00:00Z,56
4558609924,2016-03-16T03:00:00Z,56
4558609924,2016-03-16T04:00:00Z,56
4558609924,2016-03-16T05:00:00Z,56
4558609924,2016-03-16T06:00:00Z,56
4558609924,2016-03-16T07:00:00Z,56
4558609924,2016-03-16T08:00:00Z,56
4558609924,2016-03-16T09:00:00Z,56
4558609924,2016-03-16T10:00:00Z,56
4558609924,2016-03-16T11:00:00Z,97
4558609924,2016-03-16T12:00:00Z,63
4558609924,2016-03-16T13:00:00Z,97
4558609924,2016-03-16T14:00:00Z,99
4558609924,2016-03-16T15:00:00Z,173
4558609924,2016-03-16T16:00:00Z,110
4558609924,2016-03-16T17:00:00Z,56
4558609924,2016-03-16T18:00:00Z,56
4558609924,2016-03-16T19:00:00Z,56
4558609924,2016-03-16T20:00:00Z,56
4558609924,2016-03-16T21:00:00Z,56
4558609924,2016-03-16T22:00:00Z,56
4558609924,2016-03-16T23:00:00Z,56
4558609924,2016-03-17T00:00:00Z,56
4558609924,2016-03-17T01:00:00Z,56
4558609924,2016-03-17T02:00:00Z,56
4558609924,2016-03-17T03:00:00Z,56
4558609924,2016-03-17T04:00:00Z,56
4558609924,2016-03-17T05:00:00Z,56
4558609924,2016-03-17T06:00:00Z,56
4558609924,2016-03-17T07:00:00Z,56
4558609924,2016-03-17T08:00:00Z,110
4558609924,2016-03-17T09:00:00Z,173
4558609924,2016-03-17T10:00:00Z,108
4558609924,2016-03-17T11:00:00Z,95
4558609924,2016-03-17T12:00:00Z,139
4558609924,2016-03-17T13:00:00Z,95
4558609924,2016-03-17T14:00:00Z,82
4558609924,2016-03-17T15:00:00Z,104
4558609924,2016-03-17T16:00:00Z,58
4558609924,2016-03-17T17:00:00Z,56
4558609924,2016-03-17T18:00:00Z,56
4558609924,2016-03-17T19:00:00Z,80
4558609924,2016-03-17T20:00:00Z,86
4558609924,2016-03-17T21:00:00Z,66
4558609924,2016-03-17T22:00:00Z,66
4558609924,2016-03-17T23:00:00Z,72
4558609924,2016-03-18T00:00:00Z,56
4558609924,2016-03-18T01:00:00Z,56
4558609924,2016-03-18T02:00:00Z,56
4558609924,2016-03-18T03:00:00Z,56
4558609924,2016-03-18T04:00:00Z,56
4558609924,2016-03-18T05:00:00Z,56
4558609924,2016-03-18T06:00:00Z,56
4558609924,2016-03-18T07:00:00Z,56
4558609924,2016-03-18T08:00:00Z,56
4558609924,2016-03-18T09:00:00Z,56
4558609924,2016-03-18T10:00:00Z,97
4558609924,2016-03-18T11:00:00Z,109
4558609924,2016-03-18T12:00:00Z,99
4558609924,2016-03-18T13:00:00Z,59
4558609924,2016-03-18T14:00:00Z,56
4558609924,2016-03-18T15:00:00Z,56
4558609924,2016-03-18T16:00:00Z,77
4558609924,2016-03-18T17:00:00Z,116
4558609924,2016-03-18T18:00:00Z,121
4558609924,2016-03-18T19:00:00Z,62
4558609924,2016-03-18T20:00:00Z,65
4558609924,2016-03-18T21:00:00Z,62
4558609924,2016-03-18T22:00:00Z,82
4558609924,2016-03-18T23:00:00Z,61
4558609924,2016-03-19T00:00:00Z,56
4558609924,2016-03-19T01:00:00Z,56
4558609924,2016-03-19T02:00:00Z,56
4558609924,2016-03-19T03:00:00Z,56
4558609924,2016-03-19T04:00:00Z,56
4558609924,2016-03-19T05:00:00Z,56
4558609924,2016-03-19T06:00:00Z,56
4558609924,2016-03-19T07:00:00Z,56
4558609924,2016-03-19T08:00:00Z,56
4558609924,2016-03-19T09:00:00Z,56
4558609924,2016-03-19T10:00:00Z,56
4558609924,2016-03-19T11:00:00Z,56
4558609924,2016-03-19T12:00:00Z,56
4558609924,2016-03-19T13:00:00Z,56
4558609924,2016-03-19T14:00:00Z,56
4558609924,2016-03-19T15:00:00Z,56
4558609924,2016-03-19T16:00:00Z,56
4558609924,2016-03-19T17:00:00Z,56
4558609924,2016-03-19T18:00:00Z,56
4558609924,2016-03-19T19:00:00Z,56
4558609924,2016-03-19T20:00:00Z,56
4558609924,2016-03-19T21:00:00Z,56
4558609924,2016-03-19T22:00:00Z,56
4558609924,2016-03-19T23:00:00Z,56
4558609924,2016-03-20T00:00:00Z,56
4558609924,2016-03-20T01:00:00Z,56
4558609924,2016-03-20T02:00:00Z,56
4558609924,2016-03-20T03:00:00Z,61
4558609924,2016-03-20T04:00:00Z,56
4558609924,2016-03-20T05:00:00Z,56
4558609924,2016-03-20T06:00:00Z,56
4558609924,2016-03-20T07:00:00Z,56
4558609924,2016-03-20T08:00:00Z,56
4558609924,2016-03-20T09:00:00Z,56
4558609924,2016-03-20T10:00:00Z,61
4558609924,2016-03-20T11:00:00Z,105
4558609924,2016-03-20T12:00:00Z,117
4558609924,2016-03-20T13:00:00Z,120
4558609924,2016-03-20T14:00:00Z,187
4558609924,2016-03-20T15:00:00Z,73
4558609924,2016-03-20T16:00:00Z,57
4558609924,2016-03-20T17:00:00Z,56
4558609924,2016-03-20T18:00:00Z,56
4558609924,2016-03-20T19:00:00Z,56
4558609924,2016-03-20T20:00:00Z,56
4558609924,2016-03-20T21:00:00Z,56
4558609924,2016-03-20T22:00:00Z,56
4558609924,2016-03-20T23:00:00Z,56
4558609924,2016-03-21T00:00:00Z,56
4558609924,2016-03-21T01:00:00Z,56
4558609924,2016-03-21T02:00:00Z,56
4558609924,2016-03-21T03:00:00Z,56
4558609924,2016-03-21T04:00:00Z,56
4558609924,2016-03-21T05:00:00Z,56
4558609924,2016-03-21T06:00:00Z,56
4558609924,2016-03-21T07:00:00Z,56
4558609924,2016-03-21T08:00:00Z,56
4558609924,2016-03-21T09:00:00Z,56
4558609924,2016-03-21T10:00:00Z,56
4558609924,2016-03-21T11:00:00Z,56
4558609924,2016-03-21T12:00:00Z,56
4558609924,2016-03-21T13:00:00Z,56
4558609924,2016-03-21T14:00:00Z,56
4558609924,2016-03-21T15:00:00Z,56
4558609924,2016-03-21T16:00:00Z,56
4558609924,2016-03-21T17:00:00Z,56
4558609924,2016-03-21T18:00:00Z,56
4558609924,2016-03-21T19:00:00Z,56
4558609924,2016-03-21T20:00:00Z,56
4558609924,2016-03-21T21:00:00Z,56
4558609924,2016-03-21T22:00:00Z,56
4558609924,2016-03-21T23:00:00Z,56
4558609924,2016-03-22T00:00:00Z,56
4558609924,2016-03-22T01:00:00Z,56
4558609924,2016-03-22T02:00:00Z,56
4558609924,2016-03-22T03:00:00Z,56
4558609924,2016-03-22T04:00:00Z,56
4558609924,2016-03-22T05:00:00Z,56
4558609924,2016-03-22T06:00:00Z,56
4558609924,2016-03-22T07:00:00Z,56
4558609924,2016-03-22T08:00:00Z,56
4558609924,2016-03-22T09:00:00Z,56
4558609924,2016-03-22T10:00:00Z,56
4558609924,2016-03-22T11:00:00Z,56
4558609924,2016-03-22T12:00:00Z,56
4558609924,2016-03-22T13:00:00Z,56
4558609924,2016-03-22T14:00:00Z,56
4558609924,2016-03-22T15:00:00Z,56
4558609924,2016-03-22T16:00:00Z,56
4558609924,2016-03-22T17:00:00Z,56
4558609924,2016-03-22T18:00:00Z,56
4558609924,2016-03-22T19:00:00Z,56
4558609924,2016-03-22T20:00:00Z,56
4558609924,2016-03-22T21:00:00Z,56
4558609924,2016-03-22T22:00:00Z,56
4558609924,2016-03-22T23:00:00Z,56
4558609924,2016-03-23T00:00:00Z,56
4558609924,2016-03-23T01:00:00Z,56
4558609924,2016-03-23T02:00:00Z,56
4558609924,2016-03-23T03:00:00Z,56
4558609924,2016-03-23T04:00:00Z,56
4558609924,2016-03-23T05:00:00Z,56
4558609924,2016-03-23T06:00:00Z,56
4558609924,2016-03-23T07:00:00Z,56
4558609924,2016-03-23T08:00:00Z,56
4558609924,2016-03-23T09:00:00Z,56
4558609924,2016-03-23T10:00:00Z,56
4558609924,2016-03-23T11:00:00Z,56
4558609924,2016-03-23T12:00:00Z,56
4558609924,2016-03-23T13:00:00Z,56
4558609924,2016-03-23T14:00:00Z,56
4558609924,2016-03-23T15:00:00Z,56
4558609924,2016-03-23T16:00:00Z,56
4558609924,2016-03-23T17:00:00Z,56
4558609924,2016-03-23T18:00:00Z,56
4558609924,2016-03-23T19:00:00Z,56
4558609924,2016-03-23T20:00:00Z,56
4558609924,2016-03-23T21:00:00Z,56
4558609924,2016-03-23T22:00:00Z,56
4558609924,2016-03-23T23:00:00Z,56
4558609924,2016-03-24T00:00:00Z,56
4558609924,2016-03-24T01:00:00Z,56
4558609924,2016-03-24T02:00:00Z,56
4558609924,2016-03-24T03:00:00Z,56
4558609924,2016-03-24T04:00:00Z,56
4558609924,2016-03-24T05:00:00Z,56
4558609924,2016-03-24T06:00:00Z,56
4558609924,2016-03-24T07:00:00Z,56
4558609924,2016-03-24T08:00:00Z,56
4558609924,2016-03-24T09:00:00Z,79
4558609924,2016-03-24T10:00:00Z,171
4558609924,2016-03-24T11:00:00Z,173
4558609924,2016-03-24T12:00:00Z,212
4558609924,2016-03-24T13:00:00Z,95
4558609924,2016-03-24T14:00:00Z,96
4558609924,2016-03-24T15:00:00Z,58
4558609924,2016-03-24T16:00:00Z,56
4558609924,2016-03-24T17:00:00Z,56
4558609924,2016-03-24T18:00:00Z,56
4558609924,2016-03-24T19:00:00Z,56
4558609924,2016-03-24T20:00:00Z,56
4558609924,2016-03-24T21:00:00Z,56
4558609924,2016-03-24T22:00:00Z,56
4558609924,2016-03-24T23:00:00Z,56
4558609924,2016-03-25T00:00:00Z,56
4558609924,2016-03-25T01:00:00Z,56
4558609924,2016-03-25T02:00:00Z,56
4558609924,2016-03-25T03:00:00Z,56
4558609924,2016-03-25T04:00:00Z,56
4558609924,2016-03-25T05:00:00Z,56
4558609924,2016-03-25T06:00:00Z,56
4558609924,2016-03-25T07:00:00Z,56
4558609924,2016-03-25T08:00:00Z,56
4558609924,2016-03-25T09:00:00Z,56
4558609924,2016-03-25T10:00:00Z,56
4558609924,2016-03-25T11:00:00Z,56
4558609924,2016-03-25T12:00:00Z,56
4558609924,2016-03-25T13:00:00Z,56
4558609924,2016-03-25T14:00:00Z,72
4558609924,2016-03-25T15:00:00Z,155
4558609924,2016-03-25T16:00:00Z,134
4558609924,2016-03-25T17:00:00Z,122
4558609924,2016-03-25T18:00:00Z,78
4558609924,2016-03-25T19:00:00Z,71
4558609924,2016-03-25T20:00:00Z,57
4558609924,2016-03-25T21:00:00Z,56
4558609924,2016-03-25T22:00:00Z,56
4558609924,2016-03-25T23:00:00Z,56
4558609924,2016-03-26T00:00:00Z,56
4558609924,2016-03-26T01:00:00Z,56
4558609924,2016-03-26T02:00:00Z,56
4558609924,2016-03-26T03:00:00Z,56
4558609924,2016-03-26T04:00:00Z,56
4558609924,2016-03-26T05:00:00Z,56
4558609924,2016-03-26T06:00:00Z,56
4558609924,2016-03-26T07:00:00Z,56
4558609924,2016-03-26T08:00:00Z,56
4558609924,2016-03-26T09:00:00Z,56
4558609924,2016-03-26T10:00:00Z,73
4558609924,2016-03-26T11:00:00Z,56
4558609924,2016-03-26T12:00:00Z,70
4558609924,2016-03-26T13:00:00Z,64
4558609924,2016-03-26T14:00:00Z,56
4558609924,2016-03-26T15:00:00Z,138
4558609924,2016-03-26T16:00:00Z,107
4558609924,2016-03-26T17:00:00Z,123
4558609924,2016-03-26T18:00:00Z,81
4558609924,2016-03-26T19:00:00Z,88
4558609924,2016-03-26T20:00:00Z,91
4558609924,2016-03-26T21:00:00Z,56
4558609924,2016-03-26T22:00:00Z,83
4558609924,2016-03-26T23:00:00Z,67
4558609924,2016-03-27T00:00:00Z,59
4558609924,2016-03-27T01:00:00Z,56
4558609924,2016-03-27T02:00:00Z,56
4558609924,2016-03-27T03:00:00Z,56
4558609924,2016-03-27T04:00:00Z,56
4558609924,2016-03-27T05:00:00Z,56
4558609924,2016-03-27T06:00:00Z,56
4558609924,2016-03-27T07:00:00Z,56
4558609924,2016-03-27T08:00:00Z,56
4558609924,2016-03-27T09:00:00Z,57
4558609924,2016-03-27T10:00:00Z,112
4558609924,2016-03-27T11:00:00Z,112
4558609924,2016-03-27T12:00:00Z,140
4558609924,2016-03-27T13:00:00Z,107
4558609924,2016-03-27T14:00:00Z,134
4558609924,2016-03-27T15:00:00Z,103
4558609924,2016-03-27T16:00:00Z,138
4558609924,2016-03-27T17:00:00Z,116
4558609924,2016-03-27T18:00:00Z,144
4558609924,2016-03-27T19:00:00Z,112
4558609924,2016-03-27T20:00:00Z,102
4558609924,2016-03-27T21:00:00Z,128
4558609924,2016-03-27T22:00:00Z,80
4558609924,2016-03-27T23:00:00Z,56
4558609924,2016-03-28T00:00:00Z,56
4558609924,2016-03-28T01:00:00Z,56
4558609924,2016-03-28T02:00:00Z,56
4558609924,2016-03-28T03:00:00Z,56
4558609924,2016-03-28T04:00:00Z,56
4558609924,2016-03-28T05:00:00Z,56
4558609924,2016-03-28T06:00:00Z,56
4558609924,2016-03-28T07:00:00Z,56
4558609924,2016-03-28T08:00:00Z,56
4558609924,2016-03-28T09:00:00Z,88
4558609924,2016-03-28T10:00:00Z,122
4558609924,2016-03-28T11:00:00Z,106
4558609924,2016-03-28T12:00:00Z,94
4558609924,2016-03-28T13:00:00Z,92
4558609924,2016-03-28T14:00:00Z,86
4558609924,2016-03-28T15:00:00Z,90
4558609924,2016-03-28T16:00:00Z,109
4558609924,2016-03-28T17:00:00Z,165
4558609924,2016-03-28T18:00:00Z,140
4558609924,2016-03-28T19:00:00Z,107
4558609924,2016-03-28T20:00:00Z,132
4558609924,2016-03-28T21:00:00Z,110
4558609924,2016-03-28T22:00:00Z,104
4558609924,2016-03-28T23:00:00Z,85
4558609924,2016-03-29T00:00:00Z,70
4558609924,2016-03-29T01:00:00Z,56
4558609924,2016-03-29T02:00:00Z,56
4558609924,2016-03-29T03:00:00Z,56
4558609924,2016-03-29T04:00:00Z,56
4558609924,2016-03-29T05:00:00Z,56
4558609924,2016-03-29T06:00:00Z,56
4558609924,2016-03-29T07:00:00Z,56
4558609924,2016-03-29T08:00:00Z,56
4558609924,2016-03-29T09:00:00Z,63
4558609924,2016-03-29T10:00:00Z,100
4558609924,2016-03-29T11:00:00Z,81
4558609924,2016-03-29T12:00:00Z,92
4558609924,2016-03-29T13:00:00Z,85
4558609924,2016-03-29T14:00:00Z,102
4558609924,2016-03-29T15:00:00Z,109
4558609924,2016-03-29T16:00:00Z,148
4558609924,2016-03-29T17:00:00Z,149
4558609924,2016-03-29T18:00:00Z,70
4558609924,2016-03-29T19:00:00Z,79
4558609924,2016-03-29T20:00:00Z,142
4558609924,2016-03-29T21:00:00Z,152
4558609924,2016-03-29T22:00:00Z,118
4558609924,2016-03-29T23:00:00Z,83
4558609924,2016-03-30T00:00:00Z,62
4558609924,2016-03-30T01:00:00Z,56
4558609924,2016-03-30T02:00:00Z,56
4558609924,2016-03-30T03:00:00Z,56
4558609924,2016-03-30T04:00:00Z,56
4558609924,2016-03-30T05:00:00Z,56
4558609924,2016-03-30T06:00:00Z,56
4558609924,2016-03-30T07:00:00Z,58
4558609924,2016-03-30T08:00:00Z,80
4558609924,2016-03-30T09:00:00Z,56
4558609924,2016-03-30T10:00:00Z,72
4558609924,2016-03-30T11:00:00Z,79
4558609924,2016-03-30T12:00:00Z,62
4558609924,2016-03-30T13:00:00Z,105
4558609924,2016-03-30T14:00:00Z,154
4558609924,2016-03-30T15:00:00Z,99
4558609924,2016-03-30T16:00:00Z,98
4558609924,2016-03-30T17:00:00Z,110
4558609924,2016-03-30T18:00:00Z,128
4558609924,2016-03-30T19:00:00Z,87
4558609924,2016-03-30T20:00:00Z,82
4558609924,2016-03-30T21:00:00Z,59
4558609924,2016-03-30T22:00:00Z,92
4558609924,2016-03-30T23:00:00Z,65
4558609924,2016-03-31T00:00:00Z,56
4558609924,2016-03-31T01:00:00Z,57
4558609924,2016-03-31T02:00:00Z,56
4558609924,2016-03-31T03:00:00Z,57
4558609924,2016-03-31T04:00:00Z,56
4558609924,2016-03-31T05:00:00Z,56
4558609924,2016-03-31T06:00:00Z,56
4558609924,2016-03-31T07:00:00Z,56
4558609924,2016-03-31T08:00:00Z,56
4558609924,2016-03-31T09:00:00Z,108
4558609924,2016-03-31T10:00:00Z,95
4558609924,2016-03-31T11:00:00Z,110
4558609924,2016-03-31T12:00:00Z,122
4558609924,2016-03-31T13:00:00Z,93
4558609924,2016-03-31T14:00:00Z,87
4558609924,2016-03-31T15:00:00Z,88
4558609924,2016-03-31T16:00:00Z,79
4558609924,2016-03-31T17:00:00Z,101
4558609924,2016-03-31T18:00:00Z,101
4558609924,2016-03-31T19:00:00Z,109
4558609924,2016-03-31T20:00:00Z,120
4558609924,2016-03-31T21:00:00Z,104
4558609924,2016-03-31T22:00:00Z,76
4558609924,2016-03-31T23:00:00Z,64
4558609924,2016-04-01T00:00:00Z,56
4558609924,2016-04-01T01:00:00Z,56
4558609924,2016-04-01T02:00:00Z,56
4558609924,2016-04-01T03:00:00Z,56
4558609924,2016-04-01T04:00:00Z,56
4558609924,2016-04-01T05:00:00Z,56
4558609924,2016-04-01T06:00:00Z,56
4558609924,2016-04-01T07:00:00Z,56
4558609924,2016-04-01T08:00:00Z,56
4558609924,2016-04-01T09:00:00Z,56
4558609924,2016-04-01T10:00:00Z,62
4558609924,2016-04-01T11:00:00Z,94
4558609924,2016-04-01T12:00:00Z,92
4558609924,2016-04-01T13:00:00Z,69
4558609924,2016-04-01T14:00:00Z,74
4558609924,2016-04-01T15:00:00Z,94
4558609924,2016-04-01T16:00:00Z,122
4558609924,2016-04-01T17:00:00Z,105
4558609924,2016-04-01T18:00:00Z,87
4558609924,2016-04-01T19:00:00Z,119
4558609924,2016-04-01T20:00:00Z,147
4558609924,2016-04-01T21:00:00Z,76
4558609924,2016-04-01T22:00:00Z,96
4558609924,2016-04-01T23:00:00Z,107
4558609924,2016-04-02T00:00:00Z,87
4558609924,2016-04-02T01:00:00Z,60
4558609924,2016-04-02T02:00:00Z,56
4558609924,2016-04-02T03:00:00Z,56
4558609924,2016-04-02T04:00:00Z,56
4558609924,2016-04-02T05:00:00Z,56
4558609924,2016-04-02T06:00:00Z,56
4558609924,2016-04-02T07:00:00Z,56
4558609924,2016-04-02T08:00:00Z,56
4558609924,2016-04-02T09:00:00Z,83
4558609924,2016-04-02T10:00:00Z,85
4558609924,2016-04-02T11:00:00Z,63
4558609924,2016-04-02T12:00:00Z,57
4558609924,2016-04-02T13:00:00Z,93
4558609924,2016-04-02T14:00:00Z,61
4558609924,2016-04-02T15:00:00Z,61
4558609924,2016-04-02T16:00:00Z,110
4558609924,2016-04-02T17:00:00Z,92
4558609924,2016-04-02T18:00:00Z,87
4558609924,2016-04-02T19:00:00Z,71
4558609924,2016-04-02T20:00:00Z,92
4558609924,2016-04-02T21:00:00Z,66
4558609924,2016-04-02T22:00:00Z,64
4558609924,2016-04-02T23:00:00Z,56
4558609924,2016-04-03T00:00:00Z,56
4558609924,2016-04-03T01:00:00Z,56
4558609924,2016-04-03T02:00:00Z,56
4558609924,2016-04-03T03:00:00Z,57
4558609924,2016-04-03T04:00:00Z,56
4558609924,2016-04-03T05:00:00Z,56
4558609924,2016-04-03T06:00:00Z,56
4558609924,2016-04-03T07:00:00Z,56
4558609924,2016-04-03T08:00:00Z,56
4558609924,2016-04-03T09:00:00Z,108
4558609924,2016-04-03T10:00:00Z,108
4558609924,2016-04-03T11:00:00Z,78
4558609924,2016-04-03T12:00:00Z,70
4558609924,2016-04-03T13:00:00Z,56
4558609924,2016-04-03T14:00:00Z,85
4558609924,2016-04-03T15:00:00Z,109
4558609924,2016-04-03T16:00:00Z,97
4558609924,2016-04-03T17:00:00Z,146
4558609924,2016-04-03T18:00:00Z,90
4558609924,2016-04-03T19:00:00Z,79
4558609924,2016-04-03T20:00:00Z,86
4558609924,2016-04-03T21:00:00Z,117
4558609924,2016-04-03T22:00:00Z,75
4558609924,2016-04-03T23:00:00Z,94
4558609924,2016-04-04T00:00:00Z,59
4558609924,2016-04-04T01:00:00Z,58
4558609924,2016-04-04T02:00:00Z,56
4558609924,2016-04-04T03:00:00Z,56
4558609924,2016-04-04T04:00:00Z,56
4558609924,2016-04-04T05:00:00Z,56
4558609924,2016-04-04T06:00:00Z,56
4558609924,2016-04-04T07:00:00Z,56
4558609924,2016-04-04T08:00:00Z,60
4558609924,2016-04-04T09:00:00Z,127
4558609924,2016-04-04T10:00:00Z,123
4558609924,2016-04-04T11:00:00Z,141
4558609924,2016-04-04T12:00:00Z,141
4558609924,2016-04-04T13:00:00Z,138
4558609924,2016-04-04T14:00:00Z,98
4558609924,2016-04-04T15:00:00Z,69
4558609924,2016-04-04T16:00:00Z,156
4558609924,2016-04-04T17:00:00Z,92
4558609924,2016-04-04T18:00:00Z,101
4558609924,2016-04-04T19:00:00Z,76
4558609924,2016-04-04T20:00:00Z,87
4558609924,2016-04-04T21:00:00Z,84
4558609924,2016-04-04T22:00:00Z,61
4558609924,2016-04-04T23:00:00Z,73
4558609924,2016-04-05T00:00:00Z,56
4558609924,2016-04-05T01:00:00Z,56
4558609924,2016-04-05T02:00:00Z,56
4558609924,2016-04-05T03:00:00Z,56
4558609924,2016-04-05T04:00:00Z,56
4558609924,2016-04-05T05:00:00Z,56
4558609924,2016-04-05T06:00:00Z,56
4558609924,2016-04-05T07:00:00Z,56
4558609924,2016-04-05T08:00:00Z,56
4558609924,2016-04-05T09:00:00Z,93
4558609924,2016-04-05T10:00:00Z,74
4558609924,2016-04-05T11:00:00Z,70
4558609924,2016-04-05T12:00:00Z,82
4558609924,2016-04-05T13:00:00Z,82
4558609924,2016-04-05T14:00:00Z,73
4558609924,2016-04-05T15:00:00Z,81
4558609924,2016-04-05T16:00:00Z,66
4558609924,2016-04-05T17:00:00Z,73
4558609924,2016-04-05T18:00:00Z,276
4558609924,2016-04-05T19:00:00Z,110
4558609924,2016-04-05T20:00:00Z,95
4558609924,2016-04-05T21:00:00Z,76
4558609924,2016-04-05T22:00:00Z,69
4558609924,2016-04-05T23:00:00Z,56
4558609924,2016-04-06T00:00:00Z,56
4558609924,2016-04-06T01:00:00Z,56
4558609924,2016-04-06T02:00:00Z,56
4558609924,2016-04-06T03:00:00Z,56
4558609924,2016-04-06T04:00:00Z,56
4558609924,2016-04-06T05:00:00Z,56
4558609924,2016-04-06T06:00:00Z,56
4558609924,2016-04-06T07:00:00Z,56
4558609924,2016-04-06T08:00:00Z,79
4558609924,2016-04-06T09:00:00Z,91
4558609924,2016-04-06T10:00:00Z,86
4558609924,2016-04-06T11:00:00Z,126
4558609924,2016-04-06T12:00:00Z,86
4558609924,2016-04-06T13:00:00Z,66
4558609924,2016-04-06T14:00:00Z,73
4558609924,2016-04-06T15:00:00Z,91
4558609924,2016-04-06T16:00:00Z,115
4558609924,2016-04-06T17:00:00Z,148
4558609924,2016-04-06T18:00:00Z,80
4558609924,2016-04-06T19:00:00Z,72
4558609924,2016-04-06T20:00:00Z,96
4558609924,2016-04-06T21:00:00Z,57
4558609924,2016-04-06T22:00:00Z,79
4558609924,2016-04-06T23:00:00Z,63
4558609924,2016-04-07T00:00:00Z,56
4558609924,2016-04-07T01:00:00Z,56
4558609924,2016-04-07T02:00:00Z,56
4558609924,2016-04-07T03:00:00Z,56
4558609924,2016-04-07T04:00:00Z,56
4558609924,2016-04-07T05:00:00Z,56
4558609924,2016-04-07T06:00:00Z,56
4558609924,2016-04-07T07:00:00Z,56
4558609924,2016-04-07T08:00:00Z,84
4558609924,2016-04-07T09:00:00Z,170
4558609924,2016-04-07T10:00:00Z,88
4558609924,2016-04-07T11:00:00Z,89
4558609924,2016-04-07T12:00:00Z,119
4558609924,2016-04-07T13:00:00Z,142
4558609924,2016-04-07T14:00:00Z,90
4558609924,2016-04-07T15:00:00Z,107
4558609924,2016-04-07T16:00:00Z,91
4558609924,2016-04-07T17:00:00Z,84
4558609924,2016-04-07T18:00:00Z,128
4558609924,2016-04-07T19:00:00Z,240
4558609924,2016-04-07T20:00:00Z,106
4558609924,2016-04-07T21:00:00Z,96
4558609924,2016-04-07T22:00:00Z,84
4558609924,2016-04-07T23:00:00Z,71
4558609924,2016-04-08T00:00:00Z,62
4558609924,2016-04-08T01:00:00Z,56
4558609924,2016-04-08T02:00:00Z,56
4558609924,2016-04-08T03:00:00Z,56
4558609924,2016-04-08T04:00:00Z,56
4558609924,2016-04-08T05:00:00Z,56
4558609924,2016-04-08T06:00:00Z,56
4558609924,2016-04-08T07:00:00Z,79
4558609924,2016-04-08T08:00:00Z,101
4558609924,2016-04-08T09:00:00Z,72
4558609924,2016-04-08T10:00:00Z,94
4558609924,2016-04-08T11:00:00Z,100
4558609924,2016-04-08T12:00:00Z,103
4558609924,2016-04-08T13:00:00Z,88
4558609924,2016-04-08T14:00:00Z,78
4558609924,2016-04-08T15:00:00Z,87
4558609924,2016-04-08T16:00:00Z,68
4558609924,2016-04-08T17:00:00Z,60
4558609924,2016-04-08T18:00:00Z,74
4558609924,2016-04-08T19:00:00Z,94
4558609924,2016-04-08T20:00:00Z,94
4558609924,2016-04-08T21:00:00Z,59
4558609924,2016-04-08T22:00:00Z,75
4558609924,2016-04-08T23:00:00Z,56
4558609924,2016-04-09T00:00:00Z,56
4558609924,2016-04-09T01:00:00Z,56
4558609924,2016-04-09T02:00:00Z,56
4558609924,2016-04-09T03:00:00Z,56
4558609924,2016-04-09T04:00:00Z,56
4558609924,2016-04-09T05:00:00Z,56
4558609924,2016-04-09T06:00:00Z,62
4558609924,2016-04-09T07:00:00Z,76
4558609924,2016-04-09T08:00:00Z,70
4558609924,2016-04-09T09:00:00Z,75
4558609924,2016-04-09T10:00:00Z,71
4558609924,2016-04-09T11:00:00Z,107
4558609924,2016-04-09T12:00:00Z,62
4558609924,2016-04-09T13:00:00Z,90
4558609924,2016-04-09T14:00:00Z,81
4558609924,2016-04-09T15:00:00Z,96
4558609924,2016-04-09T16:00:00Z,98
4558609924,2016-04-09T17:00:00Z,142
4558609924,2016-04-09T18:00:00Z,111
4558609924,2016-04-09T19:00:00Z,96
4558609924,2016-04-09T20:00:00Z,111
4558609924,2016-04-09T21:00:00Z,65
4558609924,2016-04-09T22:00:00Z,58
4558609924,2016-04-09T23:00:00Z,76
4558609924,2016-04-10T00:00:00Z,56
4558609924,2016-04-10T01:00:00Z,56
4558609924,2016-04-10T02:00:00Z,56
4558609924,2016-04-10T03:00:00Z,56
4558609924,2016-04-10T04:00:00Z,56
4558609924,2016-04-10T05:00:00Z,56
4558609924,2016-04-10T06:00:00Z,56
4558609924,2016-04-10T07:00:00Z,69
4558609924,2016-04-10T08:00:00Z,91
4558609924,2016-04-10T09:00:00Z,80
4558609924,2016-04-10T10:00:00Z,72
4558609924,2016-04-10T11:00:00Z,146
4558609924,2016-04-10T12:00:00Z,117
4558609924,2016-04-10T13:00:00Z,57
4558609924,2016-04-10T14:00:00Z,77
4558609924,2016-04-10T15:00:00Z,108
4558609924,2016-04-10T16:00:00Z,89
4558609924,2016-04-10T17:00:00Z,94
4558609924,2016-04-10T18:00:00Z,93
4558609924,2016-04-10T19:00:00Z,134
4558609924,2016-04-10T20:00:00Z,81
4558609924,2016-04-10T21:00:00Z,83
4558609924,2016-04-10T22:00:00Z,69
4558609924,2016-04-10T23:00:00Z,56
4558609924,2016-04-11T00:00:00Z,56
4558609924,2016-04-11T01:00:00Z,56
4558609924,2016-04-11T02:00:00Z,56
4558609924,2016-04-11T03:00:00Z,56
4558609924,2016-04-11T04:00:00Z,56
4558609924,2016-04-11T05:00:00Z,56
4558609924,2016-04-11T06:00:00Z,84
4558609924,2016-04-11T07:00:00Z,162
4558609924,2016-04-11T08:00:00Z,98
4558609924,2016-04-11T09:00:00Z,101
4558609924,2016-04-11T10:00:00Z,122
4558609924,2016-04-11T11:00:00Z,126
4558609924,2016-04-11T12:00:00Z,137
4558609924,2016-04-11T13:00:00Z,150
4558609924,2016-04-11T14:00:00Z,103
4558609924,2016-04-11T15:00:00Z,171
4558609924,2016-04-11T16:00:00Z,114
4558609924,2016-04-11T17:00:00Z,82
4558609924,2016-04-11T18:00:00Z,83
4558609924,2016-04-11T19:00:00Z,56
4558609924,2016-04-11T20:00:00Z,59
4558609924,2016-04-11T21:00:00Z,56
4558609924,2016-04-11T22:00:00Z,56
4558609924,2016-04-11T23:00:00Z,56
4558609924,2016-04-12T00:00:00Z,56
4558609924,2016-04-12T01:00:00Z,56
4558609924,2016-04-12T02:00:00Z,56
4558609924,2016-04-12T03:00:00Z,56
4558609924,2016-04-12T04:00:00Z,56
4558609924,2016-04-12T05:00:00Z,56
4558609924,2016-04-12T06:00:00Z,70
4558609924,2016-04-12T07:00:00Z,78
4558609924,2016-04-12T08:00:00Z,76
4558609924,2016-04-12T09:00:00Z,112
4702921684,2016-03-12T00:00:00Z,85
4702921684,2016-03-12T01:00:00Z,84
4702921684,2016-03-12T02:00:00Z,85
4702921684,2016-03-12T03:00:00Z,85
4702921684,2016-03-12T04:00:00Z,84
4702921684,2016-03-12T05:00:00Z,86
4702921684,2016-03-12T06:00:00Z,132
4702921684,2016-03-12T07:00:00Z,142
4702921684,2016-03-12T08:00:00Z,105
4702921684,2016-03-12T09:00:00Z,174
4702921684,2016-03-12T10:00:00Z,210
4702921684,2016-03-12T11:00:00Z,321
4702921684,2016-03-12T12:00:00Z,173
4702921684,2016-03-12T13:00:00Z,233
4702921684,2016-03-12T14:00:00Z,156
4702921684,2016-03-12T15:00:00Z,230
4702921684,2016-03-12T16:00:00Z,178
4702921684,2016-03-12T17:00:00Z,189
4702921684,2016-03-12T18:00:00Z,163
4702921684,2016-03-12T19:00:00Z,176
4702921684,2016-03-12T20:00:00Z,178
4702921684,2016-03-12T21:00:00Z,149
4702921684,2016-03-12T22:00:00Z,104
4702921684,2016-03-12T23:00:00Z,85
4702921684,2016-03-13T00:00:00Z,84
4702921684,2016-03-13T01:00:00Z,85
4702921684,2016-03-13T02:00:00Z,84
4702921684,2016-03-13T03:00:00Z,84
4702921684,2016-03-13T04:00:00Z,84
4702921684,2016-03-13T05:00:00Z,84
4702921684,2016-03-13T06:00:00Z,84
4702921684,2016-03-13T07:00:00Z,84
4702921684,2016-03-13T08:00:00Z,84
4702921684,2016-03-13T09:00:00Z,84
4702921684,2016-03-13T10:00:00Z,84
4702921684,2016-03-13T11:00:00Z,84
4702921684,2016-03-13T12:00:00Z,166
4702921684,2016-03-13T13:00:00Z,334
4702921684,2016-03-13T14:00:00Z,317
4702921684,2016-03-13T15:00:00Z,268
4702921684,2016-03-13T16:00:00Z,166
4702921684,2016-03-13T17:00:00Z,183
4702921684,2016-03-13T18:00:00Z,111
4702921684,2016-03-13T19:00:00Z,137
4702921684,2016-03-13T20:00:00Z,116
4702921684,2016-03-13T21:00:00Z,104
4702921684,2016-03-13T22:00:00Z,104
4702921684,2016-03-13T23:00:00Z,87
4702921684,2016-03-14T00:00:00Z,86
4702921684,2016-03-14T01:00:00Z,85
4702921684,2016-03-14T02:00:00Z,85
4702921684,2016-03-14T03:00:00Z,84
4702921684,2016-03-14T04:00:00Z,84
4702921684,2016-03-14T05:00:00Z,85
4702921684,2016-03-14T06:00:00Z,161
4702921684,2016-03-14T07:00:00Z,121
4702921684,2016-03-14T08:00:00Z,112
4702921684,2016-03-14T09:00:00Z,129
4702921684,2016-03-14T10:00:00Z,126
4702921684,2016-03-14T11:00:00Z,116
4702921684,2016-03-14T12:00:00Z,136
4702921684,2016-03-14T13:00:00Z,130
4702921684,2016-03-14T14:00:00Z,117
4702921684,2016-03-14T15:00:00Z,124
4702921684,2016-03-14T16:00:00Z,131
4702921684,2016-03-14T17:00:00Z,158
4702921684,2016-03-14T18:00:00Z,190
4702921684,2016-03-14T19:00:00Z,215
4702921684,2016-03-14T20:00:00Z,184
4702921684,2016-03-14T21:00:00Z,102
4702921684,2016-03-14T22:00:00Z,101
4702921684,2016-03-14T23:00:00Z,84
4702921684,2016-03-15T00:00:00Z,84
4702921684,2016-03-15T01:00:00Z,85
4702921684,2016-03-15T02:00:00Z,85
4702921684,2016-03-15T03:00:00Z,85
4702921684,2016-03-15T04:00:00Z,84
4702921684,2016-03-15T05:00:00Z,88
4702921684,2016-03-15T06:00:00Z,183
4702921684,2016-03-15T07:00:00Z,138
4702921684,2016-03-15T08:00:00Z,123
4702921684,2016-03-15T09:00:00Z,215
4702921684,2016-03-15T10:00:00Z,117
4702921684,2016-03-15T11:00:00Z,120
4702921684,2016-03-15T12:00:00Z,119
4702921684,2016-03-15T13:00:00Z,116
4702921684,2016-03-15T14:00:00Z,99
4702921684,2016-03-15T15:00:00Z,115
4702921684,2016-03-15T16:00:00Z,130
4702921684,2016-03-15T17:00:00Z,173
4702921684,2016-03-15T18:00:00Z,171
4702921684,2016-03-15T19:00:00Z,199
4702921684,2016-03-15T20:00:00Z,175
4702921684,2016-03-15T21:00:00Z,186
4702921684,2016-03-15T22:00:00Z,87
4702921684,2016-03-15T23:00:00Z,85
4702921684,2016-03-16T00:00:00Z,84
4702921684,2016-03-16T01:00:00Z,85
4702921684,2016-03-16T02:00:00Z,85
4702921684,2016-03-16T03:00:00Z,85
4702921684,2016-03-16T04:00:00Z,87
4702921684,2016-03-16T05:00:00Z,85
4702921684,2016-03-16T06:00:00Z,135
4702921684,2016-03-16T07:00:00Z,117
4702921684,2016-03-16T08:00:00Z,115
4702921684,2016-03-16T09:00:00Z,149
4702921684,2016-03-16T10:00:00Z,131
4702921684,2016-03-16T11:00:00Z,150
4702921684,2016-03-16T12:00:00Z,116
4702921684,2016-03-16T13:00:00Z,106
4702921684,2016-03-16T14:00:00Z,107
4702921684,2016-03-16T15:00:00Z,110
4702921684,2016-03-16T16:00:00Z,99
4702921684,2016-03-16T17:00:00Z,136
4702921684,2016-03-16T18:00:00Z,169
4702921684,2016-03-16T19:00:00Z,159
4702921684,2016-03-16T20:00:00Z,186
4702921684,2016-03-16T21:00:00Z,122
4702921684,2016-03-16T22:00:00Z,93
4702921684,2016-03-16T23:00:00Z,85
4702921684,2016-03-17T00:00:00Z,85
4702921684,2016-03-17T01:00:00Z,84
4702921684,2016-03-17T02:00:00Z,85
4702921684,2016-03-17T03:00:00Z,85
4702921684,2016-03-17T04:00:00Z,85
4702921684,2016-03-17T05:00:00Z,86
4702921684,2016-03-17T06:00:00Z,174
4702921684,2016-03-17T07:00:00Z,118
4702921684,2016-03-17T08:00:00Z,106
4702921684,2016-03-17T09:00:00Z,210
4702921684,2016-03-17T10:00:00Z,102
4702921684,2016-03-17T11:00:00Z,94
4702921684,2016-03-17T12:00:00Z,132
4702921684,2016-03-17T13:00:00Z,114
4702921684,2016-03-17T14:00:00Z,120
4702921684,2016-03-17T15:00:00Z,123
4702921684,2016-03-17T16:00:00Z,105
4702921684,2016-03-17T17:00:00Z,190
4702921684,2016-03-17T18:00:00Z,161
4702921684,2016-03-17T19:00:00Z,124
4702921684,2016-03-17T20:00:00Z,172
4702921684,2016-03-17T21:00:00Z,163
4702921684,2016-03-17T22:00:00Z,116
4702921684,2016-03-17T23:00:00Z,86
4702921684,2016-03-18T00:00:00Z,85
4702921684,2016-03-18T01:00:00Z,85
4702921684,2016-03-18T02:00:00Z,85
4702921684,2016-03-18T03:00:00Z,85
4702921684,2016-03-18T04:00:00Z,84
4702921684,2016-03-18T05:00:00Z,86
4702921684,2016-03-18T06:00:00Z,196
4702921684,2016-03-18T07:00:00Z,160
4702921684,2016-03-18T08:00:00Z,111
4702921684,2016-03-18T09:00:00Z,104
4702921684,2016-03-18T10:00:00Z,105
4702921684,2016-03-18T11:00:00Z,117
4702921684,2016-03-18T12:00:00Z,143
4702921684,2016-03-18T13:00:00Z,188
4702921684,2016-03-18T14:00:00Z,104
4702921684,2016-03-18T15:00:00Z,124
4702921684,2016-03-18T16:00:00Z,114
4702921684,2016-03-18T17:00:00Z,210
4702921684,2016-03-18T18:00:00Z,126
4702921684,2016-03-18T19:00:00Z,84
4702921684,2016-03-18T20:00:00Z,84
4702921684,2016-03-18T21:00:00Z,84
4702921684,2016-03-18T22:00:00Z,84
4702921684,2016-03-18T23:00:00Z,84
4702921684,2016-03-19T00:00:00Z,84
4702921684,2016-03-19T01:00:00Z,84
4702921684,2016-03-19T02:00:00Z,84
4702921684,2016-03-19T03:00:00Z,84
4702921684,2016-03-19T04:00:00Z,84
4702921684,2016-03-19T05:00:00Z,84
4702921684,2016-03-19T06:00:00Z,84
4702921684,2016-03-19T07:00:00Z,84
4702921684,2016-03-19T08:00:00Z,84
4702921684,2016-03-19T09:00:00Z,84
4702921684,2016-03-19T10:00:00Z,84
4702921684,2016-03-19T11:00:00Z,84
4702921684,2016-03-19T12:00:00Z,84
4702921684,2016-03-19T13:00:00Z,84
4702921684,2016-03-19T14:00:00Z,84
4702921684,2016-03-19T15:00:00Z,84
4702921684,2016-03-19T16:00:00Z,84
4702921684,2016-03-19T17:00:00Z,86
4702921684,2016-03-19T18:00:00Z,84
4702921684,2016-03-19T19:00:00Z,84
4702921684,2016-03-19T20:00:00Z,84
4702921684,2016-03-19T21:00:00Z,84
4702921684,2016-03-19T22:00:00Z,84
4702921684,2016-03-19T23:00:00Z,84
4702921684,2016-03-20T00:00:00Z,84
4702921684,2016-03-20T01:00:00Z,84
4702921684,2016-03-20T02:00:00Z,84
4702921684,2016-03-20T03:00:00Z,84
4702921684,2016-03-20T04:00:00Z,84
4702921684,2016-03-20T05:00:00Z,84
4702921684,2016-03-20T06:00:00Z,84
4702921684,2016-03-20T07:00:00Z,84
4702921684,2016-03-20T08:00:00Z,84
4702921684,2016-03-20T09:00:00Z,84
4702921684,2016-03-20T10:00:00Z,84
4702921684,2016-03-20T11:00:00Z,84
4702921684,2016-03-20T12:00:00Z,84
4702921684,2016-03-20T13:00:00Z,84
4702921684,2016-03-20T14:00:00Z,84
4702921684,2016-03-20T15:00:00Z,84
4702921684,2016-03-20T16:00:00Z,84
4702921684,2016-03-20T17:00:00Z,84
4702921684,2016-03-20T18:00:00Z,84
4702921684,2016-03-20T19:00:00Z,84
4702921684,2016-03-20T20:00:00Z,84
4702921684,2016-03-20T21:00:00Z,84
4702921684,2016-03-20T22:00:00Z,84
4702921684,2016-03-20T23:00:00Z,84
4702921684,2016-03-21T00:00:00Z,84
4702921684,2016-03-21T01:00:00Z,84
4702921684,2016-03-21T02:00:00Z,84
4702921684,2016-03-21T03:00:00Z,84
4702921684,2016-03-21T04:00:00Z,84
4702921684,2016-03-21T05:00:00Z,84
4702921684,2016-03-21T06:00:00Z,114
4702921684,2016-03-21T07:00:00Z,111
4702921684,2016-03-21T08:00:00Z,84
4702921684,2016-03-21T09:00:00Z,84
4702921684,2016-03-21T10:00:00Z,84
4702921684,2016-03-21T11:00:00Z,84
4702921684,2016-03-21T12:00:00Z,84
4702921684,2016-03-21T13:00:00Z,99
4702921684,2016-03-21T14:00:00Z,112
4702921684,2016-03-21T15:00:00Z,99
4702921684,2016-03-21T16:00:00Z,105
4702921684,2016-03-21T17:00:00Z,135
4702921684,2016-03-21T18:00:00Z,149
4702921684,2016-03-21T19:00:00Z,84
4702921684,2016-03-21T20:00:00Z,166
4702921684,2016-03-21T21:00:00Z,136
4702921684,2016-03-21T22:00:00Z,116
4702921684,2016-03-21T23:00:00Z,84
4702921684,2016-03-22T00:00:00Z,85
4702921684,2016-03-22T01:00:00Z,87
4702921684,2016-03-22T02:00:00Z,87
4702921684,2016-03-22T03:00:00Z,88
4702921684,2016-03-22T04:00:00Z,86
4702921684,2016-03-22T05:00:00Z,84
4702921684,2016-03-22T06:00:00Z,164
4702921684,2016-03-22T07:00:00Z,119
4702921684,2016-03-22T08:00:00Z,103
4702921684,2016-03-22T09:00:00Z,197
4702921684,2016-03-22T10:00:00Z,127
4702921684,2016-03-22T11:00:00Z,104
4702921684,2016-03-22T12:00:00Z,209
4702921684,2016-03-22T13:00:00Z,108
4702921684,2016-03-22T14:00:00Z,117
4702921684,2016-03-22T15:00:00Z,100
4702921684,2016-03-22T16:00:00Z,121
4702921684,2016-03-22T17:00:00Z,173
4702921684,2016-03-22T18:00:00Z,174
4702921684,2016-03-22T19:00:00Z,225
4702921684,2016-03-22T20:00:00Z,172
4702921684,2016-03-22T21:00:00Z,179
4702921684,2016-03-22T22:00:00Z,137
4702921684,2016-03-22T23:00:00Z,85
4702921684,2016-03-23T00:00:00Z,85
4702921684,2016-03-23T01:00:00Z,84
4702921684,2016-03-23T02:00:00Z,86
4702921684,2016-03-23T03:00:00Z,85
4702921684,2016-03-23T04:00:00Z,85
4702921684,2016-03-23T05:00:00Z,86
4702921684,2016-03-23T06:00:00Z,180
4702921684,2016-03-23T07:00:00Z,129
4702921684,2016-03-23T08:00:00Z,96
4702921684,2016-03-23T09:00:00Z,141
4702921684,2016-03-23T10:00:00Z,106
4702921684,2016-03-23T11:00:00Z,146
4702921684,2016-03-23T12:00:00Z,112
4702921684,2016-03-23T13:00:00Z,110
4702921684,2016-03-23T14:00:00Z,112
4702921684,2016-03-23T15:00:00Z,102
4702921684,2016-03-23T16:00:00Z,130
4702921684,2016-03-23T17:00:00Z,174
4702921684,2016-03-23T18:00:00Z,170
4702921684,2016-03-23T19:00:00Z,167
4702921684,2016-03-23T20:00:00Z,131
4702921684,2016-03-23T21:00:00Z,136
4702921684,2016-03-23T22:00:00Z,133
4702921684,2016-03-23T23:00:00Z,84
4702921684,2016-03-24T00:00:00Z,84
4702921684,2016-03-24T01:00:00Z,85
4702921684,2016-03-24T02:00:00Z,85
4702921684,2016-03-24T03:00:00Z,84
4702921684,2016-03-24T04:00:00Z,89
4702921684,2016-03-24T05:00:00Z,91
4702921684,2016-03-24T06:00:00Z,166
4702921684,2016-03-24T07:00:00Z,111
4702921684,2016-03-24T08:00:00Z,106
4702921684,2016-03-24T09:00:00Z,193
4702921684,2016-03-24T10:00:00Z,119
4702921684,2016-03-24T11:00:00Z,92
4702921684,2016-03-24T12:00:00Z,181
4702921684,2016-03-24T13:00:00Z,98
4702921684,2016-03-24T14:00:00Z,118
4702921684,2016-03-24T15:00:00Z,96
4702921684,2016-03-24T16:00:00Z,119
4702921684,2016-03-24T17:00:00Z,183
4702921684,2016-03-24T18:00:00Z,156
4702921684,2016-03-24T19:00:00Z,169
4702921684,2016-03-24T20:00:00Z,146
4702921684,2016-03-24T21:00:00Z,199
4702921684,2016-03-24T22:00:00Z,94
4702921684,2016-03-24T23:00:00Z,84
4702921684,2016-03-25T00:00:00Z,85
4702921684,2016-03-25T01:00:00Z,85
4702921684,2016-03-25T02:00:00Z,85
4702921684,2016-03-25T03:00:00Z,84
4702921684,2016-03-25T04:00:00Z,85
4702921684,2016-03-25T05:00:00Z,87
4702921684,2016-03-25T06:00:00Z,157
4702921684,2016-03-25T07:00:00Z,165
4702921684,2016-03-25T08:00:00Z,97
4702921684,2016-03-25T09:00:00Z,116
4702921684,2016-03-25T10:00:00Z,112
4702921684,2016-03-25T11:00:00Z,92
4702921684,2016-03-25T12:00:00Z,126
4702921684,2016-03-25T13:00:00Z,104
4702921684,2016-03-25T14:00:00Z,115
4702921684,2016-03-25T15:00:00Z,109
4702921684,2016-03-25T16:00:00Z,108
4702921684,2016-03-25T17:00:00Z,206
4702921684,2016-03-25T18:00:00Z,178
4702921684,2016-03-25T19:00:00Z,162
4702921684,2016-03-25T20:00:00Z,124
4702921684,2016-03-25T21:00:00Z,137
4702921684,2016-03-25T22:00:00Z,117
4702921684,2016-03-25T23:00:00Z,85
4702921684,2016-03-26T00:00:00Z,84
4702921684,2016-03-26T01:00:00Z,84
4702921684,2016-03-26T02:00:00Z,85
4702921684,2016-03-26T03:00:00Z,84
4702921684,2016-03-26T04:00:00Z,85
4702921684,2016-03-26T05:00:00Z,85
4702921684,2016-03-26T06:00:00Z,90
4702921684,2016-03-26T07:00:00Z,164
4702921684,2016-03-26T08:00:00Z,132
4702921684,2016-03-26T09:00:00Z,155
4702921684,2016-03-26T10:00:00Z,261
4702921684,2016-03-26T11:00:00Z,248
4702921684,2016-03-26T12:00:00Z,289
4702921684,2016-03-26T13:00:00Z,181
4702921684,2016-03-26T14:00:00Z,214
4702921684,2016-03-26T15:00:00Z,176
4702921684,2016-03-26T16:00:00Z,199
4702921684,2016-03-26T17:00:00Z,125
4702921684,2016-03-26T18:00:00Z,172
4702921684,2016-03-26T19:00:00Z,162
4702921684,2016-03-26T20:00:00Z,162
4702921684,2016-03-26T21:00:00Z,204
4702921684,2016-03-26T22:00:00Z,131
4702921684,2016-03-26T23:00:00Z,84
4702921684,2016-03-27T00:00:00Z,85
4702921684,2016-03-27T01:00:00Z,85
4702921684,2016-03-27T02:00:00Z,85
4702921684,2016-03-27T03:00:00Z,84
4702921684,2016-03-27T04:00:00Z,84
4702921684,2016-03-27T05:00:00Z,87
4702921684,2016-03-27T06:00:00Z,84
4702921684,2016-03-27T07:00:00Z,154
4702921684,2016-03-27T08:00:00Z,121
4702921684,2016-03-27T09:00:00Z,258
4702921684,2016-03-27T10:00:00Z,126
4702921684,2016-03-27T11:00:00Z,130
4702921684,2016-03-27T12:00:00Z,290
4702921684,2016-03-27T13:00:00Z,263
4702921684,2016-03-27T14:00:00Z,244
4702921684,2016-03-27T15:00:00Z,293
4702921684,2016-03-27T16:00:00Z,122
4702921684,2016-03-27T17:00:00Z,172
4702921684,2016-03-27T18:00:00Z,145
4702921684,2016-03-27T19:00:00Z,84
4702921684,2016-03-27T20:00:00Z,116
4702921684,2016-03-27T21:00:00Z,94
4702921684,2016-03-27T22:00:00Z,87
4702921684,2016-03-27T23:00:00Z,85
4702921684,2016-03-28T00:00:00Z,84
4702921684,2016-03-28T01:00:00Z,84
4702921684,2016-03-28T02:00:00Z,86
4702921684,2016-03-28T03:00:00Z,84
4702921684,2016-03-28T04:00:00Z,84
4702921684,2016-03-28T05:00:00Z,85
4702921684,2016-03-28T06:00:00Z,169
4702921684,2016-03-28T07:00:00Z,135
4702921684,2016-03-28T08:00:00Z,116
4702921684,2016-03-28T09:00:00Z,94
4702921684,2016-03-28T10:00:00Z,124
4702921684,2016-03-28T11:00:00Z,105
4702921684,2016-03-28T12:00:00Z,128
4702921684,2016-03-28T13:00:00Z,103
4702921684,2016-03-28T14:00:00Z,114
4702921684,2016-03-28T15:00:00Z,87
4702921684,2016-03-28T16:00:00Z,99
4702921684,2016-03-28T17:00:00Z,189
4702921684,2016-03-28T18:00:00Z,153
4702921684,2016-03-28T19:00:00Z,221
4702921684,2016-03-28T20:00:00Z,207
4702921684,2016-03-28T21:00:00Z,198
4702921684,2016-03-28T22:00:00Z,142
4702921684,2016-03-28T23:00:00Z,84
4702921684,2016-03-29T00:00:00Z,87
4702921684,2016-03-29T01:00:00Z,84
4702921684,2016-03-29T02:00:00Z,84
4702921684,2016-03-29T03:00:00Z,87
4702921684,2016-03-29T04:00:00Z,85
4702921684,2016-03-29T05:00:00Z,85
4702921684,2016-03-29T06:00:00Z,159
4702921684,2016-03-29T07:00:00Z,108
4702921684,2016-03-29T08:00:00Z,96
4702921684,2016-03-29T09:00:00Z,188
4702921684,2016-03-29T10:00:00Z,90
4702921684,2016-03-29T11:00:00Z,114
4702921684,2016-03-29T12:00:00Z,108
4702921684,2016-03-29T13:00:00Z,100
4702921684,2016-03-29T14:00:00Z,118
4702921684,2016-03-29T15:00:00Z,116
4702921684,2016-03-29T16:00:00Z,113
4702921684,2016-03-29T17:00:00Z,182
4702921684,2016-03-29T18:00:00Z,164
4702921684,2016-03-29T19:00:00Z,153
4702921684,2016-03-29T20:00:00Z,154
4702921684,2016-03-29T21:00:00Z,182
4702921684,2016-03-29T22:00:00Z,144
4702921684,2016-03-29T23:00:00Z,84
4702921684,2016-03-30T00:00:00Z,84
4702921684,2016-03-30T01:00:00Z,85
4702921684,2016-03-30T02:00:00Z,85
4702921684,2016-03-30T03:00:00Z,85
4702921684,2016-03-30T04:00:00Z,89
4702921684,2016-03-30T05:00:00Z,98
4702921684,2016-03-30T06:00:00Z,178
4702921684,2016-03-30T07:00:00Z,119
4702921684,2016-03-30T08:00:00Z,91
4702921684,2016-03-30T09:00:00Z,156
4702921684,2016-03-30T10:00:00Z,99
4702921684,2016-03-30T11:00:00Z,159
4702921684,2016-03-30T12:00:00Z,112
4702921684,2016-03-30T13:00:00Z,97
4702921684,2016-03-30T14:00:00Z,101
4702921684,2016-03-30T15:00:00Z,104
4702921684,2016-03-30T16:00:00Z,118
4702921684,2016-03-30T17:00:00Z,179
4702921684,2016-03-30T18:00:00Z,181
4702921684,2016-03-30T19:00:00Z,146
4702921684,2016-03-30T20:00:00Z,172
4702921684,2016-03-30T21:00:00Z,191
4702921684,2016-03-30T22:00:00Z,99
4702921684,2016-03-30T23:00:00Z,87
4702921684,2016-03-31T00:00:00Z,84
4702921684,2016-03-31T01:00:00Z,85
4702921684,2016-03-31T02:00:00Z,85
4702921684,2016-03-31T03:00:00Z,84
4702921684,2016-03-31T04:00:00Z,84
4702921684,2016-03-31T05:00:00Z,85
4702921684,2016-03-31T06:00:00Z,184
4702921684,2016-03-31T07:00:00Z,112
4702921684,2016-03-31T08:00:00Z,102
4702921684,2016-03-31T09:00:00Z,120
4702921684,2016-03-31T10:00:00Z,107
4702921684,2016-03-31T11:00:00Z,109
4702921684,2016-03-31T12:00:00Z,127
4702921684,2016-03-31T13:00:00Z,96
4702921684,2016-03-31T14:00:00Z,101
4702921684,2016-03-31T15:00:00Z,111
4702921684,2016-03-31T16:00:00Z,115
4702921684,2016-03-31T17:00:00Z,174
4702921684,2016-03-31T18:00:00Z,165
4702921684,2016-03-31T19:00:00Z,177
4702921684,2016-03-31T20:00:00Z,187
4702921684,2016-03-31T21:00:00Z,195
4702921684,2016-03-31T22:00:00Z,122
4702921684,2016-03-31T23:00:00Z,85
4702921684,2016-04-01T00:00:00Z,85
4702921684,2016-04-01T01:00:00Z,85
4702921684,2016-04-01T02:00:00Z,85
4702921684,2016-04-01T03:00:00Z,85
4702921684,2016-04-01T04:00:00Z,85
4702921684,2016-04-01T05:00:00Z,88
4702921684,2016-04-01T06:00:00Z,173
4702921684,2016-04-01T07:00:00Z,139
4702921684,2016-04-01T08:00:00Z,132
4702921684,2016-04-01T09:00:00Z,183
4702921684,2016-04-01T10:00:00Z,88
4702921684,2016-04-01T11:00:00Z,118
4702921684,2016-04-01T12:00:00Z,134
4702921684,2016-04-01T13:00:00Z,104
4702921684,2016-04-01T14:00:00Z,103
4702921684,2016-04-01T15:00:00Z,105
4702921684,2016-04-01T16:00:00Z,109
4702921684,2016-04-01T17:00:00Z,184
4702921684,2016-04-01T18:00:00Z,219
4702921684,2016-04-01T19:00:00Z,158
4702921684,2016-04-01T20:00:00Z,152
4702921684,2016-04-01T21:00:00Z,141
4702921684,2016-04-01T22:00:00Z,84
4702921684,2016-04-01T23:00:00Z,84
4702921684,2016-04-02T00:00:00Z,85
4702921684,2016-04-02T01:00:00Z,84
4702921684,2016-04-02T02:00:00Z,85
4702921684,2016-04-02T03:00:00Z,85
4702921684,2016-04-02T04:00:00Z,85
4702921684,2016-04-02T05:00:00Z,85
4702921684,2016-04-02T06:00:00Z,87
4702921684,2016-04-02T07:00:00Z,126
4702921684,2016-04-02T08:00:00Z,128
4702921684,2016-04-02T09:00:00Z,145
4702921684,2016-04-02T10:00:00Z,233
4702921684,2016-04-02T11:00:00Z,218
4702921684,2016-04-02T12:00:00Z,217
4702921684,2016-04-02T13:00:00Z,140
4702921684,2016-04-02T14:00:00Z,203
4702921684,2016-04-02T15:00:00Z,124
4702921684,2016-04-02T16:00:00Z,214
4702921684,2016-04-02T17:00:00Z,178
4702921684,2016-04-02T18:00:00Z,147
4702921684,2016-04-02T19:00:00Z,164
4702921684,2016-04-02T20:00:00Z,181
4702921684,2016-04-02T21:00:00Z,139
4702921684,2016-04-02T22:00:00Z,85
4702921684,2016-04-02T23:00:00Z,86
4702921684,2016-04-03T00:00:00Z,85
4702921684,2016-04-03T01:00:00Z,85
4702921684,2016-04-03T02:00:00Z,85
4702921684,2016-04-03T03:00:00Z,85
4702921684,2016-04-03T04:00:00Z,85
4702921684,2016-04-03T05:00:00Z,85
4702921684,2016-04-03T06:00:00Z,85
4702921684,2016-04-03T07:00:00Z,89
4702921684,2016-04-03T08:00:00Z,124
4702921684,2016-04-03T09:00:00Z,198
4702921684,2016-04-03T10:00:00Z,140
4702921684,2016-04-03T11:00:00Z,203
4702921684,2016-04-03T12:00:00Z,247
4702921684,2016-04-03T13:00:00Z,219
4702921684,2016-04-03T14:00:00Z,214
4702921684,2016-04-03T15:00:00Z,290
4702921684,2016-04-03T16:00:00Z,153
4702921684,2016-04-03T17:00:00Z,176
4702921684,2016-04-03T18:00:00Z,138
4702921684,2016-04-03T19:00:00Z,118
4702921684,2016-04-03T20:00:00Z,144
4702921684,2016-04-03T21:00:00Z,140
4702921684,2016-04-03T22:00:00Z,85
4702921684,2016-04-03T23:00:00Z,85
4702921684,2016-04-04T00:00:00Z,85
4702921684,2016-04-04T01:00:00Z,85
4702921684,2016-04-04T02:00:00Z,86
4702921684,2016-04-04T03:00:00Z,85
4702921684,2016-04-04T04:00:00Z,84
4702921684,2016-04-04T05:00:00Z,85
4702921684,2016-04-04T06:00:00Z,212
4702921684,2016-04-04T07:00:00Z,134
4702921684,2016-04-04T08:00:00Z,95
4702921684,2016-04-04T09:00:00Z,97
4702921684,2016-04-04T10:00:00Z,105
4702921684,2016-04-04T11:00:00Z,103
4702921684,2016-04-04T12:00:00Z,182
4702921684,2016-04-04T13:00:00Z,118
4702921684,2016-04-04T14:00:00Z,100
4702921684,2016-04-04T15:00:00Z,115
4702921684,2016-04-04T16:00:00Z,98
4702921684,2016-04-04T17:00:00Z,187
4702921684,2016-04-04T18:00:00Z,175
4702921684,2016-04-04T19:00:00Z,194
4702921684,2016-04-04T20:00:00Z,134
4702921684,2016-04-04T21:00:00Z,184
4702921684,2016-04-04T22:00:00Z,103
4702921684,2016-04-04T23:00:00Z,84
4702921684,2016-04-05T00:00:00Z,85
4702921684,2016-04-05T01:00:00Z,86
4702921684,2016-04-05T02:00:00Z,85
4702921684,2016-04-05T03:00:00Z,86
4702921684,2016-04-05T04:00:00Z,87
4702921684,2016-04-05T05:00:00Z,85
4702921684,2016-04-05T06:00:00Z,145
4702921684,2016-04-05T07:00:00Z,120
4702921684,2016-04-05T08:00:00Z,105
4702921684,2016-04-05T09:00:00Z,206
4702921684,2016-04-05T10:00:00Z,92
4702921684,2016-04-05T11:00:00Z,127
4702921684,2016-04-05T12:00:00Z,119
4702921684,2016-04-05T13:00:00Z,106
4702921684,2016-04-05T14:00:00Z,133
4702921684,2016-04-05T15:00:00Z,109
4702921684,2016-04-05T16:00:00Z,127
4702921684,2016-04-05T17:00:00Z,174
4702921684,2016-04-05T18:00:00Z,196
4702921684,2016-04-05T19:00:00Z,92
4702921684,2016-04-05T20:00:00Z,117
4702921684,2016-04-05T21:00:00Z,163
4702921684,2016-04-05T22:00:00Z,120
4702921684,2016-04-05T23:00:00Z,85
4702921684,2016-04-06T00:00:00Z,84
4702921684,2016-04-06T01:00:00Z,85
4702921684,2016-04-06T02:00:00Z,85
4702921684,2016-04-06T03:00:00Z,84
4702921684,2016-04-06T04:00:00Z,84
4702921684,2016-04-06T05:00:00Z,85
4702921684,2016-04-06T06:00:00Z,169
4702921684,2016-04-06T07:00:00Z,138
4702921684,2016-04-06T08:00:00Z,101
4702921684,2016-04-06T09:00:00Z,134
4702921684,2016-04-06T10:00:00Z,94
4702921684,2016-04-06T11:00:00Z,150
4702921684,2016-04-06T12:00:00Z,123
4702921684,2016-04-06T13:00:00Z,105
4702921684,2016-04-06T14:00:00Z,108
4702921684,2016-04-06T15:00:00Z,108
4702921684,2016-04-06T16:00:00Z,117
4702921684,2016-04-06T17:00:00Z,189
4702921684,2016-04-06T18:00:00Z,184
4702921684,2016-04-06T19:00:00Z,156
4702921684,2016-04-06T20:00:00Z,194
4702921684,2016-04-06T21:00:00Z,181
4702921684,2016-04-06T22:00:00Z,99
4702921684,2016-04-06T23:00:00Z,84
4702921684,2016-04-07T00:00:00Z,84
4702921684,2016-04-07T01:00:00Z,84
4702921684,2016-04-07T02:00:00Z,85
4702921684,2016-04-07T03:00:00Z,85
4702921684,2016-04-07T04:00:00Z,85
4702921684,2016-04-07T05:00:00Z,85
4702921684,2016-04-07T06:00:00Z,179
4702921684,2016-04-07T07:00:00Z,112
4702921684,2016-04-07T08:00:00Z,103
4702921684,2016-04-07T09:00:00Z,196
4702921684,2016-04-07T10:00:00Z,95
4702921684,2016-04-07T11:00:00Z,124
4702921684,2016-04-07T12:00:00Z,102
4702921684,2016-04-07T13:00:00Z,115
4702921684,2016-04-07T14:00:00Z,99
4702921684,2016-04-07T15:00:00Z,88
4702921684,2016-04-07T16:00:00Z,119
4702921684,2016-04-07T17:00:00Z,142
4702921684,2016-04-07T18:00:00Z,181
4702921684,2016-04-07T19:00:00Z,176
4702921684,2016-04-07T20:00:00Z,169
4702921684,2016-04-07T21:00:00Z,119
4702921684,2016-04-07T22:00:00Z,110
4702921684,2016-04-07T23:00:00Z,85
4702921684,2016-04-08T00:00:00Z,87
4702921684,2016-04-08T01:00:00Z,86
4702921684,2016-04-08T02:00:00Z,85
4702921684,2016-04-08T03:00:00Z,85
4702921684,2016-04-08T04:00:00Z,85
4702921684,2016-04-08T05:00:00Z,85
4702921684,2016-04-08T06:00:00Z,169
4702921684,2016-04-08T07:00:00Z,136
4702921684,2016-04-08T08:00:00Z,105
4702921684,2016-04-08T09:00:00Z,209
4702921684,2016-04-08T10:00:00Z,104
4702921684,2016-04-08T11:00:00Z,90
4702921684,2016-04-08T12:00:00Z,137
4702921684,2016-04-08T13:00:00Z,99
4702921684,2016-04-08T14:00:00Z,89
4702921684,2016-04-08T15:00:00Z,120
4702921684,2016-04-08T16:00:00Z,117
4702921684,2016-04-08T17:00:00Z,203
4702921684,2016-04-08T18:00:00Z,256
4702921684,2016-04-08T19:00:00Z,167
4702921684,2016-04-08T20:00:00Z,128
4702921684,2016-04-08T21:00:00Z,120
4702921684,2016-04-08T22:00:00Z,126
4702921684,2016-04-08T23:00:00Z,85
4702921684,2016-04-09T00:00:00Z,85
4702921684,2016-04-09T01:00:00Z,85
4702921684,2016-04-09T02:00:00Z,84
4702921684,2016-04-09T03:00:00Z,85
4702921684,2016-04-09T04:00:00Z,86
4702921684,2016-04-09T05:00:00Z,84
4702921684,2016-04-09T06:00:00Z,85
4702921684,2016-04-09T07:00:00Z,160
4702921684,2016-04-09T08:00:00Z,122
4702921684,2016-04-09T09:00:00Z,140
4702921684,2016-04-09T10:00:00Z,144
4702921684,2016-04-09T11:00:00Z,211
4702921684,2016-04-09T12:00:00Z,207
4702921684,2016-04-09T13:00:00Z,248
4702921684,2016-04-09T14:00:00Z,205
4702921684,2016-04-09T15:00:00Z,231
4702921684,2016-04-09T16:00:00Z,231
4702921684,2016-04-09T17:00:00Z,180
4702921684,2016-04-09T18:00:00Z,211
4702921684,2016-04-09T19:00:00Z,131
4702921684,2016-04-09T20:00:00Z,133
4702921684,2016-04-09T21:00:00Z,168
4702921684,2016-04-09T22:00:00Z,148
4702921684,2016-04-09T23:00:00Z,134
4702921684,2016-04-10T00:00:00Z,86
4702921684,2016-04-10T01:00:00Z,84
4702921684,2016-04-10T02:00:00Z,84
4702921684,2016-04-10T03:00:00Z,84
4702921684,2016-04-10T04:00:00Z,87
4702921684,2016-04-10T05:00:00Z,88
4702921684,2016-04-10T06:00:00Z,95
4702921684,2016-04-10T07:00:00Z,84
4702921684,2016-04-10T08:00:00Z,138
4702921684,2016-04-10T09:00:00Z,162
4702921684,2016-04-10T10:00:00Z,127
4702921684,2016-04-10T11:00:00Z,147
4702921684,2016-04-10T12:00:00Z,217
4702921684,2016-04-10T13:00:00Z,224
4702921684,2016-04-10T14:00:00Z,252
4702921684,2016-04-10T15:00:00Z,271
4702921684,2016-04-10T16:00:00Z,273
4702921684,2016-04-10T17:00:00Z,176
4702921684,2016-04-10T18:00:00Z,119
4702921684,2016-04-10T19:00:00Z,84
4702921684,2016-04-10T20:00:00Z,87
4702921684,2016-04-10T21:00:00Z,84
4702921684,2016-04-10T22:00:00Z,89
4702921684,2016-04-10T23:00:00Z,84
4702921684,2016-04-11T00:00:00Z,84
4702921684,2016-04-11T01:00:00Z,84
4702921684,2016-04-11T02:00:00Z,85
4702921684,2016-04-11T03:00:00Z,85
4702921684,2016-04-11T04:00:00Z,84
4702921684,2016-04-11T05:00:00Z,85
4702921684,2016-04-11T06:00:00Z,152
4702921684,2016-04-11T07:00:00Z,106
4702921684,2016-04-11T08:00:00Z,107
4702921684,2016-04-11T09:00:00Z,209
4702921684,2016-04-11T10:00:00Z,89
4702921684,2016-04-11T11:00:00Z,102
4702921684,2016-04-11T12:00:00Z,125
4702921684,2016-04-11T13:00:00Z,104
4702921684,2016-04-11T14:00:00Z,120
4702921684,2016-04-11T15:00:00Z,100
4702921684,2016-04-11T16:00:00Z,89
4702921684,2016-04-11T17:00:00Z,172
4702921684,2016-04-11T18:00:00Z,159
4702921684,2016-04-11T19:00:00Z,138
4702921684,2016-04-11T20:00:00Z,199
4702921684,2016-04-11T21:00:00Z,143
5553957443,2016-03-12T00:00:00Z,60
5553957443,2016-03-12T01:00:00Z,55
5553957443,2016-03-12T02:00:00Z,55
5553957443,2016-03-12T03:00:00Z,57
5553957443,2016-03-12T04:00:00Z,55
5553957443,2016-03-12T05:00:00Z,55
5553957443,2016-03-12T06:00:00Z,55
5553957443,2016-03-12T07:00:00Z,56
5553957443,2016-03-12T08:00:00Z,57
5553957443,2016-03-12T09:00:00Z,55
5553957443,2016-03-12T10:00:00Z,77
5553957443,2016-03-12T11:00:00Z,65
5553957443,2016-03-12T12:00:00Z,58
5553957443,2016-03-12T13:00:00Z,59
5553957443,2016-03-12T14:00:00Z,70
5553957443,2016-03-12T15:00:00Z,64
5553957443,2016-03-12T16:00:00Z,59
5553957443,2016-03-12T17:00:00Z,60
5553957443,2016-03-12T18:00:00Z,71
5553957443,2016-03-12T19:00:00Z,58
5553957443,2016-03-12T20:00:00Z,89
5553957443,2016-03-12T21:00:00Z,59
5553957443,2016-03-12T22:00:00Z,57
5553957443,2016-03-12T23:00:00Z,84
5553957443,2016-03-13T00:00:00Z,58
5553957443,2016-03-13T01:00:00Z,55
5553957443,2016-03-13T02:00:00Z,55
5553957443,2016-03-13T03:00:00Z,55
5553957443,2016-03-13T04:00:00Z,55
5553957443,2016-03-13T05:00:00Z,55
5553957443,2016-03-13T06:00:00Z,65
5553957443,2016-03-13T07:00:00Z,55
5553957443,2016-03-13T08:00:00Z,55
5553957443,2016-03-13T09:00:00Z,55
5553957443,2016-03-13T10:00:00Z,77
5553957443,2016-03-13T11:00:00Z,63
5553957443,2016-03-13T12:00:00Z,59
5553957443,2016-03-13T13:00:00Z,120
5553957443,2016-03-13T14:00:00Z,134
5553957443,2016-03-13T15:00:00Z,138
5553957443,2016-03-13T16:00:00Z,72
5553957443,2016-03-13T17:00:00Z,58
5553957443,2016-03-13T18:00:00Z,89
5553957443,2016-03-13T19:00:00Z,71
5553957443,2016-03-13T20:00:00Z,93
5553957443,2016-03-13T21:00:00Z,62
5553957443,2016-03-13T22:00:00Z,55
5553957443,2016-03-13T23:00:00Z,55
5553957443,2016-03-14T00:00:00Z,56
5553957443,2016-03-14T01:00:00Z,55
5553957443,2016-03-14T02:00:00Z,56
5553957443,2016-03-14T03:00:00Z,56
5553957443,2016-03-14T04:00:00Z,55
5553957443,2016-03-14T05:00:00Z,105
5553957443,2016-03-14T06:00:00Z,70
5553957443,2016-03-14T07:00:00Z,163
5553957443,2016-03-14T08:00:00Z,69
5553957443,2016-03-14T09:00:00Z,64
5553957443,2016-03-14T10:00:00Z,62
5553957443,2016-03-14T11:00:00Z,62
5553957443,2016-03-14T12:00:00Z,87
5553957443,2016-03-14T13:00:00Z,76
5553957443,2016-03-14T14:00:00Z,63
5553957443,2016-03-14T15:00:00Z,65
5553957443,2016-03-14T16:00:00Z,154
5553957443,2016-03-14T17:00:00Z,223
5553957443,2016-03-14T18:00:00Z,181
5553957443,2016-03-14T19:00:00Z,82
5553957443,2016-03-14T20:00:00Z,92
5553957443,2016-03-14T21:00:00Z,96
5553957443,2016-03-14T22:00:00Z,73
5553957443,2016-03-14T23:00:00Z,67
5553957443,2016-03-15T00:00:00Z,56
5553957443,2016-03-15T01:00:00Z,55
5553957443,2016-03-15T02:00:00Z,62
5553957443,2016-03-15T03:00:00Z,55
5553957443,2016-03-15T04:00:00Z,56
5553957443,2016-03-15T05:00:00Z,56
5553957443,2016-03-15T06:00:00Z,104
5553957443,2016-03-15T07:00:00Z,104
5553957443,2016-03-15T08:00:00Z,64
5553957443,2016-03-15T09:00:00Z,65
5553957443,2016-03-15T10:00:00Z,88
5553957443,2016-03-15T11:00:00Z,175
5553957443,2016-03-15T12:00:00Z,104
5553957443,2016-03-15T13:00:00Z,66
5553957443,2016-03-15T14:00:00Z,67
5553957443,2016-03-15T15:00:00Z,66
5553957443,2016-03-15T16:00:00Z,130
5553957443,2016-03-15T17:00:00Z,121
5553957443,2016-03-15T18:00:00Z,114
5553957443,2016-03-15T19:00:00Z,100
5553957443,2016-03-15T20:00:00Z,102
5553957443,2016-03-15T21:00:00Z,85
5553957443,2016-03-15T22:00:00Z,89
5553957443,2016-03-15T23:00:00Z,55
5553957443,2016-03-16T00:00:00Z,55
5553957443,2016-03-16T01:00:00Z,56
5553957443,2016-03-16T02:00:00Z,56
5553957443,2016-03-16T03:00:00Z,57
5553957443,2016-03-16T04:00:00Z,58
5553957443,2016-03-16T05:00:00Z,58
5553957443,2016-03-16T06:00:00Z,100
5553957443,2016-03-16T07:00:00Z,145
5553957443,2016-03-16T08:00:00Z,69
5553957443,2016-03-16T09:00:00Z,76
5553957443,2016-03-16T10:00:00Z,60
5553957443,2016-03-16T11:00:00Z,58
5553957443,2016-03-16T12:00:00Z,74
5553957443,2016-03-16T13:00:00Z,81
5553957443,2016-03-16T14:00:00Z,62
5553957443,2016-03-16T15:00:00Z,58
5553957443,2016-03-16T16:00:00Z,93
5553957443,2016-03-16T17:00:00Z,216
5553957443,2016-03-16T18:00:00Z,168
5553957443,2016-03-16T19:00:00Z,106
5553957443,2016-03-16T20:00:00Z,63
5553957443,2016-03-16T21:00:00Z,91
5553957443,2016-03-16T22:00:00Z,94
5553957443,2016-03-16T23:00:00Z,108
5553957443,2016-03-17T00:00:00Z,71
5553957443,2016-03-17T01:00:00Z,55
5553957443,2016-03-17T02:00:00Z,56
5553957443,2016-03-17T03:00:00Z,56
5553957443,2016-03-17T04:00:00Z,55
5553957443,2016-03-17T05:00:00Z,110
5553957443,2016-03-17T06:00:00Z,119
5553957443,2016-03-17T07:00:00Z,79
5553957443,2016-03-17T08:00:00Z,62
5553957443,2016-03-17T09:00:00Z,68
5553957443,2016-03-17T10:00:00Z,64
5553957443,2016-03-17T11:00:00Z,74
5553957443,2016-03-17T12:00:00Z,63
5553957443,2016-03-17T13:00:00Z,76
5553957443,2016-03-17T14:00:00Z,93
5553957443,2016-03-17T15:00:00Z,120
5553957443,2016-03-17T16:00:00Z,92
5553957443,2016-03-17T17:00:00Z,59
5553957443,2016-03-17T18:00:00Z,57
5553957443,2016-03-17T19:00:00Z,55
5553957443,2016-03-17T20:00:00Z,76
5553957443,2016-03-17T21:00:00Z,91
5553957443,2016-03-17T22:00:00Z,56
5553957443,2016-03-17T23:00:00Z,56
5553957443,2016-03-18T00:00:00Z,56
5553957443,2016-03-18T01:00:00Z,60
5553957443,2016-03-18T02:00:00Z,90
5553957443,2016-03-18T03:00:00Z,65
5553957443,2016-03-18T04:00:00Z,60
5553957443,2016-03-18T05:00:00Z,83
5553957443,2016-03-18T06:00:00Z,103
5553957443,2016-03-18T07:00:00Z,92
5553957443,2016-03-18T08:00:00Z,58
5553957443,2016-03-18T09:00:00Z,84
5553957443,2016-03-18T10:00:00Z,81
5553957443,2016-03-18T11:00:00Z,66
5553957443,2016-03-18T12:00:00Z,59
5553957443,2016-03-18T13:00:00Z,59
5553957443,2016-03-18T14:00:00Z,58
5553957443,2016-03-18T15:00:00Z,55
5553957443,2016-03-18T16:00:00Z,55
5553957443,2016-03-18T17:00:00Z,55
5553957443,2016-03-18T18:00:00Z,55
5553957443,2016-03-18T19:00:00Z,55
5553957443,2016-03-18T20:00:00Z,55
5553957443,2016-03-18T21:00:00Z,55
5553957443,2016-03-18T22:00:00Z,55
5553957443,2016-03-18T23:00:00Z,55
5553957443,2016-03-19T00:00:00Z,55
5553957443,2016-03-19T01:00:00Z,55
5553957443,2016-03-19T02:00:00Z,55
5553957443,2016-03-19T03:00:00Z,55
5553957443,2016-03-19T04:00:00Z,55
5553957443,2016-03-19T05:00:00Z,55
5553957443,2016-03-19T06:00:00Z,55
5553957443,2016-03-19T07:00:00Z,55
5553957443,2016-03-19T08:00:00Z,55
5553957443,2016-03-19T09:00:00Z,55
5553957443,2016-03-19T10:00:00Z,55
5553957443,2016-03-19T11:00:00Z,55
5553957443,2016-03-19T12:00:00Z,55
5553957443,2016-03-19T13:00:00Z,55
5553957443,2016-03-19T14:00:00Z,55
5553957443,2016-03-19T15:00:00Z,55
5553957443,2016-03-19T16:00:00Z,55
5553957443,2016-03-19T17:00:00Z,55
5553957443,2016-03-19T18:00:00Z,55
5553957443,2016-03-19T19:00:00Z,55
5553957443,2016-03-19T20:00:00Z,55
5553957443,2016-03-19T21:00:00Z,55
5553957443,2016-03-19T22:00:00Z,55
5553957443,2016-03-19T23:00:00Z,55
5553957443,2016-03-20T00:00:00Z,55
5553957443,2016-03-20T01:00:00Z,55
5553957443,2016-03-20T02:00:00Z,55
5553957443,2016-03-20T03:00:00Z,55
5553957443,2016-03-20T04:00:00Z,55
5553957443,2016-03-20T05:00:00Z,55
5553957443,2016-03-20T06:00:00Z,55
5553957443,2016-03-20T07:00:00Z,55
5553957443,2016-03-20T08:00:00Z,55
5553957443,2016-03-20T09:00:00Z,55
5553957443,2016-03-20T10:00:00Z,55
5553957443,2016-03-20T11:00:00Z,55
5553957443,2016-03-20T12:00:00Z,55
5553957443,2016-03-20T13:00:00Z,55
5553957443,2016-03-20T14:00:00Z,55
5553957443,2016-03-20T15:00:00Z,55
5553957443,2016-03-20T16:00:00Z,55
5553957443,2016-03-20T17:00:00Z,55
5553957443,2016-03-20T18:00:00Z,55
5553957443,2016-03-20T19:00:00Z,55
5553957443,2016-03-20T20:00:00Z,55
5553957443,2016-03-20T21:00:00Z,55
5553957443,2016-03-20T22:00:00Z,55
5553957443,2016-03-20T23:00:00Z,55
5553957443,2016-03-21T00:00:00Z,55
5553957443,2016-03-21T01:00:00Z,55
5553957443,2016-03-21T02:00:00Z,55
5553957443,2016-03-21T03:00:00Z,55
5553957443,2016-03-21T04:00:00Z,55
5553957443,2016-03-21T05:00:00Z,55
5553957443,2016-03-21T06:00:00Z,55
5553957443,2016-03-21T07:00:00Z,55
5553957443,2016-03-21T08:00:00Z,55
5553957443,2016-03-21T09:00:00Z,60
5553957443,2016-03-21T10:00:00Z,55
5553957443,2016-03-21T11:00:00Z,55
5553957443,2016-03-21T12:00:00Z,59
5553957443,2016-03-21T13:00:00Z,96
5553957443,2016-03-21T14:00:00Z,111
5553957443,2016-03-21T15:00:00Z,61
5553957443,2016-03-21T16:00:00Z,67
5553957443,2016-03-21T17:00:00Z,71
5553957443,2016-03-21T18:00:00Z,88
5553957443,2016-03-21T19:00:00Z,97
5553957443,2016-03-21T20:00:00Z,79
5553957443,2016-03-21T21:00:00Z,66
5553957443,2016-03-21T22:00:00Z,75
5553957443,2016-03-21T23:00:00Z,80
5553957443,2016-03-22T00:00:00Z,71
5553957443,2016-03-22T01:00:00Z,67
5553957443,2016-03-22T02:00:00Z,55
5553957443,2016-03-22T03:00:00Z,56
5553957443,2016-03-22T04:00:00Z,55
5553957443,2016-03-22T05:00:00Z,56
5553957443,2016-03-22T06:00:00Z,57
5553957443,2016-03-22T07:00:00Z,57
5553957443,2016-03-22T08:00:00Z,55
5553957443,2016-03-22T09:00:00Z,55
5553957443,2016-03-22T10:00:00Z,57
5553957443,2016-03-22T11:00:00Z,56
5553957443,2016-03-22T12:00:00Z,61
5553957443,2016-03-22T13:00:00Z,77
5553957443,2016-03-22T14:00:00Z,89
5553957443,2016-03-22T15:00:00Z,55
5553957443,2016-03-22T16:00:00Z,55
5553957443,2016-03-22T17:00:00Z,55
5553957443,2016-03-22T18:00:00Z,55
5553957443,2016-03-22T19:00:00Z,55
5553957443,2016-03-22T20:00:00Z,55
5553957443,2016-03-22T21:00:00Z,55
5553957443,2016-03-22T22:00:00Z,55
5553957443,2016-03-22T23:00:00Z,55
5553957443,2016-03-23T00:00:00Z,55
5553957443,2016-03-23T01:00:00Z,55
5553957443,2016-03-23T02:00:00Z,55
5553957443,2016-03-23T03:00:00Z,55
5553957443,2016-03-23T04:00:00Z,55
5553957443,2016-03-23T05:00:00Z,55
5553957443,2016-03-23T06:00:00Z,55
5553957443,2016-03-23T07:00:00Z,61
5553957443,2016-03-23T08:00:00Z,58
5553957443,2016-03-23T09:00:00Z,59
5553957443,2016-03-23T10:00:00Z,59
5553957443,2016-03-23T11:00:00Z,56
5553957443,2016-03-23T12:00:00Z,63
5553957443,2016-03-23T13:00:00Z,86
5553957443,2016-03-23T14:00:00Z,115
5553957443,2016-03-23T15:00:00Z,61
5553957443,2016-03-23T16:00:00Z,59
5553957443,2016-03-23T17:00:00Z,79
5553957443,2016-03-23T18:00:00Z,81
5553957443,2016-03-23T19:00:00Z,87
5553957443,2016-03-23T20:00:00Z,95
5553957443,2016-03-23T21:00:00Z,63
5553957443,2016-03-23T22:00:00Z,76
5553957443,2016-03-23T23:00:00Z,62
5553957443,2016-03-24T00:00:00Z,78
5553957443,2016-03-24T01:00:00Z,63
5553957443,2016-03-24T02:00:00Z,57
5553957443,2016-03-24T03:00:00Z,56
5553957443,2016-03-24T04:00:00Z,55
5553957443,2016-03-24T05:00:00Z,57
5553957443,2016-03-24T06:00:00Z,59
5553957443,2016-03-24T07:00:00Z,55
5553957443,2016-03-24T08:00:00Z,59
5553957443,2016-03-24T09:00:00Z,103
5553957443,2016-03-24T10:00:00Z,68
5553957443,2016-03-24T11:00:00Z,104
5553957443,2016-03-24T12:00:00Z,175
5553957443,2016-03-24T13:00:00Z,98
5553957443,2016-03-24T14:00:00Z,73
5553957443,2016-03-24T15:00:00Z,65
5553957443,2016-03-24T16:00:00Z,62
5553957443,2016-03-24T17:00:00Z,66
5553957443,2016-03-24T18:00:00Z,95
5553957443,2016-03-24T19:00:00Z,71
5553957443,2016-03-24T20:00:00Z,70
5553957443,2016-03-24T21:00:00Z,121
5553957443,2016-03-24T22:00:00Z,77
5553957443,2016-03-24T23:00:00Z,73
5553957443,2016-03-25T00:00:00Z,73
5553957443,2016-03-25T01:00:00Z,67
5553957443,2016-03-25T02:00:00Z,55
5553957443,2016-03-25T03:00:00Z,55
5553957443,2016-03-25T04:00:00Z,58
5553957443,2016-03-25T05:00:00Z,57
5553957443,2016-03-25T06:00:00Z,58
5553957443,2016-03-25T07:00:00Z,55
5553957443,2016-03-25T08:00:00Z,55
5553957443,2016-03-25T09:00:00Z,56
5553957443,2016-03-25T10:00:00Z,57
5553957443,2016-03-25T11:00:00Z,57
5553957443,2016-03-25T12:00:00Z,62
5553957443,2016-03-25T13:00:00Z,84
5553957443,2016-03-25T14:00:00Z,96
5553957443,2016-03-25T15:00:00Z,71
5553957443,2016-03-25T16:00:00Z,65
5553957443,2016-03-25T17:00:00Z,82
5553957443,2016-03-25T18:00:00Z,110
5553957443,2016-03-25T19:00:00Z,107
5553957443,2016-03-25T20:00:00Z,67
5553957443,2016-03-25T21:00:00Z,72
5553957443,2016-03-25T22:00:00Z,82
5553957443,2016-03-25T23:00:00Z,83
5553957443,2016-03-26T00:00:00Z,104
5553957443,2016-03-26T01:00:00Z,94
5553957443,2016-03-26T02:00:00Z,71
5553957443,2016-03-26T03:00:00Z,57
5553957443,2016-03-26T04:00:00Z,56
5553957443,2016-03-26T05:00:00Z,55
5553957443,2016-03-26T06:00:00Z,81
5553957443,2016-03-26T07:00:00Z,78
5553957443,2016-03-26T08:00:00Z,73
5553957443,2016-03-26T09:00:00Z,90
5553957443,2016-03-26T10:00:00Z,57
5553957443,2016-03-26T11:00:00Z,58
5553957443,2016-03-26T12:00:00Z,80
5553957443,2016-03-26T13:00:00Z,89
5553957443,2016-03-26T14:00:00Z,71
5553957443,2016-03-26T15:00:00Z,56
5553957443,2016-03-26T16:00:00Z,55
5553957443,2016-03-26T17:00:00Z,55
5553957443,2016-03-26T18:00:00Z,99
5553957443,2016-03-26T19:00:00Z,127
5553957443,2016-03-26T20:00:00Z,106
5553957443,2016-03-26T21:00:00Z,62
5553957443,2016-03-26T22:00:00Z,56
5553957443,2016-03-26T23:00:00Z,57
5553957443,2016-03-27T00:00:00Z,100
5553957443,2016-03-27T01:00:00Z,98
5553957443,2016-03-27T02:00:00Z,58
5553957443,2016-03-27T03:00:00Z,55
5553957443,2016-03-27T04:00:00Z,55
5553957443,2016-03-27T05:00:00Z,58
5553957443,2016-03-27T06:00:00Z,62
5553957443,2016-03-27T07:00:00Z,57
5553957443,2016-03-27T08:00:00Z,57
5553957443,2016-03-27T09:00:00Z,59
5553957443,2016-03-27T10:00:00Z,56
5553957443,2016-03-27T11:00:00Z,59
5553957443,2016-03-27T12:00:00Z,86
5553957443,2016-03-27T13:00:00Z,57
5553957443,2016-03-27T14:00:00Z,55
5553957443,2016-03-27T15:00:00Z,60
5553957443,2016-03-27T16:00:00Z,61
5553957443,2016-03-27T17:00:00Z,68
5553957443,2016-03-27T18:00:00Z,59
5553957443,2016-03-27T19:00:00Z,78
5553957443,2016-03-27T20:00:00Z,60
5553957443,2016-03-27T21:00:00Z,55
5553957443,2016-03-27T22:00:00Z,81
5553957443,2016-03-27T23:00:00Z,60
5553957443,2016-03-28T00:00:00Z,55
5553957443,2016-03-28T01:00:00Z,57
5553957443,2016-03-28T02:00:00Z,56
5553957443,2016-03-28T03:00:00Z,55
5553957443,2016-03-28T04:00:00Z,57
5553957443,2016-03-28T05:00:00Z,56
5553957443,2016-03-28T06:00:00Z,60
5553957443,2016-03-28T07:00:00Z,58
5553957443,2016-03-28T08:00:00Z,55
5553957443,2016-03-28T09:00:00Z,58
5553957443,2016-03-28T10:00:00Z,57
5553957443,2016-03-28T11:00:00Z,156
5553957443,2016-03-28T12:00:00Z,67
5553957443,2016-03-28T13:00:00Z,77
5553957443,2016-03-28T14:00:00Z,75
5553957443,2016-03-28T15:00:00Z,96
5553957443,2016-03-28T16:00:00Z,110
5553957443,2016-03-28T17:00:00Z,95
5553957443,2016-03-28T18:00:00Z,112
5553957443,2016-03-28T19:00:00Z,98
5553957443,2016-03-28T20:00:00Z,103
5553957443,2016-03-28T21:00:00Z,76
5553957443,2016-03-28T22:00:00Z,109
5553957443,2016-03-28T23:00:00Z,55
5553957443,2016-03-29T00:00:00Z,59
5553957443,2016-03-29T01:00:00Z,55
5553957443,2016-03-29T02:00:00Z,56
5553957443,2016-03-29T03:00:00Z,56
5553957443,2016-03-29T04:00:00Z,57
5553957443,2016-03-29T05:00:00Z,55
5553957443,2016-03-29T06:00:00Z,129
5553957443,2016-03-29T07:00:00Z,198
5553957443,2016-03-29T08:00:00Z,80
5553957443,2016-03-29T09:00:00Z,56
5553957443,2016-03-29T10:00:00Z,74
5553957443,2016-03-29T11:00:00Z,65
5553957443,2016-03-29T12:00:00Z,92
5553957443,2016-03-29T13:00:00Z,78
5553957443,2016-03-29T14:00:00Z,75
5553957443,2016-03-29T15:00:00Z,70
5553957443,2016-03-29T16:00:00Z,199
5553957443,2016-03-29T17:00:00Z,172
5553957443,2016-03-29T18:00:00Z,145
5553957443,2016-03-29T19:00:00Z,83
5553957443,2016-03-29T20:00:00Z,76
5553957443,2016-03-29T21:00:00Z,110
5553957443,2016-03-29T22:00:00Z,69
5553957443,2016-03-29T23:00:00Z,95
5553957443,2016-03-30T00:00:00Z,73
5553957443,2016-03-30T01:00:00Z,57
5553957443,2016-03-30T02:00:00Z,55
5553957443,2016-03-30T03:00:00Z,55
5553957443,2016-03-30T04:00:00Z,55
5553957443,2016-03-30T05:00:00Z,57
5553957443,2016-03-30T06:00:00Z,97
5553957443,2016-03-30T07:00:00Z,170
5553957443,2016-03-30T08:00:00Z,76
5553957443,2016-03-30T09:00:00Z,56
5553957443,2016-03-30T10:00:00Z,89
5553957443,2016-03-30T11:00:00Z,154
5553957443,2016-03-30T12:00:00Z,124
5553957443,2016-03-30T13:00:00Z,84
5553957443,2016-03-30T14:00:00Z,60
5553957443,2016-03-30T15:00:00Z,65
5553957443,2016-03-30T16:00:00Z,119
5553957443,2016-03-30T17:00:00Z,133
5553957443,2016-03-30T18:00:00Z,57
5553957443,2016-03-30T19:00:00Z,55
5553957443,2016-03-30T20:00:00Z,55
5553957443,2016-03-30T21:00:00Z,62
5553957443,2016-03-30T22:00:00Z,62
5553957443,2016-03-30T23:00:00Z,55
5553957443,2016-03-31T00:00:00Z,55
5553957443,2016-03-31T01:00:00Z,59
5553957443,2016-03-31T02:00:00Z,57
5553957443,2016-03-31T03:00:00Z,58
5553957443,2016-03-31T04:00:00Z,55
5553957443,2016-03-31T05:00:00Z,55
5553957443,2016-03-31T06:00:00Z,97
5553957443,2016-03-31T07:00:00Z,139
5553957443,2016-03-31T08:00:00Z,106
5553957443,2016-03-31T09:00:00Z,62
5553957443,2016-03-31T10:00:00Z,70
5553957443,2016-03-31T11:00:00Z,73
5553957443,2016-03-31T12:00:00Z,99
5553957443,2016-03-31T13:00:00Z,73
5553957443,2016-03-31T14:00:00Z,67
5553957443,2016-03-31T15:00:00Z,70
5553957443,2016-03-31T16:00:00Z,164
5553957443,2016-03-31T17:00:00Z,231
5553957443,2016-03-31T18:00:00Z,135
5553957443,2016-03-31T19:00:00Z,60
5553957443,2016-03-31T20:00:00Z,60
5553957443,2016-03-31T21:00:00Z,93
5553957443,2016-03-31T22:00:00Z,102
5553957443,2016-03-31T23:00:00Z,58
5553957443,2016-04-01T00:00:00Z,55
5553957443,2016-04-01T01:00:00Z,55
5553957443,2016-04-01T02:00:00Z,55
5553957443,2016-04-01T03:00:00Z,58
5553957443,2016-04-01T04:00:00Z,55
5553957443,2016-04-01T05:00:00Z,57
5553957443,2016-04-01T06:00:00Z,133
5553957443,2016-04-01T07:00:00Z,135
5553957443,2016-04-01T08:00:00Z,60
5553957443,2016-04-01T09:00:00Z,64
5553957443,2016-04-01T10:00:00Z,58
5553957443,2016-04-01T11:00:00Z,85
5553957443,2016-04-01T12:00:00Z,82
5553957443,2016-04-01T13:00:00Z,60
5553957443,2016-04-01T14:00:00Z,73
5553957443,2016-04-01T15:00:00Z,110
5553957443,2016-04-01T16:00:00Z,273
5553957443,2016-04-01T17:00:00Z,89
5553957443,2016-04-01T18:00:00Z,168
5553957443,2016-04-01T19:00:00Z,132
5553957443,2016-04-01T20:00:00Z,80
5553957443,2016-04-01T21:00:00Z,55
5553957443,2016-04-01T22:00:00Z,78
5553957443,2016-04-01T23:00:00Z,71
5553957443,2016-04-02T00:00:00Z,70
5553957443,2016-04-02T01:00:00Z,56
5553957443,2016-04-02T02:00:00Z,55
5553957443,2016-04-02T03:00:00Z,56
5553957443,2016-04-02T04:00:00Z,56
5553957443,2016-04-02T05:00:00Z,56
5553957443,2016-04-02T06:00:00Z,58
5553957443,2016-04-02T07:00:00Z,57
5553957443,2016-04-02T08:00:00Z,55
5553957443,2016-04-02T09:00:00Z,56
5553957443,2016-04-02T10:00:00Z,56
5553957443,2016-04-02T11:00:00Z,55
5553957443,2016-04-02T12:00:00Z,75
5553957443,2016-04-02T13:00:00Z,58
5553957443,2016-04-02T14:00:00Z,60
5553957443,2016-04-02T15:00:00Z,56
5553957443,2016-04-02T16:00:00Z,71
5553957443,2016-04-02T17:00:00Z,113
5553957443,2016-04-02T18:00:00Z,101
5553957443,2016-04-02T19:00:00Z,94
5553957443,2016-04-02T20:00:00Z,92
5553957443,2016-04-02T21:00:00Z,64
5553957443,2016-04-02T22:00:00Z,69
5553957443,2016-04-02T23:00:00Z,75
5553957443,2016-04-03T00:00:00Z,59
5553957443,2016-04-03T01:00:00Z,55
5553957443,2016-04-03T02:00:00Z,55
5553957443,2016-04-03T03:00:00Z,58
5553957443,2016-04-03T04:00:00Z,63
5553957443,2016-04-03T05:00:00Z,57
5553957443,2016-04-03T06:00:00Z,55
5553957443,2016-04-03T07:00:00Z,57
5553957443,2016-04-03T08:00:00Z,57
5553957443,2016-04-03T09:00:00Z,55
5553957443,2016-04-03T10:00:00Z,57
5553957443,2016-04-03T11:00:00Z,57
5553957443,2016-04-03T12:00:00Z,57
5553957443,2016-04-03T13:00:00Z,55
5553957443,2016-04-03T14:00:00Z,55
5553957443,2016-04-03T15:00:00Z,55
5553957443,2016-04-03T16:00:00Z,78
5553957443,2016-04-03T17:00:00Z,71
5553957443,2016-04-03T18:00:00Z,95
5553957443,2016-04-03T19:00:00Z,65
5553957443,2016-04-03T20:00:00Z,80
5553957443,2016-04-03T21:00:00Z,68
5553957443,2016-04-03T22:00:00Z,61
5553957443,2016-04-03T23:00:00Z,55
5553957443,2016-04-04T00:00:00Z,56
5553957443,2016-04-04T01:00:00Z,55
5553957443,2016-04-04T02:00:00Z,55
5553957443,2016-04-04T03:00:00Z,56
5553957443,2016-04-04T04:00:00Z,57
5553957443,2016-04-04T05:00:00Z,56
5553957443,2016-04-04T06:00:00Z,107
5553957443,2016-04-04T07:00:00Z,113
5553957443,2016-04-04T08:00:00Z,56
5553957443,2016-04-04T09:00:00Z,59
5553957443,2016-04-04T10:00:00Z,62
5553957443,2016-04-04T11:00:00Z,66
5553957443,2016-04-04T12:00:00Z,207
5553957443,2016-04-04T13:00:00Z,146
5553957443,2016-04-04T14:00:00Z,62
5553957443,2016-04-04T15:00:00Z,62
5553957443,2016-04-04T16:00:00Z,97
5553957443,2016-04-04T17:00:00Z,103
5553957443,2016-04-04T18:00:00Z,56
5553957443,2016-04-04T19:00:00Z,82
5553957443,2016-04-04T20:00:00Z,86
5553957443,2016-04-04T21:00:00Z,76
5553957443,2016-04-04T22:00:00Z,63
5553957443,2016-04-04T23:00:00Z,55
5553957443,2016-04-05T00:00:00Z,56
5553957443,2016-04-05T01:00:00Z,56
5553957443,2016-04-05T02:00:00Z,56
5553957443,2016-04-05T03:00:00Z,55
5553957443,2016-04-05T04:00:00Z,55
5553957443,2016-04-05T05:00:00Z,57
5553957443,2016-04-05T06:00:00Z,109
5553957443,2016-04-05T07:00:00Z,170
5553957443,2016-04-05T08:00:00Z,59
5553957443,2016-04-05T09:00:00Z,58
5553957443,2016-04-05T10:00:00Z,67
5553957443,2016-04-05T11:00:00Z,56
5553957443,2016-04-05T12:00:00Z,66
5553957443,2016-04-05T13:00:00Z,67
5553957443,2016-04-05T14:00:00Z,67
5553957443,2016-04-05T15:00:00Z,63
5553957443,2016-04-05T16:00:00Z,268
5553957443,2016-04-05T17:00:00Z,162
5553957443,2016-04-05T18:00:00Z,153
5553957443,2016-04-05T19:00:00Z,82
5553957443,2016-04-05T20:00:00Z,88
5553957443,2016-04-05T21:00:00Z,85
5553957443,2016-04-05T22:00:00Z,66
5553957443,2016-04-05T23:00:00Z,66
5553957443,2016-04-06T00:00:00Z,55
5553957443,2016-04-06T01:00:00Z,55
5553957443,2016-04-06T02:00:00Z,57
5553957443,2016-04-06T03:00:00Z,55
5553957443,2016-04-06T04:00:00Z,56
5553957443,2016-04-06T05:00:00Z,55
5553957443,2016-04-06T06:00:00Z,101
5553957443,2016-04-06T07:00:00Z,164
5553957443,2016-04-06T08:00:00Z,57
5553957443,2016-04-06T09:00:00Z,64
5553957443,2016-04-06T10:00:00Z,66
5553957443,2016-04-06T11:00:00Z,63
5553957443,2016-04-06T12:00:00Z,77
5553957443,2016-04-06T13:00:00Z,108
5553957443,2016-04-06T14:00:00Z,67
5553957443,2016-04-06T15:00:00Z,57
5553957443,2016-04-06T16:00:00Z,85
5553957443,2016-04-06T17:00:00Z,245
5553957443,2016-04-06T18:00:00Z,126
5553957443,2016-04-06T19:00:00Z,81
5553957443,2016-04-06T20:00:00Z,76
5553957443,2016-04-06T21:00:00Z,123
5553957443,2016-04-06T22:00:00Z,92
5553957443,2016-04-06T23:00:00Z,59
5553957443,2016-04-07T00:00:00Z,55
5553957443,2016-04-07T01:00:00Z,55
5553957443,2016-04-07T02:00:00Z,56
5553957443,2016-04-07T03:00:00Z,55
5553957443,2016-04-07T04:00:00Z,56
5553957443,2016-04-07T05:00:00Z,55
5553957443,2016-04-07T06:00:00Z,90
5553957443,2016-04-07T07:00:00Z,139
5553957443,2016-04-07T08:00:00Z,114
5553957443,2016-04-07T09:00:00Z,67
5553957443,2016-04-07T10:00:00Z,71
5553957443,2016-04-07T11:00:00Z,63
5553957443,2016-04-07T12:00:00Z,82
5553957443,2016-04-07T13:00:00Z,253
5553957443,2016-04-07T14:00:00Z,92
5553957443,2016-04-07T15:00:00Z,68
5553957443,2016-04-07T16:00:00Z,144
5553957443,2016-04-07T17:00:00Z,70
5553957443,2016-04-07T18:00:00Z,57
5553957443,2016-04-07T19:00:00Z,123
5553957443,2016-04-07T20:00:00Z,175
5553957443,2016-04-07T21:00:00Z,128
5553957443,2016-04-07T22:00:00Z,96
5553957443,2016-04-07T23:00:00Z,85
5553957443,2016-04-08T00:00:00Z,55
5553957443,2016-04-08T01:00:00Z,56
5553957443,2016-04-08T02:00:00Z,57
5553957443,2016-04-08T03:00:00Z,55
5553957443,2016-04-08T04:00:00Z,58
5553957443,2016-04-08T05:00:00Z,56
5553957443,2016-04-08T06:00:00Z,68
5553957443,2016-04-08T07:00:00Z,88
5553957443,2016-04-08T08:00:00Z,141
5553957443,2016-04-08T09:00:00Z,64
5553957443,2016-04-08T10:00:00Z,66
5553957443,2016-04-08T11:00:00Z,112
5553957443,2016-04-08T12:00:00Z,74
5553957443,2016-04-08T13:00:00Z,60
5553957443,2016-04-08T14:00:00Z,80
5553957443,2016-04-08T15:00:00Z,71
5553957443,2016-04-08T16:00:00Z,243
5553957443,2016-04-08T17:00:00Z,158
5553957443,2016-04-08T18:00:00Z,104
5553957443,2016-04-08T19:00:00Z,72
5553957443,2016-04-08T20:00:00Z,67
5553957443,2016-04-08T21:00:00Z,62
5553957443,2016-04-08T22:00:00Z,64
5553957443,2016-04-08T23:00:00Z,87
5553957443,2016-04-09T00:00:00Z,59
5553957443,2016-04-09T01:00:00Z,55
5553957443,2016-04-09T02:00:00Z,55
5553957443,2016-04-09T03:00:00Z,55
5553957443,2016-04-09T04:00:00Z,58
5553957443,2016-04-09T05:00:00Z,55
5553957443,2016-04-09T06:00:00Z,61
5553957443,2016-04-09T07:00:00Z,55
5553957443,2016-04-09T08:00:00Z,55
5553957443,2016-04-09T09:00:00Z,101
5553957443,2016-04-09T10:00:00Z,117
5553957443,2016-04-09T11:00:00Z,114
5553957443,2016-04-09T12:00:00Z,84
5553957443,2016-04-09T13:00:00Z,93
5553957443,2016-04-09T14:00:00Z,65
5553957443,2016-04-09T15:00:00Z,55
5553957443,2016-04-09T16:00:00Z,65
5553957443,2016-04-09T17:00:00Z,66
5553957443,2016-04-09T18:00:00Z,67
5553957443,2016-04-09T19:00:00Z,81
5553957443,2016-04-09T20:00:00Z,83
5553957443,2016-04-09T21:00:00Z,61
5553957443,2016-04-09T22:00:00Z,64
5553957443,2016-04-09T23:00:00Z,67
5553957443,2016-04-10T00:00:00Z,73
5553957443,2016-04-10T01:00:00Z,55
5553957443,2016-04-10T02:00:00Z,55
5553957443,2016-04-10T03:00:00Z,55
5553957443,2016-04-10T04:00:00Z,56
5553957443,2016-04-10T05:00:00Z,56
5553957443,2016-04-10T06:00:00Z,57
5553957443,2016-04-10T07:00:00Z,64
5553957443,2016-04-10T08:00:00Z,55
5553957443,2016-04-10T09:00:00Z,55
5553957443,2016-04-10T10:00:00Z,55
5553957443,2016-04-10T11:00:00Z,104
5553957443,2016-04-10T12:00:00Z,65
5553957443,2016-04-10T13:00:00Z,65
5553957443,2016-04-10T14:00:00Z,62
5553957443,2016-04-10T15:00:00Z,82
5553957443,2016-04-10T16:00:00Z,167
5553957443,2016-04-10T17:00:00Z,104
5553957443,2016-04-10T18:00:00Z,64
5553957443,2016-04-10T19:00:00Z,70
5553957443,2016-04-10T20:00:00Z,63
5553957443,2016-04-10T21:00:00Z,104
5553957443,2016-04-10T22:00:00Z,68
5553957443,2016-04-10T23:00:00Z,57
5553957443,2016-04-11T00:00:00Z,55
5553957443,2016-04-11T01:00:00Z,55
5553957443,2016-04-11T02:00:00Z,57
5553957443,2016-04-11T03:00:00Z,58
5553957443,2016-04-11T04:00:00Z,58
5553957443,2016-04-11T05:00:00Z,55
5553957443,2016-04-11T06:00:00Z,120
5553957443,2016-04-11T07:00:00Z,121
5553957443,2016-04-11T08:00:00Z,68
5553957443,2016-04-11T09:00:00Z,64
5553957443,2016-04-11T10:00:00Z,72
5553957443,2016-04-11T11:00:00Z,66
5553957443,2016-04-11T12:00:00Z,61
5553957443,2016-04-11T13:00:00Z,70
5553957443,2016-04-11T14:00:00Z,115
5553957443,2016-04-11T15:00:00Z,241
5553957443,2016-04-11T16:00:00Z,68
5553957443,2016-04-11T17:00:00Z,203
5553957443,2016-04-11T18:00:00Z,109
5553957443,2016-04-11T19:00:00Z,84
5553957443,2016-04-11T20:00:00Z,87
5553957443,2016-04-11T21:00:00Z,63
5553957443,2016-04-11T22:00:00Z,59
5553957443,2016-04-11T23:00:00Z,57
5553957443,2016-04-12T00:00:00Z,56
5553957443,2016-04-12T01:00:00Z,55
5553957443,2016-04-12T02:00:00Z,56
5553957443,2016-04-12T03:00:00Z,55
5553957443,2016-04-12T04:00:00Z,56
5553957443,2016-04-12T05:00:00Z,55
5553957443,2016-04-12T06:00:00Z,82
5553957443,2016-04-12T07:00:00Z,157
5577150313,2016-03-12T00:00:00Z,78
5577150313,2016-03-12T01:00:00Z,86
5577150313,2016-03-12T02:00:00Z,80
5577150313,2016-03-12T03:00:00Z,78
5577150313,2016-03-12T04:00:00Z,77
5577150313,2016-03-12T05:00:00Z,80
5577150313,2016-03-12T06:00:00Z,418
5577150313,2016-03-12T07:00:00Z,79
5577150313,2016-03-12T08:00:00Z,309
5577150313,2016-03-12T09:00:00Z,394
5577150313,2016-03-12T10:00:00Z,433
5577150313,2016-03-12T11:00:00Z,348
5577150313,2016-03-12T12:00:00Z,216
5577150313,2016-03-12T13:00:00Z,388
5577150313,2016-03-12T14:00:00Z,336
5577150313,2016-03-12T15:00:00Z,119
5577150313,2016-03-12T16:00:00Z,280
5577150313,2016-03-12T17:00:00Z,206
5577150313,2016-03-12T18:00:00Z,101
5577150313,2016-03-12T19:00:00Z,305
5577150313,2016-03-12T20:00:00Z,127
5577150313,2016-03-12T21:00:00Z,77
5577150313,2016-03-12T22:00:00Z,82
5577150313,2016-03-12T23:00:00Z,79
5577150313,2016-03-13T00:00:00Z,80
5577150313,2016-03-13T01:00:00Z,79
5577150313,2016-03-13T02:00:00Z,77
5577150313,2016-03-13T03:00:00Z,79
5577150313,2016-03-13T04:00:00Z,92
5577150313,2016-03-13T05:00:00Z,110
5577150313,2016-03-13T06:00:00Z,125
5577150313,2016-03-13T07:00:00Z,179
5577150313,2016-03-13T08:00:00Z,508
5577150313,2016-03-13T09:00:00Z,282
5577150313,2016-03-13T10:00:00Z,274
5577150313,2016-03-13T11:00:00Z,228
5577150313,2016-03-13T12:00:00Z,341
5577150313,2016-03-13T13:00:00Z,404
5577150313,2016-03-13T14:00:00Z,100
5577150313,2016-03-13T15:00:00Z,82
5577150313,2016-03-13T16:00:00Z,228
5577150313,2016-03-13T17:00:00Z,314
5577150313,2016-03-13T18:00:00Z,257
5577150313,2016-03-13T19:00:00Z,225
5577150313,2016-03-13T20:00:00Z,153
5577150313,2016-03-13T21:00:00Z,81
5577150313,2016-03-13T22:00:00Z,77
5577150313,2016-03-13T23:00:00Z,77
5577150313,2016-03-14T00:00:00Z,78
5577150313,2016-03-14T01:00:00Z,79
5577150313,2016-03-14T02:00:00Z,77
5577150313,2016-03-14T03:00:00Z,82
5577150313,2016-03-14T04:00:00Z,91
5577150313,2016-03-14T05:00:00Z,253
5577150313,2016-03-14T06:00:00Z,145
5577150313,2016-03-14T07:00:00Z,118
5577150313,2016-03-14T08:00:00Z,134
5577150313,2016-03-14T09:00:00Z,248
5577150313,2016-03-14T10:00:00Z,79
5577150313,2016-03-14T11:00:00Z,155
5577150313,2016-03-14T12:00:00Z,231
5577150313,2016-03-14T13:00:00Z,388
5577150313,2016-03-14T14:00:00Z,240
5577150313,2016-03-14T15:00:00Z,264
5577150313,2016-03-14T16:00:00Z,142
5577150313,2016-03-14T17:00:00Z,140
5577150313,2016-03-14T18:00:00Z,288
5577150313,2016-03-14T19:00:00Z,124
5577150313,2016-03-14T20:00:00Z,165
5577150313,2016-03-14T21:00:00Z,82
5577150313,2016-03-14T22:00:00Z,77
5577150313,2016-03-14T23:00:00Z,77
5577150313,2016-03-15T00:00:00Z,77
5577150313,2016-03-15T01:00:00Z,77
5577150313,2016-03-15T02:00:00Z,77
5577150313,2016-03-15T03:00:00Z,78
5577150313,2016-03-15T04:00:00Z,105
5577150313,2016-03-15T05:00:00Z,434
5577150313,2016-03-15T06:00:00Z,134
5577150313,2016-03-15T07:00:00Z,101
5577150313,2016-03-15T08:00:00Z,132
5577150313,2016-03-15T09:00:00Z,222
5577150313,2016-03-15T10:00:00Z,97
5577150313,2016-03-15T11:00:00Z,93
5577150313,2016-03-15T12:00:00Z,77
5577150313,2016-03-15T13:00:00Z,102
5577150313,2016-03-15T14:00:00Z,489
5577150313,2016-03-15T15:00:00Z,204
5577150313,2016-03-15T16:00:00Z,187
5577150313,2016-03-15T17:00:00Z,232
5577150313,2016-03-15T18:00:00Z,154
5577150313,2016-03-15T19:00:00Z,236
5577150313,2016-03-15T20:00:00Z,240
5577150313,2016-03-15T21:00:00Z,98
5577150313,2016-03-15T22:00:00Z,84
5577150313,2016-03-15T23:00:00Z,78
5577150313,2016-03-16T00:00:00Z,77
5577150313,2016-03-16T01:00:00Z,77
5577150313,2016-03-16T02:00:00Z,77
5577150313,2016-03-16T03:00:00Z,80
5577150313,2016-03-16T04:00:00Z,77
5577150313,2016-03-16T05:00:00Z,104
5577150313,2016-03-16T06:00:00Z,306
5577150313,2016-03-16T07:00:00Z,116
5577150313,2016-03-16T08:00:00Z,101
5577150313,2016-03-16T09:00:00Z,215
5577150313,2016-03-16T10:00:00Z,109
5577150313,2016-03-16T11:00:00Z,103
5577150313,2016-03-16T12:00:00Z,123
5577150313,2016-03-16T13:00:00Z,164
5577150313,2016-03-16T14:00:00Z,342
5577150313,2016-03-16T15:00:00Z,97
5577150313,2016-03-16T16:00:00Z,222
5577150313,2016-03-16T17:00:00Z,176
5577150313,2016-03-16T18:00:00Z,223
5577150313,2016-03-16T19:00:00Z,508
5577150313,2016-03-16T20:00:00Z,164
5577150313,2016-03-16T21:00:00Z,130
5577150313,2016-03-16T22:00:00Z,77
5577150313,2016-03-16T23:00:00Z,84
5577150313,2016-03-17T00:00:00Z,79
5577150313,2016-03-17T01:00:00Z,77
5577150313,2016-03-17T02:00:00Z,77
5577150313,2016-03-17T03:00:00Z,77
5577150313,2016-03-17T04:00:00Z,77
5577150313,2016-03-17T05:00:00Z,95
5577150313,2016-03-17T06:00:00Z,414
5577150313,2016-03-17T07:00:00Z,100
5577150313,2016-03-17T08:00:00Z,88
5577150313,2016-03-17T09:00:00Z,108
5577150313,2016-03-17T10:00:00Z,106
5577150313,2016-03-17T11:00:00Z,107
5577150313,2016-03-17T12:00:00Z,297
5577150313,2016-03-17T13:00:00Z,98
5577150313,2016-03-17T14:00:00Z,241
5577150313,2016-03-17T15:00:00Z,373
5577150313,2016-03-17T16:00:00Z,98
5577150313,2016-03-17T17:00:00Z,149
5577150313,2016-03-17T18:00:00Z,129
5577150313,2016-03-17T19:00:00Z,265
5577150313,2016-03-17T20:00:00Z,210
5577150313,2016-03-17T21:00:00Z,153
5577150313,2016-03-17T22:00:00Z,80
5577150313,2016-03-17T23:00:00Z,77
5577150313,2016-03-18T00:00:00Z,79
5577150313,2016-03-18T01:00:00Z,77
5577150313,2016-03-18T02:00:00Z,77
5577150313,2016-03-18T03:00:00Z,78
5577150313,2016-03-18T04:00:00Z,78
5577150313,2016-03-18T05:00:00Z,85
5577150313,2016-03-18T06:00:00Z,427
5577150313,2016-03-18T07:00:00Z,214
5577150313,2016-03-18T08:00:00Z,104
5577150313,2016-03-18T09:00:00Z,203
5577150313,2016-03-18T10:00:00Z,144
5577150313,2016-03-18T11:00:00Z,138
5577150313,2016-03-18T12:00:00Z,221
5577150313,2016-03-18T13:00:00Z,116
5577150313,2016-03-18T14:00:00Z,143
5577150313,2016-03-18T15:00:00Z,221
5577150313,2016-03-18T16:00:00Z,98
5577150313,2016-03-18T17:00:00Z,137
5577150313,2016-03-18T18:00:00Z,170
5577150313,2016-03-18T19:00:00Z,394
5577150313,2016-03-18T20:00:00Z,286
5577150313,2016-03-18T21:00:00Z,230
5577150313,2016-03-18T22:00:00Z,83
5577150313,2016-03-18T23:00:00Z,79
5577150313,2016-03-19T00:00:00Z,95
5577150313,2016-03-19T01:00:00Z,78
5577150313,2016-03-19T02:00:00Z,78
5577150313,2016-03-19T03:00:00Z,78
5577150313,2016-03-19T04:00:00Z,79
5577150313,2016-03-19T05:00:00Z,92
5577150313,2016-03-19T06:00:00Z,434
5577150313,2016-03-19T07:00:00Z,270
5577150313,2016-03-19T08:00:00Z,212
5577150313,2016-03-19T09:00:00Z,129
5577150313,2016-03-19T10:00:00Z,288
5577150313,2016-03-19T11:00:00Z,192
5577150313,2016-03-19T12:00:00Z,163
5577150313,2016-03-19T13:00:00Z,117
5577150313,2016-03-19T14:00:00Z,258
5577150313,2016-03-19T15:00:00Z,304
5577150313,2016-03-19T16:00:00Z,242
5577150313,2016-03-19T17:00:00Z,281
5577150313,2016-03-19T18:00:00Z,122
5577150313,2016-03-19T19:00:00Z,89
5577150313,2016-03-19T20:00:00Z,408
5577150313,2016-03-19T21:00:00Z,136
5577150313,2016-03-19T22:00:00Z,108
5577150313,2016-03-19T23:00:00Z,77
5577150313,2016-03-20T00:00:00Z,77
5577150313,2016-03-20T01:00:00Z,78
5577150313,2016-03-20T02:00:00Z,77
5577150313,2016-03-20T03:00:00Z,78
5577150313,2016-03-20T04:00:00Z,77
5577150313,2016-03-20T05:00:00Z,89
5577150313,2016-03-20T06:00:00Z,78
5577150313,2016-03-20T07:00:00Z,121
5577150313,2016-03-20T08:00:00Z,79
5577150313,2016-03-20T09:00:00Z,286
5577150313,2016-03-20T10:00:00Z,182
5577150313,2016-03-20T11:00:00Z,112
5577150313,2016-03-20T12:00:00Z,137
5577150313,2016-03-20T13:00:00Z,119
5577150313,2016-03-20T14:00:00Z,230
5577150313,2016-03-20T15:00:00Z,99
5577150313,2016-03-20T16:00:00Z,78
5577150313,2016-03-20T17:00:00Z,94
5577150313,2016-03-20T18:00:00Z,114
5577150313,2016-03-20T19:00:00Z,133
5577150313,2016-03-20T20:00:00Z,109
5577150313,2016-03-20T21:00:00Z,121
5577150313,2016-03-20T22:00:00Z,93
5577150313,2016-03-20T23:00:00Z,78
5577150313,2016-03-21T00:00:00Z,78
5577150313,2016-03-21T01:00:00Z,78
5577150313,2016-03-21T02:00:00Z,88
5577150313,2016-03-21T03:00:00Z,78
5577150313,2016-03-21T04:00:00Z,78
5577150313,2016-03-21T05:00:00Z,84
5577150313,2016-03-21T06:00:00Z,80
5577150313,2016-03-21T07:00:00Z,111
5577150313,2016-03-21T08:00:00Z,157
5577150313,2016-03-21T09:00:00Z,116
5577150313,2016-03-21T10:00:00Z,77
5577150313,2016-03-21T11:00:00Z,141
5577150313,2016-03-21T12:00:00Z,112
5577150313,2016-03-21T13:00:00Z,77
5577150313,2016-03-21T14:00:00Z,77
5577150313,2016-03-21T15:00:00Z,77
5577150313,2016-03-21T16:00:00Z,77
5577150313,2016-03-21T17:00:00Z,77
5577150313,2016-03-21T18:00:00Z,77
5577150313,2016-03-21T19:00:00Z,77
5577150313,2016-03-21T20:00:00Z,77
5577150313,2016-03-21T21:00:00Z,77
5577150313,2016-03-21T22:00:00Z,77
5577150313,2016-03-21T23:00:00Z,77
5577150313,2016-03-22T00:00:00Z,77
5577150313,2016-03-22T01:00:00Z,77
5577150313,2016-03-22T02:00:00Z,77
5577150313,2016-03-22T03:00:00Z,77
5577150313,2016-03-22T04:00:00Z,77
5577150313,2016-03-22T05:00:00Z,77
5577150313,2016-03-22T06:00:00Z,77
5577150313,2016-03-22T07:00:00Z,77
5577150313,2016-03-22T08:00:00Z,77
5577150313,2016-03-22T09:00:00Z,77
5577150313,2016-03-22T10:00:00Z,77
5577150313,2016-03-22T11:00:00Z,77
5577150313,2016-03-22T12:00:00Z,77
5577150313,2016-03-22T13:00:00Z,77
5577150313,2016-03-22T14:00:00Z,77
5577150313,2016-03-22T15:00:00Z,77
5577150313,2016-03-22T16:00:00Z,90
5577150313,2016-03-22T17:00:00Z,114
5577150313,2016-03-22T18:00:00Z,187
5577150313,2016-03-22T19:00:00Z,139
5577150313,2016-03-22T20:00:00Z,239
5577150313,2016-03-22T21:00:00Z,86
5577150313,2016-03-22T22:00:00Z,83
5577150313,2016-03-22T23:00:00Z,86
5577150313,2016-03-23T00:00:00Z,80
5577150313,2016-03-23T01:00:00Z,88
5577150313,2016-03-23T02:00:00Z,78
5577150313,2016-03-23T03:00:00Z,78
5577150313,2016-03-23T04:00:00Z,78
5577150313,2016-03-23T05:00:00Z,80
5577150313,2016-03-23T06:00:00Z,88
5577150313,2016-03-23T07:00:00Z,78
5577150313,2016-03-23T08:00:00Z,83
5577150313,2016-03-23T09:00:00Z,244
5577150313,2016-03-23T10:00:00Z,134
5577150313,2016-03-23T11:00:00Z,287
5577150313,2016-03-23T12:00:00Z,321
5577150313,2016-03-23T13:00:00Z,106
5577150313,2016-03-23T14:00:00Z,91
5577150313,2016-03-23T15:00:00Z,143
5577150313,2016-03-23T16:00:00Z,373
5577150313,2016-03-23T17:00:00Z,115
5577150313,2016-03-23T18:00:00Z,81
5577150313,2016-03-23T19:00:00Z,110
5577150313,2016-03-23T20:00:00Z,129
5577150313,2016-03-23T21:00:00Z,226
5577150313,2016-03-23T22:00:00Z,106
5577150313,2016-03-23T23:00:00Z,123
5577150313,2016-03-24T00:00:00Z,78
5577150313,2016-03-24T01:00:00Z,79
5577150313,2016-03-24T02:00:00Z,80
5577150313,2016-03-24T03:00:00Z,78
5577150313,2016-03-24T04:00:00Z,79
5577150313,2016-03-24T05:00:00Z,96
5577150313,2016-03-24T06:00:00Z,335
5577150313,2016-03-24T07:00:00Z,147
5577150313,2016-03-24T08:00:00Z,97
5577150313,2016-03-24T09:00:00Z,119
5577150313,2016-03-24T10:00:00Z,206
5577150313,2016-03-24T11:00:00Z,97
5577150313,2016-03-24T12:00:00Z,96
5577150313,2016-03-24T13:00:00Z,97
5577150313,2016-03-24T14:00:00Z,181
5577150313,2016-03-24T15:00:00Z,118
5577150313,2016-03-24T16:00:00Z,243
5577150313,2016-03-24T17:00:00Z,121
5577150313,2016-03-24T18:00:00Z,115
5577150313,2016-03-24T19:00:00Z,224
5577150313,2016-03-24T20:00:00Z,147
5577150313,2016-03-24T21:00:00Z,114
5577150313,2016-03-24T22:00:00Z,95
5577150313,2016-03-24T23:00:00Z,78
5577150313,2016-03-25T00:00:00Z,80
5577150313,2016-03-25T01:00:00Z,78
5577150313,2016-03-25T02:00:00Z,80
5577150313,2016-03-25T03:00:00Z,78
5577150313,2016-03-25T04:00:00Z,77
5577150313,2016-03-25T05:00:00Z,92
5577150313,2016-03-25T06:00:00Z,407
5577150313,2016-03-25T07:00:00Z,108
5577150313,2016-03-25T08:00:00Z,103
5577150313,2016-03-25T09:00:00Z,112
5577150313,2016-03-25T10:00:00Z,122
5577150313,2016-03-25T11:00:00Z,133
5577150313,2016-03-25T12:00:00Z,83
5577150313,2016-03-25T13:00:00Z,107
5577150313,2016-03-25T14:00:00Z,108
5577150313,2016-03-25T15:00:00Z,110
5577150313,2016-03-25T16:00:00Z,114
5577150313,2016-03-25T17:00:00Z,115
5577150313,2016-03-25T18:00:00Z,230
5577150313,2016-03-25T19:00:00Z,416
5577150313,2016-03-25T20:00:00Z,139
5577150313,2016-03-25T21:00:00Z,116
5577150313,2016-03-25T22:00:00Z,77
5577150313,2016-03-25T23:00:00Z,78
5577150313,2016-03-26T00:00:00Z,90
5577150313,2016-03-26T01:00:00Z,92
5577150313,2016-03-26T02:00:00Z,78
5577150313,2016-03-26T03:00:00Z,80
5577150313,2016-03-26T04:00:00Z,79
5577150313,2016-03-26T05:00:00Z,78
5577150313,2016-03-26T06:00:00Z,92
5577150313,2016-03-26T07:00:00Z,85
5577150313,2016-03-26T08:00:00Z,153
5577150313,2016-03-26T09:00:00Z,370
5577150313,2016-03-26T10:00:00Z,410
5577150313,2016-03-26T11:00:00Z,424
5577150313,2016-03-26T12:00:00Z,245
5577150313,2016-03-26T13:00:00Z,84
5577150313,2016-03-26T14:00:00Z,301
5577150313,2016-03-26T15:00:00Z,179
5577150313,2016-03-26T16:00:00Z,192
5577150313,2016-03-26T17:00:00Z,81
5577150313,2016-03-26T18:00:00Z,77
5577150313,2016-03-26T19:00:00Z,204
5577150313,2016-03-26T20:00:00Z,127
5577150313,2016-03-26T21:00:00Z,82
5577150313,2016-03-26T22:00:00Z,107
5577150313,2016-03-26T23:00:00Z,79
5577150313,2016-03-27T00:00:00Z,81
5577150313,2016-03-27T01:00:00Z,78
5577150313,2016-03-27T02:00:00Z,78
5577150313,2016-03-27T03:00:00Z,78
5577150313,2016-03-27T04:00:00Z,82
5577150313,2016-03-27T05:00:00Z,142
5577150313,2016-03-27T06:00:00Z,132
5577150313,2016-03-27T07:00:00Z,103
5577150313,2016-03-27T08:00:00Z,124
5577150313,2016-03-27T09:00:00Z,127
5577150313,2016-03-27T10:00:00Z,199
5577150313,2016-03-27T11:00:00Z,84
5577150313,2016-03-27T12:00:00Z,106
5577150313,2016-03-27T13:00:00Z,169
5577150313,2016-03-27T14:00:00Z,97
5577150313,2016-03-27T15:00:00Z,124
5577150313,2016-03-27T16:00:00Z,177
5577150313,2016-03-27T17:00:00Z,103
5577150313,2016-03-27T18:00:00Z,291
5577150313,2016-03-27T19:00:00Z,131
5577150313,2016-03-27T20:00:00Z,95
5577150313,2016-03-27T21:00:00Z,112
5577150313,2016-03-27T22:00:00Z,147
5577150313,2016-03-27T23:00:00Z,78
5577150313,2016-03-28T00:00:00Z,78
5577150313,2016-03-28T01:00:00Z,77
5577150313,2016-03-28T02:00:00Z,78
5577150313,2016-03-28T03:00:00Z,80
5577150313,2016-03-28T04:00:00Z,79
5577150313,2016-03-28T05:00:00Z,88
5577150313,2016-03-28T06:00:00Z,482
5577150313,2016-03-28T07:00:00Z,137
5577150313,2016-03-28T08:00:00Z,97
5577150313,2016-03-28T09:00:00Z,104
5577150313,2016-03-28T10:00:00Z,98
5577150313,2016-03-28T11:00:00Z,247
5577150313,2016-03-28T12:00:00Z,106
5577150313,2016-03-28T13:00:00Z,270
5577150313,2016-03-28T14:00:00Z,159
5577150313,2016-03-28T15:00:00Z,124
5577150313,2016-03-28T16:00:00Z,185
5577150313,2016-03-28T17:00:00Z,236
5577150313,2016-03-28T18:00:00Z,145
5577150313,2016-03-28T19:00:00Z,396
5577150313,2016-03-28T20:00:00Z,319
5577150313,2016-03-28T21:00:00Z,78
5577150313,2016-03-28T22:00:00Z,84
5577150313,2016-03-28T23:00:00Z,78
5577150313,2016-03-29T00:00:00Z,79
5577150313,2016-03-29T01:00:00Z,78
5577150313,2016-03-29T02:00:00Z,77
5577150313,2016-03-29T03:00:00Z,79
5577150313,2016-03-29T04:00:00Z,80
5577150313,2016-03-29T05:00:00Z,85
5577150313,2016-03-29T06:00:00Z,333
5577150313,2016-03-29T07:00:00Z,164
5577150313,2016-03-29T08:00:00Z,119
5577150313,2016-03-29T09:00:00Z,223
5577150313,2016-03-29T10:00:00Z,267
5577150313,2016-03-29T11:00:00Z,313
5577150313,2016-03-29T12:00:00Z,96
5577150313,2016-03-29T13:00:00Z,80
5577150313,2016-03-29T14:00:00Z,131
5577150313,2016-03-29T15:00:00Z,120
5577150313,2016-03-29T16:00:00Z,163
5577150313,2016-03-29T17:00:00Z,267
5577150313,2016-03-29T18:00:00Z,182
5577150313,2016-03-29T19:00:00Z,207
5577150313,2016-03-29T20:00:00Z,155
5577150313,2016-03-29T21:00:00Z,89
5577150313,2016-03-29T22:00:00Z,78
5577150313,2016-03-29T23:00:00Z,78
5577150313,2016-03-30T00:00:00Z,78
5577150313,2016-03-30T01:00:00Z,78
5577150313,2016-03-30T02:00:00Z,78
5577150313,2016-03-30T03:00:00Z,78
5577150313,2016-03-30T04:00:00Z,84
5577150313,2016-03-30T05:00:00Z,98
5577150313,2016-03-30T06:00:00Z,399
5577150313,2016-03-30T07:00:00Z,185
5577150313,2016-03-30T08:00:00Z,111
5577150313,2016-03-30T09:00:00Z,129
5577150313,2016-03-30T10:00:00Z,261
5577150313,2016-03-30T11:00:00Z,227
5577150313,2016-03-30T12:00:00Z,143
5577150313,2016-03-30T13:00:00Z,98
5577150313,2016-03-30T14:00:00Z,96
5577150313,2016-03-30T15:00:00Z,114
5577150313,2016-03-30T16:00:00Z,119
5577150313,2016-03-30T17:00:00Z,108
5577150313,2016-03-30T18:00:00Z,199
5577150313,2016-03-30T19:00:00Z,272
5577150313,2016-03-30T20:00:00Z,108
5577150313,2016-03-30T21:00:00Z,107
5577150313,2016-03-30T22:00:00Z,78
5577150313,2016-03-30T23:00:00Z,78
5577150313,2016-03-31T00:00:00Z,80
5577150313,2016-03-31T01:00:00Z,81
5577150313,2016-03-31T02:00:00Z,78
5577150313,2016-03-31T03:00:00Z,83
5577150313,2016-03-31T04:00:00Z,78
5577150313,2016-03-31T05:00:00Z,78
5577150313,2016-03-31T06:00:00Z,179
5577150313,2016-03-31T07:00:00Z,489
5577150313,2016-03-31T08:00:00Z,136
5577150313,2016-03-31T09:00:00Z,164
5577150313,2016-03-31T10:00:00Z,100
5577150313,2016-03-31T11:00:00Z,134
5577150313,2016-03-31T12:00:00Z,109
5577150313,2016-03-31T13:00:00Z,126
5577150313,2016-03-31T14:00:00Z,385
5577150313,2016-03-31T15:00:00Z,389
5577150313,2016-03-31T16:00:00Z,283
5577150313,2016-03-31T17:00:00Z,111
5577150313,2016-03-31T18:00:00Z,92
5577150313,2016-03-31T19:00:00Z,114
5577150313,2016-03-31T20:00:00Z,256
5577150313,2016-03-31T21:00:00Z,114
5577150313,2016-03-31T22:00:00Z,88
5577150313,2016-03-31T23:00:00Z,77
5577150313,2016-04-01T00:00:00Z,79
5577150313,2016-04-01T01:00:00Z,78
5577150313,2016-04-01T02:00:00Z,78
5577150313,2016-04-01T03:00:00Z,78
5577150313,2016-04-01T04:00:00Z,78
5577150313,2016-04-01T05:00:00Z,145
5577150313,2016-04-01T06:00:00Z,369
5577150313,2016-04-01T07:00:00Z,152
5577150313,2016-04-01T08:00:00Z,109
5577150313,2016-04-01T09:00:00Z,121
5577150313,2016-04-01T10:00:00Z,145
5577150313,2016-04-01T11:00:00Z,320
5577150313,2016-04-01T12:00:00Z,88
5577150313,2016-04-01T13:00:00Z,86
5577150313,2016-04-01T14:00:00Z,88
5577150313,2016-04-01T15:00:00Z,95
5577150313,2016-04-01T16:00:00Z,91
5577150313,2016-04-01T17:00:00Z,203
5577150313,2016-04-01T18:00:00Z,120
5577150313,2016-04-01T19:00:00Z,608
5577150313,2016-04-01T20:00:00Z,218
5577150313,2016-04-01T21:00:00Z,119
5577150313,2016-04-01T22:00:00Z,81
5577150313,2016-04-01T23:00:00Z,77
5577150313,2016-04-02T00:00:00Z,98
5577150313,2016-04-02T01:00:00Z,79
5577150313,2016-04-02T02:00:00Z,84
5577150313,2016-04-02T03:00:00Z,83
5577150313,2016-04-02T04:00:00Z,78
5577150313,2016-04-02T05:00:00Z,81
5577150313,2016-04-02T06:00:00Z,144
5577150313,2016-04-02T07:00:00Z,433
5577150313,2016-04-02T08:00:00Z,95
5577150313,2016-04-02T09:00:00Z,166
5577150313,2016-04-02T10:00:00Z,409
5577150313,2016-04-02T11:00:00Z,632
5577150313,2016-04-02T12:00:00Z,574
5577150313,2016-04-02T13:00:00Z,128
5577150313,2016-04-02T14:00:00Z,256
5577150313,2016-04-02T15:00:00Z,95
5577150313,2016-04-02T16:00:00Z,92
5577150313,2016-04-02T17:00:00Z,165
5577150313,2016-04-02T18:00:00Z,108
5577150313,2016-04-02T19:00:00Z,199
5577150313,2016-04-02T20:00:00Z,170
5577150313,2016-04-02T21:00:00Z,79
5577150313,2016-04-02T22:00:00Z,105
5577150313,2016-04-02T23:00:00Z,79
5577150313,2016-04-03T00:00:00Z,80
5577150313,2016-04-03T01:00:00Z,77
5577150313,2016-04-03T02:00:00Z,79
5577150313,2016-04-03T03:00:00Z,79
5577150313,2016-04-03T04:00:00Z,85
5577150313,2016-04-03T05:00:00Z,155
5577150313,2016-04-03T06:00:00Z,216
5577150313,2016-04-03T07:00:00Z,227
5577150313,2016-04-03T08:00:00Z,81
5577150313,2016-04-03T09:00:00Z,143
5577150313,2016-04-03T10:00:00Z,243
5577150313,2016-04-03T11:00:00Z,209
5577150313,2016-04-03T12:00:00Z,127
5577150313,2016-04-03T13:00:00Z,165
5577150313,2016-04-03T14:00:00Z,107
5577150313,2016-04-03T15:00:00Z,243
5577150313,2016-04-03T16:00:00Z,169
5577150313,2016-04-03T17:00:00Z,193
5577150313,2016-04-03T18:00:00Z,200
5577150313,2016-04-03T19:00:00Z,184
5577150313,2016-04-03T20:00:00Z,103
5577150313,2016-04-03T21:00:00Z,99
5577150313,2016-04-03T22:00:00Z,78
5577150313,2016-04-03T23:00:00Z,85
5577150313,2016-04-04T00:00:00Z,78
5577150313,2016-04-04T01:00:00Z,77
5577150313,2016-04-04T02:00:00Z,77
5577150313,2016-04-04T03:00:00Z,82
5577150313,2016-04-04T04:00:00Z,78
5577150313,2016-04-04T05:00:00Z,93
5577150313,2016-04-04T06:00:00Z,389
5577150313,2016-04-04T07:00:00Z,239
5577150313,2016-04-04T08:00:00Z,186
5577150313,2016-04-04T09:00:00Z,189
5577150313,2016-04-04T10:00:00Z,131
5577150313,2016-04-04T11:00:00Z,158
5577150313,2016-04-04T12:00:00Z,191
5577150313,2016-04-04T13:00:00Z,104
5577150313,2016-04-04T14:00:00Z,100
5577150313,2016-04-04T15:00:00Z,107
5577150313,2016-04-04T16:00:00Z,272
5577150313,2016-04-04T17:00:00Z,143
5577150313,2016-04-04T18:00:00Z,140
5577150313,2016-04-04T19:00:00Z,237
5577150313,2016-04-04T20:00:00Z,169
5577150313,2016-04-04T21:00:00Z,91
5577150313,2016-04-04T22:00:00Z,77
5577150313,2016-04-04T23:00:00Z,85
5577150313,2016-04-05T00:00:00Z,77
5577150313,2016-04-05T01:00:00Z,77
5577150313,2016-04-05T02:00:00Z,78
5577150313,2016-04-05T03:00:00Z,90
5577150313,2016-04-05T04:00:00Z,78
5577150313,2016-04-05T05:00:00Z,80
5577150313,2016-04-05T06:00:00Z,485
5577150313,2016-04-05T07:00:00Z,200
5577150313,2016-04-05T08:00:00Z,118
5577150313,2016-04-05T09:00:00Z,107
5577150313,2016-04-05T10:00:00Z,359
5577150313,2016-04-05T11:00:00Z,84
5577150313,2016-04-05T12:00:00Z,120
5577150313,2016-04-05T13:00:00Z,122
5577150313,2016-04-05T14:00:00Z,95
5577150313,2016-04-05T15:00:00Z,114
5577150313,2016-04-05T16:00:00Z,330
5577150313,2016-04-05T17:00:00Z,106
5577150313,2016-04-05T18:00:00Z,103
5577150313,2016-04-05T19:00:00Z,397
5577150313,2016-04-05T20:00:00Z,116
5577150313,2016-04-05T21:00:00Z,83
5577150313,2016-04-05T22:00:00Z,97
5577150313,2016-04-05T23:00:00Z,79
5577150313,2016-04-06T00:00:00Z,78
5577150313,2016-04-06T01:00:00Z,79
5577150313,2016-04-06T02:00:00Z,77
5577150313,2016-04-06T03:00:00Z,77
5577150313,2016-04-06T04:00:00Z,82
5577150313,2016-04-06T05:00:00Z,168
5577150313,2016-04-06T06:00:00Z,488
5577150313,2016-04-06T07:00:00Z,176
5577150313,2016-04-06T08:00:00Z,259
5577150313,2016-04-06T09:00:00Z,128
5577150313,2016-04-06T10:00:00Z,88
5577150313,2016-04-06T11:00:00Z,225
5577150313,2016-04-06T12:00:00Z,92
5577150313,2016-04-06T13:00:00Z,106
5577150313,2016-04-06T14:00:00Z,381
5577150313,2016-04-06T15:00:00Z,131
5577150313,2016-04-06T16:00:00Z,120
5577150313,2016-04-06T17:00:00Z,167
5577150313,2016-04-06T18:00:00Z,125
5577150313,2016-04-06T19:00:00Z,249
5577150313,2016-04-06T20:00:00Z,205
5577150313,2016-04-06T21:00:00Z,87
5577150313,2016-04-06T22:00:00Z,95
5577150313,2016-04-06T23:00:00Z,81
5577150313,2016-04-07T00:00:00Z,78
5577150313,2016-04-07T01:00:00Z,78
5577150313,2016-04-07T02:00:00Z,78
5577150313,2016-04-07T03:00:00Z,78
5577150313,2016-04-07T04:00:00Z,81
5577150313,2016-04-07T05:00:00Z,87
5577150313,2016-04-07T06:00:00Z,371
5577150313,2016-04-07T07:00:00Z,156
5577150313,2016-04-07T08:00:00Z,88
5577150313,2016-04-07T09:00:00Z,81
5577150313,2016-04-07T10:00:00Z,93
5577150313,2016-04-07T11:00:00Z,82
5577150313,2016-04-07T12:00:00Z,81
5577150313,2016-04-07T13:00:00Z,89
5577150313,2016-04-07T14:00:00Z,115
5577150313,2016-04-07T15:00:00Z,116
5577150313,2016-04-07T16:00:00Z,139
5577150313,2016-04-07T17:00:00Z,160
5577150313,2016-04-07T18:00:00Z,146
5577150313,2016-04-07T19:00:00Z,118
5577150313,2016-04-07T20:00:00Z,200
5577150313,2016-04-07T21:00:00Z,95
5577150313,2016-04-07T22:00:00Z,78
5577150313,2016-04-07T23:00:00Z,87
5577150313,2016-04-08T00:00:00Z,78
5577150313,2016-04-08T01:00:00Z,78
5577150313,2016-04-08T02:00:00Z,78
5577150313,2016-04-08T03:00:00Z,77
5577150313,2016-04-08T04:00:00Z,79
5577150313,2016-04-08T05:00:00Z,90
5577150313,2016-04-08T06:00:00Z,213
5577150313,2016-04-08T07:00:00Z,129
5577150313,2016-04-08T08:00:00Z,83
5577150313,2016-04-08T09:00:00Z,127
5577150313,2016-04-08T10:00:00Z,114
5577150313,2016-04-08T11:00:00Z,106
5577150313,2016-04-08T12:00:00Z,89
5577150313,2016-04-08T13:00:00Z,79
5577150313,2016-04-08T14:00:00Z,93
5577150313,2016-04-08T15:00:00Z,77
5577150313,2016-04-08T16:00:00Z,77
5577150313,2016-04-08T17:00:00Z,77
5577150313,2016-04-08T18:00:00Z,113
5577150313,2016-04-08T19:00:00Z,210
5577150313,2016-04-08T20:00:00Z,169
5577150313,2016-04-08T21:00:00Z,92
5577150313,2016-04-08T22:00:00Z,77
5577150313,2016-04-08T23:00:00Z,80
5577150313,2016-04-09T00:00:00Z,77
5577150313,2016-04-09T01:00:00Z,82
5577150313,2016-04-09T02:00:00Z,80
5577150313,2016-04-09T03:00:00Z,78
5577150313,2016-04-09T04:00:00Z,77
5577150313,2016-04-09T05:00:00Z,80
5577150313,2016-04-09T06:00:00Z,113
5577150313,2016-04-09T07:00:00Z,448
5577150313,2016-04-09T08:00:00Z,342
5577150313,2016-04-09T09:00:00Z,118
5577150313,2016-04-09T10:00:00Z,100
5577150313,2016-04-09T11:00:00Z,115
5577150313,2016-04-09T12:00:00Z,233
5577150313,2016-04-09T13:00:00Z,247
5577150313,2016-04-09T14:00:00Z,108
5577150313,2016-04-09T15:00:00Z,98
5577150313,2016-04-09T16:00:00Z,362
5577150313,2016-04-09T17:00:00Z,280
5577150313,2016-04-09T18:00:00Z,227
5577150313,2016-04-09T19:00:00Z,124
5577150313,2016-04-09T20:00:00Z,181
5577150313,2016-04-09T21:00:00Z,78
5577150313,2016-04-09T22:00:00Z,77
5577150313,2016-04-09T23:00:00Z,90
5577150313,2016-04-10T00:00:00Z,78
5577150313,2016-04-10T01:00:00Z,79
5577150313,2016-04-10T02:00:00Z,78
5577150313,2016-04-10T03:00:00Z,78
5577150313,2016-04-10T04:00:00Z,79
5577150313,2016-04-10T05:00:00Z,78
5577150313,2016-04-10T06:00:00Z,244
5577150313,2016-04-10T07:00:00Z,92
5577150313,2016-04-10T08:00:00Z,200
5577150313,2016-04-10T09:00:00Z,105
5577150313,2016-04-10T10:00:00Z,226
5577150313,2016-04-10T11:00:00Z,150
5577150313,2016-04-10T12:00:00Z,144
5577150313,2016-04-10T13:00:00Z,155
5577150313,2016-04-10T14:00:00Z,84
5577150313,2016-04-10T15:00:00Z,125
5577150313,2016-04-10T16:00:00Z,171
5577150313,2016-04-10T17:00:00Z,181
5577150313,2016-04-10T18:00:00Z,216
5577150313,2016-04-10T19:00:00Z,247
5577150313,2016-04-10T20:00:00Z,312
5577150313,2016-04-10T21:00:00Z,79
5577150313,2016-04-10T22:00:00Z,98
5577150313,2016-04-10T23:00:00Z,79
5577150313,2016-04-11T00:00:00Z,78
5577150313,2016-04-11T01:00:00Z,78
5577150313,2016-04-11T02:00:00Z,79
5577150313,2016-04-11T03:00:00Z,81
5577150313,2016-04-11T04:00:00Z,78
5577150313,2016-04-11T05:00:00Z,87
5577150313,2016-04-11T06:00:00Z,435
5577150313,2016-04-11T07:00:00Z,135
5577150313,2016-04-11T08:00:00Z,127
5577150313,2016-04-11T09:00:00Z,208
6117666160,2016-03-12T00:00:00Z,63
6117666160,2016-03-12T01:00:00Z,62
6117666160,2016-03-12T02:00:00Z,62
6117666160,2016-03-12T03:00:00Z,63
6117666160,2016-03-12T04:00:00Z,63
6117666160,2016-03-12T05:00:00Z,137
6117666160,2016-03-12T06:00:00Z,63
6117666160,2016-03-12T07:00:00Z,63
6117666160,2016-03-12T08:00:00Z,63
6117666160,2016-03-12T09:00:00Z,62
6117666160,2016-03-12T10:00:00Z,66
6117666160,2016-03-12T11:00:00Z,93
6117666160,2016-03-12T12:00:00Z,130
6117666160,2016-03-12T13:00:00Z,69
6117666160,2016-03-12T14:00:00Z,100
6117666160,2016-03-12T15:00:00Z,63
6117666160,2016-03-12T16:00:00Z,62
6117666160,2016-03-12T17:00:00Z,63
6117666160,2016-03-12T18:00:00Z,83
6117666160,2016-03-12T19:00:00Z,69
6117666160,2016-03-12T20:00:00Z,96
6117666160,2016-03-12T21:00:00Z,124
6117666160,2016-03-12T22:00:00Z,64
6117666160,2016-03-12T23:00:00Z,64
6117666160,2016-03-13T00:00:00Z,62
6117666160,2016-03-13T01:00:00Z,62
6117666160,2016-03-13T02:00:00Z,62
6117666160,2016-03-13T03:00:00Z,62
6117666160,2016-03-13T04:00:00Z,62
6117666160,2016-03-13T05:00:00Z,62
6117666160,2016-03-13T06:00:00Z,62
6117666160,2016-03-13T07:00:00Z,62
6117666160,2016-03-13T08:00:00Z,124
6117666160,2016-03-13T09:00:00Z,108
6117666160,2016-03-13T10:00:00Z,147
6117666160,2016-03-13T11:00:00Z,110
6117666160,2016-03-13T12:00:00Z,134
6117666160,2016-03-13T13:00:00Z,113
6117666160,2016-03-13T14:00:00Z,143
6117666160,2016-03-13T15:00:00Z,152
6117666160,2016-03-13T16:00:00Z,127
6117666160,2016-03-13T17:00:00Z,105
6117666160,2016-03-13T18:00:00Z,80
6117666160,2016-03-13T19:00:00Z,119
6117666160,2016-03-13T20:00:00Z,81
6117666160,2016-03-13T21:00:00Z,78
6117666160,2016-03-13T22:00:00Z,63
6117666160,2016-03-13T23:00:00Z,62
6117666160,2016-03-14T00:00:00Z,63
6117666160,2016-03-14T01:00:00Z,65
6117666160,2016-03-14T02:00:00Z,64
6117666160,2016-03-14T03:00:00Z,62
6117666160,2016-03-14T04:00:00Z,62
6117666160,2016-03-14T05:00:00Z,63
6117666160,2016-03-14T06:00:00Z,63
6117666160,2016-03-14T07:00:00Z,63
6117666160,2016-03-14T08:00:00Z,62
6117666160,2016-03-14T09:00:00Z,95
6117666160,2016-03-14T10:00:00Z,63
6117666160,2016-03-14T11:00:00Z,106
6117666160,2016-03-14T12:00:00Z,104
6117666160,2016-03-14T13:00:00Z,181
6117666160,2016-03-14T14:00:00Z,159
6117666160,2016-03-14T15:00:00Z,133
6117666160,2016-03-14T16:00:00Z,83
6117666160,2016-03-14T17:00:00Z,66
6117666160,2016-03-14T18:00:00Z,109
6117666160,2016-03-14T19:00:00Z,68
6117666160,2016-03-14T20:00:00Z,117
6117666160,2016-03-14T21:00:00Z,172
6117666160,2016-03-14T22:00:00Z,84
6117666160,2016-03-14T23:00:00Z,62
6117666160,2016-03-15T00:00:00Z,62
6117666160,2016-03-15T01:00:00Z,63
6117666160,2016-03-15T02:00:00Z,67
6117666160,2016-03-15T03:00:00Z,62
6117666160,2016-03-15T04:00:00Z,64
6117666160,2016-03-15T05:00:00Z,62
6117666160,2016-03-15T06:00:00Z,62
6117666160,2016-03-15T07:00:00Z,119
6117666160,2016-03-15T08:00:00Z,150
6117666160,2016-03-15T09:00:00Z,126
6117666160,2016-03-15T10:00:00Z,115
6117666160,2016-03-15T11:00:00Z,142
6117666160,2016-03-15T12:00:00Z,84
6117666160,2016-03-15T13:00:00Z,73
6117666160,2016-03-15T14:00:00Z,92
6117666160,2016-03-15T15:00:00Z,88
6117666160,2016-03-15T16:00:00Z,123
6117666160,2016-03-15T17:00:00Z,113
6117666160,2016-03-15T18:00:00Z,84
6117666160,2016-03-15T19:00:00Z,69
6117666160,2016-03-15T20:00:00Z,70
6117666160,2016-03-15T21:00:00Z,72
6117666160,2016-03-15T22:00:00Z,81
6117666160,2016-03-15T23:00:00Z,69
6117666160,2016-03-16T00:00:00Z,62
6117666160,2016-03-16T01:00:00Z,64
6117666160,2016-03-16T02:00:00Z,63
6117666160,2016-03-16T03:00:00Z,66
6117666160,2016-03-16T04:00:00Z,63
6117666160,2016-03-16T05:00:00Z,74
6117666160,2016-03-16T06:00:00Z,63
6117666160,2016-03-16T07:00:00Z,64
6117666160,2016-03-16T08:00:00Z,171
6117666160,2016-03-16T09:00:00Z,120
6117666160,2016-03-16T10:00:00Z,150
6117666160,2016-03-16T11:00:00Z,120
6117666160,2016-03-16T12:00:00Z,120
6117666160,2016-03-16T13:00:00Z,115
6117666160,2016-03-16T14:00:00Z,132
6117666160,2016-03-16T15:00:00Z,104
6117666160,2016-03-16T16:00:00Z,162
6117666160,2016-03-16T17:00:00Z,141
6117666160,2016-03-16T18:00:00Z,62
6117666160,2016-03-16T19:00:00Z,88
6117666160,2016-03-16T20:00:00Z,78
6117666160,2016-03-16T21:00:00Z,65
6117666160,2016-03-16T22:00:00Z,113
6117666160,2016-03-16T23:00:00Z,64
6117666160,2016-03-17T00:00:00Z,63
6117666160,2016-03-17T01:00:00Z,62
6117666160,2016-03-17T02:00:00Z,63
6117666160,2016-03-17T03:00:00Z,63
6117666160,2016-03-17T04:00:00Z,63
6117666160,2016-03-17T05:00:00Z,64
6117666160,2016-03-17T06:00:00Z,62
6117666160,2016-03-17T07:00:00Z,63
6117666160,2016-03-17T08:00:00Z,62
6117666160,2016-03-17T09:00:00Z,67
6117666160,2016-03-17T10:00:00Z,128
6117666160,2016-03-17T11:00:00Z,77
6117666160,2016-03-17T12:00:00Z,63
6117666160,2016-03-17T13:00:00Z,88
6117666160,2016-03-17T14:00:00Z,99
6117666160,2016-03-17T15:00:00Z,117
6117666160,2016-03-17T16:00:00Z,147
6117666160,2016-03-17T17:00:00Z,92
6117666160,2016-03-17T18:00:00Z,90
6117666160,2016-03-17T19:00:00Z,97
6117666160,2016-03-17T20:00:00Z,97
6117666160,2016-03-17T21:00:00Z,90
6117666160,2016-03-17T22:00:00Z,111
6117666160,2016-03-17T23:00:00Z,64
6117666160,2016-03-18T00:00:00Z,70
6117666160,2016-03-18T01:00:00Z,63
6117666160,2016-03-18T02:00:00Z,62
6117666160,2016-03-18T03:00:00Z,63
6117666160,2016-03-18T04:00:00Z,67
6117666160,2016-03-18T05:00:00Z,63
6117666160,2016-03-18T06:00:00Z,66
6117666160,2016-03-18T07:00:00Z,63
6117666160,2016-03-18T08:00:00Z,66
6117666160,2016-03-18T09:00:00Z,130
6117666160,2016-03-18T10:00:00Z,116
6117666160,2016-03-18T11:00:00Z,93
6117666160,2016-03-18T12:00:00Z,86
6117666160,2016-03-18T13:00:00Z,62
6117666160,2016-03-18T14:00:00Z,62
6117666160,2016-03-18T15:00:00Z,62
6117666160,2016-03-18T16:00:00Z,62
6117666160,2016-03-18T17:00:00Z,139
6117666160,2016-03-18T18:00:00Z,453
6117666160,2016-03-18T19:00:00Z,105
6117666160,2016-03-18T20:00:00Z,71
6117666160,2016-03-18T21:00:00Z,99
6117666160,2016-03-18T22:00:00Z,68
6117666160,2016-03-18T23:00:00Z,69
6117666160,2016-03-19T00:00:00Z,62
6117666160,2016-03-19T01:00:00Z,62
6117666160,2016-03-19T02:00:00Z,79
6117666160,2016-03-19T03:00:00Z,63
6117666160,2016-03-19T04:00:00Z,64
6117666160,2016-03-19T05:00:00Z,63
6117666160,2016-03-19T06:00:00Z,63
6117666160,2016-03-19T07:00:00Z,64
6117666160,2016-03-19T08:00:00Z,63
6117666160,2016-03-19T09:00:00Z,66
6117666160,2016-03-19T10:00:00Z,86
6117666160,2016-03-19T11:00:00Z,146
6117666160,2016-03-19T12:00:00Z,113
6117666160,2016-03-19T13:00:00Z,125
6117666160,2016-03-19T14:00:00Z,143
6117666160,2016-03-19T15:00:00Z,124
6117666160,2016-03-19T16:00:00Z,147
6117666160,2016-03-19T17:00:00Z,150
6117666160,2016-03-19T18:00:00Z,130
6117666160,2016-03-19T19:00:00Z,129
6117666160,2016-03-19T20:00:00Z,164
6117666160,2016-03-19T21:00:00Z,95
6117666160,2016-03-19T22:00:00Z,63
6117666160,2016-03-19T23:00:00Z,70
6117666160,2016-03-20T00:00:00Z,94
6117666160,2016-03-20T01:00:00Z,62
6117666160,2016-03-20T02:00:00Z,63
6117666160,2016-03-20T03:00:00Z,63
6117666160,2016-03-20T04:00:00Z,64
6117666160,2016-03-20T05:00:00Z,64
6117666160,2016-03-20T06:00:00Z,63
6117666160,2016-03-20T07:00:00Z,62
6117666160,2016-03-20T08:00:00Z,63
6117666160,2016-03-20T09:00:00Z,166
6117666160,2016-03-20T10:00:00Z,133
6117666160,2016-03-20T11:00:00Z,157
6117666160,2016-03-20T12:00:00Z,158
6117666160,2016-03-20T13:00:00Z,179
6117666160,2016-03-20T14:00:00Z,150
6117666160,2016-03-20T15:00:00Z,120
6117666160,2016-03-20T16:00:00Z,112
6117666160,2016-03-20T17:00:00Z,133
6117666160,2016-03-20T18:00:00Z,68
6117666160,2016-03-20T19:00:00Z,79
6117666160,2016-03-20T20:00:00Z,77
6117666160,2016-03-20T21:00:00Z,126
6117666160,2016-03-20T22:00:00Z,84
6117666160,2016-03-20T23:00:00Z,64
6117666160,2016-03-21T00:00:00Z,62
6117666160,2016-03-21T01:00:00Z,62
6117666160,2016-03-21T02:00:00Z,63
6117666160,2016-03-21T03:00:00Z,63
6117666160,2016-03-21T04:00:00Z,63
6117666160,2016-03-21T05:00:00Z,62
6117666160,2016-03-21T06:00:00Z,63
6117666160,2016-03-21T07:00:00Z,63
6117666160,2016-03-21T08:00:00Z,148
6117666160,2016-03-21T09:00:00Z,127
6117666160,2016-03-21T10:00:00Z,100
6117666160,2016-03-21T11:00:00Z,127
6117666160,2016-03-21T12:00:00Z,105
6117666160,2016-03-21T13:00:00Z,155
6117666160,2016-03-21T14:00:00Z,104
6117666160,2016-03-21T15:00:00Z,89
6117666160,2016-03-21T16:00:00Z,95
6117666160,2016-03-21T17:00:00Z,141
6117666160,2016-03-21T18:00:00Z,131
6117666160,2016-03-21T19:00:00Z,93
6117666160,2016-03-21T20:00:00Z,160
6117666160,2016-03-21T21:00:00Z,69
6117666160,2016-03-21T22:00:00Z,68
6117666160,2016-03-21T23:00:00Z,74
6117666160,2016-03-22T00:00:00Z,62
6117666160,2016-03-22T01:00:00Z,65
6117666160,2016-03-22T02:00:00Z,63
6117666160,2016-03-22T03:00:00Z,62
6117666160,2016-03-22T04:00:00Z,64
6117666160,2016-03-22T05:00:00Z,62
6117666160,2016-03-22T06:00:00Z,65
6117666160,2016-03-22T07:00:00Z,147
6117666160,2016-03-22T08:00:00Z,91
6117666160,2016-03-22T09:00:00Z,84
6117666160,2016-03-22T10:00:00Z,73
6117666160,2016-03-22T11:00:00Z,103
6117666160,2016-03-22T12:00:00Z,133
6117666160,2016-03-22T13:00:00Z,112
6117666160,2016-03-22T14:00:00Z,62
6117666160,2016-03-22T15:00:00Z,62
6117666160,2016-03-22T16:00:00Z,105
6117666160,2016-03-22T17:00:00Z,88
6117666160,2016-03-22T18:00:00Z,102
6117666160,2016-03-22T19:00:00Z,87
6117666160,2016-03-22T20:00:00Z,114
6117666160,2016-03-22T21:00:00Z,85
6117666160,2016-03-22T22:00:00Z,93
6117666160,2016-03-22T23:00:00Z,98
6117666160,2016-03-23T00:00:00Z,108
6117666160,2016-03-23T01:00:00Z,64
6117666160,2016-03-23T02:00:00Z,62
6117666160,2016-03-23T03:00:00Z,72
6117666160,2016-03-23T04:00:00Z,64
6117666160,2016-03-23T05:00:00Z,63
6117666160,2016-03-23T06:00:00Z,62
6117666160,2016-03-23T07:00:00Z,63
6117666160,2016-03-23T08:00:00Z,131
6117666160,2016-03-23T09:00:00Z,134
6117666160,2016-03-23T10:00:00Z,110
6117666160,2016-03-23T11:00:00Z,116
6117666160,2016-03-23T12:00:00Z,122
6117666160,2016-03-23T13:00:00Z,130
6117666160,2016-03-23T14:00:00Z,104
6117666160,2016-03-23T15:00:00Z,77
6117666160,2016-03-23T16:00:00Z,89
6117666160,2016-03-23T17:00:00Z,100
6117666160,2016-03-23T18:00:00Z,95
6117666160,2016-03-23T19:00:00Z,87
6117666160,2016-03-23T20:00:00Z,69
6117666160,2016-03-23T21:00:00Z,71
6117666160,2016-03-23T22:00:00Z,84
6117666160,2016-03-23T23:00:00Z,71
6117666160,2016-03-24T00:00:00Z,62
6117666160,2016-03-24T01:00:00Z,62
6117666160,2016-03-24T02:00:00Z,62
6117666160,2016-03-24T03:00:00Z,63
6117666160,2016-03-24T04:00:00Z,63
6117666160,2016-03-24T05:00:00Z,63
6117666160,2016-03-24T06:00:00Z,63
6117666160,2016-03-24T07:00:00Z,63
6117666160,2016-03-24T08:00:00Z,63
6117666160,2016-03-24T09:00:00Z,63
6117666160,2016-03-24T10:00:00Z,112
6117666160,2016-03-24T11:00:00Z,215
6117666160,2016-03-24T12:00:00Z,473
6117666160,2016-03-24T13:00:00Z,182
6117666160,2016-03-24T14:00:00Z,154
6117666160,2016-03-24T15:00:00Z,75
6117666160,2016-03-24T16:00:00Z,63
6117666160,2016-03-24T17:00:00Z,74
6117666160,2016-03-24T18:00:00Z,65
6117666160,2016-03-24T19:00:00Z,111
6117666160,2016-03-24T20:00:00Z,73
6117666160,2016-03-24T21:00:00Z,71
6117666160,2016-03-24T22:00:00Z,75
6117666160,2016-03-24T23:00:00Z,73
6117666160,2016-03-25T00:00:00Z,63
6117666160,2016-03-25T01:00:00Z,63
6117666160,2016-03-25T02:00:00Z,63
6117666160,2016-03-25T03:00:00Z,64
6117666160,2016-03-25T04:00:00Z,62
6117666160,2016-03-25T05:00:00Z,63
6117666160,2016-03-25T06:00:00Z,63
6117666160,2016-03-25T07:00:00Z,63
6117666160,2016-03-25T08:00:00Z,63
6117666160,2016-03-25T09:00:00Z,73
6117666160,2016-03-25T10:00:00Z,132
6117666160,2016-03-25T11:00:00Z,229
6117666160,2016-03-25T12:00:00Z,386
6117666160,2016-03-25T13:00:00Z,130
6117666160,2016-03-25T14:00:00Z,243
6117666160,2016-03-25T15:00:00Z,63
6117666160,2016-03-25T16:00:00Z,62
6117666160,2016-03-25T17:00:00Z,62
6117666160,2016-03-25T18:00:00Z,80
6117666160,2016-03-25T19:00:00Z,120
6117666160,2016-03-25T20:00:00Z,95
6117666160,2016-03-25T21:00:00Z,78
6117666160,2016-03-25T22:00:00Z,66
6117666160,2016-03-25T23:00:00Z,68
6117666160,2016-03-26T00:00:00Z,82
6117666160,2016-03-26T01:00:00Z,69
6117666160,2016-03-26T02:00:00Z,63
6117666160,2016-03-26T03:00:00Z,62
6117666160,2016-03-26T04:00:00Z,63
6117666160,2016-03-26T05:00:00Z,63
6117666160,2016-03-26T06:00:00Z,63
6117666160,2016-03-26T07:00:00Z,68
6117666160,2016-03-26T08:00:00Z,136
6117666160,2016-03-26T09:00:00Z,114
6117666160,2016-03-26T10:00:00Z,145
6117666160,2016-03-26T11:00:00Z,140
6117666160,2016-03-26T12:00:00Z,124
6117666160,2016-03-26T13:00:00Z,144
6117666160,2016-03-26T14:00:00Z,142
6117666160,2016-03-26T15:00:00Z,140
6117666160,2016-03-26T16:00:00Z,133
6117666160,2016-03-26T17:00:00Z,137
6117666160,2016-03-26T18:00:00Z,197
6117666160,2016-03-26T19:00:00Z,92
6117666160,2016-03-26T20:00:00Z,69
6117666160,2016-03-26T21:00:00Z,119
6117666160,2016-03-26T22:00:00Z,114
6117666160,2016-03-26T23:00:00Z,71
6117666160,2016-03-27T00:00:00Z,62
6117666160,2016-03-27T01:00:00Z,62
6117666160,2016-03-27T02:00:00Z,62
6117666160,2016-03-27T03:00:00Z,63
6117666160,2016-03-27T04:00:00Z,63
6117666160,2016-03-27T05:00:00Z,94
6117666160,2016-03-27T06:00:00Z,63
6117666160,2016-03-27T07:00:00Z,62
6117666160,2016-03-27T08:00:00Z,63
6117666160,2016-03-27T09:00:00Z,72
6117666160,2016-03-27T10:00:00Z,153
6117666160,2016-03-27T11:00:00Z,163
6117666160,2016-03-27T12:00:00Z,103
6117666160,2016-03-27T13:00:00Z,94
6117666160,2016-03-27T14:00:00Z,103
6117666160,2016-03-27T15:00:00Z,96
6117666160,2016-03-27T16:00:00Z,81
6117666160,2016-03-27T17:00:00Z,87
6117666160,2016-03-27T18:00:00Z,80
6117666160,2016-03-27T19:00:00Z,89
6117666160,2016-03-27T20:00:00Z,73
6117666160,2016-03-27T21:00:00Z,72
6117666160,2016-03-27T22:00:00Z,128
6117666160,2016-03-27T23:00:00Z,62
6117666160,2016-03-28T00:00:00Z,62
6117666160,2016-03-28T01:00:00Z,62
6117666160,2016-03-28T02:00:00Z,62
6117666160,2016-03-28T03:00:00Z,62
6117666160,2016-03-28T04:00:00Z,62
6117666160,2016-03-28T05:00:00Z,62
6117666160,2016-03-28T06:00:00Z,62
6117666160,2016-03-28T07:00:00Z,62
6117666160,2016-03-28T08:00:00Z,62
6117666160,2016-03-28T09:00:00Z,62
6117666160,2016-03-28T10:00:00Z,62
6117666160,2016-03-28T11:00:00Z,62
6117666160,2016-03-28T12:00:00Z,62
6117666160,2016-03-28T13:00:00Z,62
6117666160,2016-03-28T14:00:00Z,62
6117666160,2016-03-28T15:00:00Z,62
6117666160,2016-03-28T16:00:00Z,114
6117666160,2016-03-28T17:00:00Z,156
6117666160,2016-03-28T18:00:00Z,118
6117666160,2016-03-28T19:00:00Z,162
6117666160,2016-03-28T20:00:00Z,152
6117666160,2016-03-28T21:00:00Z,91
6117666160,2016-03-28T22:00:00Z,109
6117666160,2016-03-28T23:00:00Z,93
6117666160,2016-03-29T00:00:00Z,62
6117666160,2016-03-29T01:00:00Z,62
6117666160,2016-03-29T02:00:00Z,63
6117666160,2016-03-29T03:00:00Z,63
6117666160,2016-03-29T04:00:00Z,63
6117666160,2016-03-29T05:00:00Z,66
6117666160,2016-03-29T06:00:00Z,82
6117666160,2016-03-29T07:00:00Z,63
6117666160,2016-03-29T08:00:00Z,63
6117666160,2016-03-29T09:00:00Z,63
6117666160,2016-03-29T10:00:00Z,88
6117666160,2016-03-29T11:00:00Z,180
6117666160,2016-03-29T12:00:00Z,123
6117666160,2016-03-29T13:00:00Z,82
6117666160,2016-03-29T14:00:00Z,81
6117666160,2016-03-29T15:00:00Z,114
6117666160,2016-03-29T16:00:00Z,133
6117666160,2016-03-29T17:00:00Z,157
6117666160,2016-03-29T18:00:00Z,150
6117666160,2016-03-29T19:00:00Z,184
6117666160,2016-03-29T20:00:00Z,159
6117666160,2016-03-29T21:00:00Z,67
6117666160,2016-03-29T22:00:00Z,62
6117666160,2016-03-29T23:00:00Z,62
6117666160,2016-03-30T00:00:00Z,62
6117666160,2016-03-30T01:00:00Z,62
6117666160,2016-03-30T02:00:00Z,62
6117666160,2016-03-30T03:00:00Z,62
6117666160,2016-03-30T04:00:00Z,62
6117666160,2016-03-30T05:00:00Z,62
6117666160,2016-03-30T06:00:00Z,62
6117666160,2016-03-30T07:00:00Z,62
6117666160,2016-03-30T08:00:00Z,142
6117666160,2016-03-30T09:00:00Z,141
6117666160,2016-03-30T10:00:00Z,149
6117666160,2016-03-30T11:00:00Z,145
6117666160,2016-03-30T12:00:00Z,139
6117666160,2016-03-30T13:00:00Z,86
6117666160,2016-03-30T14:00:00Z,171
6117666160,2016-03-30T15:00:00Z,156
6117666160,2016-03-30T16:00:00Z,163
6117666160,2016-03-30T17:00:00Z,116
6117666160,2016-03-30T18:00:00Z,132
6117666160,2016-03-30T19:00:00Z,65
6117666160,2016-03-30T20:00:00Z,63
6117666160,2016-03-30T21:00:00Z,85
6117666160,2016-03-30T22:00:00Z,67
6117666160,2016-03-30T23:00:00Z,95
6117666160,2016-03-31T00:00:00Z,63
6117666160,2016-03-31T01:00:00Z,64
6117666160,2016-03-31T02:00:00Z,63
6117666160,2016-03-31T03:00:00Z,64
6117666160,2016-03-31T04:00:00Z,63
6117666160,2016-03-31T05:00:00Z,65
6117666160,2016-03-31T06:00:00Z,67
6117666160,2016-03-31T07:00:00Z,63
6117666160,2016-03-31T08:00:00Z,63
6117666160,2016-03-31T09:00:00Z,63
6117666160,2016-03-31T10:00:00Z,106
6117666160,2016-03-31T11:00:00Z,132
6117666160,2016-03-31T12:00:00Z,154
6117666160,2016-03-31T13:00:00Z,149
6117666160,2016-03-31T14:00:00Z,140
6117666160,2016-03-31T15:00:00Z,149
6117666160,2016-03-31T16:00:00Z,134
6117666160,2016-03-31T17:00:00Z,173
6117666160,2016-03-31T18:00:00Z,129
6117666160,2016-03-31T19:00:00Z,209
6117666160,2016-03-31T20:00:00Z,163
6117666160,2016-03-31T21:00:00Z,71
6117666160,2016-03-31T22:00:00Z,63
6117666160,2016-03-31T23:00:00Z,90
6117666160,2016-04-01T00:00:00Z,64
6117666160,2016-04-01T01:00:00Z,63
6117666160,2016-04-01T02:00:00Z,62
6117666160,2016-04-01T03:00:00Z,63
6117666160,2016-04-01T04:00:00Z,72
6117666160,2016-04-01T05:00:00Z,63
6117666160,2016-04-01T06:00:00Z,63
6117666160,2016-04-01T07:00:00Z,63
6117666160,2016-04-01T08:00:00Z,67
6117666160,2016-04-01T09:00:00Z,148
6117666160,2016-04-01T10:00:00Z,149
6117666160,2016-04-01T11:00:00Z,123
6117666160,2016-04-01T12:00:00Z,131
6117666160,2016-04-01T13:00:00Z,155
6117666160,2016-04-01T14:00:00Z,120
6117666160,2016-04-01T15:00:00Z,95
6117666160,2016-04-01T16:00:00Z,117
6117666160,2016-04-01T17:00:00Z,69
6117666160,2016-04-01T18:00:00Z,128
6117666160,2016-04-01T19:00:00Z,70
6117666160,2016-04-01T20:00:00Z,83
6117666160,2016-04-01T21:00:00Z,90
6117666160,2016-04-01T22:00:00Z,89
6117666160,2016-04-01T23:00:00Z,63
6117666160,2016-04-02T00:00:00Z,63
6117666160,2016-04-02T01:00:00Z,63
6117666160,2016-04-02T02:00:00Z,63
6117666160,2016-04-02T03:00:00Z,63
6117666160,2016-04-02T04:00:00Z,63
6117666160,2016-04-02T05:00:00Z,63
6117666160,2016-04-02T06:00:00Z,62
6117666160,2016-04-02T07:00:00Z,71
6117666160,2016-04-02T08:00:00Z,149
6117666160,2016-04-02T09:00:00Z,221
6117666160,2016-04-02T10:00:00Z,243
6117666160,2016-04-02T11:00:00Z,213
6117666160,2016-04-02T12:00:00Z,195
6117666160,2016-04-02T13:00:00Z,170
6117666160,2016-04-02T14:00:00Z,160
6117666160,2016-04-02T15:00:00Z,106
6117666160,2016-04-02T16:00:00Z,158
6117666160,2016-04-02T17:00:00Z,129
6117666160,2016-04-02T18:00:00Z,100
6117666160,2016-04-02T19:00:00Z,68
6117666160,2016-04-02T20:00:00Z,103
6117666160,2016-04-02T21:00:00Z,161
6117666160,2016-04-02T22:00:00Z,137
6117666160,2016-04-02T23:00:00Z,62
6117666160,2016-04-03T00:00:00Z,62
6117666160,2016-04-03T01:00:00Z,62
6117666160,2016-04-03T02:00:00Z,62
6117666160,2016-04-03T03:00:00Z,62
6117666160,2016-04-03T04:00:00Z,62
6117666160,2016-04-03T05:00:00Z,62
6117666160,2016-04-03T06:00:00Z,62
6117666160,2016-04-03T07:00:00Z,62
6117666160,2016-04-03T08:00:00Z,62
6117666160,2016-04-03T09:00:00Z,62
6117666160,2016-04-03T10:00:00Z,62
6117666160,2016-04-03T11:00:00Z,62
6117666160,2016-04-03T12:00:00Z,62
6117666160,2016-04-03T13:00:00Z,62
6117666160,2016-04-03T14:00:00Z,62
6117666160,2016-04-03T15:00:00Z,62
6117666160,2016-04-03T16:00:00Z,62
6117666160,2016-04-03T17:00:00Z,62
6117666160,2016-04-03T18:00:00Z,62
6117666160,2016-04-03T19:00:00Z,62
6117666160,2016-04-03T20:00:00Z,62
6117666160,2016-04-03T21:00:00Z,62
6117666160,2016-04-03T22:00:00Z,62
6117666160,2016-04-03T23:00:00Z,62
6117666160,2016-04-04T00:00:00Z,62
6117666160,2016-04-04T01:00:00Z,62
6117666160,2016-04-04T02:00:00Z,62
6117666160,2016-04-04T03:00:00Z,62
6117666160,2016-04-04T04:00:00Z,62
6117666160,2016-04-04T05:00:00Z,62
6117666160,2016-04-04T06:00:00Z,62
6117666160,2016-04-04T07:00:00Z,62
6117666160,2016-04-04T08:00:00Z,62
6117666160,2016-04-04T09:00:00Z,62
6117666160,2016-04-04T10:00:00Z,62
6117666160,2016-04-04T11:00:00Z,134
6117666160,2016-04-04T12:00:00Z,99
6117666160,2016-04-04T13:00:00Z,147
6117666160,2016-04-04T14:00:00Z,80
6117666160,2016-04-04T15:00:00Z,98
6117666160,2016-04-04T16:00:00Z,89
6117666160,2016-04-04T17:00:00Z,154
6117666160,2016-04-04T18:00:00Z,180
6117666160,2016-04-04T19:00:00Z,226
6117666160,2016-04-04T20:00:00Z,120
6117666160,2016-04-04T21:00:00Z,74
6117666160,2016-04-04T22:00:00Z,112
6117666160,2016-04-04T23:00:00Z,62
6117666160,2016-04-05T00:00:00Z,62
6117666160,2016-04-05T01:00:00Z,62
6117666160,2016-04-05T02:00:00Z,62
6117666160,2016-04-05T03:00:00Z,62
6117666160,2016-04-05T04:00:00Z,62
6117666160,2016-04-05T05:00:00Z,62
6117666160,2016-04-05T06:00:00Z,62
6117666160,2016-04-05T07:00:00Z,91
6117666160,2016-04-05T08:00:00Z,109
6117666160,2016-04-05T09:00:00Z,88
6117666160,2016-04-05T10:00:00Z,80
6117666160,2016-04-05T11:00:00Z,73
6117666160,2016-04-05T12:00:00Z,171
6117666160,2016-04-05T13:00:00Z,161
6117666160,2016-04-05T14:00:00Z,86
6117666160,2016-04-05T15:00:00Z,128
6117666160,2016-04-05T16:00:00Z,97
6117666160,2016-04-05T17:00:00Z,164
6117666160,2016-04-05T18:00:00Z,123
6117666160,2016-04-05T19:00:00Z,178
6117666160,2016-04-05T20:00:00Z,171
6117666160,2016-04-05T21:00:00Z,130
6117666160,2016-04-05T22:00:00Z,95
6117666160,2016-04-05T23:00:00Z,65
6117666160,2016-04-06T00:00:00Z,62
6117666160,2016-04-06T01:00:00Z,66
6117666160,2016-04-06T02:00:00Z,63
6117666160,2016-04-06T03:00:00Z,63
6117666160,2016-04-06T04:00:00Z,63
6117666160,2016-04-06T05:00:00Z,63
6117666160,2016-04-06T06:00:00Z,64
6117666160,2016-04-06T07:00:00Z,99
6117666160,2016-04-06T08:00:00Z,102
6117666160,2016-04-06T09:00:00Z,163
6117666160,2016-04-06T10:00:00Z,162
6117666160,2016-04-06T11:00:00Z,180
6117666160,2016-04-06T12:00:00Z,143
6117666160,2016-04-06T13:00:00Z,182
6117666160,2016-04-06T14:00:00Z,186
6117666160,2016-04-06T15:00:00Z,166
6117666160,2016-04-06T16:00:00Z,113
6117666160,2016-04-06T17:00:00Z,155
6117666160,2016-04-06T18:00:00Z,130
6117666160,2016-04-06T19:00:00Z,139
6117666160,2016-04-06T20:00:00Z,71
6117666160,2016-04-06T21:00:00Z,108
6117666160,2016-04-06T22:00:00Z,83
6117666160,2016-04-06T23:00:00Z,70
6117666160,2016-04-07T00:00:00Z,65
6117666160,2016-04-07T01:00:00Z,62
6117666160,2016-04-07T02:00:00Z,63
6117666160,2016-04-07T03:00:00Z,63
6117666160,2016-04-07T04:00:00Z,64
6117666160,2016-04-07T05:00:00Z,62
6117666160,2016-04-07T06:00:00Z,63
6117666160,2016-04-07T07:00:00Z,62
6117666160,2016-04-07T08:00:00Z,76
6117666160,2016-04-07T09:00:00Z,138
6117666160,2016-04-07T10:00:00Z,72
6117666160,2016-04-07T11:00:00Z,134
6117666160,2016-04-07T12:00:00Z,117
6117666160,2016-04-07T13:00:00Z,102
6117666160,2016-04-07T14:00:00Z,186
6117666160,2016-04-07T15:00:00Z,75
6117666160,2016-04-07T16:00:00Z,62
6117666160,2016-04-07T17:00:00Z,62
6117666160,2016-04-07T18:00:00Z,62
6117666160,2016-04-07T19:00:00Z,62
6117666160,2016-04-07T20:00:00Z,62
6117666160,2016-04-07T21:00:00Z,62
6117666160,2016-04-07T22:00:00Z,62
6117666160,2016-04-07T23:00:00Z,62
6117666160,2016-04-08T00:00:00Z,62
6117666160,2016-04-08T01:00:00Z,62
6117666160,2016-04-08T02:00:00Z,62
6117666160,2016-04-08T03:00:00Z,62
6117666160,2016-04-08T04:00:00Z,62
6117666160,2016-04-08T05:00:00Z,62
6117666160,2016-04-08T06:00:00Z,62
6117666160,2016-04-08T07:00:00Z,62
6117666160,2016-04-08T08:00:00Z,62
6117666160,2016-04-08T09:00:00Z,62
6117666160,2016-04-08T10:00:00Z,82
6117666160,2016-04-08T11:00:00Z,98
6117666160,2016-04-08T12:00:00Z,170
6117666160,2016-04-08T13:00:00Z,170
6117666160,2016-04-08T14:00:00Z,150
6117666160,2016-04-08T15:00:00Z,131
6117666160,2016-04-08T16:00:00Z,153
6117666160,2016-04-08T17:00:00Z,130
6117666160,2016-04-08T18:00:00Z,137
6117666160,2016-04-08T19:00:00Z,171
6117666160,2016-04-08T20:00:00Z,183
6117666160,2016-04-08T21:00:00Z,99
6117666160,2016-04-08T22:00:00Z,71
6117666160,2016-04-08T23:00:00Z,109
6117666160,2016-04-09T00:00:00Z,73
6117666160,2016-04-09T01:00:00Z,62
6117666160,2016-04-09T02:00:00Z,63
6117666160,2016-04-09T03:00:00Z,68
6117666160,2016-04-09T04:00:00Z,79
6117666160,2016-04-09T05:00:00Z,63
6117666160,2016-04-09T06:00:00Z,63
6117666160,2016-04-09T07:00:00Z,109
6117666160,2016-04-09T08:00:00Z,141
6117666160,2016-04-09T09:00:00Z,154
6117666160,2016-04-09T10:00:00Z,162
6117666160,2016-04-09T11:00:00Z,181
6117666160,2016-04-09T12:00:00Z,173
6117666160,2016-04-09T13:00:00Z,128
6117666160,2016-04-09T14:00:00Z,176
6117666160,2016-04-09T15:00:00Z,151
6117666160,2016-04-09T16:00:00Z,146
6117666160,2016-04-09T17:00:00Z,135
6117666160,2016-04-09T18:00:00Z,98
6117666160,2016-04-09T19:00:00Z,137
6117666160,2016-04-09T20:00:00Z,116
6117666160,2016-04-09T21:00:00Z,70
6117666160,2016-04-09T22:00:00Z,63
6290855005,2016-03-12T00:00:00Z,86
6290855005,2016-03-12T01:00:00Z,86
6290855005,2016-03-12T02:00:00Z,86
6290855005,2016-03-12T03:00:00Z,86
6290855005,2016-03-12T04:00:00Z,86
6290855005,2016-03-12T05:00:00Z,86
6290855005,2016-03-12T06:00:00Z,92
6290855005,2016-03-12T07:00:00Z,106
6290855005,2016-03-12T08:00:00Z,116
6290855005,2016-03-12T09:00:00Z,599
6290855005,2016-03-12T10:00:00Z,404
6290855005,2016-03-12T11:00:00Z,199
6290855005,2016-03-12T12:00:00Z,163
6290855005,2016-03-12T13:00:00Z,188
6290855005,2016-03-12T14:00:00Z,175
6290855005,2016-03-12T15:00:00Z,201
6290855005,2016-03-12T16:00:00Z,139
6290855005,2016-03-12T17:00:00Z,110
6290855005,2016-03-12T18:00:00Z,119
6290855005,2016-03-12T19:00:00Z,130
6290855005,2016-03-12T20:00:00Z,132
6290855005,2016-03-12T21:00:00Z,86
6290855005,2016-03-12T22:00:00Z,86
6290855005,2016-03-12T23:00:00Z,86
6290855005,2016-03-13T00:00:00Z,86
6290855005,2016-03-13T01:00:00Z,86
6290855005,2016-03-13T02:00:00Z,86
6290855005,2016-03-13T03:00:00Z,86
6290855005,2016-03-13T04:00:00Z,86
6290855005,2016-03-13T05:00:00Z,86
6290855005,2016-03-13T06:00:00Z,86
6290855005,2016-03-13T07:00:00Z,86
6290855005,2016-03-13T08:00:00Z,86
6290855005,2016-03-13T09:00:00Z,122
6290855005,2016-03-13T10:00:00Z,231
6290855005,2016-03-13T11:00:00Z,186
6290855005,2016-03-13T12:00:00Z,203
6290855005,2016-03-13T13:00:00Z,121
6290855005,2016-03-13T14:00:00Z,90
6290855005,2016-03-13T15:00:00Z,166
6290855005,2016-03-13T16:00:00Z,118
6290855005,2016-03-13T17:00:00Z,141
6290855005,2016-03-13T18:00:00Z,122
6290855005,2016-03-13T19:00:00Z,106
6290855005,2016-03-13T20:00:00Z,86
6290855005,2016-03-13T21:00:00Z,86
6290855005,2016-03-13T22:00:00Z,86
6290855005,2016-03-13T23:00:00Z,86
6290855005,2016-03-14T00:00:00Z,86
6290855005,2016-03-14T01:00:00Z,86
6290855005,2016-03-14T02:00:00Z,86
6290855005,2016-03-14T03:00:00Z,86
6290855005,2016-03-14T04:00:00Z,86
6290855005,2016-03-14T05:00:00Z,86
6290855005,2016-03-14T06:00:00Z,86
6290855005,2016-03-14T07:00:00Z,86
6290855005,2016-03-14T08:00:00Z,86
6290855005,2016-03-14T09:00:00Z,86
6290855005,2016-03-14T10:00:00Z,86
6290855005,2016-03-14T11:00:00Z,86
6290855005,2016-03-14T12:00:00Z,86
6290855005,2016-03-14T13:00:00Z,86
6290855005,2016-03-14T14:00:00Z,86
6290855005,2016-03-14T15:00:00Z,86
6290855005,2016-03-14T16:00:00Z,86
6290855005,2016-03-14T17:00:00Z,86
6290855005,2016-03-14T18:00:00Z,86
6290855005,2016-03-14T19:00:00Z,86
6290855005,2016-03-14T20:00:00Z,86
6290855005,2016-03-14T21:00:00Z,86
6290855005,2016-03-14T22:00:00Z,86
6290855005,2016-03-14T23:00:00Z,86
6290855005,2016-03-15T00:00:00Z,86
6290855005,2016-03-15T01:00:00Z,86
6290855005,2016-03-15T02:00:00Z,86
6290855005,2016-03-15T03:00:00Z,86
6290855005,2016-03-15T04:00:00Z,86
6290855005,2016-03-15T05:00:00Z,86
6290855005,2016-03-15T06:00:00Z,86
6290855005,2016-03-15T07:00:00Z,86
6290855005,2016-03-15T08:00:00Z,86
6290855005,2016-03-15T09:00:00Z,86
6290855005,2016-03-15T10:00:00Z,86
6290855005,2016-03-15T11:00:00Z,86
6290855005,2016-03-15T12:00:00Z,86
6290855005,2016-03-15T13:00:00Z,86
6290855005,2016-03-15T14:00:00Z,86
6290855005,2016-03-15T15:00:00Z,86
6290855005,2016-03-15T16:00:00Z,86
6290855005,2016-03-15T17:00:00Z,86
6290855005,2016-03-15T18:00:00Z,86
6290855005,2016-03-15T19:00:00Z,86
6290855005,2016-03-15T20:00:00Z,86
6290855005,2016-03-15T21:00:00Z,86
6290855005,2016-03-15T22:00:00Z,86
6290855005,2016-03-15T23:00:00Z,86
6290855005,2016-03-16T00:00:00Z,86
6290855005,2016-03-16T01:00:00Z,86
6290855005,2016-03-16T02:00:00Z,86
6290855005,2016-03-16T03:00:00Z,86
6290855005,2016-03-16T04:00:00Z,86
6290855005,2016-03-16T05:00:00Z,103
6290855005,2016-03-16T06:00:00Z,197
6290855005,2016-03-16T07:00:00Z,187
6290855005,2016-03-16T08:00:00Z,179
6290855005,2016-03-16T09:00:00Z,175
6290855005,2016-03-16T10:00:00Z,148
6290855005,2016-03-16T11:00:00Z,186
6290855005,2016-03-16T12:00:00Z,144
6290855005,2016-03-16T13:00:00Z,99
6290855005,2016-03-16T14:00:00Z,135
6290855005,2016-03-16T15:00:00Z,191
6290855005,2016-03-16T16:00:00Z,118
6290855005,2016-03-16T17:00:00Z,144
6290855005,2016-03-16T18:00:00Z,86
6290855005,2016-03-16T19:00:00Z,86
6290855005,2016-03-16T20:00:00Z,86
6290855005,2016-03-16T21:00:00Z,86
6290855005,2016-03-16T22:00:00Z,86
6290855005,2016-03-16T23:00:00Z,86
6290855005,2016-03-17T00:00:00Z,86
6290855005,2016-03-17T01:00:00Z,86
6290855005,2016-03-17T02:00:00Z,86
6290855005,2016-03-17T03:00:00Z,86
6290855005,2016-03-17T04:00:00Z,88
6290855005,2016-03-17T05:00:00Z,116
6290855005,2016-03-17T06:00:00Z,151
6290855005,2016-03-17T07:00:00Z,171
6290855005,2016-03-17T08:00:00Z,136
6290855005,2016-03-17T09:00:00Z,160
6290855005,2016-03-17T10:00:00Z,119
6290855005,2016-03-17T11:00:00Z,157
6290855005,2016-03-17T12:00:00Z,121
6290855005,2016-03-17T13:00:00Z,126
6290855005,2016-03-17T14:00:00Z,158
6290855005,2016-03-17T15:00:00Z,117
6290855005,2016-03-17T16:00:00Z,131
6290855005,2016-03-17T17:00:00Z,86
6290855005,2016-03-17T18:00:00Z,86
6290855005,2016-03-17T19:00:00Z,86
6290855005,2016-03-17T20:00:00Z,86
6290855005,2016-03-17T21:00:00Z,86
6290855005,2016-03-17T22:00:00Z,86
6290855005,2016-03-17T23:00:00Z,86
6290855005,2016-03-18T00:00:00Z,86
6290855005,2016-03-18T01:00:00Z,86
6290855005,2016-03-18T02:00:00Z,86
6290855005,2016-03-18T03:00:00Z,86
6290855005,2016-03-18T04:00:00Z,86
6290855005,2016-03-18T05:00:00Z,133
6290855005,2016-03-18T06:00:00Z,149
6290855005,2016-03-18T07:00:00Z,117
6290855005,2016-03-18T08:00:00Z,148
6290855005,2016-03-18T09:00:00Z,145
6290855005,2016-03-18T10:00:00Z,169
6290855005,2016-03-18T11:00:00Z,134
6290855005,2016-03-18T12:00:00Z,132
6290855005,2016-03-18T13:00:00Z,160
6290855005,2016-03-18T14:00:00Z,187
6290855005,2016-03-18T15:00:00Z,132
6290855005,2016-03-18T16:00:00Z,122
6290855005,2016-03-18T17:00:00Z,104
6290855005,2016-03-18T18:00:00Z,86
6290855005,2016-03-18T19:00:00Z,86
6290855005,2016-03-18T20:00:00Z,86
6290855005,2016-03-18T21:00:00Z,86
6290855005,2016-03-18T22:00:00Z,86
6290855005,2016-03-18T23:00:00Z,86
6290855005,2016-03-19T00:00:00Z,86
6290855005,2016-03-19T01:00:00Z,86
6290855005,2016-03-19T02:00:00Z,86
6290855005,2016-03-19T03:00:00Z,86
6290855005,2016-03-19T04:00:00Z,86
6290855005,2016-03-19T05:00:00Z,86
6290855005,2016-03-19T06:00:00Z,86
6290855005,2016-03-19T07:00:00Z,86
6290855005,2016-03-19T08:00:00Z,86
6290855005,2016-03-19T09:00:00Z,98
6290855005,2016-03-19T10:00:00Z,156
6290855005,2016-03-19T11:00:00Z,92
6290855005,2016-03-19T12:00:00Z,168
6290855005,2016-03-19T13:00:00Z,122
6290855005,2016-03-19T14:00:00Z,206
6290855005,2016-03-19T15:00:00Z,182
6290855005,2016-03-19T16:00:00Z,182
6290855005,2016-03-19T17:00:00Z,176
6290855005,2016-03-19T18:00:00Z,115
6290855005,2016-03-19T19:00:00Z,86
6290855005,2016-03-19T20:00:00Z,86
6290855005,2016-03-19T21:00:00Z,86
6290855005,2016-03-19T22:00:00Z,86
6290855005,2016-03-19T23:00:00Z,86
6290855005,2016-03-20T00:00:00Z,86
6290855005,2016-03-20T01:00:00Z,86
6290855005,2016-03-20T02:00:00Z,86
6290855005,2016-03-20T03:00:00Z,86
6290855005,2016-03-20T04:00:00Z,86
6290855005,2016-03-20T05:00:00Z,89
6290855005,2016-03-20T06:00:00Z,111
6290855005,2016-03-20T07:00:00Z,136
6290855005,2016-03-20T08:00:00Z,131
6290855005,2016-03-20T09:00:00Z,311
6290855005,2016-03-20T10:00:00Z,238
6290855005,2016-03-20T11:00:00Z,122
6290855005,2016-03-20T12:00:00Z,138
6290855005,2016-03-20T13:00:00Z,137
6290855005,2016-03-20T14:00:00Z,115
6290855005,2016-03-20T15:00:00Z,153
6290855005,2016-03-20T16:00:00Z,128
6290855005,2016-03-20T17:00:00Z,164
6290855005,2016-03-20T18:00:00Z,114
6290855005,2016-03-20T19:00:00Z,86
6290855005,2016-03-20T20:00:00Z,86
6290855005,2016-03-20T21:00:00Z,86
6290855005,2016-03-20T22:00:00Z,86
6290855005,2016-03-20T23:00:00Z,86
6290855005,2016-03-21T00:00:00Z,86
6290855005,2016-03-21T01:00:00Z,86
6290855005,2016-03-21T02:00:00Z,86
6290855005,2016-03-21T03:00:00Z,86
6290855005,2016-03-21T04:00:00Z,86
6290855005,2016-03-21T05:00:00Z,86
6290855005,2016-03-21T06:00:00Z,86
6290855005,2016-03-21T07:00:00Z,86
6290855005,2016-03-21T08:00:00Z,86
6290855005,2016-03-21T09:00:00Z,86
6290855005,2016-03-21T10:00:00Z,90
6290855005,2016-03-21T11:00:00Z,195
6290855005,2016-03-21T12:00:00Z,197
6290855005,2016-03-21T13:00:00Z,188
6290855005,2016-03-21T14:00:00Z,176
6290855005,2016-03-21T15:00:00Z,137
6290855005,2016-03-21T16:00:00Z,110
6290855005,2016-03-21T17:00:00Z,86
6290855005,2016-03-21T18:00:00Z,86
6290855005,2016-03-21T19:00:00Z,86
6290855005,2016-03-21T20:00:00Z,86
6290855005,2016-03-21T21:00:00Z,86
6290855005,2016-03-21T22:00:00Z,86
6290855005,2016-03-21T23:00:00Z,86
6290855005,2016-03-22T00:00:00Z,86
6290855005,2016-03-22T01:00:00Z,86
6290855005,2016-03-22T02:00:00Z,86
6290855005,2016-03-22T03:00:00Z,86
6290855005,2016-03-22T04:00:00Z,86
6290855005,2016-03-22T05:00:00Z,86
6290855005,2016-03-22T06:00:00Z,86
6290855005,2016-03-22T07:00:00Z,86
6290855005,2016-03-22T08:00:00Z,86
6290855005,2016-03-22T09:00:00Z,525
6290855005,2016-03-22T10:00:00Z,379
6290855005,2016-03-22T11:00:00Z,303
6290855005,2016-03-22T12:00:00Z,86
6290855005,2016-03-22T13:00:00Z,118
6290855005,2016-03-22T14:00:00Z,115
6290855005,2016-03-22T15:00:00Z,127
6290855005,2016-03-22T16:00:00Z,155
6290855005,2016-03-22T17:00:00Z,148
6290855005,2016-03-22T18:00:00Z,157
6290855005,2016-03-22T19:00:00Z,102
6290855005,2016-03-22T20:00:00Z,86
6290855005,2016-03-22T21:00:00Z,86
6290855005,2016-03-22T22:00:00Z,86
6290855005,2016-03-22T23:00:00Z,86
6290855005,2016-03-23T00:00:00Z,86
6290855005,2016-03-23T01:00:00Z,86
6290855005,2016-03-23T02:00:00Z,86
6290855005,2016-03-23T03:00:00Z,86
6290855005,2016-03-23T04:00:00Z,86
6290855005,2016-03-23T05:00:00Z,86
6290855005,2016-03-23T06:00:00Z,86
6290855005,2016-03-23T07:00:00Z,86
6290855005,2016-03-23T08:00:00Z,98
6290855005,2016-03-23T09:00:00Z,124
6290855005,2016-03-23T10:00:00Z,124
6290855005,2016-03-23T11:00:00Z,102
6290855005,2016-03-23T12:00:00Z,112
6290855005,2016-03-23T13:00:00Z,90
6290855005,2016-03-23T14:00:00Z,98
6290855005,2016-03-23T15:00:00Z,126
6290855005,2016-03-23T16:00:00Z,119
6290855005,2016-03-23T17:00:00Z,146
6290855005,2016-03-23T18:00:00Z,114
6290855005,2016-03-23T19:00:00Z,97
6290855005,2016-03-23T20:00:00Z,86
6290855005,2016-03-23T21:00:00Z,86
6290855005,2016-03-23T22:00:00Z,86
6290855005,2016-03-23T23:00:00Z,86
6290855005,2016-03-24T00:00:00Z,86
6290855005,2016-03-24T01:00:00Z,86
6290855005,2016-03-24T02:00:00Z,86
6290855005,2016-03-24T03:00:00Z,86
6290855005,2016-03-24T04:00:00Z,86
6290855005,2016-03-24T05:00:00Z,86
6290855005,2016-03-24T06:00:00Z,118
6290855005,2016-03-24T07:00:00Z,119
6290855005,2016-03-24T08:00:00Z,142
6290855005,2016-03-24T09:00:00Z,157
6290855005,2016-03-24T10:00:00Z,172
6290855005,2016-03-24T11:00:00Z,191
6290855005,2016-03-24T12:00:00Z,104
6290855005,2016-03-24T13:00:00Z,97
6290855005,2016-03-24T14:00:00Z,111
6290855005,2016-03-24T15:00:00Z,115
6290855005,2016-03-24T16:00:00Z,155
6290855005,2016-03-24T17:00:00Z,86
6290855005,2016-03-24T18:00:00Z,86
6290855005,2016-03-24T19:00:00Z,86
6290855005,2016-03-24T20:00:00Z,86
6290855005,2016-03-24T21:00:00Z,86
6290855005,2016-03-24T22:00:00Z,86
6290855005,2016-03-24T23:00:00Z,86
6290855005,2016-03-25T00:00:00Z,86
6290855005,2016-03-25T01:00:00Z,86
6290855005,2016-03-25T02:00:00Z,86
6290855005,2016-03-25T03:00:00Z,86
6290855005,2016-03-25T04:00:00Z,86
6290855005,2016-03-25T05:00:00Z,86
6290855005,2016-03-25T06:00:00Z,86
6290855005,2016-03-25T07:00:00Z,86
6290855005,2016-03-25T08:00:00Z,86
6290855005,2016-03-25T09:00:00Z,86
6290855005,2016-03-25T10:00:00Z,86
6290855005,2016-03-25T11:00:00Z,86
6290855005,2016-03-25T12:00:00Z,86
6290855005,2016-03-25T13:00:00Z,86
6290855005,2016-03-25T14:00:00Z,86
6290855005,2016-03-25T15:00:00Z,86
6290855005,2016-03-25T16:00:00Z,86
6290855005,2016-03-25T17:00:00Z,86
6290855005,2016-03-25T18:00:00Z,86
6290855005,2016-03-25T19:00:00Z,86
6290855005,2016-03-25T20:00:00Z,86
6290855005,2016-03-25T21:00:00Z,86
6290855005,2016-03-25T22:00:00Z,86
6290855005,2016-03-25T23:00:00Z,86
6290855005,2016-03-26T00:00:00Z,86
6290855005,2016-03-26T01:00:00Z,86
6290855005,2016-03-26T02:00:00Z,86
6290855005,2016-03-26T03:00:00Z,86
6290855005,2016-03-26T04:00:00Z,86
6290855005,2016-03-26T05:00:00Z,86
6290855005,2016-03-26T06:00:00Z,86
6290855005,2016-03-26T07:00:00Z,86
6290855005,2016-03-26T08:00:00Z,86
6290855005,2016-03-26T09:00:00Z,86
6290855005,2016-03-26T10:00:00Z,86
6290855005,2016-03-26T11:00:00Z,86
6290855005,2016-03-26T12:00:00Z,86
6290855005,2016-03-26T13:00:00Z,86
6290855005,2016-03-26T14:00:00Z,86
6290855005,2016-03-26T15:00:00Z,86
6290855005,2016-03-26T16:00:00Z,86
6290855005,2016-03-26T17:00:00Z,86
6290855005,2016-03-26T18:00:00Z,86
6290855005,2016-03-26T19:00:00Z,86
6290855005,2016-03-26T20:00:00Z,86
6290855005,2016-03-26T21:00:00Z,86
6290855005,2016-03-26T22:00:00Z,86
6290855005,2016-03-26T23:00:00Z,86
6290855005,2016-03-27T00:00:00Z,86
6290855005,2016-03-27T01:00:00Z,86
6290855005,2016-03-27T02:00:00Z,86
6290855005,2016-03-27T03:00:00Z,86
6290855005,2016-03-27T04:00:00Z,86
6290855005,2016-03-27T05:00:00Z,86
6290855005,2016-03-27T06:00:00Z,86
6290855005,2016-03-27T07:00:00Z,86
6290855005,2016-03-27T08:00:00Z,86
6290855005,2016-03-27T09:00:00Z,525
6290855005,2016-03-27T10:00:00Z,296
6290855005,2016-03-27T11:00:00Z,136
6290855005,2016-03-27T12:00:00Z,297
6290855005,2016-03-27T13:00:00Z,194
6290855005,2016-03-27T14:00:00Z,166
6290855005,2016-03-27T15:00:00Z,129
6290855005,2016-03-27T16:00:00Z,171
6290855005,2016-03-27T17:00:00Z,155
6290855005,2016-03-27T18:00:00Z,86
6290855005,2016-03-27T19:00:00Z,143
6290855005,2016-03-27T20:00:00Z,115
6290855005,2016-03-27T21:00:00Z,86
6290855005,2016-03-27T22:00:00Z,86
6290855005,2016-03-27T23:00:00Z,86
6290855005,2016-03-28T00:00:00Z,86
6290855005,2016-03-28T01:00:00Z,86
6290855005,2016-03-28T02:00:00Z,86
6290855005,2016-03-28T03:00:00Z,86
6290855005,2016-03-28T04:00:00Z,86
6290855005,2016-03-28T05:00:00Z,86
6290855005,2016-03-28T06:00:00Z,86
6290855005,2016-03-28T07:00:00Z,86
6290855005,2016-03-28T08:00:00Z,86
6290855005,2016-03-28T09:00:00Z,86
6290855005,2016-03-28T10:00:00Z,86
6290855005,2016-03-28T11:00:00Z,305
6290855005,2016-03-28T12:00:00Z,333
6290855005,2016-03-28T13:00:00Z,150
6290855005,2016-03-28T14:00:00Z,138
6290855005,2016-03-28T15:00:00Z,149
6290855005,2016-03-28T16:00:00Z,164
6290855005,2016-03-28T17:00:00Z,112
6290855005,2016-03-28T18:00:00Z,144
6290855005,2016-03-28T19:00:00Z,101
6290855005,2016-03-28T20:00:00Z,108
6290855005,2016-03-28T21:00:00Z,112
6290855005,2016-03-28T22:00:00Z,102
6290855005,2016-03-28T23:00:00Z,86
6290855005,2016-03-29T00:00:00Z,86
6290855005,2016-03-29T01:00:00Z,86
6290855005,2016-03-29T02:00:00Z,86
6290855005,2016-03-29T03:00:00Z,86
6290855005,2016-03-29T04:00:00Z,86
6290855005,2016-03-29T05:00:00Z,86
6290855005,2016-03-29T06:00:00Z,126
6290855005,2016-03-29T07:00:00Z,179
6290855005,2016-03-29T08:00:00Z,104
6290855005,2016-03-29T09:00:00Z,114
6290855005,2016-03-29T10:00:00Z,114
6290855005,2016-03-29T11:00:00Z,94
6290855005,2016-03-29T12:00:00Z,137
6290855005,2016-03-29T13:00:00Z,125
6290855005,2016-03-29T14:00:00Z,114
6290855005,2016-03-29T15:00:00Z,163
6290855005,2016-03-29T16:00:00Z,129
6290855005,2016-03-29T17:00:00Z,123
6290855005,2016-03-29T18:00:00Z,131
6290855005,2016-03-29T19:00:00Z,86
6290855005,2016-03-29T20:00:00Z,86
6290855005,2016-03-29T21:00:00Z,86
6290855005,2016-03-29T22:00:00Z,86
6290855005,2016-03-29T23:00:00Z,86
6290855005,2016-03-30T00:00:00Z,86
6290855005,2016-03-30T01:00:00Z,86
6290855005,2016-03-30T02:00:00Z,86
6290855005,2016-03-30T03:00:00Z,86
6290855005,2016-03-30T04:00:00Z,86
6290855005,2016-03-30T05:00:00Z,86
6290855005,2016-03-30T06:00:00Z,120
6290855005,2016-03-30T07:00:00Z,136
6290855005,2016-03-30T08:00:00Z,142
6290855005,2016-03-30T09:00:00Z,137
6290855005,2016-03-30T10:00:00Z,141
6290855005,2016-03-30T11:00:00Z,124
6290855005,2016-03-30T12:00:00Z,130
6290855005,2016-03-30T13:00:00Z,138
6290855005,2016-03-30T14:00:00Z,176
6290855005,2016-03-30T15:00:00Z,167
6290855005,2016-03-30T16:00:00Z,155
6290855005,2016-03-30T17:00:00Z,149
6290855005,2016-03-30T18:00:00Z,114
6290855005,2016-03-30T19:00:00Z,86
6290855005,2016-03-30T20:00:00Z,86
6290855005,2016-03-30T21:00:00Z,86
6290855005,2016-03-30T22:00:00Z,86
6290855005,2016-03-30T23:00:00Z,86
6290855005,2016-03-31T00:00:00Z,86
6290855005,2016-03-31T01:00:00Z,86
6290855005,2016-03-31T02:00:00Z,86
6290855005,2016-03-31T03:00:00Z,86
6290855005,2016-03-31T04:00:00Z,86
6290855005,2016-03-31T05:00:00Z,86
6290855005,2016-03-31T06:00:00Z,86
6290855005,2016-03-31T07:00:00Z,86
6290855005,2016-03-31T08:00:00Z,86
6290855005,2016-03-31T09:00:00Z,86
6290855005,2016-03-31T10:00:00Z,86
6290855005,2016-03-31T11:00:00Z,86
6290855005,2016-03-31T12:00:00Z,86
6290855005,2016-03-31T13:00:00Z,86
6290855005,2016-03-31T14:00:00Z,86
6290855005,2016-03-31T15:00:00Z,86
6290855005,2016-03-31T16:00:00Z,86
6290855005,2016-03-31T17:00:00Z,86
6290855005,2016-03-31T18:00:00Z,86
6290855005,2016-03-31T19:00:00Z,86
6290855005,2016-03-31T20:00:00Z,86
6290855005,2016-03-31T21:00:00Z,86
6290855005,2016-03-31T22:00:00Z,86
6290855005,2016-03-31T23:00:00Z,86
6290855005,2016-04-01T00:00:00Z,86
6290855005,2016-04-01T01:00:00Z,86
6290855005,2016-04-01T02:00:00Z,86
6290855005,2016-04-01T03:00:00Z,86
6290855005,2016-04-01T04:00:00Z,86
6290855005,2016-04-01T05:00:00Z,105
6290855005,2016-04-01T06:00:00Z,106
6290855005,2016-04-01T07:00:00Z,162
6290855005,2016-04-01T08:00:00Z,101
6290855005,2016-04-01T09:00:00Z,158
6290855005,2016-04-01T10:00:00Z,162
6290855005,2016-04-01T11:00:00Z,131
6290855005,2016-04-01T12:00:00Z,130
6290855005,2016-04-01T13:00:00Z,141
6290855005,2016-04-01T14:00:00Z,173
6290855005,2016-04-01T15:00:00Z,127
6290855005,2016-04-01T16:00:00Z,114
6290855005,2016-04-01T17:00:00Z,158
6290855005,2016-04-01T18:00:00Z,90
6290855005,2016-04-01T19:00:00Z,127
6290855005,2016-04-01T20:00:00Z,104
6290855005,2016-04-01T21:00:00Z,89
6290855005,2016-04-01T22:00:00Z,86
6290855005,2016-04-01T23:00:00Z,86
6290855005,2016-04-02T00:00:00Z,86
6290855005,2016-04-02T01:00:00Z,86
6290855005,2016-04-02T02:00:00Z,86
6290855005,2016-04-02T03:00:00Z,86
6290855005,2016-04-02T04:00:00Z,86
6290855005,2016-04-02T05:00:00Z,86
6290855005,2016-04-02T06:00:00Z,86
6290855005,2016-04-02T07:00:00Z,97
6290855005,2016-04-02T08:00:00Z,110
6290855005,2016-04-02T09:00:00Z,99
6290855005,2016-04-02T10:00:00Z,103
6290855005,2016-04-02T11:00:00Z,134
6290855005,2016-04-02T12:00:00Z,452
6290855005,2016-04-02T13:00:00Z,242
6290855005,2016-04-02T14:00:00Z,109
6290855005,2016-04-02T15:00:00Z,132
6290855005,2016-04-02T16:00:00Z,86
6391747486,2016-03-12T00:00:00Z,76
6391747486,2016-03-12T01:00:00Z,76
6391747486,2016-03-12T02:00:00Z,76
6391747486,2016-03-12T03:00:00Z,76
6391747486,2016-03-12T04:00:00Z,76
6391747486,2016-03-12T05:00:00Z,76
6391747486,2016-03-12T06:00:00Z,76
6391747486,2016-03-12T07:00:00Z,76
6391747486,2016-03-12T08:00:00Z,76
6391747486,2016-03-12T09:00:00Z,76
6391747486,2016-03-12T10:00:00Z,76
6391747486,2016-03-12T11:00:00Z,76
6391747486,2016-03-12T12:00:00Z,76
6391747486,2016-03-12T13:00:00Z,76
6391747486,2016-03-12T14:00:00Z,76
6391747486,2016-03-12T15:00:00Z,76
6391747486,2016-03-12T16:00:00Z,76
6391747486,2016-03-12T17:00:00Z,76
6391747486,2016-03-12T18:00:00Z,76
6391747486,2016-03-12T19:00:00Z,76
6391747486,2016-03-12T20:00:00Z,76
6391747486,2016-03-12T21:00:00Z,76
6391747486,2016-03-12T22:00:00Z,76
6391747486,2016-03-12T23:00:00Z,76
6391747486,2016-03-13T00:00:00Z,76
6391747486,2016-03-13T01:00:00Z,76
6391747486,2016-03-13T02:00:00Z,76
6391747486,2016-03-13T03:00:00Z,76
6391747486,2016-03-13T04:00:00Z,76
6391747486,2016-03-13T05:00:00Z,76
6391747486,2016-03-13T06:00:00Z,76
6391747486,2016-03-13T07:00:00Z,76
6391747486,2016-03-13T08:00:00Z,76
6391747486,2016-03-13T09:00:00Z,76
6391747486,2016-03-13T10:00:00Z,76
6391747486,2016-03-13T11:00:00Z,76
6391747486,2016-03-13T12:00:00Z,76
6391747486,2016-03-13T13:00:00Z,76
6391747486,2016-03-13T14:00:00Z,76
6391747486,2016-03-13T15:00:00Z,76
6391747486,2016-03-13T16:00:00Z,76
6391747486,2016-03-13T17:00:00Z,76
6391747486,2016-03-13T18:00:00Z,76
6391747486,2016-03-13T19:00:00Z,76
6391747486,2016-03-13T20:00:00Z,76
6391747486,2016-03-13T21:00:00Z,76
6391747486,2016-03-13T22:00:00Z,76
6391747486,2016-03-13T23:00:00Z,76
6391747486,2016-03-14T00:00:00Z,76
6391747486,2016-03-14T01:00:00Z,76
6391747486,2016-03-14T02:00:00Z,76
6391747486,2016-03-14T03:00:00Z,76
6391747486,2016-03-14T04:00:00Z,76
6391747486,2016-03-14T05:00:00Z,76
6391747486,2016-03-14T06:00:00Z,76
6391747486,2016-03-14T07:00:00Z,76
6391747486,2016-03-14T08:00:00Z,76
6391747486,2016-03-14T09:00:00Z,76
6391747486,2016-03-14T10:00:00Z,76
6391747486,2016-03-14T11:00:00Z,76
6391747486,2016-03-14T12:00:00Z,76
6391747486,2016-03-14T13:00:00Z,76
6391747486,2016-03-14T14:00:00Z,76
6391747486,2016-03-14T15:00:00Z,76
6391747486,2016-03-14T16:00:00Z,76
6391747486,2016-03-14T17:00:00Z,76
6391747486,2016-03-14T18:00:00Z,76
6391747486,2016-03-14T19:00:00Z,76
6391747486,2016-03-14T20:00:00Z,76
6391747486,2016-03-14T21:00:00Z,76
6391747486,2016-03-14T22:00:00Z,76
6391747486,2016-03-14T23:00:00Z,76
6391747486,2016-03-15T00:00:00Z,76
6391747486,2016-03-15T01:00:00Z,76
6391747486,2016-03-15T02:00:00Z,76
6391747486,2016-03-15T03:00:00Z,76
6391747486,2016-03-15T04:00:00Z,76
6391747486,2016-03-15T05:00:00Z,76
6391747486,2016-03-15T06:00:00Z,76
6391747486,2016-03-15T07:00:00Z,76
6391747486,2016-03-15T08:00:00Z,76
6391747486,2016-03-15T09:00:00Z,76
6391747486,2016-03-15T10:00:00Z,76
6391747486,2016-03-15T11:00:00Z,76
6391747486,2016-03-15T12:00:00Z,76
6391747486,2016-03-15T13:00:00Z,76
6391747486,2016-03-15T14:00:00Z,76
6391747486,2016-03-15T15:00:00Z,76
6391747486,2016-03-15T16:00:00Z,76
6391747486,2016-03-15T17:00:00Z,76
6391747486,2016-03-15T18:00:00Z,76
6391747486,2016-03-15T19:00:00Z,76
6391747486,2016-03-15T20:00:00Z,76
6391747486,2016-03-15T21:00:00Z,76
6391747486,2016-03-15T22:00:00Z,76
6391747486,2016-03-15T23:00:00Z,76
6391747486,2016-03-16T00:00:00Z,76
6391747486,2016-03-16T01:00:00Z,76
6391747486,2016-03-16T02:00:00Z,76
6391747486,2016-03-16T03:00:00Z,76
6391747486,2016-03-16T04:00:00Z,76
6391747486,2016-03-16T05:00:00Z,76
6391747486,2016-03-16T06:00:00Z,76
6391747486,2016-03-16T07:00:00Z,76
6391747486,2016-03-16T08:00:00Z,76
6391747486,2016-03-16T09:00:00Z,76
6391747486,2016-03-16T10:00:00Z,76
6391747486,2016-03-16T11:00:00Z,76
6391747486,2016-03-16T12:00:00Z,76
6391747486,2016-03-16T13:00:00Z,76
6391747486,2016-03-16T14:00:00Z,76
6391747486,2016-03-16T15:00:00Z,76
6391747486,2016-03-16T16:00:00Z,76
6391747486,2016-03-16T17:00:00Z,76
6391747486,2016-03-16T18:00:00Z,76
6391747486,2016-03-16T19:00:00Z,76
6391747486,2016-03-16T20:00:00Z,76
6391747486,2016-03-16T21:00:00Z,76
6391747486,2016-03-16T22:00:00Z,76
6391747486,2016-03-16T23:00:00Z,76
6391747486,2016-03-17T00:00:00Z,76
6391747486,2016-03-17T01:00:00Z,76
6391747486,2016-03-17T02:00:00Z,76
6391747486,2016-03-17T03:00:00Z,76
6391747486,2016-03-17T04:00:00Z,76
6391747486,2016-03-17T05:00:00Z,76
6391747486,2016-03-17T06:00:00Z,76
6391747486,2016-03-17T07:00:00Z,76
6391747486,2016-03-17T08:00:00Z,76
6391747486,2016-03-17T09:00:00Z,76
6391747486,2016-03-17T10:00:00Z,76
6391747486,2016-03-17T11:00:00Z,76
6391747486,2016-03-17T12:00:00Z,76
6391747486,2016-03-17T13:00:00Z,76
6391747486,2016-03-17T14:00:00Z,76
6391747486,2016-03-17T15:00:00Z,76
6391747486,2016-03-17T16:00:00Z,76
6391747486,2016-03-17T17:00:00Z,76
6391747486,2016-03-17T18:00:00Z,76
6391747486,2016-03-17T19:00:00Z,76
6391747486,2016-03-17T20:00:00Z,76
6391747486,2016-03-17T21:00:00Z,76
6391747486,2016-03-17T22:00:00Z,76
6391747486,2016-03-17T23:00:00Z,76
6391747486,2016-03-18T00:00:00Z,76
6391747486,2016-03-18T01:00:00Z,76
6391747486,2016-03-18T02:00:00Z,76
6391747486,2016-03-18T03:00:00Z,76
6391747486,2016-03-18T04:00:00Z,76
6391747486,2016-03-18T05:00:00Z,76
6391747486,2016-03-18T06:00:00Z,76
6391747486,2016-03-18T07:00:00Z,76
6391747486,2016-03-18T08:00:00Z,76
6391747486,2016-03-18T09:00:00Z,76
6391747486,2016-03-18T10:00:00Z,76
6391747486,2016-03-18T11:00:00Z,76
6391747486,2016-03-18T12:00:00Z,76
6391747486,2016-03-18T13:00:00Z,76
6391747486,2016-03-18T14:00:00Z,76
6391747486,2016-03-18T15:00:00Z,76
6391747486,2016-03-18T16:00:00Z,76
6391747486,2016-03-18T17:00:00Z,76
6391747486,2016-03-18T18:00:00Z,76
6391747486,2016-03-18T19:00:00Z,76
6391747486,2016-03-18T20:00:00Z,76
6391747486,2016-03-18T21:00:00Z,76
6391747486,2016-03-18T22:00:00Z,76
6391747486,2016-03-18T23:00:00Z,76
6391747486,2016-03-19T00:00:00Z,76
6391747486,2016-03-19T01:00:00Z,76
6391747486,2016-03-19T02:00:00Z,76
6391747486,2016-03-19T03:00:00Z,76
6391747486,2016-03-19T04:00:00Z,76
6391747486,2016-03-19T05:00:00Z,76
6391747486,2016-03-19T06:00:00Z,76
6391747486,2016-03-19T07:00:00Z,76
6391747486,2016-03-19T08:00:00Z,76
6391747486,2016-03-19T09:00:00Z,76
6391747486,2016-03-19T10:00:00Z,76
6391747486,2016-03-19T11:00:00Z,76
6391747486,2016-03-19T12:00:00Z,76
6391747486,2016-03-19T13:00:00Z,76
6391747486,2016-03-19T14:00:00Z,76
6391747486,2016-03-19T15:00:00Z,76
6391747486,2016-03-19T16:00:00Z,76
6391747486,2016-03-19T17:00:00Z,76
6391747486,2016-03-19T18:00:00Z,76
6391747486,2016-03-19T19:00:00Z,76
6391747486,2016-03-19T20:00:00Z,76
6391747486,2016-03-19T21:00:00Z,76
6391747486,2016-03-19T22:00:00Z,76
6391747486,2016-03-19T23:00:00Z,76
6391747486,2016-03-20T00:00:00Z,76
6391747486,2016-03-20T01:00:00Z,76
6391747486,2016-03-20T02:00:00Z,76
6391747486,2016-03-20T03:00:00Z,76
6391747486,2016-03-20T04:00:00Z,76
6391747486,2016-03-20T05:00:00Z,76
6391747486,2016-03-20T06:00:00Z,76
6391747486,2016-03-20T07:00:00Z,76
6391747486,2016-03-20T08:00:00Z,76
6391747486,2016-03-20T09:00:00Z,76
6391747486,2016-03-20T10:00:00Z,76
6391747486,2016-03-20T11:00:00Z,76
6391747486,2016-03-20T12:00:00Z,76
6391747486,2016-03-20T13:00:00Z,76
6391747486,2016-03-20T14:00:00Z,76
6391747486,2016-03-20T15:00:00Z,76
6391747486,2016-03-20T16:00:00Z,76
6391747486,2016-03-20T17:00:00Z,76
6391747486,2016-03-20T18:00:00Z,76
6391747486,2016-03-20T19:00:00Z,76
6391747486,2016-03-20T20:00:00Z,76
6391747486,2016-03-20T21:00:00Z,76
6391747486,2016-03-20T22:00:00Z,76
6391747486,2016-03-20T23:00:00Z,76
6391747486,2016-03-21T00:00:00Z,76
6391747486,2016-03-21T01:00:00Z,76
6391747486,2016-03-21T02:00:00Z,76
6391747486,2016-03-21T03:00:00Z,76
6391747486,2016-03-21T04:00:00Z,76
6391747486,2016-03-21T05:00:00Z,76
6391747486,2016-03-21T06:00:00Z,76
6391747486,2016-03-21T07:00:00Z,76
6391747486,2016-03-21T08:00:00Z,76
6391747486,2016-03-21T09:00:00Z,76
6391747486,2016-03-21T10:00:00Z,76
6391747486,2016-03-21T11:00:00Z,76
6391747486,2016-03-21T12:00:00Z,76
6391747486,2016-03-21T13:00:00Z,76
6391747486,2016-03-21T14:00:00Z,76
6391747486,2016-03-21T15:00:00Z,76
6391747486,2016-03-21T16:00:00Z,76
6391747486,2016-03-21T17:00:00Z,76
6391747486,2016-03-21T18:00:00Z,76
6391747486,2016-03-21T19:00:00Z,76
6391747486,2016-03-21T20:00:00Z,76
6391747486,2016-03-21T21:00:00Z,76
6391747486,2016-03-21T22:00:00Z,76
6391747486,2016-03-21T23:00:00Z,76
6391747486,2016-03-22T00:00:00Z,76
6391747486,2016-03-22T01:00:00Z,76
6391747486,2016-03-22T02:00:00Z,76
6391747486,2016-03-22T03:00:00Z,76
6391747486,2016-03-22T04:00:00Z,76
6391747486,2016-03-22T05:00:00Z,76
6391747486,2016-03-22T06:00:00Z,76
6391747486,2016-03-22T07:00:00Z,76
6391747486,2016-03-22T08:00:00Z,76
6391747486,2016-03-22T09:00:00Z,76
6391747486,2016-03-22T10:00:00Z,76
6391747486,2016-03-22T11:00:00Z,76
6391747486,2016-03-22T12:00:00Z,76
6391747486,2016-03-22T13:00:00Z,76
6391747486,2016-03-22T14:00:00Z,76
6391747486,2016-03-22T15:00:00Z,76
6391747486,2016-03-22T16:00:00Z,76
6391747486,2016-03-22T17:00:00Z,76
6391747486,2016-03-22T18:00:00Z,76
6391747486,2016-03-22T19:00:00Z,76
6391747486,2016-03-22T20:00:00Z,76
6391747486,2016-03-22T21:00:00Z,76
6391747486,2016-03-22T22:00:00Z,76
6391747486,2016-03-22T23:00:00Z,76
6391747486,2016-03-23T00:00:00Z,76
6391747486,2016-03-23T01:00:00Z,76
6391747486,2016-03-23T02:00:00Z,76
6391747486,2016-03-23T03:00:00Z,76
6391747486,2016-03-23T04:00:00Z,76
6391747486,2016-03-23T05:00:00Z,76
6391747486,2016-03-23T06:00:00Z,76
6391747486,2016-03-23T07:00:00Z,76
6391747486,2016-03-23T08:00:00Z,76
6391747486,2016-03-23T09:00:00Z,76
6391747486,2016-03-23T10:00:00Z,76
6391747486,2016-03-23T11:00:00Z,76
6391747486,2016-03-23T12:00:00Z,76
6391747486,2016-03-23T13:00:00Z,76
6391747486,2016-03-23T14:00:00Z,76
6391747486,2016-03-23T15:00:00Z,76
6391747486,2016-03-23T16:00:00Z,76
6391747486,2016-03-23T17:00:00Z,76
6391747486,2016-03-23T18:00:00Z,76
6391747486,2016-03-23T19:00:00Z,76
6391747486,2016-03-23T20:00:00Z,76
6391747486,2016-03-23T21:00:00Z,76
6391747486,2016-03-23T22:00:00Z,76
6391747486,2016-03-23T23:00:00Z,76
6391747486,2016-03-24T00:00:00Z,76
6391747486,2016-03-24T01:00:00Z,76
6391747486,2016-03-24T02:00:00Z,76
6391747486,2016-03-24T03:00:00Z,76
6391747486,2016-03-24T04:00:00Z,76
6391747486,2016-03-24T05:00:00Z,76
6391747486,2016-03-24T06:00:00Z,76
6391747486,2016-03-24T07:00:00Z,76
6391747486,2016-03-24T08:00:00Z,76
6391747486,2016-03-24T09:00:00Z,76
6391747486,2016-03-24T10:00:00Z,76
6391747486,2016-03-24T11:00:00Z,76
6391747486,2016-03-24T12:00:00Z,76
6391747486,2016-03-24T13:00:00Z,76
6391747486,2016-03-24T14:00:00Z,76
6391747486,2016-03-24T15:00:00Z,76
6391747486,2016-03-24T16:00:00Z,76
6391747486,2016-03-24T17:00:00Z,76
6391747486,2016-03-24T18:00:00Z,76
6391747486,2016-03-24T19:00:00Z,76
6391747486,2016-03-24T20:00:00Z,76
6391747486,2016-03-24T21:00:00Z,76
6391747486,2016-03-24T22:00:00Z,76
6391747486,2016-03-24T23:00:00Z,76
6391747486,2016-03-25T00:00:00Z,76
6391747486,2016-03-25T01:00:00Z,76
6391747486,2016-03-25T02:00:00Z,76
6391747486,2016-03-25T03:00:00Z,76
6391747486,2016-03-25T04:00:00Z,76
6391747486,2016-03-25T05:00:00Z,76
6391747486,2016-03-25T06:00:00Z,76
6391747486,2016-03-25T07:00:00Z,76
6391747486,2016-03-25T08:00:00Z,76
6391747486,2016-03-25T09:00:00Z,76
6391747486,2016-03-25T10:00:00Z,76
6391747486,2016-03-25T11:00:00Z,76
6391747486,2016-03-25T12:00:00Z,76
6391747486,2016-03-25T13:00:00Z,76
6391747486,2016-03-25T14:00:00Z,76
6391747486,2016-03-25T15:00:00Z,76
6391747486,2016-03-25T16:00:00Z,76
6391747486,2016-03-25T17:00:00Z,76
6391747486,2016-03-25T18:00:00Z,76
6391747486,2016-03-25T19:00:00Z,76
6391747486,2016-03-25T20:00:00Z,76
6391747486,2016-03-25T21:00:00Z,76
6391747486,2016-03-25T22:00:00Z,76
6391747486,2016-03-25T23:00:00Z,76
6391747486,2016-03-26T00:00:00Z,76
6391747486,2016-03-26T01:00:00Z,76
6391747486,2016-03-26T02:00:00Z,76
6391747486,2016-03-26T03:00:00Z,76
6391747486,2016-03-26T04:00:00Z,76
6391747486,2016-03-26T05:00:00Z,76
6391747486,2016-03-26T06:00:00Z,76
6391747486,2016-03-26T07:00:00Z,76
6391747486,2016-03-26T08:00:00Z,76
6391747486,2016-03-26T09:00:00Z,76
6391747486,2016-03-26T10:00:00Z,76
6391747486,2016-03-26T11:00:00Z,76
6391747486,2016-03-26T12:00:00Z,76
6391747486,2016-03-26T13:00:00Z,76
6391747486,2016-03-26T14:00:00Z,76
6391747486,2016-03-26T15:00:00Z,76
6391747486,2016-03-26T16:00:00Z,76
6391747486,2016-03-26T17:00:00Z,76
6391747486,2016-03-26T18:00:00Z,76
6391747486,2016-03-26T19:00:00Z,76
6391747486,2016-03-26T20:00:00Z,76
6391747486,2016-03-26T21:00:00Z,76
6391747486,2016-03-26T22:00:00Z,76
6391747486,2016-03-26T23:00:00Z,76
6391747486,2016-03-27T00:00:00Z,76
6391747486,2016-03-27T01:00:00Z,76
6391747486,2016-03-27T02:00:00Z,76
6391747486,2016-03-27T03:00:00Z,76
6391747486,2016-03-27T04:00:00Z,76
6391747486,2016-03-27T05:00:00Z,76
6391747486,2016-03-27T06:00:00Z,76
6391747486,2016-03-27T07:00:00Z,76
6391747486,2016-03-27T08:00:00Z,76
6391747486,2016-03-27T09:00:00Z,76
6391747486,2016-03-27T10:00:00Z,76
6391747486,2016-03-27T11:00:00Z,76
6391747486,2016-03-27T12:00:00Z,76
6391747486,2016-03-27T13:00:00Z,76
6391747486,2016-03-27T14:00:00Z,76
6391747486,2016-03-27T15:00:00Z,76
6391747486,2016-03-27T16:00:00Z,76
6391747486,2016-03-27T17:00:00Z,76
6391747486,2016-03-27T18:00:00Z,76
6391747486,2016-03-27T19:00:00Z,76
6391747486,2016-03-27T20:00:00Z,76
6391747486,2016-03-27T21:00:00Z,76
6391747486,2016-03-27T22:00:00Z,76
6391747486,2016-03-27T23:00:00Z,76
6391747486,2016-03-28T00:00:00Z,76
6391747486,2016-03-28T01:00:00Z,76
6391747486,2016-03-28T02:00:00Z,76
6391747486,2016-03-28T03:00:00Z,76
6391747486,2016-03-28T04:00:00Z,76
6391747486,2016-03-28T05:00:00Z,76
6391747486,2016-03-28T06:00:00Z,76
6391747486,2016-03-28T07:00:00Z,76
6391747486,2016-03-28T08:00:00Z,76
6391747486,2016-03-28T09:00:00Z,76
6391747486,2016-03-28T10:00:00Z,76
6391747486,2016-03-28T11:00:00Z,76
6391747486,2016-03-28T12:00:00Z,76
6391747486,2016-03-28T13:00:00Z,76
6391747486,2016-03-28T14:00:00Z,76
6391747486,2016-03-28T15:00:00Z,76
6391747486,2016-03-28T16:00:00Z,76
6391747486,2016-03-28T17:00:00Z,76
6391747486,2016-03-28T18:00:00Z,76
6391747486,2016-03-28T19:00:00Z,76
6391747486,2016-03-28T20:00:00Z,76
6391747486,2016-03-28T21:00:00Z,76
6391747486,2016-03-28T22:00:00Z,76
6391747486,2016-03-28T23:00:00Z,76
6391747486,2016-03-29T00:00:00Z,76
6391747486,2016-03-29T01:00:00Z,76
6391747486,2016-03-29T02:00:00Z,76
6391747486,2016-03-29T03:00:00Z,76
6391747486,2016-03-29T04:00:00Z,76
6391747486,2016-03-29T05:00:00Z,76
6391747486,2016-03-29T06:00:00Z,76
6391747486,2016-03-29T07:00:00Z,76
6391747486,2016-03-29T08:00:00Z,76
6391747486,2016-03-29T09:00:00Z,76
6391747486,2016-03-29T10:00:00Z,76
6391747486,2016-03-29T11:00:00Z,76
6391747486,2016-03-29T12:00:00Z,76
6391747486,2016-03-29T13:00:00Z,76
6391747486,2016-03-29T14:00:00Z,76
6391747486,2016-03-29T15:00:00Z,76
6391747486,2016-03-29T16:00:00Z,76
6391747486,2016-03-29T17:00:00Z,76
6391747486,2016-03-29T18:00:00Z,76
6391747486,2016-03-29T19:00:00Z,76
6391747486,2016-03-29T20:00:00Z,76
6391747486,2016-03-29T21:00:00Z,76
6391747486,2016-03-29T22:00:00Z,76
6391747486,2016-03-29T23:00:00Z,76
6391747486,2016-03-30T00:00:00Z,76
6391747486,2016-03-30T01:00:00Z,76
6391747486,2016-03-30T02:00:00Z,76
6391747486,2016-03-30T03:00:00Z,76
6391747486,2016-03-30T04:00:00Z,76
6391747486,2016-03-30T05:00:00Z,76
6391747486,2016-03-30T06:00:00Z,76
6391747486,2016-03-30T07:00:00Z,76
6391747486,2016-03-30T08:00:00Z,76
6391747486,2016-03-30T09:00:00Z,76
6391747486,2016-03-30T10:00:00Z,76
6391747486,2016-03-30T11:00:00Z,76
6391747486,2016-03-30T12:00:00Z,76
6391747486,2016-03-30T13:00:00Z,76
6391747486,2016-03-30T14:00:00Z,76
6391747486,2016-03-30T15:00:00Z,76
6391747486,2016-03-30T16:00:00Z,76
6391747486,2016-03-30T17:00:00Z,76
6391747486,2016-03-30T18:00:00Z,76
6391747486,2016-03-30T19:00:00Z,76
6391747486,2016-03-30T20:00:00Z,76
6391747486,2016-03-30T21:00:00Z,76
6391747486,2016-03-30T22:00:00Z,76
6391747486,2016-03-30T23:00:00Z,76
6391747486,2016-03-31T00:00:00Z,76
6391747486,2016-03-31T01:00:00Z,76
6391747486,2016-03-31T02:00:00Z,76
6391747486,2016-03-31T03:00:00Z,76
6391747486,2016-03-31T04:00:00Z,76
6391747486,2016-03-31T05:00:00Z,76
6391747486,2016-03-31T06:00:00Z,76
6391747486,2016-03-31T07:00:00Z,76
6391747486,2016-03-31T08:00:00Z,76
6391747486,2016-03-31T09:00:00Z,76
6391747486,2016-03-31T10:00:00Z,76
6391747486,2016-03-31T11:00:00Z,76
6391747486,2016-03-31T12:00:00Z,76
6391747486,2016-03-31T13:00:00Z,76
6391747486,2016-03-31T14:00:00Z,76
6391747486,2016-03-31T15:00:00Z,76
6391747486,2016-03-31T16:00:00Z,76
6391747486,2016-03-31T17:00:00Z,76
6391747486,2016-03-31T18:00:00Z,76
6391747486,2016-03-31T19:00:00Z,76
6391747486,2016-03-31T20:00:00Z,76
6391747486,2016-03-31T21:00:00Z,76
6391747486,2016-03-31T22:00:00Z,76
6391747486,2016-03-31T23:00:00Z,76
6391747486,2016-04-01T00:00:00Z,76
6391747486,2016-04-01T01:00:00Z,76
6391747486,2016-04-01T02:00:00Z,76
6391747486,2016-04-01T03:00:00Z,76
6391747486,2016-04-01T04:00:00Z,76
6391747486,2016-04-01T05:00:00Z,76
6391747486,2016-04-01T06:00:00Z,76
6391747486,2016-04-01T07:00:00Z,76
6391747486,2016-04-01T08:00:00Z,76
6391747486,2016-04-01T09:00:00Z,76
6391747486,2016-04-01T10:00:00Z,76
6391747486,2016-04-01T11:00:00Z,76
6391747486,2016-04-01T12:00:00Z,76
6391747486,2016-04-01T13:00:00Z,76
6391747486,2016-04-01T14:00:00Z,76
6391747486,2016-04-01T15:00:00Z,76
6391747486,2016-04-01T16:00:00Z,76
6391747486,2016-04-01T17:00:00Z,76
6391747486,2016-04-01T18:00:00Z,76
6391747486,2016-04-01T19:00:00Z,76
6391747486,2016-04-01T20:00:00Z,76
6391747486,2016-04-01T21:00:00Z,76
6391747486,2016-04-01T22:00:00Z,76
6391747486,2016-04-01T23:00:00Z,76
6391747486,2016-04-02T00:00:00Z,76
6391747486,2016-04-02T01:00:00Z,76
6391747486,2016-04-02T02:00:00Z,76
6391747486,2016-04-02T03:00:00Z,76
6391747486,2016-04-02T04:00:00Z,76
6391747486,2016-04-02T05:00:00Z,76
6391747486,2016-04-02T06:00:00Z,76
6391747486,2016-04-02T07:00:00Z,76
6391747486,2016-04-02T08:00:00Z,76
6391747486,2016-04-02T09:00:00Z,76
6391747486,2016-04-02T10:00:00Z,76
6391747486,2016-04-02T11:00:00Z,164
6391747486,2016-04-02T12:00:00Z,392
6391747486,2016-04-02T13:00:00Z,76
6391747486,2016-04-02T14:00:00Z,76
6391747486,2016-04-02T15:00:00Z,76
6391747486,2016-04-02T16:00:00Z,76
6391747486,2016-04-02T17:00:00Z,76
6391747486,2016-04-02T18:00:00Z,76
6391747486,2016-04-02T19:00:00Z,76
6391747486,2016-04-02T20:00:00Z,76
6391747486,2016-04-02T21:00:00Z,76
6391747486,2016-04-02T22:00:00Z,76
6391747486,2016-04-02T23:00:00Z,76
6391747486,2016-04-03T00:00:00Z,76
6391747486,2016-04-03T01:00:00Z,76
6391747486,2016-04-03T02:00:00Z,76
6391747486,2016-04-03T03:00:00Z,76
6391747486,2016-04-03T04:00:00Z,76
6391747486,2016-04-03T05:00:00Z,76
6391747486,2016-04-03T06:00:00Z,76
6391747486,2016-04-03T07:00:00Z,76
6391747486,2016-04-03T08:00:00Z,76
6391747486,2016-04-03T09:00:00Z,76
6391747486,2016-04-03T10:00:00Z,76
6391747486,2016-04-03T11:00:00Z,76
6391747486,2016-04-03T12:00:00Z,76
6391747486,2016-04-03T13:00:00Z,76
6391747486,2016-04-03T14:00:00Z,76
6391747486,2016-04-03T15:00:00Z,76
6391747486,2016-04-03T16:00:00Z,76
6391747486,2016-04-03T17:00:00Z,76
6391747486,2016-04-03T18:00:00Z,76
6391747486,2016-04-03T19:00:00Z,76
6391747486,2016-04-03T20:00:00Z,76
6391747486,2016-04-03T21:00:00Z,76
6391747486,2016-04-03T22:00:00Z,76
6391747486,2016-04-03T23:00:00Z,76
6391747486,2016-04-04T00:00:00Z,76
6391747486,2016-04-04T01:00:00Z,76
6391747486,2016-04-04T02:00:00Z,76
6391747486,2016-04-04T03:00:00Z,76
6391747486,2016-04-04T04:00:00Z,76
6391747486,2016-04-04T05:00:00Z,76
6391747486,2016-04-04T06:00:00Z,76
6391747486,2016-04-04T07:00:00Z,76
6391747486,2016-04-04T08:00:00Z,76
6391747486,2016-04-04T09:00:00Z,76
6391747486,2016-04-04T10:00:00Z,76
6391747486,2016-04-04T11:00:00Z,76
6391747486,2016-04-04T12:00:00Z,76
6391747486,2016-04-04T13:00:00Z,76
6391747486,2016-04-04T14:00:00Z,76
6391747486,2016-04-04T15:00:00Z,76
6391747486,2016-04-04T16:00:00Z,76
6391747486,2016-04-04T17:00:00Z,76
6391747486,2016-04-04T18:00:00Z,76
6391747486,2016-04-04T19:00:00Z,76
6391747486,2016-04-04T20:00:00Z,76
6391747486,2016-04-04T21:00:00Z,76
6391747486,2016-04-04T22:00:00Z,76
6391747486,2016-04-04T23:00:00Z,76
6391747486,2016-04-05T00:00:00Z,76
6391747486,2016-04-05T01:00:00Z,76
6391747486,2016-04-05T02:00:00Z,76
6391747486,2016-04-05T03:00:00Z,76
6391747486,2016-04-05T04:00:00Z,76
6391747486,2016-04-05T05:00:00Z,76
6391747486,2016-04-05T06:00:00Z,76
6391747486,2016-04-05T07:00:00Z,76
6391747486,2016-04-05T08:00:00Z,121
6391747486,2016-04-05T09:00:00Z,151
6391747486,2016-04-05T10:00:00Z,151
6391747486,2016-04-05T11:00:00Z,151
6391747486,2016-04-05T12:00:00Z,101
6391747486,2016-04-05T13:00:00Z,76
6391747486,2016-04-05T14:00:00Z,78
6391747486,2016-04-05T15:00:00Z,94
6391747486,2016-04-05T16:00:00Z,94
6391747486,2016-04-05T17:00:00Z,107
6391747486,2016-04-05T18:00:00Z,97
6391747486,2016-04-05T19:00:00Z,109
6391747486,2016-04-05T20:00:00Z,107
6391747486,2016-04-05T21:00:00Z,155
6391747486,2016-04-05T22:00:00Z,140
6391747486,2016-04-05T23:00:00Z,102
6391747486,2016-04-06T00:00:00Z,87
6391747486,2016-04-06T01:00:00Z,94
6391747486,2016-04-06T02:00:00Z,76
6391747486,2016-04-06T03:00:00Z,76
6391747486,2016-04-06T04:00:00Z,76
6391747486,2016-04-06T05:00:00Z,76
6391747486,2016-04-06T06:00:00Z,76
6391747486,2016-04-06T07:00:00Z,76
6391747486,2016-04-06T08:00:00Z,76
6391747486,2016-04-06T09:00:00Z,76
6391747486,2016-04-06T10:00:00Z,76
6391747486,2016-04-06T11:00:00Z,76
6391747486,2016-04-06T12:00:00Z,76
6391747486,2016-04-06T13:00:00Z,76
6391747486,2016-04-06T14:00:00Z,76
6391747486,2016-04-06T15:00:00Z,76
6391747486,2016-04-06T16:00:00Z,76
6391747486,2016-04-06T17:00:00Z,76
6391747486,2016-04-06T18:00:00Z,76
6391747486,2016-04-06T19:00:00Z,76
6391747486,2016-04-06T20:00:00Z,76
6391747486,2016-04-06T21:00:00Z,76
6391747486,2016-04-06T22:00:00Z,76
6391747486,2016-04-06T23:00:00Z,76
6391747486,2016-04-07T00:00:00Z,76
6391747486,2016-04-07T01:00:00Z,76
6391747486,2016-04-07T02:00:00Z,76
6391747486,2016-04-07T03:00:00Z,76
6391747486,2016-04-07T04:00:00Z,76
6391747486,2016-04-07T05:00:00Z,76
6391747486,2016-04-07T06:00:00Z,76
6391747486,2016-04-07T07:00:00Z,76
6391747486,2016-04-07T08:00:00Z,76
6391747486,2016-04-07T09:00:00Z,76
6391747486,2016-04-07T10:00:00Z,76
6391747486,2016-04-07T11:00:00Z,76
6391747486,2016-04-07T12:00:00Z,76
6391747486,2016-04-07T13:00:00Z,76
6391747486,2016-04-07T14:00:00Z,76
6391747486,2016-04-07T15:00:00Z,76
6391747486,2016-04-07T16:00:00Z,76
6391747486,2016-04-07T17:00:00Z,76
6391747486,2016-04-07T18:00:00Z,76
6391747486,2016-04-07T19:00:00Z,76
6391747486,2016-04-07T20:00:00Z,76
6391747486,2016-04-07T21:00:00Z,76
6391747486,2016-04-07T22:00:00Z,76
6391747486,2016-04-07T23:00:00Z,76
6391747486,2016-04-08T00:00:00Z,76
6391747486,2016-04-08T01:00:00Z,76
6391747486,2016-04-08T02:00:00Z,76
6391747486,2016-04-08T03:00:00Z,76
6391747486,2016-04-08T04:00:00Z,76
6391747486,2016-04-08T05:00:00Z,76
6391747486,2016-04-08T06:00:00Z,76
6391747486,2016-04-08T07:00:00Z,76
6391747486,2016-04-08T08:00:00Z,76
6391747486,2016-04-08T09:00:00Z,76
6391747486,2016-04-08T10:00:00Z,76
6391747486,2016-04-08T11:00:00Z,76
6391747486,2016-04-08T12:00:00Z,76
6391747486,2016-04-08T13:00:00Z,76
6391747486,2016-04-08T14:00:00Z,76
6391747486,2016-04-08T15:00:00Z,76
6391747486,2016-04-08T16:00:00Z,76
6391747486,2016-04-08T17:00:00Z,76
6391747486,2016-04-08T18:00:00Z,76
6391747486,2016-04-08T19:00:00Z,76
6391747486,2016-04-08T20:00:00Z,76
6391747486,2016-04-08T21:00:00Z,76
6391747486,2016-04-08T22:00:00Z,76
6391747486,2016-04-08T23:00:00Z,76
6391747486,2016-04-09T00:00:00Z,76
6391747486,2016-04-09T01:00:00Z,76
6391747486,2016-04-09T02:00:00Z,76
6775888955,2016-03-12T00:00:00Z,78
6775888955,2016-03-12T01:00:00Z,79
6775888955,2016-03-12T02:00:00Z,77
6775888955,2016-03-12T03:00:00Z,79
6775888955,2016-03-12T04:00:00Z,77
6775888955,2016-03-12T05:00:00Z,79
6775888955,2016-03-12T06:00:00Z,77
6775888955,2016-03-12T07:00:00Z,136
6775888955,2016-03-12T08:00:00Z,284
6775888955,2016-03-12T09:00:00Z,120
6775888955,2016-03-12T10:00:00Z,88
6775888955,2016-03-12T11:00:00Z,131
6775888955,2016-03-12T12:00:00Z,77
6775888955,2016-03-12T13:00:00Z,77
6775888955,2016-03-12T14:00:00Z,77
6775888955,2016-03-12T15:00:00Z,77
6775888955,2016-03-12T16:00:00Z,77
6775888955,2016-03-12T17:00:00Z,77
6775888955,2016-03-12T18:00:00Z,77
6775888955,2016-03-12T19:00:00Z,77
6775888955,2016-03-12T20:00:00Z,77
6775888955,2016-03-12T21:00:00Z,77
6775888955,2016-03-12T22:00:00Z,77
6775888955,2016-03-12T23:00:00Z,77
6775888955,2016-03-13T00:00:00Z,77
6775888955,2016-03-13T01:00:00Z,77
6775888955,2016-03-13T02:00:00Z,77
6775888955,2016-03-13T03:00:00Z,77
6775888955,2016-03-13T04:00:00Z,77
6775888955,2016-03-13T05:00:00Z,77
6775888955,2016-03-13T06:00:00Z,77
6775888955,2016-03-13T07:00:00Z,77
6775888955,2016-03-13T08:00:00Z,77
6775888955,2016-03-13T09:00:00Z,193
6775888955,2016-03-13T10:00:00Z,112
6775888955,2016-03-13T11:00:00Z,77
6775888955,2016-03-13T12:00:00Z,77
6775888955,2016-03-13T13:00:00Z,187
6775888955,2016-03-13T14:00:00Z,186
6775888955,2016-03-13T15:00:00Z,259
6775888955,2016-03-13T16:00:00Z,236
6775888955,2016-03-13T17:00:00Z,80
6775888955,2016-03-13T18:00:00Z,77
6775888955,2016-03-13T19:00:00Z,152
6775888955,2016-03-13T20:00:00Z,139
6775888955,2016-03-13T21:00:00Z,105
6775888955,2016-03-13T22:00:00Z,92
6775888955,2016-03-13T23:00:00Z,110
6775888955,2016-03-14T00:00:00Z,78
6775888955,2016-03-14T01:00:00Z,77
6775888955,2016-03-14T02:00:00Z,77
6775888955,2016-03-14T03:00:00Z,77
6775888955,2016-03-14T04:00:00Z,99
6775888955,2016-03-14T05:00:00Z,80
6775888955,2016-03-14T06:00:00Z,77
6775888955,2016-03-14T07:00:00Z,79
6775888955,2016-03-14T08:00:00Z,79
6775888955,2016-03-14T09:00:00Z,83
6775888955,2016-03-14T10:00:00Z,107
6775888955,2016-03-14T11:00:00Z,226
6775888955,2016-03-14T12:00:00Z,169
6775888955,2016-03-14T13:00:00Z,194
6775888955,2016-03-14T14:00:00Z,79
6775888955,2016-03-14T15:00:00Z,77
6775888955,2016-03-14T16:00:00Z,77
6775888955,2016-03-14T17:00:00Z,77
6775888955,2016-03-14T18:00:00Z,77
6775888955,2016-03-14T19:00:00Z,153
6775888955,2016-03-14T20:00:00Z,93
6775888955,2016-03-14T21:00:00Z,99
6775888955,2016-03-14T22:00:00Z,129
6775888955,2016-03-14T23:00:00Z,91
6775888955,2016-03-15T00:00:00Z,131
6775888955,2016-03-15T01:00:00Z,77
6775888955,2016-03-15T02:00:00Z,78
6775888955,2016-03-15T03:00:00Z,221
6775888955,2016-03-15T04:00:00Z,175
6775888955,2016-03-15T05:00:00Z,218
6775888955,2016-03-15T06:00:00Z,77
6775888955,2016-03-15T07:00:00Z,77
6775888955,2016-03-15T08:00:00Z,77
6775888955,2016-03-15T09:00:00Z,77
6775888955,2016-03-15T10:00:00Z,77
6775888955,2016-03-15T11:00:00Z,77
6775888955,2016-03-15T12:00:00Z,77
6775888955,2016-03-15T13:00:00Z,77
6775888955,2016-03-15T14:00:00Z,77
6775888955,2016-03-15T15:00:00Z,77
6775888955,2016-03-15T16:00:00Z,77
6775888955,2016-03-15T17:00:00Z,77
6775888955,2016-03-15T18:00:00Z,77
6775888955,2016-03-15T19:00:00Z,83
6775888955,2016-03-15T20:00:00Z,199
6775888955,2016-03-15T21:00:00Z,77
6775888955,2016-03-15T22:00:00Z,77
6775888955,2016-03-15T23:00:00Z,77
6775888955,2016-03-16T00:00:00Z,77
6775888955,2016-03-16T01:00:00Z,77
6775888955,2016-03-16T02:00:00Z,77
6775888955,2016-03-16T03:00:00Z,77
6775888955,2016-03-16T04:00:00Z,77
6775888955,2016-03-16T05:00:00Z,77
6775888955,2016-03-16T06:00:00Z,77
6775888955,2016-03-16T07:00:00Z,164
6775888955,2016-03-16T08:00:00Z,155
6775888955,2016-03-16T09:00:00Z,101
6775888955,2016-03-16T10:00:00Z,96
6775888955,2016-03-16T11:00:00Z,90
6775888955,2016-03-16T12:00:00Z,79
6775888955,2016-03-16T13:00:00Z,77
6775888955,2016-03-16T14:00:00Z,77
6775888955,2016-03-16T15:00:00Z,77
6775888955,2016-03-16T16:00:00Z,77
6775888955,2016-03-16T17:00:00Z,77
6775888955,2016-03-16T18:00:00Z,77
6775888955,2016-03-16T19:00:00Z,77
6775888955,2016-03-16T20:00:00Z,77
6775888955,2016-03-16T21:00:00Z,77
6775888955,2016-03-16T22:00:00Z,77
6775888955,2016-03-16T23:00:00Z,77
6775888955,2016-03-17T00:00:00Z,77
6775888955,2016-03-17T01:00:00Z,77
6775888955,2016-03-17T02:00:00Z,77
6775888955,2016-03-17T03:00:00Z,77
6775888955,2016-03-17T04:00:00Z,77
6775888955,2016-03-17T05:00:00Z,77
6775888955,2016-03-17T06:00:00Z,77
6775888955,2016-03-17T07:00:00Z,77
6775888955,2016-03-17T08:00:00Z,77
6775888955,2016-03-17T09:00:00Z,77
6775888955,2016-03-17T10:00:00Z,77
6775888955,2016-03-17T11:00:00Z,77
6775888955,2016-03-17T12:00:00Z,77
6775888955,2016-03-17T13:00:00Z,77
6775888955,2016-03-17T14:00:00Z,77
6775888955,2016-03-17T15:00:00Z,77
6775888955,2016-03-17T16:00:00Z,77
6775888955,2016-03-17T17:00:00Z,117
6775888955,2016-03-17T18:00:00Z,240
6775888955,2016-03-17T19:00:00Z,107
6775888955,2016-03-17T20:00:00Z,77
6775888955,2016-03-17T21:00:00Z,77
6775888955,2016-03-17T22:00:00Z,77
6775888955,2016-03-17T23:00:00Z,77
6775888955,2016-03-18T00:00:00Z,77
6775888955,2016-03-18T01:00:00Z,77
6775888955,2016-03-18T02:00:00Z,77
6775888955,2016-03-18T03:00:00Z,77
6775888955,2016-03-18T04:00:00Z,77
6775888955,2016-03-18T05:00:00Z,77
6775888955,2016-03-18T06:00:00Z,77
6775888955,2016-03-18T07:00:00Z,199
6775888955,2016-03-18T08:00:00Z,99
6775888955,2016-03-18T09:00:00Z,80
6775888955,2016-03-18T10:00:00Z,78
6775888955,2016-03-18T11:00:00Z,96
6775888955,2016-03-18T12:00:00Z,96
6775888955,2016-03-18T13:00:00Z,329
6775888955,2016-03-18T14:00:00Z,208
6775888955,2016-03-18T15:00:00Z,99
6775888955,2016-03-18T16:00:00Z,103
6775888955,2016-03-18T17:00:00Z,92
6775888955,2016-03-18T18:00:00Z,93
6775888955,2016-03-18T19:00:00Z,93
6775888955,2016-03-18T20:00:00Z,301
6775888955,2016-03-18T21:00:00Z,106
6775888955,2016-03-18T22:00:00Z,280
6775888955,2016-03-18T23:00:00Z,118
6775888955,2016-03-19T00:00:00Z,151
6775888955,2016-03-19T01:00:00Z,82
6775888955,2016-03-19T02:00:00Z,78
6775888955,2016-03-19T03:00:00Z,89
6775888955,2016-03-19T04:00:00Z,80
6775888955,2016-03-19T05:00:00Z,82
6775888955,2016-03-19T06:00:00Z,96
6775888955,2016-03-19T07:00:00Z,81
6775888955,2016-03-19T08:00:00Z,79
6775888955,2016-03-19T09:00:00Z,77
6775888955,2016-03-19T10:00:00Z,77
6775888955,2016-03-19T11:00:00Z,79
6775888955,2016-03-19T12:00:00Z,77
6775888955,2016-03-19T13:00:00Z,188
6775888955,2016-03-19T14:00:00Z,78
6775888955,2016-03-19T15:00:00Z,77
6775888955,2016-03-19T16:00:00Z,77
6775888955,2016-03-19T17:00:00Z,272
6775888955,2016-03-19T18:00:00Z,266
6775888955,2016-03-19T19:00:00Z,118
6775888955,2016-03-19T20:00:00Z,77
6775888955,2016-03-19T21:00:00Z,77
6775888955,2016-03-19T22:00:00Z,77
6775888955,2016-03-19T23:00:00Z,77
6775888955,2016-03-20T00:00:00Z,77
6775888955,2016-03-20T01:00:00Z,77
6775888955,2016-03-20T02:00:00Z,77
6775888955,2016-03-20T03:00:00Z,77
6775888955,2016-03-20T04:00:00Z,77
6775888955,2016-03-20T05:00:00Z,77
6775888955,2016-03-20T06:00:00Z,77
6775888955,2016-03-20T07:00:00Z,77
6775888955,2016-03-20T08:00:00Z,77
6775888955,2016-03-20T09:00:00Z,77
6775888955,2016-03-20T10:00:00Z,77
6775888955,2016-03-20T11:00:00Z,77
6775888955,2016-03-20T12:00:00Z,77
6775888955,2016-03-20T13:00:00Z,77
6775888955,2016-03-20T14:00:00Z,77
6775888955,2016-03-20T15:00:00Z,77
6775888955,2016-03-20T16:00:00Z,77
6775888955,2016-03-20T17:00:00Z,120
6775888955,2016-03-20T18:00:00Z,180
6775888955,2016-03-20T19:00:00Z,387
6775888955,2016-03-20T20:00:00Z,332
6775888955,2016-03-20T21:00:00Z,156
6775888955,2016-03-20T22:00:00Z,208
6775888955,2016-03-20T23:00:00Z,206
6775888955,2016-03-21T00:00:00Z,99
6775888955,2016-03-21T01:00:00Z,93
6775888955,2016-03-21T02:00:00Z,106
6775888955,2016-03-21T03:00:00Z,81
6775888955,2016-03-21T04:00:00Z,88
6775888955,2016-03-21T05:00:00Z,79
6775888955,2016-03-21T06:00:00Z,79
6775888955,2016-03-21T07:00:00Z,84
6775888955,2016-03-21T08:00:00Z,78
6775888955,2016-03-21T09:00:00Z,89
6775888955,2016-03-21T10:00:00Z,241
6775888955,2016-03-21T11:00:00Z,209
6775888955,2016-03-21T12:00:00Z,279
6775888955,2016-03-21T13:00:00Z,77
6775888955,2016-03-21T14:00:00Z,77
6775888955,2016-03-21T15:00:00Z,77
6775888955,2016-03-21T16:00:00Z,77
6775888955,2016-03-21T17:00:00Z,77
6775888955,2016-03-21T18:00:00Z,77
6775888955,2016-03-21T19:00:00Z,77
6775888955,2016-03-21T20:00:00Z,77
6775888955,2016-03-21T21:00:00Z,77
6775888955,2016-03-21T22:00:00Z,77
6775888955,2016-03-21T23:00:00Z,77
6775888955,2016-03-22T00:00:00Z,77
6775888955,2016-03-22T01:00:00Z,77
6775888955,2016-03-22T02:00:00Z,77
6775888955,2016-03-22T03:00:00Z,77
6775888955,2016-03-22T04:00:00Z,77
6775888955,2016-03-22T05:00:00Z,77
6775888955,2016-03-22T06:00:00Z,77
6775888955,2016-03-22T07:00:00Z,77
6775888955,2016-03-22T08:00:00Z,77
6775888955,2016-03-22T09:00:00Z,77
6775888955,2016-03-22T10:00:00Z,77
6775888955,2016-03-22T11:00:00Z,77
6775888955,2016-03-22T12:00:00Z,77
6775888955,2016-03-22T13:00:00Z,77
6775888955,2016-03-22T14:00:00Z,77
6775888955,2016-03-22T15:00:00Z,77
6775888955,2016-03-22T16:00:00Z,77
6775888955,2016-03-22T17:00:00Z,77
6775888955,2016-03-22T18:00:00Z,77
6775888955,2016-03-22T19:00:00Z,77
6775888955,2016-03-22T20:00:00Z,77
6775888955,2016-03-22T21:00:00Z,77
6775888955,2016-03-22T22:00:00Z,77
6775888955,2016-03-22T23:00:00Z,77
6775888955,2016-03-23T00:00:00Z,77
6775888955,2016-03-23T01:00:00Z,77
6775888955,2016-03-23T02:00:00Z,77
6775888955,2016-03-23T03:00:00Z,77
6775888955,2016-03-23T04:00:00Z,77
6775888955,2016-03-23T05:00:00Z,77
6775888955,2016-03-23T06:00:00Z,77
6775888955,2016-03-23T07:00:00Z,77
6775888955,2016-03-23T08:00:00Z,77
6775888955,2016-03-23T09:00:00Z,77
6775888955,2016-03-23T10:00:00Z,77
6775888955,2016-03-23T11:00:00Z,77
6775888955,2016-03-23T12:00:00Z,77
6775888955,2016-03-23T13:00:00Z,77
6775888955,2016-03-23T14:00:00Z,77
6775888955,2016-03-23T15:00:00Z,77
6775888955,2016-03-23T16:00:00Z,77
6775888955,2016-03-23T17:00:00Z,77
6775888955,2016-03-23T18:00:00Z,77
6775888955,2016-03-23T19:00:00Z,77
6775888955,2016-03-23T20:00:00Z,77
6775888955,2016-03-23T21:00:00Z,77
6775888955,2016-03-23T22:00:00Z,77
6775888955,2016-03-23T23:00:00Z,77
6775888955,2016-03-24T00:00:00Z,77
6775888955,2016-03-24T01:00:00Z,77
6775888955,2016-03-24T02:00:00Z,77
6775888955,2016-03-24T03:00:00Z,77
6775888955,2016-03-24T04:00:00Z,77
6775888955,2016-03-24T05:00:00Z,77
6775888955,2016-03-24T06:00:00Z,77
6775888955,2016-03-24T07:00:00Z,77
6775888955,2016-03-24T08:00:00Z,77
6775888955,2016-03-24T09:00:00Z,77
6775888955,2016-03-24T10:00:00Z,77
6775888955,2016-03-24T11:00:00Z,77
6775888955,2016-03-24T12:00:00Z,77
6775888955,2016-03-24T13:00:00Z,77
6775888955,2016-03-24T14:00:00Z,77
6775888955,2016-03-24T15:00:00Z,77
6775888955,2016-03-24T16:00:00Z,77
6775888955,2016-03-24T17:00:00Z,77
6775888955,2016-03-24T18:00:00Z,77
6775888955,2016-03-24T19:00:00Z,77
6775888955,2016-03-24T20:00:00Z,77
6775888955,2016-03-24T21:00:00Z,77
6775888955,2016-03-24T22:00:00Z,77
6775888955,2016-03-24T23:00:00Z,77
6775888955,2016-03-25T00:00:00Z,77
6775888955,2016-03-25T01:00:00Z,77
6775888955,2016-03-25T02:00:00Z,77
6775888955,2016-03-25T03:00:00Z,77
6775888955,2016-03-25T04:00:00Z,77
6775888955,2016-03-25T05:00:00Z,77
6775888955,2016-03-25T06:00:00Z,77
6775888955,2016-03-25T07:00:00Z,77
6775888955,2016-03-25T08:00:00Z,77
6775888955,2016-03-25T09:00:00Z,89
6775888955,2016-03-25T10:00:00Z,81
6775888955,2016-03-25T11:00:00Z,81
6775888955,2016-03-25T12:00:00Z,77
6775888955,2016-03-25T13:00:00Z,77
6775888955,2016-03-25T14:00:00Z,77
6775888955,2016-03-25T15:00:00Z,176
6775888955,2016-03-25T16:00:00Z,244
6775888955,2016-03-25T17:00:00Z,173
6775888955,2016-03-25T18:00:00Z,183
6775888955,2016-03-25T19:00:00Z,77
6775888955,2016-03-25T20:00:00Z,77
6775888955,2016-03-25T21:00:00Z,77
6775888955,2016-03-25T22:00:00Z,122
6775888955,2016-03-25T23:00:00Z,122
6775888955,2016-03-26T00:00:00Z,106
6775888955,2016-03-26T01:00:00Z,97
6775888955,2016-03-26T02:00:00Z,93
6775888955,2016-03-26T03:00:00Z,94
6775888955,2016-03-26T04:00:00Z,85
6775888955,2016-03-26T05:00:00Z,85
6775888955,2016-03-26T06:00:00Z,137
6775888955,2016-03-26T07:00:00Z,442
6775888955,2016-03-26T08:00:00Z,287
6775888955,2016-03-26T09:00:00Z,194
6775888955,2016-03-26T10:00:00Z,273
6775888955,2016-03-26T11:00:00Z,195
6775888955,2016-03-26T12:00:00Z,115
6775888955,2016-03-26T13:00:00Z,125
6775888955,2016-03-26T14:00:00Z,187
6775888955,2016-03-26T15:00:00Z,169
6775888955,2016-03-26T16:00:00Z,186
6775888955,2016-03-26T17:00:00Z,280
6775888955,2016-03-26T18:00:00Z,172
6775888955,2016-03-26T19:00:00Z,266
6775888955,2016-03-26T20:00:00Z,241
6775888955,2016-03-26T21:00:00Z,243
6775888955,2016-03-26T22:00:00Z,292
6775888955,2016-03-26T23:00:00Z,200
6775888955,2016-03-27T00:00:00Z,229
6775888955,2016-03-27T01:00:00Z,126
6775888955,2016-03-27T02:00:00Z,136
6775888955,2016-03-27T03:00:00Z,84
6775888955,2016-03-27T04:00:00Z,91
6775888955,2016-03-27T05:00:00Z,86
6775888955,2016-03-27T06:00:00Z,84
6775888955,2016-03-27T07:00:00Z,84
6775888955,2016-03-27T08:00:00Z,86
6775888955,2016-03-27T09:00:00Z,196
6775888955,2016-03-27T10:00:00Z,321
6775888955,2016-03-27T11:00:00Z,127
6775888955,2016-03-27T12:00:00Z,267
6775888955,2016-03-27T13:00:00Z,299
6775888955,2016-03-27T14:00:00Z,119
6775888955,2016-03-27T15:00:00Z,144
6775888955,2016-03-27T16:00:00Z,302
6775888955,2016-03-27T17:00:00Z,245
6775888955,2016-03-27T18:00:00Z,267
6775888955,2016-03-27T19:00:00Z,202
6775888955,2016-03-27T20:00:00Z,172
6775888955,2016-03-27T21:00:00Z,115
6775888955,2016-03-27T22:00:00Z,126
6775888955,2016-03-27T23:00:00Z,158
6775888955,2016-03-28T00:00:00Z,135
6775888955,2016-03-28T01:00:00Z,78
6775888955,2016-03-28T02:00:00Z,78
6775888955,2016-03-28T03:00:00Z,93
6775888955,2016-03-28T04:00:00Z,78
6775888955,2016-03-28T05:00:00Z,95
6775888955,2016-03-28T06:00:00Z,78
6775888955,2016-03-28T07:00:00Z,77
6775888955,2016-03-28T08:00:00Z,84
6775888955,2016-03-28T09:00:00Z,85
6775888955,2016-03-28T10:00:00Z,173
6775888955,2016-03-28T11:00:00Z,334
6775888955,2016-03-28T12:00:00Z,372
6775888955,2016-03-28T13:00:00Z,373
6775888955,2016-03-28T14:00:00Z,279
6775888955,2016-03-28T15:00:00Z,214
6775888955,2016-03-28T16:00:00Z,161
6775888955,2016-03-28T17:00:00Z,227
6775888955,2016-03-28T18:00:00Z,143
6775888955,2016-03-28T19:00:00Z,170
6775888955,2016-03-28T20:00:00Z,136
6775888955,2016-03-28T21:00:00Z,111
6775888955,2016-03-28T22:00:00Z,197
6775888955,2016-03-28T23:00:00Z,150
6775888955,2016-03-29T00:00:00Z,143
6775888955,2016-03-29T01:00:00Z,77
6775888955,2016-03-29T02:00:00Z,77
6775888955,2016-03-29T03:00:00Z,77
6775888955,2016-03-29T04:00:00Z,77
6775888955,2016-03-29T05:00:00Z,77
6775888955,2016-03-29T06:00:00Z,77
6775888955,2016-03-29T07:00:00Z,77
6775888955,2016-03-29T08:00:00Z,168
6775888955,2016-03-29T09:00:00Z,135
6775888955,2016-03-29T10:00:00Z,77
6775888955,2016-03-29T11:00:00Z,77
6775888955,2016-03-29T12:00:00Z,77
6775888955,2016-03-29T13:00:00Z,77
6775888955,2016-03-29T14:00:00Z,77
6775888955,2016-03-29T15:00:00Z,77
6775888955,2016-03-29T16:00:00Z,77
6775888955,2016-03-29T17:00:00Z,77
6775888955,2016-03-29T18:00:00Z,77
6775888955,2016-03-29T19:00:00Z,77
6775888955,2016-03-29T20:00:00Z,77
6775888955,2016-03-29T21:00:00Z,77
6775888955,2016-03-29T22:00:00Z,77
6775888955,2016-03-29T23:00:00Z,77
6775888955,2016-03-30T00:00:00Z,77
6775888955,2016-03-30T01:00:00Z,77
6775888955,2016-03-30T02:00:00Z,77
6775888955,2016-03-30T03:00:00Z,77
6775888955,2016-03-30T04:00:00Z,77
6775888955,2016-03-30T05:00:00Z,77
6775888955,2016-03-30T06:00:00Z,77
6775888955,2016-03-30T07:00:00Z,77
6775888955,2016-03-30T08:00:00Z,77
6775888955,2016-03-30T09:00:00Z,77
6775888955,2016-03-30T10:00:00Z,77
6775888955,2016-03-30T11:00:00Z,77
6775888955,2016-03-30T12:00:00Z,77
6775888955,2016-03-30T13:00:00Z,77
6775888955,2016-03-30T14:00:00Z,77
6775888955,2016-03-30T15:00:00Z,77
6775888955,2016-03-30T16:00:00Z,77
6775888955,2016-03-30T17:00:00Z,77
6775888955,2016-03-30T18:00:00Z,77
6775888955,2016-03-30T19:00:00Z,77
6775888955,2016-03-30T20:00:00Z,161
6775888955,2016-03-30T21:00:00Z,241
6775888955,2016-03-30T22:00:00Z,105
6775888955,2016-03-30T23:00:00Z,99
6775888955,2016-03-31T00:00:00Z,86
6775888955,2016-03-31T01:00:00Z,80
6775888955,2016-03-31T02:00:00Z,114
6775888955,2016-03-31T03:00:00Z,77
6775888955,2016-03-31T04:00:00Z,77
6775888955,2016-03-31T05:00:00Z,77
6775888955,2016-03-31T06:00:00Z,77
6775888955,2016-03-31T07:00:00Z,86
6775888955,2016-03-31T08:00:00Z,202
6775888955,2016-03-31T09:00:00Z,170
6775888955,2016-03-31T10:00:00Z,89
6775888955,2016-03-31T11:00:00Z,85
6775888955,2016-03-31T12:00:00Z,99
6775888955,2016-03-31T13:00:00Z,79
6775888955,2016-03-31T14:00:00Z,77
6775888955,2016-03-31T15:00:00Z,77
6775888955,2016-03-31T16:00:00Z,152
6775888955,2016-03-31T17:00:00Z,107
6775888955,2016-03-31T18:00:00Z,77
6775888955,2016-03-31T19:00:00Z,77
6775888955,2016-03-31T20:00:00Z,77
6775888955,2016-03-31T21:00:00Z,77
6775888955,2016-03-31T22:00:00Z,77
6775888955,2016-03-31T23:00:00Z,77
6775888955,2016-04-01T00:00:00Z,77
6775888955,2016-04-01T01:00:00Z,77
6775888955,2016-04-01T02:00:00Z,77
6775888955,2016-04-01T03:00:00Z,77
6775888955,2016-04-01T04:00:00Z,77
6775888955,2016-04-01T05:00:00Z,77
6775888955,2016-04-01T06:00:00Z,77
6775888955,2016-04-01T07:00:00Z,177
6775888955,2016-04-01T08:00:00Z,191
6775888955,2016-04-01T09:00:00Z,143
6775888955,2016-04-01T10:00:00Z,77
6775888955,2016-04-01T11:00:00Z,77
6775888955,2016-04-01T12:00:00Z,77
6775888955,2016-04-01T13:00:00Z,77
6775888955,2016-04-01T14:00:00Z,77
6775888955,2016-04-01T15:00:00Z,77
6775888955,2016-04-01T16:00:00Z,143
6775888955,2016-04-01T17:00:00Z,162
6775888955,2016-04-01T18:00:00Z,134
6775888955,2016-04-01T19:00:00Z,242
6775888955,2016-04-01T20:00:00Z,217
6775888955,2016-04-01T21:00:00Z,166
6775888955,2016-04-01T22:00:00Z,349
6775888955,2016-04-01T23:00:00Z,145
6775888955,2016-04-02T00:00:00Z,105
6775888955,2016-04-02T01:00:00Z,95
6775888955,2016-04-02T02:00:00Z,93
6775888955,2016-04-02T03:00:00Z,94
6775888955,2016-04-02T04:00:00Z,87
6775888955,2016-04-02T05:00:00Z,85
6775888955,2016-04-02T06:00:00Z,79
6775888955,2016-04-02T07:00:00Z,135
6775888955,2016-04-02T08:00:00Z,154
6775888955,2016-04-02T09:00:00Z,185
6775888955,2016-04-02T10:00:00Z,98
6775888955,2016-04-02T11:00:00Z,77
6775888955,2016-04-02T12:00:00Z,77
6775888955,2016-04-02T13:00:00Z,77
6775888955,2016-04-02T14:00:00Z,77
6775888955,2016-04-02T15:00:00Z,77
6775888955,2016-04-02T16:00:00Z,77
6775888955,2016-04-02T17:00:00Z,77
6775888955,2016-04-02T18:00:00Z,77
6775888955,2016-04-02T19:00:00Z,77
6775888955,2016-04-02T20:00:00Z,77
6775888955,2016-04-02T21:00:00Z,77
6775888955,2016-04-02T22:00:00Z,77
6775888955,2016-04-02T23:00:00Z,77
6775888955,2016-04-03T00:00:00Z,77
6775888955,2016-04-03T01:00:00Z,77
6775888955,2016-04-03T02:00:00Z,77
6775888955,2016-04-03T03:00:00Z,77
6775888955,2016-04-03T04:00:00Z,77
6775888955,2016-04-03T05:00:00Z,77
6775888955,2016-04-03T06:00:00Z,77
6775888955,2016-04-03T07:00:00Z,77
6775888955,2016-04-03T08:00:00Z,77
6775888955,2016-04-03T09:00:00Z,198
6775888955,2016-04-03T10:00:00Z,91
6775888955,2016-04-03T11:00:00Z,78
6775888955,2016-04-03T12:00:00Z,77
6775888955,2016-04-03T13:00:00Z,77
6775888955,2016-04-03T14:00:00Z,77
6775888955,2016-04-03T15:00:00Z,77
6775888955,2016-04-03T16:00:00Z,77
6775888955,2016-04-03T17:00:00Z,77
6775888955,2016-04-03T18:00:00Z,77
6775888955,2016-04-03T19:00:00Z,77
6775888955,2016-04-03T20:00:00Z,77
6775888955,2016-04-03T21:00:00Z,77
6775888955,2016-04-03T22:00:00Z,77
6775888955,2016-04-03T23:00:00Z,77
6775888955,2016-04-04T00:00:00Z,77
6775888955,2016-04-04T01:00:00Z,77
6775888955,2016-04-04T02:00:00Z,77
6775888955,2016-04-04T03:00:00Z,77
6775888955,2016-04-04T04:00:00Z,77
6775888955,2016-04-04T05:00:00Z,77
6775888955,2016-04-04T06:00:00Z,77
6775888955,2016-04-04T07:00:00Z,77
6775888955,2016-04-04T08:00:00Z,77
6775888955,2016-04-04T09:00:00Z,77
6775888955,2016-04-04T10:00:00Z,77
6775888955,2016-04-04T11:00:00Z,77
6775888955,2016-04-04T12:00:00Z,77
6775888955,2016-04-04T13:00:00Z,77
6775888955,2016-04-04T14:00:00Z,77
6775888955,2016-04-04T15:00:00Z,77
6775888955,2016-04-04T16:00:00Z,77
6775888955,2016-04-04T17:00:00Z,77
6775888955,2016-04-04T18:00:00Z,77
6775888955,2016-04-04T19:00:00Z,77
6775888955,2016-04-04T20:00:00Z,77
6775888955,2016-04-04T21:00:00Z,77
6775888955,2016-04-04T22:00:00Z,77
6775888955,2016-04-04T23:00:00Z,77
6775888955,2016-04-05T00:00:00Z,77
6775888955,2016-04-05T01:00:00Z,77
6775888955,2016-04-05T02:00:00Z,77
6775888955,2016-04-05T03:00:00Z,77
6775888955,2016-04-05T04:00:00Z,77
6775888955,2016-04-05T05:00:00Z,77
6775888955,2016-04-05T06:00:00Z,77
6775888955,2016-04-05T07:00:00Z,77
6775888955,2016-04-05T08:00:00Z,77
6775888955,2016-04-05T09:00:00Z,139
6775888955,2016-04-05T10:00:00Z,207
6775888955,2016-04-05T11:00:00Z,171
6775888955,2016-04-05T12:00:00Z,118
6775888955,2016-04-05T13:00:00Z,163
6775888955,2016-04-05T14:00:00Z,305
6775888955,2016-04-05T15:00:00Z,204
6775888955,2016-04-05T16:00:00Z,300
6775888955,2016-04-05T17:00:00Z,381
6775888955,2016-04-05T18:00:00Z,370
6775888955,2016-04-05T19:00:00Z,304
6775888955,2016-04-05T20:00:00Z,165
6775888955,2016-04-05T21:00:00Z,231
6775888955,2016-04-05T22:00:00Z,215
6775888955,2016-04-05T23:00:00Z,170
6775888955,2016-04-06T00:00:00Z,169
6775888955,2016-04-06T01:00:00Z,93
6775888955,2016-04-06T02:00:00Z,89
6775888955,2016-04-06T03:00:00Z,80
6775888955,2016-04-06T04:00:00Z,78
6775888955,2016-04-06T05:00:00Z,77
6775888955,2016-04-06T06:00:00Z,78
6775888955,2016-04-06T07:00:00Z,77
6775888955,2016-04-06T08:00:00Z,152
6775888955,2016-04-06T09:00:00Z,294
6775888955,2016-04-06T10:00:00Z,241
6775888955,2016-04-06T11:00:00Z,159
6775888955,2016-04-06T12:00:00Z,213
6775888955,2016-04-06T13:00:00Z,220
6775888955,2016-04-06T14:00:00Z,191
6775888955,2016-04-06T15:00:00Z,186
6775888955,2016-04-06T16:00:00Z,199
6775888955,2016-04-06T17:00:00Z,268
6775888955,2016-04-06T18:00:00Z,208
6775888955,2016-04-06T19:00:00Z,213
6775888955,2016-04-06T20:00:00Z,214
6775888955,2016-04-06T21:00:00Z,196
6775888955,2016-04-06T22:00:00Z,102
6775888955,2016-04-06T23:00:00Z,123
6775888955,2016-04-07T00:00:00Z,89
6775888955,2016-04-07T01:00:00Z,101
6775888955,2016-04-07T02:00:00Z,82
6775888955,2016-04-07T03:00:00Z,83
6775888955,2016-04-07T04:00:00Z,80
6775888955,2016-04-07T05:00:00Z,86
6775888955,2016-04-07T06:00:00Z,81
6775888955,2016-04-07T07:00:00Z,83
6775888955,2016-04-07T08:00:00Z,283
6775888955,2016-04-07T09:00:00Z,323
6775888955,2016-04-07T10:00:00Z,231
6775888955,2016-04-07T11:00:00Z,192
6775888955,2016-04-07T12:00:00Z,306
6775888955,2016-04-07T13:00:00Z,308
6775888955,2016-04-07T14:00:00Z,311
6775888955,2016-04-07T15:00:00Z,112
6775888955,2016-04-07T16:00:00Z,125
6775888955,2016-04-07T17:00:00Z,190
6775888955,2016-04-07T18:00:00Z,209
6775888955,2016-04-07T19:00:00Z,177
6775888955,2016-04-07T20:00:00Z,175
6775888955,2016-04-07T21:00:00Z,77
6775888955,2016-04-07T22:00:00Z,77
6775888955,2016-04-07T23:00:00Z,77
6775888955,2016-04-08T00:00:00Z,77
6775888955,2016-04-08T01:00:00Z,77
6775888955,2016-04-08T02:00:00Z,77
6775888955,2016-04-08T03:00:00Z,77
6775888955,2016-04-08T04:00:00Z,77
6775888955,2016-04-08T05:00:00Z,77
6775888955,2016-04-08T06:00:00Z,77
6775888955,2016-04-08T07:00:00Z,77
6775888955,2016-04-08T08:00:00Z,77
6775888955,2016-04-08T09:00:00Z,77
6775888955,2016-04-08T10:00:00Z,77
6775888955,2016-04-08T11:00:00Z,77
6775888955,2016-04-08T12:00:00Z,77
6775888955,2016-04-08T13:00:00Z,77
6775888955,2016-04-08T14:00:00Z,77
6775888955,2016-04-08T15:00:00Z,77
6775888955,2016-04-08T16:00:00Z,218
6775888955,2016-04-08T17:00:00Z,307
6775888955,2016-04-08T18:00:00Z,149
6775888955,2016-04-08T19:00:00Z,261
6775888955,2016-04-08T20:00:00Z,115
6775888955,2016-04-08T21:00:00Z,101
6775888955,2016-04-08T22:00:00Z,112
6775888955,2016-04-08T23:00:00Z,92
6775888955,2016-04-09T00:00:00Z,85
6775888955,2016-04-09T01:00:00Z,87
6775888955,2016-04-09T02:00:00Z,77
6775888955,2016-04-09T03:00:00Z,77
6775888955,2016-04-09T04:00:00Z,77
6775888955,2016-04-09T05:00:00Z,77
6775888955,2016-04-09T06:00:00Z,77
6775888955,2016-04-09T07:00:00Z,77
6775888955,2016-04-09T08:00:00Z,77
6775888955,2016-04-09T09:00:00Z,77
6962181067,2016-03-12T00:00:00Z,54
6962181067,2016-03-12T01:00:00Z,54
6962181067,2016-03-12T02:00:00Z,54
6962181067,2016-03-12T03:00:00Z,54
6962181067,2016-03-12T04:00:00Z,54
6962181067,2016-03-12T05:00:00Z,54
6962181067,2016-03-12T06:00:00Z,54
6962181067,2016-03-12T07:00:00Z,126
6962181067,2016-03-12T08:00:00Z,124
6962181067,2016-03-12T09:00:00Z,224
6962181067,2016-03-12T10:00:00Z,111
6962181067,2016-03-12T11:00:00Z,106
6962181067,2016-03-12T12:00:00Z,234
6962181067,2016-03-12T13:00:00Z,83
6962181067,2016-03-12T14:00:00Z,62
6962181067,2016-03-12T15:00:00Z,69
6962181067,2016-03-12T16:00:00Z,171
6962181067,2016-03-12T17:00:00Z,181
6962181067,2016-03-12T18:00:00Z,88
6962181067,2016-03-12T19:00:00Z,96
6962181067,2016-03-12T20:00:00Z,56
6962181067,2016-03-12T21:00:00Z,58
6962181067,2016-03-12T22:00:00Z,54
6962181067,2016-03-12T23:00:00Z,54
6962181067,2016-03-13T00:00:00Z,54
6962181067,2016-03-13T01:00:00Z,54
6962181067,2016-03-13T02:00:00Z,57
6962181067,2016-03-13T03:00:00Z,54
6962181067,2016-03-13T04:00:00Z,54
6962181067,2016-03-13T05:00:00Z,54
6962181067,2016-03-13T06:00:00Z,54
6962181067,2016-03-13T07:00:00Z,54
6962181067,2016-03-13T08:00:00Z,126
6962181067,2016-03-13T09:00:00Z,90
6962181067,2016-03-13T10:00:00Z,118
6962181067,2016-03-13T11:00:00Z,120
6962181067,2016-03-13T12:00:00Z,124
6962181067,2016-03-13T13:00:00Z,78
6962181067,2016-03-13T14:00:00Z,57
6962181067,2016-03-13T15:00:00Z,68
6962181067,2016-03-13T16:00:00Z,145
6962181067,2016-03-13T17:00:00Z,147
6962181067,2016-03-13T18:00:00Z,75
6962181067,2016-03-13T19:00:00Z,86
6962181067,2016-03-13T20:00:00Z,74
6962181067,2016-03-13T21:00:00Z,157
6962181067,2016-03-13T22:00:00Z,76
6962181067,2016-03-13T23:00:00Z,73
6962181067,2016-03-14T00:00:00Z,56
6962181067,2016-03-14T01:00:00Z,55
6962181067,2016-03-14T02:00:00Z,54
6962181067,2016-03-14T03:00:00Z,54
6962181067,2016-03-14T04:00:00Z,56
6962181067,2016-03-14T05:00:00Z,54
6962181067,2016-03-14T06:00:00Z,58
6962181067,2016-03-14T07:00:00Z,138
6962181067,2016-03-14T08:00:00Z,117
6962181067,2016-03-14T09:00:00Z,109
6962181067,2016-03-14T10:00:00Z,123
6962181067,2016-03-14T11:00:00Z,102
6962181067,2016-03-14T12:00:00Z,153
6962181067,2016-03-14T13:00:00Z,132
6962181067,2016-03-14T14:00:00Z,71
6962181067,2016-03-14T15:00:00Z,157
6962181067,2016-03-14T16:00:00Z,117
6962181067,2016-03-14T17:00:00Z,242
6962181067,2016-03-14T18:00:00Z,98
6962181067,2016-03-14T19:00:00Z,69
6962181067,2016-03-14T20:00:00Z,72
6962181067,2016-03-14T21:00:00Z,59
6962181067,2016-03-14T22:00:00Z,56
6962181067,2016-03-14T23:00:00Z,57
6962181067,2016-03-15T00:00:00Z,54
6962181067,2016-03-15T01:00:00Z,59
6962181067,2016-03-15T02:00:00Z,54
6962181067,2016-03-15T03:00:00Z,54
6962181067,2016-03-15T04:00:00Z,54
6962181067,2016-03-15T05:00:00Z,58
6962181067,2016-03-15T06:00:00Z,55
6962181067,2016-03-15T07:00:00Z,133
6962181067,2016-03-15T08:00:00Z,90
6962181067,2016-03-15T09:00:00Z,65
6962181067,2016-03-15T10:00:00Z,72
6962181067,2016-03-15T11:00:00Z,77
6962181067,2016-03-15T12:00:00Z,68
6962181067,2016-03-15T13:00:00Z,91
6962181067,2016-03-15T14:00:00Z,85
6962181067,2016-03-15T15:00:00Z,178
6962181067,2016-03-15T16:00:00Z,164
6962181067,2016-03-15T17:00:00Z,91
6962181067,2016-03-15T18:00:00Z,76
6962181067,2016-03-15T19:00:00Z,101
6962181067,2016-03-15T20:00:00Z,113
6962181067,2016-03-15T21:00:00Z,105
6962181067,2016-03-15T22:00:00Z,56
6962181067,2016-03-15T23:00:00Z,57
6962181067,2016-03-16T00:00:00Z,55
6962181067,2016-03-16T01:00:00Z,54
6962181067,2016-03-16T02:00:00Z,56
6962181067,2016-03-16T03:00:00Z,55
6962181067,2016-03-16T04:00:00Z,54
6962181067,2016-03-16T05:00:00Z,57
6962181067,2016-03-16T06:00:00Z,62
6962181067,2016-03-16T07:00:00Z,132
6962181067,2016-03-16T08:00:00Z,89
6962181067,2016-03-16T09:00:00Z,68
6962181067,2016-03-16T10:00:00Z,60
6962181067,2016-03-16T11:00:00Z,84
6962181067,2016-03-16T12:00:00Z,94
6962181067,2016-03-16T13:00:00Z,143
6962181067,2016-03-16T14:00:00Z,144
6962181067,2016-03-16T15:00:00Z,158
6962181067,2016-03-16T16:00:00Z,209
6962181067,2016-03-16T17:00:00Z,170
6962181067,2016-03-16T18:00:00Z,119
6962181067,2016-03-16T19:00:00Z,147
6962181067,2016-03-16T20:00:00Z,146
6962181067,2016-03-16T21:00:00Z,115
6962181067,2016-03-16T22:00:00Z,145
6962181067,2016-03-16T23:00:00Z,107
6962181067,2016-03-17T00:00:00Z,57
6962181067,2016-03-17T01:00:00Z,55
6962181067,2016-03-17T02:00:00Z,54
6962181067,2016-03-17T03:00:00Z,54
6962181067,2016-03-17T04:00:00Z,54
6962181067,2016-03-17T05:00:00Z,55
6962181067,2016-03-17T06:00:00Z,56
6962181067,2016-03-17T07:00:00Z,85
6962181067,2016-03-17T08:00:00Z,135
6962181067,2016-03-17T09:00:00Z,178
6962181067,2016-03-17T10:00:00Z,133
6962181067,2016-03-17T11:00:00Z,159
6962181067,2016-03-17T12:00:00Z,141
6962181067,2016-03-17T13:00:00Z,105
6962181067,2016-03-17T14:00:00Z,123
6962181067,2016-03-17T15:00:00Z,188
6962181067,2016-03-17T16:00:00Z,221
6962181067,2016-03-17T17:00:00Z,122
6962181067,2016-03-17T18:00:00Z,158
6962181067,2016-03-17T19:00:00Z,232
6962181067,2016-03-17T20:00:00Z,153
6962181067,2016-03-17T21:00:00Z,171
6962181067,2016-03-17T22:00:00Z,57
6962181067,2016-03-17T23:00:00Z,57
6962181067,2016-03-18T00:00:00Z,54
6962181067,2016-03-18T01:00:00Z,54
6962181067,2016-03-18T02:00:00Z,55
6962181067,2016-03-18T03:00:00Z,55
6962181067,2016-03-18T04:00:00Z,60
6962181067,2016-03-18T05:00:00Z,55
6962181067,2016-03-18T06:00:00Z,54
6962181067,2016-03-18T07:00:00Z,65
6962181067,2016-03-18T08:00:00Z,147
6962181067,2016-03-18T09:00:00Z,181
6962181067,2016-03-18T10:00:00Z,165
6962181067,2016-03-18T11:00:00Z,144
6962181067,2016-03-18T12:00:00Z,136
6962181067,2016-03-18T13:00:00Z,157
6962181067,2016-03-18T14:00:00Z,166
6962181067,2016-03-18T15:00:00Z,147
6962181067,2016-03-18T16:00:00Z,155
6962181067,2016-03-18T17:00:00Z,144
6962181067,2016-03-18T18:00:00Z,74
6962181067,2016-03-18T19:00:00Z,120
6962181067,2016-03-18T20:00:00Z,210
6962181067,2016-03-18T21:00:00Z,178
6962181067,2016-03-18T22:00:00Z,197
6962181067,2016-03-18T23:00:00Z,103
6962181067,2016-03-19T00:00:00Z,55
6962181067,2016-03-19T01:00:00Z,54
6962181067,2016-03-19T02:00:00Z,55
6962181067,2016-03-19T03:00:00Z,55
6962181067,2016-03-19T04:00:00Z,54
6962181067,2016-03-19T05:00:00Z,54
6962181067,2016-03-19T06:00:00Z,54
6962181067,2016-03-19T07:00:00Z,56
6962181067,2016-03-19T08:00:00Z,62
6962181067,2016-03-19T09:00:00Z,82
6962181067,2016-03-19T10:00:00Z,162
6962181067,2016-03-19T11:00:00Z,206
6962181067,2016-03-19T12:00:00Z,158
6962181067,2016-03-19T13:00:00Z,76
6962181067,2016-03-19T14:00:00Z,135
6962181067,2016-03-19T15:00:00Z,151
6962181067,2016-03-19T16:00:00Z,59
6962181067,2016-03-19T17:00:00Z,157
6962181067,2016-03-19T18:00:00Z,156
6962181067,2016-03-19T19:00:00Z,93
6962181067,2016-03-19T20:00:00Z,241
6962181067,2016-03-19T21:00:00Z,55
6962181067,2016-03-19T22:00:00Z,68
6962181067,2016-03-19T23:00:00Z,56
6962181067,2016-03-20T00:00:00Z,54
6962181067,2016-03-20T01:00:00Z,55
6962181067,2016-03-20T02:00:00Z,57
6962181067,2016-03-20T03:00:00Z,55
6962181067,2016-03-20T04:00:00Z,54
6962181067,2016-03-20T05:00:00Z,54
6962181067,2016-03-20T06:00:00Z,54
6962181067,2016-03-20T07:00:00Z,64
6962181067,2016-03-20T08:00:00Z,111
6962181067,2016-03-20T09:00:00Z,155
6962181067,2016-03-20T10:00:00Z,101
6962181067,2016-03-20T11:00:00Z,107
6962181067,2016-03-20T12:00:00Z,157
6962181067,2016-03-20T13:00:00Z,127
6962181067,2016-03-20T14:00:00Z,185
6962181067,2016-03-20T15:00:00Z,114
6962181067,2016-03-20T16:00:00Z,140
6962181067,2016-03-20T17:00:00Z,144
6962181067,2016-03-20T18:00:00Z,91
6962181067,2016-03-20T19:00:00Z,98
6962181067,2016-03-20T20:00:00Z,192
6962181067,2016-03-20T21:00:00Z,125
6962181067,2016-03-20T22:00:00Z,96
6962181067,2016-03-20T23:00:00Z,55
6962181067,2016-03-21T00:00:00Z,54
6962181067,2016-03-21T01:00:00Z,54
6962181067,2016-03-21T02:00:00Z,55
6962181067,2016-03-21T03:00:00Z,54
6962181067,2016-03-21T04:00:00Z,54
6962181067,2016-03-21T05:00:00Z,55
6962181067,2016-03-21T06:00:00Z,54
6962181067,2016-03-21T07:00:00Z,112
6962181067,2016-03-21T08:00:00Z,130
6962181067,2016-03-21T09:00:00Z,174
6962181067,2016-03-21T10:00:00Z,125
6962181067,2016-03-21T11:00:00Z,75
6962181067,2016-03-21T12:00:00Z,194
6962181067,2016-03-21T13:00:00Z,179
6962181067,2016-03-21T14:00:00Z,165
6962181067,2016-03-21T15:00:00Z,219
6962181067,2016-03-21T16:00:00Z,112
6962181067,2016-03-21T17:00:00Z,128
6962181067,2016-03-21T18:00:00Z,119
6962181067,2016-03-21T19:00:00Z,101
6962181067,2016-03-21T20:00:00Z,58
6962181067,2016-03-21T21:00:00Z,56
6962181067,2016-03-21T22:00:00Z,60
6962181067,2016-03-21T23:00:00Z,61
6962181067,2016-03-22T00:00:00Z,82
6962181067,2016-03-22T01:00:00Z,59
6962181067,2016-03-22T02:00:00Z,54
6962181067,2016-03-22T03:00:00Z,54
6962181067,2016-03-22T04:00:00Z,54
6962181067,2016-03-22T05:00:00Z,55
6962181067,2016-03-22T06:00:00Z,55
6962181067,2016-03-22T07:00:00Z,57
6962181067,2016-03-22T08:00:00Z,56
6962181067,2016-03-22T09:00:00Z,76
6962181067,2016-03-22T10:00:00Z,95
6962181067,2016-03-22T11:00:00Z,79
6962181067,2016-03-22T12:00:00Z,67
6962181067,2016-03-22T13:00:00Z,69
6962181067,2016-03-22T14:00:00Z,71
6962181067,2016-03-22T15:00:00Z,66
6962181067,2016-03-22T16:00:00Z,81
6962181067,2016-03-22T17:00:00Z,129
6962181067,2016-03-22T18:00:00Z,86
6962181067,2016-03-22T19:00:00Z,113
6962181067,2016-03-22T20:00:00Z,316
6962181067,2016-03-22T21:00:00Z,66
6962181067,2016-03-22T22:00:00Z,56
6962181067,2016-03-22T23:00:00Z,54
6962181067,2016-03-23T00:00:00Z,54
6962181067,2016-03-23T01:00:00Z,54
6962181067,2016-03-23T02:00:00Z,54
6962181067,2016-03-23T03:00:00Z,54
6962181067,2016-03-23T04:00:00Z,54
6962181067,2016-03-23T05:00:00Z,54
6962181067,2016-03-23T06:00:00Z,54
6962181067,2016-03-23T07:00:00Z,54
6962181067,2016-03-23T08:00:00Z,54
6962181067,2016-03-23T09:00:00Z,58
6962181067,2016-03-23T10:00:00Z,59
6962181067,2016-03-23T11:00:00Z,116
6962181067,2016-03-23T12:00:00Z,68
6962181067,2016-03-23T13:00:00Z,83
6962181067,2016-03-23T14:00:00Z,217
6962181067,2016-03-23T15:00:00Z,220
6962181067,2016-03-23T16:00:00Z,133
6962181067,2016-03-23T17:00:00Z,70
6962181067,2016-03-23T18:00:00Z,135
6962181067,2016-03-23T19:00:00Z,89
6962181067,2016-03-23T20:00:00Z,62
6962181067,2016-03-23T21:00:00Z,55
6962181067,2016-03-23T22:00:00Z,60
6962181067,2016-03-23T23:00:00Z,54
6962181067,2016-03-24T00:00:00Z,54
6962181067,2016-03-24T01:00:00Z,54
6962181067,2016-03-24T02:00:00Z,54
6962181067,2016-03-24T03:00:00Z,54
6962181067,2016-03-24T04:00:00Z,57
6962181067,2016-03-24T05:00:00Z,54
6962181067,2016-03-24T06:00:00Z,54
6962181067,2016-03-24T07:00:00Z,56
6962181067,2016-03-24T08:00:00Z,70
6962181067,2016-03-24T09:00:00Z,135
6962181067,2016-03-24T10:00:00Z,212
6962181067,2016-03-24T11:00:00Z,86
6962181067,2016-03-24T12:00:00Z,114
6962181067,2016-03-24T13:00:00Z,58
6962181067,2016-03-24T14:00:00Z,56
6962181067,2016-03-24T15:00:00Z,60
6962181067,2016-03-24T16:00:00Z,68
6962181067,2016-03-24T17:00:00Z,265
6962181067,2016-03-24T18:00:00Z,101
6962181067,2016-03-24T19:00:00Z,67
6962181067,2016-03-24T20:00:00Z,75
6962181067,2016-03-24T21:00:00Z,57
6962181067,2016-03-24T22:00:00Z,55
6962181067,2016-03-24T23:00:00Z,55
6962181067,2016-03-25T00:00:00Z,57
6962181067,2016-03-25T01:00:00Z,54
6962181067,2016-03-25T02:00:00Z,54
6962181067,2016-03-25T03:00:00Z,54
6962181067,2016-03-25T04:00:00Z,54
6962181067,2016-03-25T05:00:00Z,54
6962181067,2016-03-25T06:00:00Z,56
6962181067,2016-03-25T07:00:00Z,54
6962181067,2016-03-25T08:00:00Z,55
6962181067,2016-03-25T09:00:00Z,89
6962181067,2016-03-25T10:00:00Z,137
6962181067,2016-03-25T11:00:00Z,216
6962181067,2016-03-25T12:00:00Z,117
6962181067,2016-03-25T13:00:00Z,101
6962181067,2016-03-25T14:00:00Z,55
6962181067,2016-03-25T15:00:00Z,58
6962181067,2016-03-25T16:00:00Z,142
6962181067,2016-03-25T17:00:00Z,191
6962181067,2016-03-25T18:00:00Z,143
6962181067,2016-03-25T19:00:00Z,68
6962181067,2016-03-25T20:00:00Z,59
6962181067,2016-03-25T21:00:00Z,54
6962181067,2016-03-25T22:00:00Z,54
6962181067,2016-03-25T23:00:00Z,57
6962181067,2016-03-26T00:00:00Z,54
6962181067,2016-03-26T01:00:00Z,54
6962181067,2016-03-26T02:00:00Z,54
6962181067,2016-03-26T03:00:00Z,55
6962181067,2016-03-26T04:00:00Z,55
6962181067,2016-03-26T05:00:00Z,54
6962181067,2016-03-26T06:00:00Z,54
6962181067,2016-03-26T07:00:00Z,54
6962181067,2016-03-26T08:00:00Z,55
6962181067,2016-03-26T09:00:00Z,100
6962181067,2016-03-26T10:00:00Z,110
6962181067,2016-03-26T11:00:00Z,294
6962181067,2016-03-26T12:00:00Z,61
6962181067,2016-03-26T13:00:00Z,59
6962181067,2016-03-26T14:00:00Z,81
6962181067,2016-03-26T15:00:00Z,54
6962181067,2016-03-26T16:00:00Z,221
6962181067,2016-03-26T17:00:00Z,160
6962181067,2016-03-26T18:00:00Z,83
6962181067,2016-03-26T19:00:00Z,61
6962181067,2016-03-26T20:00:00Z,57
6962181067,2016-03-26T21:00:00Z,60
6962181067,2016-03-26T22:00:00Z,54
6962181067,2016-03-26T23:00:00Z,61
6962181067,2016-03-27T00:00:00Z,54
6962181067,2016-03-27T01:00:00Z,57
6962181067,2016-03-27T02:00:00Z,55
6962181067,2016-03-27T03:00:00Z,54
6962181067,2016-03-27T04:00:00Z,54
6962181067,2016-03-27T05:00:00Z,54
6962181067,2016-03-27T06:00:00Z,54
6962181067,2016-03-27T07:00:00Z,54
6962181067,2016-03-27T08:00:00Z,96
6962181067,2016-03-27T09:00:00Z,108
6962181067,2016-03-27T10:00:00Z,81
6962181067,2016-03-27T11:00:00Z,81
6962181067,2016-03-27T12:00:00Z,77
6962181067,2016-03-27T13:00:00Z,66
6962181067,2016-03-27T14:00:00Z,120
6962181067,2016-03-27T15:00:00Z,70
6962181067,2016-03-27T16:00:00Z,137
6962181067,2016-03-27T17:00:00Z,121
6962181067,2016-03-27T18:00:00Z,145
6962181067,2016-03-27T19:00:00Z,242
6962181067,2016-03-27T20:00:00Z,80
6962181067,2016-03-27T21:00:00Z,56
6962181067,2016-03-27T22:00:00Z,54
6962181067,2016-03-27T23:00:00Z,57
6962181067,2016-03-28T00:00:00Z,54
6962181067,2016-03-28T01:00:00Z,54
6962181067,2016-03-28T02:00:00Z,57
6962181067,2016-03-28T03:00:00Z,55
6962181067,2016-03-28T04:00:00Z,55
6962181067,2016-03-28T05:00:00Z,54
6962181067,2016-03-28T06:00:00Z,54
6962181067,2016-03-28T07:00:00Z,54
6962181067,2016-03-28T08:00:00Z,82
6962181067,2016-03-28T09:00:00Z,131
6962181067,2016-03-28T10:00:00Z,273
6962181067,2016-03-28T11:00:00Z,80
6962181067,2016-03-28T12:00:00Z,176
6962181067,2016-03-28T13:00:00Z,58
6962181067,2016-03-28T14:00:00Z,74
6962181067,2016-03-28T15:00:00Z,112
6962181067,2016-03-28T16:00:00Z,197
6962181067,2016-03-28T17:00:00Z,150
6962181067,2016-03-28T18:00:00Z,89
6962181067,2016-03-28T19:00:00Z,72
6962181067,2016-03-28T20:00:00Z,82
6962181067,2016-03-28T21:00:00Z,78
6962181067,2016-03-28T22:00:00Z,58
6962181067,2016-03-28T23:00:00Z,57
6962181067,2016-03-29T00:00:00Z,54
6962181067,2016-03-29T01:00:00Z,54
6962181067,2016-03-29T02:00:00Z,54
6962181067,2016-03-29T03:00:00Z,54
6962181067,2016-03-29T04:00:00Z,54
6962181067,2016-03-29T05:00:00Z,54
6962181067,2016-03-29T06:00:00Z,64
6962181067,2016-03-29T07:00:00Z,129
6962181067,2016-03-29T08:00:00Z,145
6962181067,2016-03-29T09:00:00Z,160
6962181067,2016-03-29T10:00:00Z,180
6962181067,2016-03-29T11:00:00Z,92
6962181067,2016-03-29T12:00:00Z,310
6962181067,2016-03-29T13:00:00Z,67
6962181067,2016-03-29T14:00:00Z,64
6962181067,2016-03-29T15:00:00Z,73
6962181067,2016-03-29T16:00:00Z,108
6962181067,2016-03-29T17:00:00Z,67
6962181067,2016-03-29T18:00:00Z,80
6962181067,2016-03-29T19:00:00Z,69
6962181067,2016-03-29T20:00:00Z,75
6962181067,2016-03-29T21:00:00Z,55
6962181067,2016-03-29T22:00:00Z,62
6962181067,2016-03-29T23:00:00Z,62
6962181067,2016-03-30T00:00:00Z,54
6962181067,2016-03-30T01:00:00Z,54
6962181067,2016-03-30T02:00:00Z,54
6962181067,2016-03-30T03:00:00Z,54
6962181067,2016-03-30T04:00:00Z,54
6962181067,2016-03-30T05:00:00Z,54
6962181067,2016-03-30T06:00:00Z,56
6962181067,2016-03-30T07:00:00Z,99
6962181067,2016-03-30T08:00:00Z,102
6962181067,2016-03-30T09:00:00Z,127
6962181067,2016-03-30T10:00:00Z,199
6962181067,2016-03-30T11:00:00Z,67
6962181067,2016-03-30T12:00:00Z,110
6962181067,2016-03-30T13:00:00Z,75
6962181067,2016-03-30T14:00:00Z,66
6962181067,2016-03-30T15:00:00Z,165
6962181067,2016-03-30T16:00:00Z,215
6962181067,2016-03-30T17:00:00Z,210
6962181067,2016-03-30T18:00:00Z,72
6962181067,2016-03-30T19:00:00Z,121
6962181067,2016-03-30T20:00:00Z,62
6962181067,2016-03-30T21:00:00Z,57
6962181067,2016-03-30T22:00:00Z,58
6962181067,2016-03-30T23:00:00Z,59
6962181067,2016-03-31T00:00:00Z,54
6962181067,2016-03-31T01:00:00Z,54
6962181067,2016-03-31T02:00:00Z,54
6962181067,2016-03-31T03:00:00Z,54
6962181067,2016-03-31T04:00:00Z,54
6962181067,2016-03-31T05:00:00Z,55
6962181067,2016-03-31T06:00:00Z,56
6962181067,2016-03-31T07:00:00Z,77
6962181067,2016-03-31T08:00:00Z,54
6962181067,2016-03-31T09:00:00Z,74
6962181067,2016-03-31T10:00:00Z,181
6962181067,2016-03-31T11:00:00Z,332
6962181067,2016-03-31T12:00:00Z,178
6962181067,2016-03-31T13:00:00Z,77
6962181067,2016-03-31T14:00:00Z,71
6962181067,2016-03-31T15:00:00Z,117
6962181067,2016-03-31T16:00:00Z,76
6962181067,2016-03-31T17:00:00Z,99
6962181067,2016-03-31T18:00:00Z,94
6962181067,2016-03-31T19:00:00Z,133
6962181067,2016-03-31T20:00:00Z,71
6962181067,2016-03-31T21:00:00Z,57
6962181067,2016-03-31T22:00:00Z,63
6962181067,2016-03-31T23:00:00Z,55
6962181067,2016-04-01T00:00:00Z,54
6962181067,2016-04-01T01:00:00Z,54
6962181067,2016-04-01T02:00:00Z,54
6962181067,2016-04-01T03:00:00Z,54
6962181067,2016-04-01T04:00:00Z,54
6962181067,2016-04-01T05:00:00Z,54
6962181067,2016-04-01T06:00:00Z,54
6962181067,2016-04-01T07:00:00Z,54
6962181067,2016-04-01T08:00:00Z,54
6962181067,2016-04-01T09:00:00Z,97
6962181067,2016-04-01T10:00:00Z,215
6962181067,2016-04-01T11:00:00Z,125
6962181067,2016-04-01T12:00:00Z,183
6962181067,2016-04-01T13:00:00Z,67
6962181067,2016-04-01T14:00:00Z,56
6962181067,2016-04-01T15:00:00Z,86
6962181067,2016-04-01T16:00:00Z,103
6962181067,2016-04-01T17:00:00Z,105
6962181067,2016-04-01T18:00:00Z,88
6962181067,2016-04-01T19:00:00Z,97
6962181067,2016-04-01T20:00:00Z,119
6962181067,2016-04-01T21:00:00Z,66
6962181067,2016-04-01T22:00:00Z,62
6962181067,2016-04-01T23:00:00Z,60
6962181067,2016-04-02T00:00:00Z,60
6962181067,2016-04-02T01:00:00Z,55
6962181067,2016-04-02T02:00:00Z,54
6962181067,2016-04-02T03:00:00Z,55
6962181067,2016-04-02T04:00:00Z,54
6962181067,2016-04-02T05:00:00Z,54
6962181067,2016-04-02T06:00:00Z,54
6962181067,2016-04-02T07:00:00Z,54
6962181067,2016-04-02T08:00:00Z,81
6962181067,2016-04-02T09:00:00Z,94
6962181067,2016-04-02T10:00:00Z,63
6962181067,2016-04-02T11:00:00Z,261
6962181067,2016-04-02T12:00:00Z,135
6962181067,2016-04-02T13:00:00Z,82
6962181067,2016-04-02T14:00:00Z,55
6962181067,2016-04-02T15:00:00Z,71
6962181067,2016-04-02T16:00:00Z,250
6962181067,2016-04-02T17:00:00Z,111
6962181067,2016-04-02T18:00:00Z,140
6962181067,2016-04-02T19:00:00Z,81
6962181067,2016-04-02T20:00:00Z,69
6962181067,2016-04-02T21:00:00Z,57
6962181067,2016-04-02T22:00:00Z,55
6962181067,2016-04-02T23:00:00Z,70
6962181067,2016-04-03T00:00:00Z,57
6962181067,2016-04-03T01:00:00Z,54
6962181067,2016-04-03T02:00:00Z,54
6962181067,2016-04-03T03:00:00Z,54
6962181067,2016-04-03T04:00:00Z,54
6962181067,2016-04-03T05:00:00Z,54
6962181067,2016-04-03T06:00:00Z,54
6962181067,2016-04-03T07:00:00Z,58
6962181067,2016-04-03T08:00:00Z,54
6962181067,2016-04-03T09:00:00Z,115
6962181067,2016-04-03T10:00:00Z,108
6962181067,2016-04-03T11:00:00Z,79
6962181067,2016-04-03T12:00:00Z,86
6962181067,2016-04-03T13:00:00Z,102
6962181067,2016-04-03T14:00:00Z,89
6962181067,2016-04-03T15:00:00Z,57
6962181067,2016-04-03T16:00:00Z,219
6962181067,2016-04-03T17:00:00Z,243
6962181067,2016-04-03T18:00:00Z,104
6962181067,2016-04-03T19:00:00Z,135
6962181067,2016-04-03T20:00:00Z,57
6962181067,2016-04-03T21:00:00Z,54
6962181067,2016-04-03T22:00:00Z,59
6962181067,2016-04-03T23:00:00Z,54
6962181067,2016-04-04T00:00:00Z,54
6962181067,2016-04-04T01:00:00Z,57
6962181067,2016-04-04T02:00:00Z,56
6962181067,2016-04-04T03:00:00Z,54
6962181067,2016-04-04T04:00:00Z,54
6962181067,2016-04-04T05:00:00Z,54
6962181067,2016-04-04T06:00:00Z,58
6962181067,2016-04-04T07:00:00Z,125
6962181067,2016-04-04T08:00:00Z,140
6962181067,2016-04-04T09:00:00Z,117
6962181067,2016-04-04T10:00:00Z,163
6962181067,2016-04-04T11:00:00Z,188
6962181067,2016-04-04T12:00:00Z,157
6962181067,2016-04-04T13:00:00Z,57
6962181067,2016-04-04T14:00:00Z,76
6962181067,2016-04-04T15:00:00Z,161
6962181067,2016-04-04T16:00:00Z,87
6962181067,2016-04-04T17:00:00Z,67
6962181067,2016-04-04T18:00:00Z,122
6962181067,2016-04-04T19:00:00Z,313
6962181067,2016-04-04T20:00:00Z,98
6962181067,2016-04-04T21:00:00Z,60
6962181067,2016-04-04T22:00:00Z,57
6962181067,2016-04-04T23:00:00Z,57
6962181067,2016-04-05T00:00:00Z,60
6962181067,2016-04-05T01:00:00Z,54
6962181067,2016-04-05T02:00:00Z,54
6962181067,2016-04-05T03:00:00Z,54
6962181067,2016-04-05T04:00:00Z,56
6962181067,2016-04-05T05:00:00Z,54
6962181067,2016-04-05T06:00:00Z,291
6962181067,2016-04-05T07:00:00Z,148
6962181067,2016-04-05T08:00:00Z,93
6962181067,2016-04-05T09:00:00Z,129
6962181067,2016-04-05T10:00:00Z,110
6962181067,2016-04-05T11:00:00Z,147
6962181067,2016-04-05T12:00:00Z,79
6962181067,2016-04-05T13:00:00Z,56
6962181067,2016-04-05T14:00:00Z,85
6962181067,2016-04-05T15:00:00Z,61
6962181067,2016-04-05T16:00:00Z,85
6962181067,2016-04-05T17:00:00Z,79
6962181067,2016-04-05T18:00:00Z,84
6962181067,2016-04-05T19:00:00Z,70
6962181067,2016-04-05T20:00:00Z,83
6962181067,2016-04-05T21:00:00Z,79
6962181067,2016-04-05T22:00:00Z,95
6962181067,2016-04-05T23:00:00Z,54
6962181067,2016-04-06T00:00:00Z,54
6962181067,2016-04-06T01:00:00Z,54
6962181067,2016-04-06T02:00:00Z,56
6962181067,2016-04-06T03:00:00Z,55
6962181067,2016-04-06T04:00:00Z,54
6962181067,2016-04-06T05:00:00Z,54
6962181067,2016-04-06T06:00:00Z,54
6962181067,2016-04-06T07:00:00Z,57
6962181067,2016-04-06T08:00:00Z,65
6962181067,2016-04-06T09:00:00Z,124
6962181067,2016-04-06T10:00:00Z,176
6962181067,2016-04-06T11:00:00Z,199
6962181067,2016-04-06T12:00:00Z,219
6962181067,2016-04-06T13:00:00Z,69
6962181067,2016-04-06T14:00:00Z,66
6962181067,2016-04-06T15:00:00Z,117
6962181067,2016-04-06T16:00:00Z,121
6962181067,2016-04-06T17:00:00Z,105
6962181067,2016-04-06T18:00:00Z,96
6962181067,2016-04-06T19:00:00Z,144
6962181067,2016-04-06T20:00:00Z,54
6962181067,2016-04-06T21:00:00Z,55
6962181067,2016-04-06T22:00:00Z,64
6962181067,2016-04-06T23:00:00Z,57
6962181067,2016-04-07T00:00:00Z,54
6962181067,2016-04-07T01:00:00Z,54
6962181067,2016-04-07T02:00:00Z,56
6962181067,2016-04-07T03:00:00Z,56
6962181067,2016-04-07T04:00:00Z,56
6962181067,2016-04-07T05:00:00Z,54
6962181067,2016-04-07T06:00:00Z,56
6962181067,2016-04-07T07:00:00Z,109
6962181067,2016-04-07T08:00:00Z,292
6962181067,2016-04-07T09:00:00Z,148
6962181067,2016-04-07T10:00:00Z,132
6962181067,2016-04-07T11:00:00Z,90
6962181067,2016-04-07T12:00:00Z,68
6962181067,2016-04-07T13:00:00Z,76
6962181067,2016-04-07T14:00:00Z,70
6962181067,2016-04-07T15:00:00Z,63
6962181067,2016-04-07T16:00:00Z,180
6962181067,2016-04-07T17:00:00Z,145
6962181067,2016-04-07T18:00:00Z,141
6962181067,2016-04-07T19:00:00Z,116
6962181067,2016-04-07T20:00:00Z,56
6962181067,2016-04-07T21:00:00Z,56
6962181067,2016-04-07T22:00:00Z,62
6962181067,2016-04-07T23:00:00Z,56
6962181067,2016-04-08T00:00:00Z,54
6962181067,2016-04-08T01:00:00Z,54
6962181067,2016-04-08T02:00:00Z,54
6962181067,2016-04-08T03:00:00Z,54
6962181067,2016-04-08T04:00:00Z,54
6962181067,2016-04-08T05:00:00Z,54
6962181067,2016-04-08T06:00:00Z,54
6962181067,2016-04-08T07:00:00Z,56
6962181067,2016-04-08T08:00:00Z,75
6962181067,2016-04-08T09:00:00Z,83
6962181067,2016-04-08T10:00:00Z,258
6962181067,2016-04-08T11:00:00Z,202
6962181067,2016-04-08T12:00:00Z,118
6962181067,2016-04-08T13:00:00Z,123
6962181067,2016-04-08T14:00:00Z,86
6962181067,2016-04-08T15:00:00Z,70
6962181067,2016-04-08T16:00:00Z,60
6962181067,2016-04-08T17:00:00Z,111
6962181067,2016-04-08T18:00:00Z,92
6962181067,2016-04-08T19:00:00Z,75
6962181067,2016-04-08T20:00:00Z,98
6962181067,2016-04-08T21:00:00Z,135
6962181067,2016-04-08T22:00:00Z,110
6962181067,2016-04-08T23:00:00Z,56
6962181067,2016-04-09T00:00:00Z,87
6962181067,2016-04-09T01:00:00Z,54
6962181067,2016-04-09T02:00:00Z,54
6962181067,2016-04-09T03:00:00Z,54
6962181067,2016-04-09T04:00:00Z,54
6962181067,2016-04-09T05:00:00Z,55
6962181067,2016-04-09T06:00:00Z,54
6962181067,2016-04-09T07:00:00Z,57
6962181067,2016-04-09T08:00:00Z,54
6962181067,2016-04-09T09:00:00Z,131
6962181067,2016-04-09T10:00:00Z,131
6962181067,2016-04-09T11:00:00Z,116
6962181067,2016-04-09T12:00:00Z,103
6962181067,2016-04-09T13:00:00Z,221
6962181067,2016-04-09T14:00:00Z,211
6962181067,2016-04-09T15:00:00Z,69
6962181067,2016-04-09T16:00:00Z,56
6962181067,2016-04-09T17:00:00Z,91
6962181067,2016-04-09T18:00:00Z,78
6962181067,2016-04-09T19:00:00Z,80
6962181067,2016-04-09T20:00:00Z,147
6962181067,2016-04-09T21:00:00Z,112
6962181067,2016-04-09T22:00:00Z,84
6962181067,2016-04-09T23:00:00Z,75
6962181067,2016-04-10T00:00:00Z,71
6962181067,2016-04-10T01:00:00Z,85
6962181067,2016-04-10T02:00:00Z,54
6962181067,2016-04-10T03:00:00Z,54
6962181067,2016-04-10T04:00:00Z,55
6962181067,2016-04-10T05:00:00Z,55
6962181067,2016-04-10T06:00:00Z,57
6962181067,2016-04-10T07:00:00Z,54
6962181067,2016-04-10T08:00:00Z,73
6962181067,2016-04-10T09:00:00Z,166
6962181067,2016-04-10T10:00:00Z,125
6962181067,2016-04-10T11:00:00Z,82
6962181067,2016-04-10T12:00:00Z,126
6962181067,2016-04-10T13:00:00Z,195
6962181067,2016-04-10T14:00:00Z,77
6962181067,2016-04-10T15:00:00Z,63
6962181067,2016-04-10T16:00:00Z,126
6962181067,2016-04-10T17:00:00Z,85
6962181067,2016-04-10T18:00:00Z,110
6962181067,2016-04-10T19:00:00Z,66
6962181067,2016-04-10T20:00:00Z,143
6962181067,2016-04-10T21:00:00Z,57
6962181067,2016-04-10T22:00:00Z,56
6962181067,2016-04-10T23:00:00Z,64
6962181067,2016-04-11T00:00:00Z,54
6962181067,2016-04-11T01:00:00Z,54
6962181067,2016-04-11T02:00:00Z,54
6962181067,2016-04-11T03:00:00Z,54
6962181067,2016-04-11T04:00:00Z,54
6962181067,2016-04-11T05:00:00Z,55
6962181067,2016-04-11T06:00:00Z,60
6962181067,2016-04-11T07:00:00Z,107
6962181067,2016-04-11T08:00:00Z,61
6962181067,2016-04-11T09:00:00Z,119
6962181067,2016-04-11T10:00:00Z,209
6962181067,2016-04-11T11:00:00Z,244
6962181067,2016-04-11T12:00:00Z,73
6962181067,2016-04-11T13:00:00Z,56
6962181067,2016-04-11T14:00:00Z,79
6962181067,2016-04-11T15:00:00Z,137
6962181067,2016-04-11T16:00:00Z,159
6962181067,2016-04-11T17:00:00Z,110
6962181067,2016-04-11T18:00:00Z,125
6962181067,2016-04-11T19:00:00Z,77
6962181067,2016-04-11T20:00:00Z,54
6962181067,2016-04-11T21:00:00Z,55
6962181067,2016-04-11T22:00:00Z,72
6962181067,2016-04-11T23:00:00Z,63
6962181067,2016-04-12T00:00:00Z,58
6962181067,2016-04-12T01:00:00Z,55
6962181067,2016-04-12T02:00:00Z,55
6962181067,2016-04-12T03:00:00Z,55
6962181067,2016-04-12T04:00:00Z,55
6962181067,2016-04-12T05:00:00Z,55
6962181067,2016-04-12T06:00:00Z,59
6962181067,2016-04-12T07:00:00Z,95
6962181067,2016-04-12T08:00:00Z,75
6962181067,2016-04-12T09:00:00Z,186
7007744171,2016-03-12T00:00:00Z,65
7007744171,2016-03-12T01:00:00Z,65
7007744171,2016-03-12T02:00:00Z,65
7007744171,2016-03-12T03:00:00Z,65
7007744171,2016-03-12T04:00:00Z,65
7007744171,2016-03-12T05:00:00Z,65
7007744171,2016-03-12T06:00:00Z,65
7007744171,2016-03-12T07:00:00Z,65
7007744171,2016-03-12T08:00:00Z,65
7007744171,2016-03-12T09:00:00Z,65
7007744171,2016-03-12T10:00:00Z,65
7007744171,2016-03-12T11:00:00Z,65
7007744171,2016-03-12T12:00:00Z,65
7007744171,2016-03-12T13:00:00Z,65
7007744171,2016-03-12T14:00:00Z,65
7007744171,2016-03-12T15:00:00Z,65
7007744171,2016-03-12T16:00:00Z,65
7007744171,2016-03-12T17:00:00Z,65
7007744171,2016-03-12T18:00:00Z,65
7007744171,2016-03-12T19:00:00Z,65
7007744171,2016-03-12T20:00:00Z,65
7007744171,2016-03-12T21:00:00Z,65
7007744171,2016-03-12T22:00:00Z,65
7007744171,2016-03-12T23:00:00Z,65
7007744171,2016-03-13T00:00:00Z,65
7007744171,2016-03-13T01:00:00Z,65
7007744171,2016-03-13T02:00:00Z,65
7007744171,2016-03-13T03:00:00Z,65
7007744171,2016-03-13T04:00:00Z,65
7007744171,2016-03-13T05:00:00Z,65
7007744171,2016-03-13T06:00:00Z,65
7007744171,2016-03-13T07:00:00Z,165
7007744171,2016-03-13T08:00:00Z,194
7007744171,2016-03-13T09:00:00Z,206
7007744171,2016-03-13T10:00:00Z,182
7007744171,2016-03-13T11:00:00Z,148
7007744171,2016-03-13T12:00:00Z,95
7007744171,2016-03-13T13:00:00Z,162
7007744171,2016-03-13T14:00:00Z,231
7007744171,2016-03-13T15:00:00Z,147
7007744171,2016-03-13T16:00:00Z,129
7007744171,2016-03-13T17:00:00Z,172
7007744171,2016-03-13T18:00:00Z,129
7007744171,2016-03-13T19:00:00Z,101
7007744171,2016-03-13T20:00:00Z,112
7007744171,2016-03-13T21:00:00Z,71
7007744171,2016-03-13T22:00:00Z,65
7007744171,2016-03-13T23:00:00Z,65
7007744171,2016-03-14T00:00:00Z,65
7007744171,2016-03-14T01:00:00Z,65
7007744171,2016-03-14T02:00:00Z,65
7007744171,2016-03-14T03:00:00Z,65
7007744171,2016-03-14T04:00:00Z,65
7007744171,2016-03-14T05:00:00Z,65
7007744171,2016-03-14T06:00:00Z,103
7007744171,2016-03-14T07:00:00Z,136
7007744171,2016-03-14T08:00:00Z,135
7007744171,2016-03-14T09:00:00Z,154
7007744171,2016-03-14T10:00:00Z,178
7007744171,2016-03-14T11:00:00Z,206
7007744171,2016-03-14T12:00:00Z,127
7007744171,2016-03-14T13:00:00Z,117
7007744171,2016-03-14T14:00:00Z,68
7007744171,2016-03-14T15:00:00Z,65
7007744171,2016-03-14T16:00:00Z,88
7007744171,2016-03-14T17:00:00Z,130
7007744171,2016-03-14T18:00:00Z,175
7007744171,2016-03-14T19:00:00Z,223
7007744171,2016-03-14T20:00:00Z,141
7007744171,2016-03-14T21:00:00Z,83
7007744171,2016-03-14T22:00:00Z,81
7007744171,2016-03-14T23:00:00Z,65
7007744171,2016-03-15T00:00:00Z,65
7007744171,2016-03-15T01:00:00Z,65
7007744171,2016-03-15T02:00:00Z,65
7007744171,2016-03-15T03:00:00Z,65
7007744171,2016-03-15T04:00:00Z,65
7007744171,2016-03-15T05:00:00Z,65
7007744171,2016-03-15T06:00:00Z,65
7007744171,2016-03-15T07:00:00Z,136
7007744171,2016-03-15T08:00:00Z,156
7007744171,2016-03-15T09:00:00Z,167
7007744171,2016-03-15T10:00:00Z,167
7007744171,2016-03-15T11:00:00Z,163
7007744171,2016-03-15T12:00:00Z,111
7007744171,2016-03-15T13:00:00Z,110
7007744171,2016-03-15T14:00:00Z,132
7007744171,2016-03-15T15:00:00Z,203
7007744171,2016-03-15T16:00:00Z,193
7007744171,2016-03-15T17:00:00Z,156
7007744171,2016-03-15T18:00:00Z,147
7007744171,2016-03-15T19:00:00Z,73
7007744171,2016-03-15T20:00:00Z,67
7007744171,2016-03-15T21:00:00Z,69
7007744171,2016-03-15T22:00:00Z,65
7007744171,2016-03-15T23:00:00Z,65
7007744171,2016-03-16T00:00:00Z,65
7007744171,2016-03-16T01:00:00Z,65
7007744171,2016-03-16T02:00:00Z,65
7007744171,2016-03-16T03:00:00Z,65
7007744171,2016-03-16T04:00:00Z,65
7007744171,2016-03-16T05:00:00Z,65
7007744171,2016-03-16T06:00:00Z,65
7007744171,2016-03-16T07:00:00Z,65
7007744171,2016-03-16T08:00:00Z,65
7007744171,2016-03-16T09:00:00Z,65
7007744171,2016-03-16T10:00:00Z,65
7007744171,2016-03-16T11:00:00Z,65
7007744171,2016-03-16T12:00:00Z,65
7007744171,2016-03-16T13:00:00Z,65
7007744171,2016-03-16T14:00:00Z,65
7007744171,2016-03-16T15:00:00Z,65
7007744171,2016-03-16T16:00:00Z,65
7007744171,2016-03-16T17:00:00Z,65
7007744171,2016-03-16T18:00:00Z,65
7007744171,2016-03-16T19:00:00Z,65
7007744171,2016-03-16T20:00:00Z,65
7007744171,2016-03-16T21:00:00Z,65
7007744171,2016-03-16T22:00:00Z,65
7007744171,2016-03-16T23:00:00Z,65
7007744171,2016-03-17T00:00:00Z,65
7007744171,2016-03-17T01:00:00Z,65
7007744171,2016-03-17T02:00:00Z,65
7007744171,2016-03-17T03:00:00Z,65
7007744171,2016-03-17T04:00:00Z,65
7007744171,2016-03-17T05:00:00Z,65
7007744171,2016-03-17T06:00:00Z,65
7007744171,2016-03-17T07:00:00Z,215
7007744171,2016-03-17T08:00:00Z,280
7007744171,2016-03-17T09:00:00Z,345
7007744171,2016-03-17T10:00:00Z,212
7007744171,2016-03-17T11:00:00Z,223
7007744171,2016-03-17T12:00:00Z,191
7007744171,2016-03-17T13:00:00Z,85
7007744171,2016-03-17T14:00:00Z,79
7007744171,2016-03-17T15:00:00Z,100
7007744171,2016-03-17T16:00:00Z,82
7007744171,2016-03-17T17:00:00Z,92
7007744171,2016-03-17T18:00:00Z,113
7007744171,2016-03-17T19:00:00Z,81
7007744171,2016-03-17T20:00:00Z,78
7007744171,2016-03-17T21:00:00Z,366
7007744171,2016-03-17T22:00:00Z,325
7007744171,2016-03-17T23:00:00Z,424
7007744171,2016-03-18T00:00:00Z,183
7007744171,2016-03-18T01:00:00Z,65
7007744171,2016-03-18T02:00:00Z,65
7007744171,2016-03-18T03:00:00Z,65
7007744171,2016-03-18T04:00:00Z,65
7007744171,2016-03-18T05:00:00Z,65
7007744171,2016-03-18T06:00:00Z,96
7007744171,2016-03-18T07:00:00Z,156
7007744171,2016-03-18T08:00:00Z,324
7007744171,2016-03-18T09:00:00Z,219
7007744171,2016-03-18T10:00:00Z,133
7007744171,2016-03-18T11:00:00Z,112
7007744171,2016-03-18T12:00:00Z,108
7007744171,2016-03-18T13:00:00Z,109
7007744171,2016-03-18T14:00:00Z,76
7007744171,2016-03-18T15:00:00Z,90
7007744171,2016-03-18T16:00:00Z,94
7007744171,2016-03-18T17:00:00Z,77
7007744171,2016-03-18T18:00:00Z,124
7007744171,2016-03-18T19:00:00Z,69
7007744171,2016-03-18T20:00:00Z,88
7007744171,2016-03-18T21:00:00Z,81
7007744171,2016-03-18T22:00:00Z,65
7007744171,2016-03-18T23:00:00Z,65
7007744171,2016-03-19T00:00:00Z,65
7007744171,2016-03-19T01:00:00Z,65
7007744171,2016-03-19T02:00:00Z,65
7007744171,2016-03-19T03:00:00Z,65
7007744171,2016-03-19T04:00:00Z,65
7007744171,2016-03-19T05:00:00Z,65
7007744171,2016-03-19T06:00:00Z,65
7007744171,2016-03-19T07:00:00Z,127
7007744171,2016-03-19T08:00:00Z,83
7007744171,2016-03-19T09:00:00Z,117
7007744171,2016-03-19T10:00:00Z,142
7007744171,2016-03-19T11:00:00Z,113
7007744171,2016-03-19T12:00:00Z,106
7007744171,2016-03-19T13:00:00Z,78
7007744171,2016-03-19T14:00:00Z,71
7007744171,2016-03-19T15:00:00Z,73
7007744171,2016-03-19T16:00:00Z,125
7007744171,2016-03-19T17:00:00Z,172
7007744171,2016-03-19T18:00:00Z,118
7007744171,2016-03-19T19:00:00Z,152
7007744171,2016-03-19T20:00:00Z,74
7007744171,2016-03-19T21:00:00Z,65
7007744171,2016-03-19T22:00:00Z,65
7007744171,2016-03-19T23:00:00Z,65
7007744171,2016-03-20T00:00:00Z,65
7007744171,2016-03-20T01:00:00Z,65
7007744171,2016-03-20T02:00:00Z,65
7007744171,2016-03-20T03:00:00Z,65
7007744171,2016-03-20T04:00:00Z,65
7007744171,2016-03-20T05:00:00Z,65
7007744171,2016-03-20T06:00:00Z,203
7007744171,2016-03-20T07:00:00Z,218
7007744171,2016-03-20T08:00:00Z,363
7007744171,2016-03-20T09:00:00Z,366
7007744171,2016-03-20T10:00:00Z,137
7007744171,2016-03-20T11:00:00Z,110
7007744171,2016-03-20T12:00:00Z,130
7007744171,2016-03-20T13:00:00Z,106
7007744171,2016-03-20T14:00:00Z,120
7007744171,2016-03-20T15:00:00Z,130
7007744171,2016-03-20T16:00:00Z,99
7007744171,2016-03-20T17:00:00Z,146
7007744171,2016-03-20T18:00:00Z,96
7007744171,2016-03-20T19:00:00Z,147
7007744171,2016-03-20T20:00:00Z,83
7007744171,2016-03-20T21:00:00Z,67
7007744171,2016-03-20T22:00:00Z,65
7007744171,2016-03-20T23:00:00Z,65
7007744171,2016-03-21T00:00:00Z,65
7007744171,2016-03-21T01:00:00Z,65
7007744171,2016-03-21T02:00:00Z,65
7007744171,2016-03-21T03:00:00Z,65
7007744171,2016-03-21T04:00:00Z,65
7007744171,2016-03-21T05:00:00Z,65
7007744171,2016-03-21T06:00:00Z,115
7007744171,2016-03-21T07:00:00Z,257
7007744171,2016-03-21T08:00:00Z,442
7007744171,2016-03-21T09:00:00Z,266
7007744171,2016-03-21T10:00:00Z,180
7007744171,2016-03-21T11:00:00Z,177
7007744171,2016-03-21T12:00:00Z,175
7007744171,2016-03-21T13:00:00Z,275
7007744171,2016-03-21T14:00:00Z,194
7007744171,2016-03-21T15:00:00Z,197
7007744171,2016-03-21T16:00:00Z,103
7007744171,2016-03-21T17:00:00Z,106
7007744171,2016-03-21T18:00:00Z,143
7007744171,2016-03-21T19:00:00Z,112
7007744171,2016-03-21T20:00:00Z,77
7007744171,2016-03-21T21:00:00Z,65
7007744171,2016-03-21T22:00:00Z,65
7007744171,2016-03-21T23:00:00Z,65
7007744171,2016-03-22T00:00:00Z,65
7007744171,2016-03-22T01:00:00Z,65
7007744171,2016-03-22T02:00:00Z,65
7007744171,2016-03-22T03:00:00Z,65
7007744171,2016-03-22T04:00:00Z,65
7007744171,2016-03-22T05:00:00Z,65
7007744171,2016-03-22T06:00:00Z,81
7007744171,2016-03-22T07:00:00Z,175
7007744171,2016-03-22T08:00:00Z,501
7007744171,2016-03-22T09:00:00Z,266
7007744171,2016-03-22T10:00:00Z,90
7007744171,2016-03-22T11:00:00Z,114
7007744171,2016-03-22T12:00:00Z,89
7007744171,2016-03-22T13:00:00Z,81
7007744171,2016-03-22T14:00:00Z,99
7007744171,2016-03-22T15:00:00Z,116
7007744171,2016-03-22T16:00:00Z,119
7007744171,2016-03-22T17:00:00Z,138
7007744171,2016-03-22T18:00:00Z,261
7007744171,2016-03-22T19:00:00Z,95
7007744171,2016-03-22T20:00:00Z,80
7007744171,2016-03-22T21:00:00Z,65
7007744171,2016-03-22T22:00:00Z,65
7007744171,2016-03-22T23:00:00Z,65
7007744171,2016-03-23T00:00:00Z,65
7007744171,2016-03-23T01:00:00Z,65
7007744171,2016-03-23T02:00:00Z,65
7007744171,2016-03-23T03:00:00Z,65
7007744171,2016-03-23T04:00:00Z,65
7007744171,2016-03-23T05:00:00Z,65
7007744171,2016-03-23T06:00:00Z,108
7007744171,2016-03-23T07:00:00Z,282
7007744171,2016-03-23T08:00:00Z,339
7007744171,2016-03-23T09:00:00Z,173
7007744171,2016-03-23T10:00:00Z,100
7007744171,2016-03-23T11:00:00Z,103
7007744171,2016-03-23T12:00:00Z,113
7007744171,2016-03-23T13:00:00Z,139
7007744171,2016-03-23T14:00:00Z,129
7007744171,2016-03-23T15:00:00Z,124
7007744171,2016-03-23T16:00:00Z,75
7007744171,2016-03-23T17:00:00Z,121
7007744171,2016-03-23T18:00:00Z,128
7007744171,2016-03-23T19:00:00Z,103
7007744171,2016-03-23T20:00:00Z,74
7007744171,2016-03-23T21:00:00Z,71
7007744171,2016-03-23T22:00:00Z,65
7007744171,2016-03-23T23:00:00Z,65
7007744171,2016-03-24T00:00:00Z,65
7007744171,2016-03-24T01:00:00Z,65
7007744171,2016-03-24T02:00:00Z,65
7007744171,2016-03-24T03:00:00Z,65
7007744171,2016-03-24T04:00:00Z,65
7007744171,2016-03-24T05:00:00Z,65
7007744171,2016-03-24T06:00:00Z,124
7007744171,2016-03-24T07:00:00Z,116
7007744171,2016-03-24T08:00:00Z,330
7007744171,2016-03-24T09:00:00Z,350
7007744171,2016-03-24T10:00:00Z,276
7007744171,2016-03-24T11:00:00Z,135
7007744171,2016-03-24T12:00:00Z,104
7007744171,2016-03-24T13:00:00Z,73
7007744171,2016-03-24T14:00:00Z,75
7007744171,2016-03-24T15:00:00Z,81
7007744171,2016-03-24T16:00:00Z,162
7007744171,2016-03-24T17:00:00Z,142
7007744171,2016-03-24T18:00:00Z,96
7007744171,2016-03-24T19:00:00Z,76
7007744171,2016-03-24T20:00:00Z,73
7007744171,2016-03-24T21:00:00Z,67
7007744171,2016-03-24T22:00:00Z,65
7007744171,2016-03-24T23:00:00Z,65
7007744171,2016-03-25T00:00:00Z,65
7007744171,2016-03-25T01:00:00Z,65
7007744171,2016-03-25T02:00:00Z,65
7007744171,2016-03-25T03:00:00Z,65
7007744171,2016-03-25T04:00:00Z,65
7007744171,2016-03-25T05:00:00Z,65
7007744171,2016-03-25T06:00:00Z,119
7007744171,2016-03-25T07:00:00Z,287
7007744171,2016-03-25T08:00:00Z,373
7007744171,2016-03-25T09:00:00Z,209
7007744171,2016-03-25T10:00:00Z,140
7007744171,2016-03-25T11:00:00Z,126
7007744171,2016-03-25T12:00:00Z,117
7007744171,2016-03-25T13:00:00Z,96
7007744171,2016-03-25T14:00:00Z,103
7007744171,2016-03-25T15:00:00Z,122
7007744171,2016-03-25T16:00:00Z,109
7007744171,2016-03-25T17:00:00Z,106
7007744171,2016-03-25T18:00:00Z,129
7007744171,2016-03-25T19:00:00Z,91
7007744171,2016-03-25T20:00:00Z,97
7007744171,2016-03-25T21:00:00Z,82
7007744171,2016-03-25T22:00:00Z,128
7007744171,2016-03-25T23:00:00Z,67
7007744171,2016-03-26T00:00:00Z,65
7007744171,2016-03-26T01:00:00Z,65
7007744171,2016-03-26T02:00:00Z,65
7007744171,2016-03-26T03:00:00Z,65
7007744171,2016-03-26T04:00:00Z,65
7007744171,2016-03-26T05:00:00Z,65
7007744171,2016-03-26T06:00:00Z,112
7007744171,2016-03-26T07:00:00Z,149
7007744171,2016-03-26T08:00:00Z,187
7007744171,2016-03-26T09:00:00Z,219
7007744171,2016-03-26T10:00:00Z,139
7007744171,2016-03-26T11:00:00Z,111
7007744171,2016-03-26T12:00:00Z,101
7007744171,2016-03-26T13:00:00Z,91
7007744171,2016-03-26T14:00:00Z,68
7007744171,2016-03-26T15:00:00Z,74
7007744171,2016-03-26T16:00:00Z,117
7007744171,2016-03-26T17:00:00Z,126
7007744171,2016-03-26T18:00:00Z,89
7007744171,2016-03-26T19:00:00Z,105
7007744171,2016-03-26T20:00:00Z,111
7007744171,2016-03-26T21:00:00Z,79
7007744171,2016-03-26T22:00:00Z,65
7007744171,2016-03-26T23:00:00Z,65
7007744171,2016-03-27T00:00:00Z,65
7007744171,2016-03-27T01:00:00Z,65
7007744171,2016-03-27T02:00:00Z,65
7007744171,2016-03-27T03:00:00Z,65
7007744171,2016-03-27T04:00:00Z,65
7007744171,2016-03-27T05:00:00Z,65
7007744171,2016-03-27T06:00:00Z,93
7007744171,2016-03-27T07:00:00Z,133
7007744171,2016-03-27T08:00:00Z,130
7007744171,2016-03-27T09:00:00Z,154
7007744171,2016-03-27T10:00:00Z,113
7007744171,2016-03-27T11:00:00Z,179
7007744171,2016-03-27T12:00:00Z,141
7007744171,2016-03-27T13:00:00Z,87
7007744171,2016-03-27T14:00:00Z,87
7007744171,2016-03-27T15:00:00Z,80
7007744171,2016-03-27T16:00:00Z,144
7007744171,2016-03-27T17:00:00Z,204
7007744171,2016-03-27T18:00:00Z,117
7007744171,2016-03-27T19:00:00Z,133
7007744171,2016-03-27T20:00:00Z,82
7007744171,2016-03-27T21:00:00Z,65
7007744171,2016-03-27T22:00:00Z,65
7007744171,2016-03-27T23:00:00Z,65
7007744171,2016-03-28T00:00:00Z,65
7007744171,2016-03-28T01:00:00Z,65
7007744171,2016-03-28T02:00:00Z,65
7007744171,2016-03-28T03:00:00Z,65
7007744171,2016-03-28T04:00:00Z,65
7007744171,2016-03-28T05:00:00Z,65
7007744171,2016-03-28T06:00:00Z,65
7007744171,2016-03-28T07:00:00Z,147
7007744171,2016-03-28T08:00:00Z,164
7007744171,2016-03-28T09:00:00Z,107
7007744171,2016-03-28T10:00:00Z,118
7007744171,2016-03-28T11:00:00Z,111
7007744171,2016-03-28T12:00:00Z,116
7007744171,2016-03-28T13:00:00Z,96
7007744171,2016-03-28T14:00:00Z,117
7007744171,2016-03-28T15:00:00Z,103
7007744171,2016-03-28T16:00:00Z,144
7007744171,2016-03-28T17:00:00Z,135
7007744171,2016-03-28T18:00:00Z,122
7007744171,2016-03-28T19:00:00Z,87
7007744171,2016-03-28T20:00:00Z,65
7007744171,2016-03-28T21:00:00Z,65
7007744171,2016-03-28T22:00:00Z,65
7007744171,2016-03-28T23:00:00Z,65
7007744171,2016-03-29T00:00:00Z,65
7007744171,2016-03-29T01:00:00Z,65
7007744171,2016-03-29T02:00:00Z,65
7007744171,2016-03-29T03:00:00Z,65
7007744171,2016-03-29T04:00:00Z,65
7007744171,2016-03-29T05:00:00Z,65
7007744171,2016-03-29T06:00:00Z,111
7007744171,2016-03-29T07:00:00Z,105
7007744171,2016-03-29T08:00:00Z,200
7007744171,2016-03-29T09:00:00Z,119
7007744171,2016-03-29T10:00:00Z,104
7007744171,2016-03-29T11:00:00Z,111
7007744171,2016-03-29T12:00:00Z,145
7007744171,2016-03-29T13:00:00Z,97
7007744171,2016-03-29T14:00:00Z,81
7007744171,2016-03-29T15:00:00Z,120
7007744171,2016-03-29T16:00:00Z,86
7007744171,2016-03-29T17:00:00Z,77
7007744171,2016-03-29T18:00:00Z,103
7007744171,2016-03-29T19:00:00Z,78
7007744171,2016-03-29T20:00:00Z,74
7007744171,2016-03-29T21:00:00Z,97
7007744171,2016-03-29T22:00:00Z,65
7007744171,2016-03-29T23:00:00Z,65
7007744171,2016-03-30T00:00:00Z,65
7007744171,2016-03-30T01:00:00Z,65
7007744171,2016-03-30T02:00:00Z,65
7007744171,2016-03-30T03:00:00Z,65
7007744171,2016-03-30T04:00:00Z,65
7007744171,2016-03-30T05:00:00Z,65
7007744171,2016-03-30T06:00:00Z,127
7007744171,2016-03-30T07:00:00Z,121
7007744171,2016-03-30T08:00:00Z,314
7007744171,2016-03-30T09:00:00Z,131
7007744171,2016-03-30T10:00:00Z,76
7007744171,2016-03-30T11:00:00Z,109
7007744171,2016-03-30T12:00:00Z,85
7007744171,2016-03-30T13:00:00Z,76
7007744171,2016-03-30T14:00:00Z,131
7007744171,2016-03-30T15:00:00Z,163
7007744171,2016-03-30T16:00:00Z,280
7007744171,2016-03-30T17:00:00Z,158
7007744171,2016-03-30T18:00:00Z,189
7007744171,2016-03-30T19:00:00Z,136
7007744171,2016-03-30T20:00:00Z,69
7007744171,2016-03-30T21:00:00Z,70
7007744171,2016-03-30T22:00:00Z,65
7007744171,2016-03-30T23:00:00Z,65
7007744171,2016-03-31T00:00:00Z,65
7007744171,2016-03-31T01:00:00Z,65
7007744171,2016-03-31T02:00:00Z,65
7007744171,2016-03-31T03:00:00Z,65
7007744171,2016-03-31T04:00:00Z,65
7007744171,2016-03-31T05:00:00Z,65
7007744171,2016-03-31T06:00:00Z,140
7007744171,2016-03-31T07:00:00Z,119
7007744171,2016-03-31T08:00:00Z,290
7007744171,2016-03-31T09:00:00Z,274
7007744171,2016-03-31T10:00:00Z,120
7007744171,2016-03-31T11:00:00Z,95
7007744171,2016-03-31T12:00:00Z,92
7007744171,2016-03-31T13:00:00Z,67
7007744171,2016-03-31T14:00:00Z,112
7007744171,2016-03-31T15:00:00Z,108
7007744171,2016-03-31T16:00:00Z,88
7007744171,2016-03-31T17:00:00Z,103
7007744171,2016-03-31T18:00:00Z,119
7007744171,2016-03-31T19:00:00Z,113
7007744171,2016-03-31T20:00:00Z,68
7007744171,2016-03-31T21:00:00Z,73
7007744171,2016-03-31T22:00:00Z,65
7007744171,2016-03-31T23:00:00Z,65
7007744171,2016-04-01T00:00:00Z,65
7007744171,2016-04-01T01:00:00Z,65
7007744171,2016-04-01T02:00:00Z,65
7007744171,2016-04-01T03:00:00Z,65
7007744171,2016-04-01T04:00:00Z,65
7007744171,2016-04-01T05:00:00Z,65
7007744171,2016-04-01T06:00:00Z,133
7007744171,2016-04-01T07:00:00Z,121
7007744171,2016-04-01T08:00:00Z,391
7007744171,2016-04-01T09:00:00Z,171
7007744171,2016-04-01T10:00:00Z,93
7007744171,2016-04-01T11:00:00Z,130
7007744171,2016-04-01T12:00:00Z,121
7007744171,2016-04-01T13:00:00Z,89
7007744171,2016-04-01T14:00:00Z,120
7007744171,2016-04-01T15:00:00Z,113
7007744171,2016-04-01T16:00:00Z,74
7007744171,2016-04-01T17:00:00Z,124
7007744171,2016-04-01T18:00:00Z,111
7007744171,2016-04-01T19:00:00Z,114
7007744171,2016-04-01T20:00:00Z,83
7007744171,2016-04-01T21:00:00Z,65
7007744171,2016-04-01T22:00:00Z,65
7007744171,2016-04-01T23:00:00Z,65
7007744171,2016-04-02T00:00:00Z,65
7007744171,2016-04-02T01:00:00Z,65
7007744171,2016-04-02T02:00:00Z,65
7007744171,2016-04-02T03:00:00Z,65
7007744171,2016-04-02T04:00:00Z,65
7007744171,2016-04-02T05:00:00Z,65
7007744171,2016-04-02T06:00:00Z,65
7007744171,2016-04-02T07:00:00Z,178
7007744171,2016-04-02T08:00:00Z,74
7007744171,2016-04-02T09:00:00Z,156
7007744171,2016-04-02T10:00:00Z,303
7007744171,2016-04-02T11:00:00Z,236
7007744171,2016-04-02T12:00:00Z,159
7007744171,2016-04-02T13:00:00Z,122
7007744171,2016-04-02T14:00:00Z,123
7007744171,2016-04-02T15:00:00Z,76
7007744171,2016-04-02T16:00:00Z,67
7007744171,2016-04-02T17:00:00Z,94
7007744171,2016-04-02T18:00:00Z,123
7007744171,2016-04-02T19:00:00Z,131
7007744171,2016-04-02T20:00:00Z,76
7007744171,2016-04-02T21:00:00Z,72
7007744171,2016-04-02T22:00:00Z,65
7007744171,2016-04-02T23:00:00Z,65
7007744171,2016-04-03T00:00:00Z,65
7007744171,2016-04-03T01:00:00Z,65
7007744171,2016-04-03T02:00:00Z,65
7007744171,2016-04-03T03:00:00Z,65
7007744171,2016-04-03T04:00:00Z,65
7007744171,2016-04-03T05:00:00Z,65
7007744171,2016-04-03T06:00:00Z,121
7007744171,2016-04-03T07:00:00Z,275
7007744171,2016-04-03T08:00:00Z,389
7007744171,2016-04-03T09:00:00Z,467
7007744171,2016-04-03T10:00:00Z,133
7007744171,2016-04-03T11:00:00Z,123
7007744171,2016-04-03T12:00:00Z,94
7007744171,2016-04-03T13:00:00Z,65
7007744171,2016-04-03T14:00:00Z,72
7007744171,2016-04-03T15:00:00Z,88
7007744171,2016-04-03T16:00:00Z,207
7007744171,2016-04-03T17:00:00Z,149
7007744171,2016-04-03T18:00:00Z,152
7007744171,2016-04-03T19:00:00Z,93
7007744171,2016-04-03T20:00:00Z,75
7007744171,2016-04-03T21:00:00Z,65
7007744171,2016-04-03T22:00:00Z,65
7007744171,2016-04-03T23:00:00Z,65
7007744171,2016-04-04T00:00:00Z,65
7007744171,2016-04-04T01:00:00Z,65
7007744171,2016-04-04T02:00:00Z,65
7007744171,2016-04-04T03:00:00Z,65
7007744171,2016-04-04T04:00:00Z,65
7007744171,2016-04-04T05:00:00Z,65
7007744171,2016-04-04T06:00:00Z,100
7007744171,2016-04-04T07:00:00Z,111
7007744171,2016-04-04T08:00:00Z,401
7007744171,2016-04-04T09:00:00Z,280
7007744171,2016-04-04T10:00:00Z,244
7007744171,2016-04-04T11:00:00Z,159
7007744171,2016-04-04T12:00:00Z,116
7007744171,2016-04-04T13:00:00Z,78
7007744171,2016-04-04T14:00:00Z,92
7007744171,2016-04-04T15:00:00Z,204
7007744171,2016-04-04T16:00:00Z,114
7007744171,2016-04-04T17:00:00Z,103
7007744171,2016-04-04T18:00:00Z,98
7007744171,2016-04-04T19:00:00Z,104
7007744171,2016-04-04T20:00:00Z,75
7007744171,2016-04-04T21:00:00Z,87
7007744171,2016-04-04T22:00:00Z,65
7007744171,2016-04-04T23:00:00Z,65
7007744171,2016-04-05T00:00:00Z,65
7007744171,2016-04-05T01:00:00Z,65
7007744171,2016-04-05T02:00:00Z,65
7007744171,2016-04-05T03:00:00Z,65
7007744171,2016-04-05T04:00:00Z,65
7007744171,2016-04-05T05:00:00Z,65
7007744171,2016-04-05T06:00:00Z,155
7007744171,2016-04-05T07:00:00Z,328
7007744171,2016-04-05T08:00:00Z,320
7007744171,2016-04-05T09:00:00Z,189
7007744171,2016-04-05T10:00:00Z,118
7007744171,2016-04-05T11:00:00Z,113
7007744171,2016-04-05T12:00:00Z,90
7007744171,2016-04-05T13:00:00Z,65
7007744171,2016-04-05T14:00:00Z,106
7007744171,2016-04-05T15:00:00Z,115
7007744171,2016-04-05T16:00:00Z,125
7007744171,2016-04-05T17:00:00Z,121
7007744171,2016-04-05T18:00:00Z,80
7007744171,2016-04-05T19:00:00Z,75
7007744171,2016-04-05T20:00:00Z,88
7007744171,2016-04-05T21:00:00Z,69
7007744171,2016-04-05T22:00:00Z,65
7007744171,2016-04-05T23:00:00Z,65
7007744171,2016-04-06T00:00:00Z,65
7007744171,2016-04-06T01:00:00Z,65
7007744171,2016-04-06T02:00:00Z,65
7007744171,2016-04-06T03:00:00Z,65
7007744171,2016-04-06T04:00:00Z,65
7007744171,2016-04-06T05:00:00Z,65
7007744171,2016-04-06T06:00:00Z,142
7007744171,2016-04-06T07:00:00Z,127
7007744171,2016-04-06T08:00:00Z,380
7007744171,2016-04-06T09:00:00Z,244
7007744171,2016-04-06T10:00:00Z,90
7007744171,2016-04-06T11:00:00Z,113
7007744171,2016-04-06T12:00:00Z,131
7007744171,2016-04-06T13:00:00Z,119
7007744171,2016-04-06T14:00:00Z,89
7007744171,2016-04-06T15:00:00Z,119
7007744171,2016-04-06T16:00:00Z,117
7007744171,2016-04-06T17:00:00Z,240
7007744171,2016-04-06T18:00:00Z,120
7007744171,2016-04-06T19:00:00Z,125
7007744171,2016-04-06T20:00:00Z,67
7007744171,2016-04-06T21:00:00Z,69
7007744171,2016-04-06T22:00:00Z,65
7007744171,2016-04-06T23:00:00Z,65
7007744171,2016-04-07T00:00:00Z,65
7007744171,2016-04-07T01:00:00Z,65
7007744171,2016-04-07T02:00:00Z,65
7007744171,2016-04-07T03:00:00Z,65
7007744171,2016-04-07T04:00:00Z,65
7007744171,2016-04-07T05:00:00Z,65
7007744171,2016-04-07T06:00:00Z,137
7007744171,2016-04-07T07:00:00Z,112
7007744171,2016-04-07T08:00:00Z,325
7007744171,2016-04-07T09:00:00Z,325
7007744171,2016-04-07T10:00:00Z,294
7007744171,2016-04-07T11:00:00Z,145
7007744171,2016-04-07T12:00:00Z,71
7007744171,2016-04-07T13:00:00Z,99
7007744171,2016-04-07T14:00:00Z,142
7007744171,2016-04-07T15:00:00Z,156
7007744171,2016-04-07T16:00:00Z,90
7007744171,2016-04-07T17:00:00Z,104
7007744171,2016-04-07T18:00:00Z,96
7007744171,2016-04-07T19:00:00Z,86
7007744171,2016-04-07T20:00:00Z,72
7007744171,2016-04-07T21:00:00Z,67
7007744171,2016-04-07T22:00:00Z,65
7007744171,2016-04-07T23:00:00Z,65
7007744171,2016-04-08T00:00:00Z,65
7007744171,2016-04-08T01:00:00Z,65
7007744171,2016-04-08T02:00:00Z,65
7007744171,2016-04-08T03:00:00Z,65
7007744171,2016-04-08T04:00:00Z,65
7007744171,2016-04-08T05:00:00Z,65
7007744171,2016-04-08T06:00:00Z,138
7007744171,2016-04-08T07:00:00Z,128
7007744171,2016-04-08T08:00:00Z,415
7007744171,2016-04-08T09:00:00Z,201
7007744171,2016-04-08T10:00:00Z,109
7007744171,2016-04-08T11:00:00Z,115
7007744171,2016-04-08T12:00:00Z,116
7007744171,2016-04-08T13:00:00Z,71
7007744171,2016-04-08T14:00:00Z,68
7007744171,2016-04-08T15:00:00Z,116
7007744171,2016-04-08T16:00:00Z,185
7007744171,2016-04-08T17:00:00Z,105
7007744171,2016-04-08T18:00:00Z,199
7007744171,2016-04-08T19:00:00Z,190
7007744171,2016-04-08T20:00:00Z,133
7007744171,2016-04-08T21:00:00Z,65
7007744171,2016-04-08T22:00:00Z,65
7007744171,2016-04-08T23:00:00Z,65
7007744171,2016-04-09T00:00:00Z,65
7007744171,2016-04-09T01:00:00Z,65
7007744171,2016-04-09T02:00:00Z,65
7007744171,2016-04-09T03:00:00Z,65
7007744171,2016-04-09T04:00:00Z,65
7007744171,2016-04-09T05:00:00Z,65
7007744171,2016-04-09T06:00:00Z,101
7007744171,2016-04-09T07:00:00Z,167
7007744171,2016-04-09T08:00:00Z,150
7007744171,2016-04-09T09:00:00Z,209
7007744171,2016-04-09T10:00:00Z,220
7007744171,2016-04-09T11:00:00Z,117
7007744171,2016-04-09T12:00:00Z,134
7007744171,2016-04-09T13:00:00Z,89
7007744171,2016-04-09T14:00:00Z,162
7007744171,2016-04-09T15:00:00Z,169
7007744171,2016-04-09T16:00:00Z,171
7007744171,2016-04-09T17:00:00Z,99
7007744171,2016-04-09T18:00:00Z,95
7007744171,2016-04-09T19:00:00Z,83
7007744171,2016-04-09T20:00:00Z,65
7007744171,2016-04-09T21:00:00Z,65
7007744171,2016-04-09T22:00:00Z,65
7007744171,2016-04-09T23:00:00Z,65
7007744171,2016-04-10T00:00:00Z,65
7007744171,2016-04-10T01:00:00Z,65
7007744171,2016-04-10T02:00:00Z,65
7007744171,2016-04-10T03:00:00Z,65
7007744171,2016-04-10T04:00:00Z,65
7007744171,2016-04-10T05:00:00Z,65
7007744171,2016-04-10T06:00:00Z,77
7007744171,2016-04-10T07:00:00Z,153
7007744171,2016-04-10T08:00:00Z,165
7007744171,2016-04-10T09:00:00Z,155
7007744171,2016-04-10T10:00:00Z,205
7007744171,2016-04-10T11:00:00Z,175
7007744171,2016-04-10T12:00:00Z,237
7007744171,2016-04-10T13:00:00Z,161
7007744171,2016-04-10T14:00:00Z,126
7007744171,2016-04-10T15:00:00Z,103
7007744171,2016-04-10T16:00:00Z,144
7007744171,2016-04-10T17:00:00Z,120
7007744171,2016-04-10T18:00:00Z,94
7007744171,2016-04-10T19:00:00Z,113
7007744171,2016-04-10T20:00:00Z,90
7007744171,2016-04-10T21:00:00Z,65
7007744171,2016-04-10T22:00:00Z,65
7007744171,2016-04-10T23:00:00Z,65
7007744171,2016-04-11T00:00:00Z,65
7007744171,2016-04-11T01:00:00Z,65
7007744171,2016-04-11T02:00:00Z,65
7007744171,2016-04-11T03:00:00Z,65
7007744171,2016-04-11T04:00:00Z,65
7007744171,2016-04-11T05:00:00Z,65
7007744171,2016-04-11T06:00:00Z,162
7007744171,2016-04-11T07:00:00Z,174
7007744171,2016-04-11T08:00:00Z,134
7007744171,2016-04-11T09:00:00Z,130
7007744171,2016-04-11T10:00:00Z,156
7007744171,2016-04-11T11:00:00Z,246
7007744171,2016-04-11T12:00:00Z,198
7007744171,2016-04-11T13:00:00Z,123
7007744171,2016-04-11T14:00:00Z,112
7007744171,2016-04-11T15:00:00Z,93
7007744171,2016-04-11T16:00:00Z,115
7007744171,2016-04-11T17:00:00Z,156
7007744171,2016-04-11T18:00:00Z,240
7007744171,2016-04-11T19:00:00Z,152
7007744171,2016-04-11T20:00:00Z,84
7007744171,2016-04-11T21:00:00Z,75
7007744171,2016-04-11T22:00:00Z,65
7007744171,2016-04-11T23:00:00Z,65
7007744171,2016-04-12T00:00:00Z,65
7007744171,2016-04-12T01:00:00Z,65
7007744171,2016-04-12T02:00:00Z,65
7007744171,2016-04-12T03:00:00Z,65
7007744171,2016-04-12T04:00:00Z,65
7007744171,2016-04-12T05:00:00Z,65
7007744171,2016-04-12T06:00:00Z,154
7007744171,2016-04-12T07:00:00Z,292
7086361926,2016-03-12T00:00:00Z,70
7086361926,2016-03-12T01:00:00Z,73
7086361926,2016-03-12T02:00:00Z,106
7086361926,2016-03-12T03:00:00Z,72
7086361926,2016-03-12T04:00:00Z,68
7086361926,2016-03-12T05:00:00Z,68
7086361926,2016-03-12T06:00:00Z,68
7086361926,2016-03-12T07:00:00Z,69
7086361926,2016-03-12T08:00:00Z,68
7086361926,2016-03-12T09:00:00Z,68
7086361926,2016-03-12T10:00:00Z,68
7086361926,2016-03-12T11:00:00Z,68
7086361926,2016-03-12T12:00:00Z,115
7086361926,2016-03-12T13:00:00Z,84
7086361926,2016-03-12T14:00:00Z,104
7086361926,2016-03-12T15:00:00Z,126
7086361926,2016-03-12T16:00:00Z,120
7086361926,2016-03-12T17:00:00Z,92
7086361926,2016-03-12T18:00:00Z,85
7086361926,2016-03-12T19:00:00Z,142
7086361926,2016-03-12T20:00:00Z,123
7086361926,2016-03-12T21:00:00Z,136
7086361926,2016-03-12T22:00:00Z,95
7086361926,2016-03-12T23:00:00Z,69
7086361926,2016-03-13T00:00:00Z,73
7086361926,2016-03-13T01:00:00Z,69
7086361926,2016-03-13T02:00:00Z,68
7086361926,2016-03-13T03:00:00Z,70
7086361926,2016-03-13T04:00:00Z,68
7086361926,2016-03-13T05:00:00Z,68
7086361926,2016-03-13T06:00:00Z,68
7086361926,2016-03-13T07:00:00Z,68
7086361926,2016-03-13T08:00:00Z,68
7086361926,2016-03-13T09:00:00Z,68
7086361926,2016-03-13T10:00:00Z,68
7086361926,2016-03-13T11:00:00Z,68
7086361926,2016-03-13T12:00:00Z,68
7086361926,2016-03-13T13:00:00Z,68
7086361926,2016-03-13T14:00:00Z,144
7086361926,2016-03-13T15:00:00Z,131
7086361926,2016-03-13T16:00:00Z,99
7086361926,2016-03-13T17:00:00Z,102
7086361926,2016-03-13T18:00:00Z,69
7086361926,2016-03-13T19:00:00Z,68
7086361926,2016-03-13T20:00:00Z,68
7086361926,2016-03-13T21:00:00Z,72
7086361926,2016-03-13T22:00:00Z,76
7086361926,2016-03-13T23:00:00Z,72
7086361926,2016-03-14T00:00:00Z,71
7086361926,2016-03-14T01:00:00Z,68
7086361926,2016-03-14T02:00:00Z,71
7086361926,2016-03-14T03:00:00Z,68
7086361926,2016-03-14T04:00:00Z,68
7086361926,2016-03-14T05:00:00Z,68
7086361926,2016-03-14T06:00:00Z,73
7086361926,2016-03-14T07:00:00Z,129
7086361926,2016-03-14T08:00:00Z,79
7086361926,2016-03-14T09:00:00Z,79
7086361926,2016-03-14T10:00:00Z,106
7086361926,2016-03-14T11:00:00Z,92
7086361926,2016-03-14T12:00:00Z,83
7086361926,2016-03-14T13:00:00Z,142
7086361926,2016-03-14T14:00:00Z,77
7086361926,2016-03-14T15:00:00Z,76
7086361926,2016-03-14T16:00:00Z,128
7086361926,2016-03-14T17:00:00Z,404
7086361926,2016-03-14T18:00:00Z,259
7086361926,2016-03-14T19:00:00Z,83
7086361926,2016-03-14T20:00:00Z,77
7086361926,2016-03-14T21:00:00Z,81
7086361926,2016-03-14T22:00:00Z,69
7086361926,2016-03-14T23:00:00Z,71
7086361926,2016-03-15T00:00:00Z,68
7086361926,2016-03-15T01:00:00Z,68
7086361926,2016-03-15T02:00:00Z,68
7086361926,2016-03-15T03:00:00Z,68
7086361926,2016-03-15T04:00:00Z,68
7086361926,2016-03-15T05:00:00Z,68
7086361926,2016-03-15T06:00:00Z,82
7086361926,2016-03-15T07:00:00Z,174
7086361926,2016-03-15T08:00:00Z,75
7086361926,2016-03-15T09:00:00Z,73
7086361926,2016-03-15T10:00:00Z,80
7086361926,2016-03-15T11:00:00Z,81
7086361926,2016-03-15T12:00:00Z,104
7086361926,2016-03-15T13:00:00Z,197
7086361926,2016-03-15T14:00:00Z,85
7086361926,2016-03-15T15:00:00Z,114
7086361926,2016-03-15T16:00:00Z,163
7086361926,2016-03-15T17:00:00Z,394
7086361926,2016-03-15T18:00:00Z,360
7086361926,2016-03-15T19:00:00Z,111
7086361926,2016-03-15T20:00:00Z,178
7086361926,2016-03-15T21:00:00Z,123
7086361926,2016-03-15T22:00:00Z,74
7086361926,2016-03-15T23:00:00Z,103
7086361926,2016-03-16T00:00:00Z,88
7086361926,2016-03-16T01:00:00Z,68
7086361926,2016-03-16T02:00:00Z,68
7086361926,2016-03-16T03:00:00Z,68
7086361926,2016-03-16T04:00:00Z,68
7086361926,2016-03-16T05:00:00Z,68
7086361926,2016-03-16T06:00:00Z,74
7086361926,2016-03-16T07:00:00Z,131
7086361926,2016-03-16T08:00:00Z,90
7086361926,2016-03-16T09:00:00Z,75
7086361926,2016-03-16T10:00:00Z,81
7086361926,2016-03-16T11:00:00Z,72
7086361926,2016-03-16T12:00:00Z,116
7086361926,2016-03-16T13:00:00Z,310
7086361926,2016-03-16T14:00:00Z,77
7086361926,2016-03-16T15:00:00Z,79
7086361926,2016-03-16T16:00:00Z,125
7086361926,2016-03-16T17:00:00Z,129
7086361926,2016-03-16T18:00:00Z,141
7086361926,2016-03-16T19:00:00Z,131
7086361926,2016-03-16T20:00:00Z,109
7086361926,2016-03-16T21:00:00Z,115
7086361926,2016-03-16T22:00:00Z,86
7086361926,2016-03-16T23:00:00Z,70
7086361926,2016-03-17T00:00:00Z,69
7086361926,2016-03-17T01:00:00Z,69
7086361926,2016-03-17T02:00:00Z,68
7086361926,2016-03-17T03:00:00Z,68
7086361926,2016-03-17T04:00:00Z,69
7086361926,2016-03-17T05:00:00Z,68
7086361926,2016-03-17T06:00:00Z,72
7086361926,2016-03-17T07:00:00Z,116
7086361926,2016-03-17T08:00:00Z,87
7086361926,2016-03-17T09:00:00Z,74
7086361926,2016-03-17T10:00:00Z,77
7086361926,2016-03-17T11:00:00Z,102
7086361926,2016-03-17T12:00:00Z,110
7086361926,2016-03-17T13:00:00Z,304
7086361926,2016-03-17T14:00:00Z,71
7086361926,2016-03-17T15:00:00Z,94
7086361926,2016-03-17T16:00:00Z,120
7086361926,2016-03-17T17:00:00Z,111
7086361926,2016-03-17T18:00:00Z,99
7086361926,2016-03-17T19:00:00Z,90
7086361926,2016-03-17T20:00:00Z,99
7086361926,2016-03-17T21:00:00Z,69
7086361926,2016-03-17T22:00:00Z,84
7086361926,2016-03-17T23:00:00Z,85
7086361926,2016-03-18T00:00:00Z,93
7086361926,2016-03-18T01:00:00Z,80
7086361926,2016-03-18T02:00:00Z,68
7086361926,2016-03-18T03:00:00Z,68
7086361926,2016-03-18T04:00:00Z,68
7086361926,2016-03-18T05:00:00Z,68
7086361926,2016-03-18T06:00:00Z,68
7086361926,2016-03-18T07:00:00Z,96
7086361926,2016-03-18T08:00:00Z,112
7086361926,2016-03-18T09:00:00Z,85
7086361926,2016-03-18T10:00:00Z,74
7086361926,2016-03-18T11:00:00Z,86
7086361926,2016-03-18T12:00:00Z,86
7086361926,2016-03-18T13:00:00Z,240
7086361926,2016-03-18T14:00:00Z,77
7086361926,2016-03-18T15:00:00Z,77
7086361926,2016-03-18T16:00:00Z,111
7086361926,2016-03-18T17:00:00Z,152
7086361926,2016-03-18T18:00:00Z,111
7086361926,2016-03-18T19:00:00Z,105
7086361926,2016-03-18T20:00:00Z,134
7086361926,2016-03-18T21:00:00Z,183
7086361926,2016-03-18T22:00:00Z,77
7086361926,2016-03-18T23:00:00Z,69
7086361926,2016-03-19T00:00:00Z,71
7086361926,2016-03-19T01:00:00Z,70
7086361926,2016-03-19T02:00:00Z,89
7086361926,2016-03-19T03:00:00Z,84
7086361926,2016-03-19T04:00:00Z,68
7086361926,2016-03-19T05:00:00Z,68
7086361926,2016-03-19T06:00:00Z,84
7086361926,2016-03-19T07:00:00Z,69
7086361926,2016-03-19T08:00:00Z,75
7086361926,2016-03-19T09:00:00Z,193
7086361926,2016-03-19T10:00:00Z,112
7086361926,2016-03-19T11:00:00Z,107
7086361926,2016-03-19T12:00:00Z,177
7086361926,2016-03-19T13:00:00Z,178
7086361926,2016-03-19T14:00:00Z,76
7086361926,2016-03-19T15:00:00Z,78
7086361926,2016-03-19T16:00:00Z,164
7086361926,2016-03-19T17:00:00Z,141
7086361926,2016-03-19T18:00:00Z,163
7086361926,2016-03-19T19:00:00Z,161
7086361926,2016-03-19T20:00:00Z,108
7086361926,2016-03-19T21:00:00Z,103
7086361926,2016-03-19T22:00:00Z,145
7086361926,2016-03-19T23:00:00Z,101
7086361926,2016-03-20T00:00:00Z,140
7086361926,2016-03-20T01:00:00Z,68
7086361926,2016-03-20T02:00:00Z,73
7086361926,2016-03-20T03:00:00Z,69
7086361926,2016-03-20T04:00:00Z,70
7086361926,2016-03-20T05:00:00Z,68
7086361926,2016-03-20T06:00:00Z,68
7086361926,2016-03-20T07:00:00Z,70
7086361926,2016-03-20T08:00:00Z,110
7086361926,2016-03-20T09:00:00Z,101
7086361926,2016-03-20T10:00:00Z,68
7086361926,2016-03-20T11:00:00Z,68
7086361926,2016-03-20T12:00:00Z,68
7086361926,2016-03-20T13:00:00Z,68
7086361926,2016-03-20T14:00:00Z,68
7086361926,2016-03-20T15:00:00Z,68
7086361926,2016-03-20T16:00:00Z,68
7086361926,2016-03-20T17:00:00Z,68
7086361926,2016-03-20T18:00:00Z,68
7086361926,2016-03-20T19:00:00Z,88
7086361926,2016-03-20T20:00:00Z,99
7086361926,2016-03-20T21:00:00Z,108
7086361926,2016-03-20T22:00:00Z,173
7086361926,2016-03-20T23:00:00Z,98
7086361926,2016-03-21T00:00:00Z,147
7086361926,2016-03-21T01:00:00Z,68
7086361926,2016-03-21T02:00:00Z,68
7086361926,2016-03-21T03:00:00Z,68
7086361926,2016-03-21T04:00:00Z,70
7086361926,2016-03-21T05:00:00Z,68
7086361926,2016-03-21T06:00:00Z,70
7086361926,2016-03-21T07:00:00Z,68
7086361926,2016-03-21T08:00:00Z,69
7086361926,2016-03-21T09:00:00Z,69
7086361926,2016-03-21T10:00:00Z,107
7086361926,2016-03-21T11:00:00Z,158
7086361926,2016-03-21T12:00:00Z,92
7086361926,2016-03-21T13:00:00Z,118
7086361926,2016-03-21T14:00:00Z,100
7086361926,2016-03-21T15:00:00Z,68
7086361926,2016-03-21T16:00:00Z,68
7086361926,2016-03-21T17:00:00Z,68
7086361926,2016-03-21T18:00:00Z,136
7086361926,2016-03-21T19:00:00Z,187
7086361926,2016-03-21T20:00:00Z,134
7086361926,2016-03-21T21:00:00Z,92
7086361926,2016-03-21T22:00:00Z,183
7086361926,2016-03-21T23:00:00Z,107
7086361926,2016-03-22T00:00:00Z,107
7086361926,2016-03-22T01:00:00Z,68
7086361926,2016-03-22T02:00:00Z,68
7086361926,2016-03-22T03:00:00Z,68
7086361926,2016-03-22T04:00:00Z,68
7086361926,2016-03-22T05:00:00Z,68
7086361926,2016-03-22T06:00:00Z,70
7086361926,2016-03-22T07:00:00Z,68
7086361926,2016-03-22T08:00:00Z,68
7086361926,2016-03-22T09:00:00Z,68
7086361926,2016-03-22T10:00:00Z,68
7086361926,2016-03-22T11:00:00Z,68
7086361926,2016-03-22T12:00:00Z,68
7086361926,2016-03-22T13:00:00Z,68
7086361926,2016-03-22T14:00:00Z,68
7086361926,2016-03-22T15:00:00Z,68
7086361926,2016-03-22T16:00:00Z,68
7086361926,2016-03-22T17:00:00Z,69
7086361926,2016-03-22T18:00:00Z,68
7086361926,2016-03-22T19:00:00Z,68
7086361926,2016-03-22T20:00:00Z,117
7086361926,2016-03-22T21:00:00Z,101
7086361926,2016-03-22T22:00:00Z,140
7086361926,2016-03-22T23:00:00Z,143
7086361926,2016-03-23T00:00:00Z,140
7086361926,2016-03-23T01:00:00Z,79
7086361926,2016-03-23T02:00:00Z,82
7086361926,2016-03-23T03:00:00Z,80
7086361926,2016-03-23T04:00:00Z,80
7086361926,2016-03-23T05:00:00Z,79
7086361926,2016-03-23T06:00:00Z,73
7086361926,2016-03-23T07:00:00Z,81
7086361926,2016-03-23T08:00:00Z,89
7086361926,2016-03-23T09:00:00Z,68
7086361926,2016-03-23T10:00:00Z,68
7086361926,2016-03-23T11:00:00Z,68
7086361926,2016-03-23T12:00:00Z,68
7086361926,2016-03-23T13:00:00Z,68
7086361926,2016-03-23T14:00:00Z,68
7086361926,2016-03-23T15:00:00Z,103
7086361926,2016-03-23T16:00:00Z,125
7086361926,2016-03-23T17:00:00Z,70
7086361926,2016-03-23T18:00:00Z,68
7086361926,2016-03-23T19:00:00Z,68
7086361926,2016-03-23T20:00:00Z,68
7086361926,2016-03-23T21:00:00Z,68
7086361926,2016-03-23T22:00:00Z,68
7086361926,2016-03-23T23:00:00Z,68
7086361926,2016-03-24T00:00:00Z,68
7086361926,2016-03-24T01:00:00Z,68
7086361926,2016-03-24T02:00:00Z,68
7086361926,2016-03-24T03:00:00Z,68
7086361926,2016-03-24T04:00:00Z,68
7086361926,2016-03-24T05:00:00Z,68
7086361926,2016-03-24T06:00:00Z,70
7086361926,2016-03-24T07:00:00Z,68
7086361926,2016-03-24T08:00:00Z,68
7086361926,2016-03-24T09:00:00Z,127
7086361926,2016-03-24T10:00:00Z,119
7086361926,2016-03-24T11:00:00Z,188
7086361926,2016-03-24T12:00:00Z,107
7086361926,2016-03-24T13:00:00Z,212
7086361926,2016-03-24T14:00:00Z,361
7086361926,2016-03-24T15:00:00Z,269
7086361926,2016-03-24T16:00:00Z,254
7086361926,2016-03-24T17:00:00Z,84
7086361926,2016-03-24T18:00:00Z,133
7086361926,2016-03-24T19:00:00Z,83
7086361926,2016-03-24T20:00:00Z,113
7086361926,2016-03-24T21:00:00Z,112
7086361926,2016-03-24T22:00:00Z,120
7086361926,2016-03-24T23:00:00Z,94
7086361926,2016-03-25T00:00:00Z,324
7086361926,2016-03-25T01:00:00Z,148
7086361926,2016-03-25T02:00:00Z,78
7086361926,2016-03-25T03:00:00Z,82
7086361926,2016-03-25T04:00:00Z,81
7086361926,2016-03-25T05:00:00Z,80
7086361926,2016-03-25T06:00:00Z,75
7086361926,2016-03-25T07:00:00Z,78
7086361926,2016-03-25T08:00:00Z,75
7086361926,2016-03-25T09:00:00Z,70
7086361926,2016-03-25T10:00:00Z,69
7086361926,2016-03-25T11:00:00Z,74
7086361926,2016-03-25T12:00:00Z,68
7086361926,2016-03-25T13:00:00Z,68
7086361926,2016-03-25T14:00:00Z,68
7086361926,2016-03-25T15:00:00Z,68
7086361926,2016-03-25T16:00:00Z,68
7086361926,2016-03-25T17:00:00Z,68
7086361926,2016-03-25T18:00:00Z,82
7086361926,2016-03-25T19:00:00Z,103
7086361926,2016-03-25T20:00:00Z,103
7086361926,2016-03-25T21:00:00Z,104
7086361926,2016-03-25T22:00:00Z,106
7086361926,2016-03-25T23:00:00Z,119
7086361926,2016-03-26T00:00:00Z,268
7086361926,2016-03-26T01:00:00Z,144
7086361926,2016-03-26T02:00:00Z,79
7086361926,2016-03-26T03:00:00Z,81
7086361926,2016-03-26T04:00:00Z,82
7086361926,2016-03-26T05:00:00Z,81
7086361926,2016-03-26T06:00:00Z,82
7086361926,2016-03-26T07:00:00Z,82
7086361926,2016-03-26T08:00:00Z,117
7086361926,2016-03-26T09:00:00Z,180
7086361926,2016-03-26T10:00:00Z,137
7086361926,2016-03-26T11:00:00Z,94
7086361926,2016-03-26T12:00:00Z,189
7086361926,2016-03-26T13:00:00Z,110
7086361926,2016-03-26T14:00:00Z,165
7086361926,2016-03-26T15:00:00Z,230
7086361926,2016-03-26T16:00:00Z,188
7086361926,2016-03-26T17:00:00Z,151
7086361926,2016-03-26T18:00:00Z,165
7086361926,2016-03-26T19:00:00Z,90
7086361926,2016-03-26T20:00:00Z,93
7086361926,2016-03-26T21:00:00Z,86
7086361926,2016-03-26T22:00:00Z,84
7086361926,2016-03-26T23:00:00Z,74
7086361926,2016-03-27T00:00:00Z,70
7086361926,2016-03-27T01:00:00Z,68
7086361926,2016-03-27T02:00:00Z,68
7086361926,2016-03-27T03:00:00Z,68
7086361926,2016-03-27T04:00:00Z,68
7086361926,2016-03-27T05:00:00Z,68
7086361926,2016-03-27T06:00:00Z,104
7086361926,2016-03-27T07:00:00Z,240
7086361926,2016-03-27T08:00:00Z,93
7086361926,2016-03-27T09:00:00Z,87
7086361926,2016-03-27T10:00:00Z,138
7086361926,2016-03-27T11:00:00Z,132
7086361926,2016-03-27T12:00:00Z,111
7086361926,2016-03-27T13:00:00Z,112
7086361926,2016-03-27T14:00:00Z,115
7086361926,2016-03-27T15:00:00Z,102
7086361926,2016-03-27T16:00:00Z,93
7086361926,2016-03-27T17:00:00Z,68
7086361926,2016-03-27T18:00:00Z,68
7086361926,2016-03-27T19:00:00Z,108
7086361926,2016-03-27T20:00:00Z,167
7086361926,2016-03-27T21:00:00Z,73
7086361926,2016-03-27T22:00:00Z,68
7086361926,2016-03-27T23:00:00Z,68
7086361926,2016-03-28T00:00:00Z,68
7086361926,2016-03-28T01:00:00Z,68
7086361926,2016-03-28T02:00:00Z,68
7086361926,2016-03-28T03:00:00Z,68
7086361926,2016-03-28T04:00:00Z,68
7086361926,2016-03-28T05:00:00Z,68
7086361926,2016-03-28T06:00:00Z,68
7086361926,2016-03-28T07:00:00Z,68
7086361926,2016-03-28T08:00:00Z,68
7086361926,2016-03-28T09:00:00Z,68
7086361926,2016-03-28T10:00:00Z,96
7086361926,2016-03-28T11:00:00Z,177
7086361926,2016-03-28T12:00:00Z,89
7086361926,2016-03-28T13:00:00Z,102
7086361926,2016-03-28T14:00:00Z,82
7086361926,2016-03-28T15:00:00Z,84
7086361926,2016-03-28T16:00:00Z,172
7086361926,2016-03-28T17:00:00Z,164
7086361926,2016-03-28T18:00:00Z,104
7086361926,2016-03-28T19:00:00Z,84
7086361926,2016-03-28T20:00:00Z,80
7086361926,2016-03-28T21:00:00Z,81
7086361926,2016-03-28T22:00:00Z,76
7086361926,2016-03-28T23:00:00Z,78
7086361926,2016-03-29T00:00:00Z,69
7086361926,2016-03-29T01:00:00Z,68
7086361926,2016-03-29T02:00:00Z,68
7086361926,2016-03-29T03:00:00Z,68
7086361926,2016-03-29T04:00:00Z,73
7086361926,2016-03-29T05:00:00Z,71
7086361926,2016-03-29T06:00:00Z,87
7086361926,2016-03-29T07:00:00Z,146
7086361926,2016-03-29T08:00:00Z,137
7086361926,2016-03-29T09:00:00Z,132
7086361926,2016-03-29T10:00:00Z,85
7086361926,2016-03-29T11:00:00Z,76
7086361926,2016-03-29T12:00:00Z,96
7086361926,2016-03-29T13:00:00Z,165
7086361926,2016-03-29T14:00:00Z,82
7086361926,2016-03-29T15:00:00Z,97
7086361926,2016-03-29T16:00:00Z,111
7086361926,2016-03-29T17:00:00Z,113
7086361926,2016-03-29T18:00:00Z,103
7086361926,2016-03-29T19:00:00Z,115
7086361926,2016-03-29T20:00:00Z,95
7086361926,2016-03-29T21:00:00Z,95
7086361926,2016-03-29T22:00:00Z,76
7086361926,2016-03-29T23:00:00Z,68
7086361926,2016-03-30T00:00:00Z,68
7086361926,2016-03-30T01:00:00Z,68
7086361926,2016-03-30T02:00:00Z,68
7086361926,2016-03-30T03:00:00Z,68
7086361926,2016-03-30T04:00:00Z,68
7086361926,2016-03-30T05:00:00Z,68
7086361926,2016-03-30T06:00:00Z,139
7086361926,2016-03-30T07:00:00Z,123
7086361926,2016-03-30T08:00:00Z,85
7086361926,2016-03-30T09:00:00Z,89
7086361926,2016-03-30T10:00:00Z,124
7086361926,2016-03-30T11:00:00Z,87
7086361926,2016-03-30T12:00:00Z,103
7086361926,2016-03-30T13:00:00Z,163
7086361926,2016-03-30T14:00:00Z,135
7086361926,2016-03-30T15:00:00Z,99
7086361926,2016-03-30T16:00:00Z,130
7086361926,2016-03-30T17:00:00Z,98
7086361926,2016-03-30T18:00:00Z,87
7086361926,2016-03-30T19:00:00Z,80
7086361926,2016-03-30T20:00:00Z,83
7086361926,2016-03-30T21:00:00Z,83
7086361926,2016-03-30T22:00:00Z,86
7086361926,2016-03-30T23:00:00Z,71
7086361926,2016-03-31T00:00:00Z,68
7086361926,2016-03-31T01:00:00Z,69
7086361926,2016-03-31T02:00:00Z,70
7086361926,2016-03-31T03:00:00Z,87
7086361926,2016-03-31T04:00:00Z,81
7086361926,2016-03-31T05:00:00Z,69
7086361926,2016-03-31T06:00:00Z,70
7086361926,2016-03-31T07:00:00Z,68
7086361926,2016-03-31T08:00:00Z,68
7086361926,2016-03-31T09:00:00Z,68
7086361926,2016-03-31T10:00:00Z,80
7086361926,2016-03-31T11:00:00Z,136
7086361926,2016-03-31T12:00:00Z,141
7086361926,2016-03-31T13:00:00Z,139
7086361926,2016-03-31T14:00:00Z,110
7086361926,2016-03-31T15:00:00Z,180
7086361926,2016-03-31T16:00:00Z,184
7086361926,2016-03-31T17:00:00Z,116
7086361926,2016-03-31T18:00:00Z,81
7086361926,2016-03-31T19:00:00Z,85
7086361926,2016-03-31T20:00:00Z,126
7086361926,2016-03-31T21:00:00Z,124
7086361926,2016-03-31T22:00:00Z,98
7086361926,2016-03-31T23:00:00Z,78
7086361926,2016-04-01T00:00:00Z,68
7086361926,2016-04-01T01:00:00Z,68
7086361926,2016-04-01T02:00:00Z,68
7086361926,2016-04-01T03:00:00Z,70
7086361926,2016-04-01T04:00:00Z,68
7086361926,2016-04-01T05:00:00Z,69
7086361926,2016-04-01T06:00:00Z,76
7086361926,2016-04-01T07:00:00Z,133
7086361926,2016-04-01T08:00:00Z,116
7086361926,2016-04-01T09:00:00Z,81
7086361926,2016-04-01T10:00:00Z,91
7086361926,2016-04-01T11:00:00Z,69
7086361926,2016-04-01T12:00:00Z,90
7086361926,2016-04-01T13:00:00Z,344
7086361926,2016-04-01T14:00:00Z,110
7086361926,2016-04-01T15:00:00Z,85
7086361926,2016-04-01T16:00:00Z,106
7086361926,2016-04-01T17:00:00Z,127
7086361926,2016-04-01T18:00:00Z,171
7086361926,2016-04-01T19:00:00Z,178
7086361926,2016-04-01T20:00:00Z,80
7086361926,2016-04-01T21:00:00Z,78
7086361926,2016-04-01T22:00:00Z,79
7086361926,2016-04-01T23:00:00Z,72
7086361926,2016-04-02T00:00:00Z,68
7086361926,2016-04-02T01:00:00Z,68
7086361926,2016-04-02T02:00:00Z,68
7086361926,2016-04-02T03:00:00Z,68
7086361926,2016-04-02T04:00:00Z,68
7086361926,2016-04-02T05:00:00Z,68
7086361926,2016-04-02T06:00:00Z,68
7086361926,2016-04-02T07:00:00Z,68
7086361926,2016-04-02T08:00:00Z,68
7086361926,2016-04-02T09:00:00Z,70
7086361926,2016-04-02T10:00:00Z,68
7086361926,2016-04-02T11:00:00Z,68
7086361926,2016-04-02T12:00:00Z,68
7086361926,2016-04-02T13:00:00Z,68
7086361926,2016-04-02T14:00:00Z,68
7086361926,2016-04-02T15:00:00Z,68
7086361926,2016-04-02T16:00:00Z,68
7086361926,2016-04-02T17:00:00Z,68
7086361926,2016-04-02T18:00:00Z,68
7086361926,2016-04-02T19:00:00Z,68
7086361926,2016-04-02T20:00:00Z,68
7086361926,2016-04-02T21:00:00Z,70
7086361926,2016-04-02T22:00:00Z,68
7086361926,2016-04-02T23:00:00Z,68
7086361926,2016-04-03T00:00:00Z,68
7086361926,2016-04-03T01:00:00Z,68
7086361926,2016-04-03T02:00:00Z,68
7086361926,2016-04-03T03:00:00Z,68
7086361926,2016-04-03T04:00:00Z,68
7086361926,2016-04-03T05:00:00Z,68
7086361926,2016-04-03T06:00:00Z,68
7086361926,2016-04-03T07:00:00Z,68
7086361926,2016-04-03T08:00:00Z,68
7086361926,2016-04-03T09:00:00Z,68
7086361926,2016-04-03T10:00:00Z,68
7086361926,2016-04-03T11:00:00Z,68
7086361926,2016-04-03T12:00:00Z,68
7086361926,2016-04-03T13:00:00Z,68
7086361926,2016-04-03T14:00:00Z,199
7086361926,2016-04-03T15:00:00Z,75
7086361926,2016-04-03T16:00:00Z,76
7086361926,2016-04-03T17:00:00Z,72
7086361926,2016-04-03T18:00:00Z,69
7086361926,2016-04-03T19:00:00Z,78
7086361926,2016-04-03T20:00:00Z,71
7086361926,2016-04-03T21:00:00Z,69
7086361926,2016-04-03T22:00:00Z,68
7086361926,2016-04-03T23:00:00Z,68
7086361926,2016-04-04T00:00:00Z,68
7086361926,2016-04-04T01:00:00Z,68
7086361926,2016-04-04T02:00:00Z,68
7086361926,2016-04-04T03:00:00Z,68
7086361926,2016-04-04T04:00:00Z,68
7086361926,2016-04-04T05:00:00Z,68
7086361926,2016-04-04T06:00:00Z,68
7086361926,2016-04-04T07:00:00Z,118
7086361926,2016-04-04T08:00:00Z,71
7086361926,2016-04-04T09:00:00Z,68
7086361926,2016-04-04T10:00:00Z,81
7086361926,2016-04-04T11:00:00Z,107
7086361926,2016-04-04T12:00:00Z,95
7086361926,2016-04-04T13:00:00Z,170
7086361926,2016-04-04T14:00:00Z,68
7086361926,2016-04-04T15:00:00Z,82
7086361926,2016-04-04T16:00:00Z,142
7086361926,2016-04-04T17:00:00Z,360
7086361926,2016-04-04T18:00:00Z,210
7086361926,2016-04-04T19:00:00Z,97
7086361926,2016-04-04T20:00:00Z,73
7086361926,2016-04-04T21:00:00Z,68
7086361926,2016-04-04T22:00:00Z,68
7086361926,2016-04-04T23:00:00Z,68
7086361926,2016-04-05T00:00:00Z,68
7086361926,2016-04-05T01:00:00Z,68
7086361926,2016-04-05T02:00:00Z,68
7086361926,2016-04-05T03:00:00Z,68
7086361926,2016-04-05T04:00:00Z,68
7086361926,2016-04-05T05:00:00Z,68
7086361926,2016-04-05T06:00:00Z,70
7086361926,2016-04-05T07:00:00Z,116
7086361926,2016-04-05T08:00:00Z,79
7086361926,2016-04-05T09:00:00Z,71
7086361926,2016-04-05T10:00:00Z,82
7086361926,2016-04-05T11:00:00Z,75
7086361926,2016-04-05T12:00:00Z,104
7086361926,2016-04-05T13:00:00Z,163
7086361926,2016-04-05T14:00:00Z,75
7086361926,2016-04-05T15:00:00Z,69
7086361926,2016-04-05T16:00:00Z,133
7086361926,2016-04-05T17:00:00Z,317
7086361926,2016-04-05T18:00:00Z,257
7086361926,2016-04-05T19:00:00Z,117
7086361926,2016-04-05T20:00:00Z,84
7086361926,2016-04-05T21:00:00Z,77
7086361926,2016-04-05T22:00:00Z,69
7086361926,2016-04-05T23:00:00Z,68
7086361926,2016-04-06T00:00:00Z,68
7086361926,2016-04-06T01:00:00Z,68
7086361926,2016-04-06T02:00:00Z,68
7086361926,2016-04-06T03:00:00Z,68
7086361926,2016-04-06T04:00:00Z,68
7086361926,2016-04-06T05:00:00Z,68
7086361926,2016-04-06T06:00:00Z,71
7086361926,2016-04-06T07:00:00Z,138
7086361926,2016-04-06T08:00:00Z,79
7086361926,2016-04-06T09:00:00Z,69
7086361926,2016-04-06T10:00:00Z,84
7086361926,2016-04-06T11:00:00Z,100
7086361926,2016-04-06T12:00:00Z,100
7086361926,2016-04-06T13:00:00Z,73
7086361926,2016-04-06T14:00:00Z,76
7086361926,2016-04-06T15:00:00Z,92
7086361926,2016-04-06T16:00:00Z,105
7086361926,2016-04-06T17:00:00Z,300
7086361926,2016-04-06T18:00:00Z,77
7086361926,2016-04-06T19:00:00Z,77
7086361926,2016-04-06T20:00:00Z,96
7086361926,2016-04-06T21:00:00Z,84
7086361926,2016-04-06T22:00:00Z,135
7086361926,2016-04-06T23:00:00Z,69
7086361926,2016-04-07T00:00:00Z,68
7086361926,2016-04-07T01:00:00Z,68
7086361926,2016-04-07T02:00:00Z,68
7086361926,2016-04-07T03:00:00Z,68
7086361926,2016-04-07T04:00:00Z,68
7086361926,2016-04-07T05:00:00Z,68
7086361926,2016-04-07T06:00:00Z,68
7086361926,2016-04-07T07:00:00Z,158
7086361926,2016-04-07T08:00:00Z,87
7086361926,2016-04-07T09:00:00Z,70
7086361926,2016-04-07T10:00:00Z,76
7086361926,2016-04-07T11:00:00Z,88
7086361926,2016-04-07T12:00:00Z,84
7086361926,2016-04-07T13:00:00Z,311
7086361926,2016-04-07T14:00:00Z,83
7086361926,2016-04-07T15:00:00Z,70
7086361926,2016-04-07T16:00:00Z,127
7086361926,2016-04-07T17:00:00Z,518
7086361926,2016-04-07T18:00:00Z,281
7086361926,2016-04-07T19:00:00Z,142
7086361926,2016-04-07T20:00:00Z,72
7086361926,2016-04-07T21:00:00Z,71
7086361926,2016-04-07T22:00:00Z,71
7086361926,2016-04-07T23:00:00Z,68
7086361926,2016-04-08T00:00:00Z,68
7086361926,2016-04-08T01:00:00Z,68
7086361926,2016-04-08T02:00:00Z,69
7086361926,2016-04-08T03:00:00Z,68
7086361926,2016-04-08T04:00:00Z,69
7086361926,2016-04-08T05:00:00Z,68
7086361926,2016-04-08T06:00:00Z,74
7086361926,2016-04-08T07:00:00Z,114
7086361926,2016-04-08T08:00:00Z,85
7086361926,2016-04-08T09:00:00Z,95
7086361926,2016-04-08T10:00:00Z,91
7086361926,2016-04-08T11:00:00Z,77
7086361926,2016-04-08T12:00:00Z,86
7086361926,2016-04-08T13:00:00Z,313
7086361926,2016-04-08T14:00:00Z,69
7086361926,2016-04-08T15:00:00Z,71
7086361926,2016-04-08T16:00:00Z,170
7086361926,2016-04-08T17:00:00Z,393
7086361926,2016-04-08T18:00:00Z,269
7086361926,2016-04-08T19:00:00Z,98
7086361926,2016-04-08T20:00:00Z,84
7086361926,2016-04-08T21:00:00Z,98
7086361926,2016-04-08T22:00:00Z,74
7086361926,2016-04-08T23:00:00Z,78
7086361926,2016-04-09T00:00:00Z,82
7086361926,2016-04-09T01:00:00Z,70
7086361926,2016-04-09T02:00:00Z,68
7086361926,2016-04-09T03:00:00Z,68
7086361926,2016-04-09T04:00:00Z,68
7086361926,2016-04-09T05:00:00Z,68
7086361926,2016-04-09T06:00:00Z,68
7086361926,2016-04-09T07:00:00Z,71
7086361926,2016-04-09T08:00:00Z,70
7086361926,2016-04-09T09:00:00Z,132
7086361926,2016-04-09T10:00:00Z,300
7086361926,2016-04-09T11:00:00Z,107
7086361926,2016-04-09T12:00:00Z,133
7086361926,2016-04-09T13:00:00Z,91
7086361926,2016-04-09T14:00:00Z,105
7086361926,2016-04-09T15:00:00Z,133
7086361926,2016-04-09T16:00:00Z,99
7086361926,2016-04-09T17:00:00Z,86
7086361926,2016-04-09T18:00:00Z,214
7086361926,2016-04-09T19:00:00Z,196
7086361926,2016-04-09T20:00:00Z,87
7086361926,2016-04-09T21:00:00Z,68
7086361926,2016-04-09T22:00:00Z,68
7086361926,2016-04-09T23:00:00Z,68
7086361926,2016-04-10T00:00:00Z,68
7086361926,2016-04-10T01:00:00Z,68
7086361926,2016-04-10T02:00:00Z,68
7086361926,2016-04-10T03:00:00Z,68
7086361926,2016-04-10T04:00:00Z,68
7086361926,2016-04-10T05:00:00Z,68
7086361926,2016-04-10T06:00:00Z,68
7086361926,2016-04-10T07:00:00Z,68
7086361926,2016-04-10T08:00:00Z,68
7086361926,2016-04-10T09:00:00Z,68
7086361926,2016-04-10T10:00:00Z,68
7086361926,2016-04-10T11:00:00Z,68
7086361926,2016-04-10T12:00:00Z,68
7086361926,2016-04-10T13:00:00Z,75
7086361926,2016-04-10T14:00:00Z,84
7086361926,2016-04-10T15:00:00Z,82
7086361926,2016-04-10T16:00:00Z,83
7086361926,2016-04-10T17:00:00Z,87
7086361926,2016-04-10T18:00:00Z,84
7086361926,2016-04-10T19:00:00Z,78
7086361926,2016-04-10T20:00:00Z,107
7086361926,2016-04-10T21:00:00Z,85
7086361926,2016-04-10T22:00:00Z,80
7086361926,2016-04-10T23:00:00Z,73
7086361926,2016-04-11T00:00:00Z,68
7086361926,2016-04-11T01:00:00Z,68
7086361926,2016-04-11T02:00:00Z,68
7086361926,2016-04-11T03:00:00Z,68
7086361926,2016-04-11T04:00:00Z,68
7086361926,2016-04-11T05:00:00Z,68
7086361926,2016-04-11T06:00:00Z,79
7086361926,2016-04-11T07:00:00Z,131
7086361926,2016-04-11T08:00:00Z,72
7086361926,2016-04-11T09:00:00Z,93
7086361926,2016-04-11T10:00:00Z,82
7086361926,2016-04-11T11:00:00Z,69
7086361926,2016-04-11T12:00:00Z,94
7086361926,2016-04-11T13:00:00Z,158
7086361926,2016-04-11T14:00:00Z,77
7086361926,2016-04-11T15:00:00Z,69
7086361926,2016-04-11T16:00:00Z,140
7086361926,2016-04-11T17:00:00Z,402
7086361926,2016-04-11T18:00:00Z,270
7086361926,2016-04-11T19:00:00Z,93
7086361926,2016-04-11T20:00:00Z,97
7086361926,2016-04-11T21:00:00Z,70
7086361926,2016-04-11T22:00:00Z,69
7086361926,2016-04-11T23:00:00Z,69
7086361926,2016-04-12T00:00:00Z,68
7086361926,2016-04-12T01:00:00Z,68
7086361926,2016-04-12T02:00:00Z,68
7086361926,2016-04-12T03:00:00Z,68
7086361926,2016-04-12T04:00:00Z,68
7086361926,2016-04-12T05:00:00Z,68
7086361926,2016-04-12T06:00:00Z,69
7086361926,2016-04-12T07:00:00Z,117
8053475328,2016-03-12T00:00:00Z,83
8053475328,2016-03-12T01:00:00Z,90
8053475328,2016-03-12T02:00:00Z,73
8053475328,2016-03-12T03:00:00Z,73
8053475328,2016-03-12T04:00:00Z,73
8053475328,2016-03-12T05:00:00Z,73
8053475328,2016-03-12T06:00:00Z,73
8053475328,2016-03-12T07:00:00Z,73
8053475328,2016-03-12T08:00:00Z,73
8053475328,2016-03-12T09:00:00Z,73
8053475328,2016-03-12T10:00:00Z,73
8053475328,2016-03-12T11:00:00Z,73
8053475328,2016-03-12T12:00:00Z,96
8053475328,2016-03-12T13:00:00Z,115
8053475328,2016-03-12T14:00:00Z,405
8053475328,2016-03-12T15:00:00Z,125
8053475328,2016-03-12T16:00:00Z,137
8053475328,2016-03-12T17:00:00Z,312
8053475328,2016-03-12T18:00:00Z,516
8053475328,2016-03-12T19:00:00Z,146
8053475328,2016-03-12T20:00:00Z,97
8053475328,2016-03-12T21:00:00Z,82
8053475328,2016-03-12T22:00:00Z,175
8053475328,2016-03-12T23:00:00Z,150
8053475328,2016-03-13T00:00:00Z,114
8053475328,2016-03-13T01:00:00Z,102
8053475328,2016-03-13T02:00:00Z,75
8053475328,2016-03-13T03:00:00Z,73
8053475328,2016-03-13T04:00:00Z,73
8053475328,2016-03-13T05:00:00Z,73
8053475328,2016-03-13T06:00:00Z,73
8053475328,2016-03-13T07:00:00Z,73
8053475328,2016-03-13T08:00:00Z,73
8053475328,2016-03-13T09:00:00Z,73
8053475328,2016-03-13T10:00:00Z,73
8053475328,2016-03-13T11:00:00Z,73
8053475328,2016-03-13T12:00:00Z,73
8053475328,2016-03-13T13:00:00Z,165
8053475328,2016-03-13T14:00:00Z,583
8053475328,2016-03-13T15:00:00Z,223
8053475328,2016-03-13T16:00:00Z,118
8053475328,2016-03-13T17:00:00Z,161
8053475328,2016-03-13T18:00:00Z,167
8053475328,2016-03-13T19:00:00Z,319
8053475328,2016-03-13T20:00:00Z,585
8053475328,2016-03-13T21:00:00Z,474
8053475328,2016-03-13T22:00:00Z,612
8053475328,2016-03-13T23:00:00Z,100
8053475328,2016-03-14T00:00:00Z,73
8053475328,2016-03-14T01:00:00Z,90
8053475328,2016-03-14T02:00:00Z,81
8053475328,2016-03-14T03:00:00Z,73
8053475328,2016-03-14T04:00:00Z,73
8053475328,2016-03-14T05:00:00Z,73
8053475328,2016-03-14T06:00:00Z,73
8053475328,2016-03-14T07:00:00Z,73
8053475328,2016-03-14T08:00:00Z,73
8053475328,2016-03-14T09:00:00Z,73
8053475328,2016-03-14T10:00:00Z,73
8053475328,2016-03-14T11:00:00Z,73
8053475328,2016-03-14T12:00:00Z,110
8053475328,2016-03-14T13:00:00Z,104
8053475328,2016-03-14T14:00:00Z,403
8053475328,2016-03-14T15:00:00Z,94
8053475328,2016-03-14T16:00:00Z,87
8053475328,2016-03-14T17:00:00Z,84
8053475328,2016-03-14T18:00:00Z,121
8053475328,2016-03-14T19:00:00Z,122
8053475328,2016-03-14T20:00:00Z,396
8053475328,2016-03-14T21:00:00Z,151
8053475328,2016-03-14T22:00:00Z,101
8053475328,2016-03-14T23:00:00Z,81
8053475328,2016-03-15T00:00:00Z,96
8053475328,2016-03-15T01:00:00Z,102
8053475328,2016-03-15T02:00:00Z,87
8053475328,2016-03-15T03:00:00Z,73
8053475328,2016-03-15T04:00:00Z,73
8053475328,2016-03-15T05:00:00Z,73
8053475328,2016-03-15T06:00:00Z,73
8053475328,2016-03-15T07:00:00Z,73
8053475328,2016-03-15T08:00:00Z,73
8053475328,2016-03-15T09:00:00Z,73
8053475328,2016-03-15T10:00:00Z,113
8053475328,2016-03-15T11:00:00Z,147
8053475328,2016-03-15T12:00:00Z,190
8053475328,2016-03-15T13:00:00Z,384
8053475328,2016-03-15T14:00:00Z,84
8053475328,2016-03-15T15:00:00Z,117
8053475328,2016-03-15T16:00:00Z,140
8053475328,2016-03-15T17:00:00Z,103
8053475328,2016-03-15T18:00:00Z,195
8053475328,2016-03-15T19:00:00Z,291
8053475328,2016-03-15T20:00:00Z,128
8053475328,2016-03-15T21:00:00Z,172
8053475328,2016-03-15T22:00:00Z,85
8053475328,2016-03-15T23:00:00Z,97
8053475328,2016-03-16T00:00:00Z,86
8053475328,2016-03-16T01:00:00Z,99
8053475328,2016-03-16T02:00:00Z,78
8053475328,2016-03-16T03:00:00Z,73
8053475328,2016-03-16T04:00:00Z,73
8053475328,2016-03-16T05:00:00Z,73
8053475328,2016-03-16T06:00:00Z,73
8053475328,2016-03-16T07:00:00Z,73
8053475328,2016-03-16T08:00:00Z,73
8053475328,2016-03-16T09:00:00Z,73
8053475328,2016-03-16T10:00:00Z,73
8053475328,2016-03-16T11:00:00Z,122
8053475328,2016-03-16T12:00:00Z,137
8053475328,2016-03-16T13:00:00Z,101
8053475328,2016-03-16T14:00:00Z,403
8053475328,2016-03-16T15:00:00Z,97
8053475328,2016-03-16T16:00:00Z,113
8053475328,2016-03-16T17:00:00Z,107
8053475328,2016-03-16T18:00:00Z,211
8053475328,2016-03-16T19:00:00Z,322
8053475328,2016-03-16T20:00:00Z,90
8053475328,2016-03-16T21:00:00Z,182
8053475328,2016-03-16T22:00:00Z,87
8053475328,2016-03-16T23:00:00Z,92
8053475328,2016-03-17T00:00:00Z,78
8053475328,2016-03-17T01:00:00Z,109
8053475328,2016-03-17T02:00:00Z,73
8053475328,2016-03-17T03:00:00Z,73
8053475328,2016-03-17T04:00:00Z,73
8053475328,2016-03-17T05:00:00Z,73
8053475328,2016-03-17T06:00:00Z,73
8053475328,2016-03-17T07:00:00Z,73
8053475328,2016-03-17T08:00:00Z,73
8053475328,2016-03-17T09:00:00Z,73
8053475328,2016-03-17T10:00:00Z,89
8053475328,2016-03-17T11:00:00Z,103
8053475328,2016-03-17T12:00:00Z,131
8053475328,2016-03-17T13:00:00Z,191
8053475328,2016-03-17T14:00:00Z,322
8053475328,2016-03-17T15:00:00Z,408
8053475328,2016-03-17T16:00:00Z,90
8053475328,2016-03-17T17:00:00Z,144
8053475328,2016-03-17T18:00:00Z,410
8053475328,2016-03-17T19:00:00Z,98
8053475328,2016-03-17T20:00:00Z,106
8053475328,2016-03-17T21:00:00Z,169
8053475328,2016-03-17T22:00:00Z,100
8053475328,2016-03-17T23:00:00Z,121
8053475328,2016-03-18T00:00:00Z,75
8053475328,2016-03-18T01:00:00Z,90
8053475328,2016-03-18T02:00:00Z,95
8053475328,2016-03-18T03:00:00Z,73
8053475328,2016-03-18T04:00:00Z,73
8053475328,2016-03-18T05:00:00Z,73
8053475328,2016-03-18T06:00:00Z,73
8053475328,2016-03-18T07:00:00Z,73
8053475328,2016-03-18T08:00:00Z,73
8053475328,2016-03-18T09:00:00Z,73
8053475328,2016-03-18T10:00:00Z,73
8053475328,2016-03-18T11:00:00Z,102
8053475328,2016-03-18T12:00:00Z,95
8053475328,2016-03-18T13:00:00Z,342
8053475328,2016-03-18T14:00:00Z,178
8053475328,2016-03-18T15:00:00Z,103
8053475328,2016-03-18T16:00:00Z,96
8053475328,2016-03-18T17:00:00Z,135
8053475328,2016-03-18T18:00:00Z,392
8053475328,2016-03-18T19:00:00Z,79
8053475328,2016-03-18T20:00:00Z,100
8053475328,2016-03-18T21:00:00Z,198
8053475328,2016-03-18T22:00:00Z,91
8053475328,2016-03-18T23:00:00Z,87
8053475328,2016-03-19T00:00:00Z,88
8053475328,2016-03-19T01:00:00Z,89
8053475328,2016-03-19T02:00:00Z,103
8053475328,2016-03-19T03:00:00Z,73
8053475328,2016-03-19T04:00:00Z,73
8053475328,2016-03-19T05:00:00Z,73
8053475328,2016-03-19T06:00:00Z,73
8053475328,2016-03-19T07:00:00Z,73
8053475328,2016-03-19T08:00:00Z,73
8053475328,2016-03-19T09:00:00Z,73
8053475328,2016-03-19T10:00:00Z,73
8053475328,2016-03-19T11:00:00Z,73
8053475328,2016-03-19T12:00:00Z,162
8053475328,2016-03-19T13:00:00Z,225
8053475328,2016-03-19T14:00:00Z,600
8053475328,2016-03-19T15:00:00Z,292
8053475328,2016-03-19T16:00:00Z,88
8053475328,2016-03-19T17:00:00Z,85
8053475328,2016-03-19T18:00:00Z,79
8053475328,2016-03-19T19:00:00Z,110
8053475328,2016-03-19T20:00:00Z,402
8053475328,2016-03-19T21:00:00Z,90
8053475328,2016-03-19T22:00:00Z,155
8053475328,2016-03-19T23:00:00Z,94
8053475328,2016-03-20T00:00:00Z,94
8053475328,2016-03-20T01:00:00Z,87
8053475328,2016-03-20T02:00:00Z,84
8053475328,2016-03-20T03:00:00Z,95
8053475328,2016-03-20T04:00:00Z,73
8053475328,2016-03-20T05:00:00Z,73
8053475328,2016-03-20T06:00:00Z,73
8053475328,2016-03-20T07:00:00Z,73
8053475328,2016-03-20T08:00:00Z,73
8053475328,2016-03-20T09:00:00Z,73
8053475328,2016-03-20T10:00:00Z,73
8053475328,2016-03-20T11:00:00Z,73
8053475328,2016-03-20T12:00:00Z,73
8053475328,2016-03-20T13:00:00Z,117
8053475328,2016-03-20T14:00:00Z,425
8053475328,2016-03-20T15:00:00Z,323
8053475328,2016-03-20T16:00:00Z,98
8053475328,2016-03-20T17:00:00Z,103
8053475328,2016-03-20T18:00:00Z,124
8053475328,2016-03-20T19:00:00Z,457
8053475328,2016-03-20T20:00:00Z,369
8053475328,2016-03-20T21:00:00Z,89
8053475328,2016-03-20T22:00:00Z,178
8053475328,2016-03-20T23:00:00Z,81
8053475328,2016-03-21T00:00:00Z,88
8053475328,2016-03-21T01:00:00Z,77
8053475328,2016-03-21T02:00:00Z,81
8053475328,2016-03-21T03:00:00Z,73
8053475328,2016-03-21T04:00:00Z,78
8053475328,2016-03-21T05:00:00Z,73
8053475328,2016-03-21T06:00:00Z,73
8053475328,2016-03-21T07:00:00Z,73
8053475328,2016-03-21T08:00:00Z,73
8053475328,2016-03-21T09:00:00Z,73
8053475328,2016-03-21T10:00:00Z,73
8053475328,2016-03-21T11:00:00Z,99
8053475328,2016-03-21T12:00:00Z,97
8053475328,2016-03-21T13:00:00Z,91
8053475328,2016-03-21T14:00:00Z,395
8053475328,2016-03-21T15:00:00Z,85
8053475328,2016-03-21T16:00:00Z,85
8053475328,2016-03-21T17:00:00Z,87
8053475328,2016-03-21T18:00:00Z,107
8053475328,2016-03-21T19:00:00Z,137
8053475328,2016-03-21T20:00:00Z,411
8053475328,2016-03-21T21:00:00Z,124
8053475328,2016-03-21T22:00:00Z,130
8053475328,2016-03-21T23:00:00Z,76
8053475328,2016-03-22T00:00:00Z,74
8053475328,2016-03-22T01:00:00Z,81
8053475328,2016-03-22T02:00:00Z,92
8053475328,2016-03-22T03:00:00Z,73
8053475328,2016-03-22T04:00:00Z,73
8053475328,2016-03-22T05:00:00Z,73
8053475328,2016-03-22T06:00:00Z,73
8053475328,2016-03-22T07:00:00Z,73
8053475328,2016-03-22T08:00:00Z,73
8053475328,2016-03-22T09:00:00Z,73
8053475328,2016-03-22T10:00:00Z,95
8053475328,2016-03-22T11:00:00Z,112
8053475328,2016-03-22T12:00:00Z,181
8053475328,2016-03-22T13:00:00Z,92
8053475328,2016-03-22T14:00:00Z,396
8053475328,2016-03-22T15:00:00Z,115
8053475328,2016-03-22T16:00:00Z,113
8053475328,2016-03-22T17:00:00Z,82
8053475328,2016-03-22T18:00:00Z,115
8053475328,2016-03-22T19:00:00Z,395
8053475328,2016-03-22T20:00:00Z,80
8053475328,2016-03-22T21:00:00Z,138
8053475328,2016-03-22T22:00:00Z,138
8053475328,2016-03-22T23:00:00Z,101
8053475328,2016-03-23T00:00:00Z,102
8053475328,2016-03-23T01:00:00Z,84
8053475328,2016-03-23T02:00:00Z,87
8053475328,2016-03-23T03:00:00Z,79
8053475328,2016-03-23T04:00:00Z,73
8053475328,2016-03-23T05:00:00Z,73
8053475328,2016-03-23T06:00:00Z,73
8053475328,2016-03-23T07:00:00Z,73
8053475328,2016-03-23T08:00:00Z,73
8053475328,2016-03-23T09:00:00Z,73
8053475328,2016-03-23T10:00:00Z,107
8053475328,2016-03-23T11:00:00Z,147
8053475328,2016-03-23T12:00:00Z,123
8053475328,2016-03-23T13:00:00Z,106
8053475328,2016-03-23T14:00:00Z,249
8053475328,2016-03-23T15:00:00Z,240
8053475328,2016-03-23T16:00:00Z,87
8053475328,2016-03-23T17:00:00Z,96
8053475328,2016-03-23T18:00:00Z,102
8053475328,2016-03-23T19:00:00Z,408
8053475328,2016-03-23T20:00:00Z,105
8053475328,2016-03-23T21:00:00Z,79
8053475328,2016-03-23T22:00:00Z,169
8053475328,2016-03-23T23:00:00Z,98
8053475328,2016-03-24T00:00:00Z,79
8053475328,2016-03-24T01:00:00Z,89
8053475328,2016-03-24T02:00:00Z,82
8053475328,2016-03-24T03:00:00Z,73
8053475328,2016-03-24T04:00:00Z,73
8053475328,2016-03-24T05:00:00Z,73
8053475328,2016-03-24T06:00:00Z,73
8053475328,2016-03-24T07:00:00Z,73
8053475328,2016-03-24T08:00:00Z,73
8053475328,2016-03-24T09:00:00Z,73
8053475328,2016-03-24T10:00:00Z,73
8053475328,2016-03-24T11:00:00Z,73
8053475328,2016-03-24T12:00:00Z,94
8053475328,2016-03-24T13:00:00Z,209
8053475328,2016-03-24T14:00:00Z,282
8053475328,2016-03-24T15:00:00Z,100
8053475328,2016-03-24T16:00:00Z,89
8053475328,2016-03-24T17:00:00Z,130
8053475328,2016-03-24T18:00:00Z,196
8053475328,2016-03-24T19:00:00Z,305
8053475328,2016-03-24T20:00:00Z,105
8053475328,2016-03-24T21:00:00Z,146
8053475328,2016-03-24T22:00:00Z,104
8053475328,2016-03-24T23:00:00Z,77
8053475328,2016-03-25T00:00:00Z,80
8053475328,2016-03-25T01:00:00Z,81
8053475328,2016-03-25T02:00:00Z,83
8053475328,2016-03-25T03:00:00Z,73
8053475328,2016-03-25T04:00:00Z,73
8053475328,2016-03-25T05:00:00Z,73
8053475328,2016-03-25T06:00:00Z,73
8053475328,2016-03-25T07:00:00Z,73
8053475328,2016-03-25T08:00:00Z,73
8053475328,2016-03-25T09:00:00Z,73
8053475328,2016-03-25T10:00:00Z,73
8053475328,2016-03-25T11:00:00Z,347
8053475328,2016-03-25T12:00:00Z,439
8053475328,2016-03-25T13:00:00Z,97
8053475328,2016-03-25T14:00:00Z,107
8053475328,2016-03-25T15:00:00Z,90
8053475328,2016-03-25T16:00:00Z,107
8053475328,2016-03-25T17:00:00Z,101
8053475328,2016-03-25T18:00:00Z,111
8053475328,2016-03-25T19:00:00Z,129
8053475328,2016-03-25T20:00:00Z,331
8053475328,2016-03-25T21:00:00Z,129
8053475328,2016-03-25T22:00:00Z,73
8053475328,2016-03-25T23:00:00Z,139
8053475328,2016-03-26T00:00:00Z,87
8053475328,2016-03-26T01:00:00Z,74
8053475328,2016-03-26T02:00:00Z,81
8053475328,2016-03-26T03:00:00Z,77
8053475328,2016-03-26T04:00:00Z,87
8053475328,2016-03-26T05:00:00Z,80
8053475328,2016-03-26T06:00:00Z,73
8053475328,2016-03-26T07:00:00Z,73
8053475328,2016-03-26T08:00:00Z,73
8053475328,2016-03-26T09:00:00Z,73
8053475328,2016-03-26T10:00:00Z,73
8053475328,2016-03-26T11:00:00Z,73
8053475328,2016-03-26T12:00:00Z,73
8053475328,2016-03-26T13:00:00Z,100
8053475328,2016-03-26T14:00:00Z,408
8053475328,2016-03-26T15:00:00Z,104
8053475328,2016-03-26T16:00:00Z,132
8053475328,2016-03-26T17:00:00Z,83
8053475328,2016-03-26T18:00:00Z,230
8053475328,2016-03-26T19:00:00Z,248
8053475328,2016-03-26T20:00:00Z,78
8053475328,2016-03-26T21:00:00Z,139
8053475328,2016-03-26T22:00:00Z,73
8053475328,2016-03-26T23:00:00Z,74
8053475328,2016-03-27T00:00:00Z,96
8053475328,2016-03-27T01:00:00Z,76
8053475328,2016-03-27T02:00:00Z,81
8053475328,2016-03-27T03:00:00Z,73
8053475328,2016-03-27T04:00:00Z,73
8053475328,2016-03-27T05:00:00Z,73
8053475328,2016-03-27T06:00:00Z,73
8053475328,2016-03-27T07:00:00Z,73
8053475328,2016-03-27T08:00:00Z,73
8053475328,2016-03-27T09:00:00Z,128
8053475328,2016-03-27T10:00:00Z,168
8053475328,2016-03-27T11:00:00Z,187
8053475328,2016-03-27T12:00:00Z,202
8053475328,2016-03-27T13:00:00Z,153
8053475328,2016-03-27T14:00:00Z,146
8053475328,2016-03-27T15:00:00Z,137
8053475328,2016-03-27T16:00:00Z,206
8053475328,2016-03-27T17:00:00Z,101
8053475328,2016-03-27T18:00:00Z,106
8053475328,2016-03-27T19:00:00Z,104
8053475328,2016-03-27T20:00:00Z,103
8053475328,2016-03-27T21:00:00Z,102
8053475328,2016-03-27T22:00:00Z,93
8053475328,2016-03-27T23:00:00Z,93
8053475328,2016-03-28T00:00:00Z,77
8053475328,2016-03-28T01:00:00Z,73
8053475328,2016-03-28T02:00:00Z,73
8053475328,2016-03-28T03:00:00Z,73
8053475328,2016-03-28T04:00:00Z,73
8053475328,2016-03-28T05:00:00Z,73
8053475328,2016-03-28T06:00:00Z,73
8053475328,2016-03-28T07:00:00Z,73
8053475328,2016-03-28T08:00:00Z,73
8053475328,2016-03-28T09:00:00Z,73
8053475328,2016-03-28T10:00:00Z,73
8053475328,2016-03-28T11:00:00Z,73
8053475328,2016-03-28T12:00:00Z,80
8053475328,2016-03-28T13:00:00Z,106
8053475328,2016-03-28T14:00:00Z,406
8053475328,2016-03-28T15:00:00Z,93
8053475328,2016-03-28T16:00:00Z,99
8053475328,2016-03-28T17:00:00Z,88
8053475328,2016-03-28T18:00:00Z,85
8053475328,2016-03-28T19:00:00Z,393
8053475328,2016-03-28T20:00:00Z,104
8053475328,2016-03-28T21:00:00Z,153
8053475328,2016-03-28T22:00:00Z,86
8053475328,2016-03-28T23:00:00Z,78
8053475328,2016-03-29T00:00:00Z,99
8053475328,2016-03-29T01:00:00Z,79
8053475328,2016-03-29T02:00:00Z,82
8053475328,2016-03-29T03:00:00Z,73
8053475328,2016-03-29T04:00:00Z,73
8053475328,2016-03-29T05:00:00Z,73
8053475328,2016-03-29T06:00:00Z,73
8053475328,2016-03-29T07:00:00Z,73
8053475328,2016-03-29T08:00:00Z,73
8053475328,2016-03-29T09:00:00Z,73
8053475328,2016-03-29T10:00:00Z,106
8053475328,2016-03-29T11:00:00Z,205
8053475328,2016-03-29T12:00:00Z,122
8053475328,2016-03-29T13:00:00Z,206
8053475328,2016-03-29T14:00:00Z,330
8053475328,2016-03-29T15:00:00Z,115
8053475328,2016-03-29T16:00:00Z,114
8053475328,2016-03-29T17:00:00Z,130
8053475328,2016-03-29T18:00:00Z,285
8053475328,2016-03-29T19:00:00Z,186
8053475328,2016-03-29T20:00:00Z,79
8053475328,2016-03-29T21:00:00Z,156
8053475328,2016-03-29T22:00:00Z,87
8053475328,2016-03-29T23:00:00Z,98
8053475328,2016-03-30T00:00:00Z,99
8053475328,2016-03-30T01:00:00Z,98
8053475328,2016-03-30T02:00:00Z,78
8053475328,2016-03-30T03:00:00Z,73
8053475328,2016-03-30T04:00:00Z,73
8053475328,2016-03-30T05:00:00Z,73
8053475328,2016-03-30T06:00:00Z,73
8053475328,2016-03-30T07:00:00Z,73
8053475328,2016-03-30T08:00:00Z,73
8053475328,2016-03-30T09:00:00Z,73
8053475328,2016-03-30T10:00:00Z,73
8053475328,2016-03-30T11:00:00Z,85
8053475328,2016-03-30T12:00:00Z,90
8053475328,2016-03-30T13:00:00Z,98
8053475328,2016-03-30T14:00:00Z,85
8053475328,2016-03-30T15:00:00Z,108
8053475328,2016-03-30T16:00:00Z,82
8053475328,2016-03-30T17:00:00Z,143
8053475328,2016-03-30T18:00:00Z,83
8053475328,2016-03-30T19:00:00Z,76
8053475328,2016-03-30T20:00:00Z,90
8053475328,2016-03-30T21:00:00Z,87
8053475328,2016-03-30T22:00:00Z,113
8053475328,2016-03-30T23:00:00Z,90
8053475328,2016-03-31T00:00:00Z,97
8053475328,2016-03-31T01:00:00Z,98
8053475328,2016-03-31T02:00:00Z,73
8053475328,2016-03-31T03:00:00Z,73
8053475328,2016-03-31T04:00:00Z,73
8053475328,2016-03-31T05:00:00Z,73
8053475328,2016-03-31T06:00:00Z,73
8053475328,2016-03-31T07:00:00Z,73
8053475328,2016-03-31T08:00:00Z,73
8053475328,2016-03-31T09:00:00Z,73
8053475328,2016-03-31T10:00:00Z,73
8053475328,2016-03-31T11:00:00Z,73
8053475328,2016-03-31T12:00:00Z,78
8053475328,2016-03-31T13:00:00Z,97
8053475328,2016-03-31T14:00:00Z,433
8053475328,2016-03-31T15:00:00Z,90
8053475328,2016-03-31T16:00:00Z,113
8053475328,2016-03-31T17:00:00Z,101
8053475328,2016-03-31T18:00:00Z,212
8053475328,2016-03-31T19:00:00Z,289
8053475328,2016-03-31T20:00:00Z,107
8053475328,2016-03-31T21:00:00Z,153
8053475328,2016-03-31T22:00:00Z,92
8053475328,2016-03-31T23:00:00Z,93
8053475328,2016-04-01T00:00:00Z,77
8053475328,2016-04-01T01:00:00Z,90
8053475328,2016-04-01T02:00:00Z,82
8053475328,2016-04-01T03:00:00Z,73
8053475328,2016-04-01T04:00:00Z,73
8053475328,2016-04-01T05:00:00Z,73
8053475328,2016-04-01T06:00:00Z,73
8053475328,2016-04-01T07:00:00Z,73
8053475328,2016-04-01T08:00:00Z,73
8053475328,2016-04-01T09:00:00Z,73
8053475328,2016-04-01T10:00:00Z,100
8053475328,2016-04-01T11:00:00Z,79
8053475328,2016-04-01T12:00:00Z,97
8053475328,2016-04-01T13:00:00Z,88
8053475328,2016-04-01T14:00:00Z,311
8053475328,2016-04-01T15:00:00Z,164
8053475328,2016-04-01T16:00:00Z,83
8053475328,2016-04-01T17:00:00Z,97
8053475328,2016-04-01T18:00:00Z,142
8053475328,2016-04-01T19:00:00Z,318
8053475328,2016-04-01T20:00:00Z,203
8053475328,2016-04-01T21:00:00Z,134
8053475328,2016-04-01T22:00:00Z,132
8053475328,2016-04-01T23:00:00Z,79
8053475328,2016-04-02T00:00:00Z,85
8053475328,2016-04-02T01:00:00Z,92
8053475328,2016-04-02T02:00:00Z,82
8053475328,2016-04-02T03:00:00Z,98
8053475328,2016-04-02T04:00:00Z,73
8053475328,2016-04-02T05:00:00Z,73
8053475328,2016-04-02T06:00:00Z,73
8053475328,2016-04-02T07:00:00Z,73
8053475328,2016-04-02T08:00:00Z,73
8053475328,2016-04-02T09:00:00Z,73
8053475328,2016-04-02T10:00:00Z,73
8053475328,2016-04-02T11:00:00Z,91
8053475328,2016-04-02T12:00:00Z,535
8053475328,2016-04-02T13:00:00Z,309
8053475328,2016-04-02T14:00:00Z,100
8053475328,2016-04-02T15:00:00Z,119
8053475328,2016-04-02T16:00:00Z,465
8053475328,2016-04-02T17:00:00Z,253
8053475328,2016-04-02T18:00:00Z,107
8053475328,2016-04-02T19:00:00Z,75
8053475328,2016-04-02T20:00:00Z,193
8053475328,2016-04-02T21:00:00Z,105
8053475328,2016-04-02T22:00:00Z,84
8053475328,2016-04-02T23:00:00Z,73
8053475328,2016-04-03T00:00:00Z,73
8053475328,2016-04-03T01:00:00Z,73
8053475328,2016-04-03T02:00:00Z,73
8053475328,2016-04-03T03:00:00Z,73
8053475328,2016-04-03T04:00:00Z,89
8053475328,2016-04-03T05:00:00Z,73
8053475328,2016-04-03T06:00:00Z,73
8053475328,2016-04-03T07:00:00Z,73
8053475328,2016-04-03T08:00:00Z,73
8053475328,2016-04-03T09:00:00Z,73
8053475328,2016-04-03T10:00:00Z,73
8053475328,2016-04-03T11:00:00Z,73
8053475328,2016-04-03T12:00:00Z,73
8053475328,2016-04-03T13:00:00Z,73
8053475328,2016-04-03T14:00:00Z,195
8053475328,2016-04-03T15:00:00Z,636
8053475328,2016-04-03T16:00:00Z,162
8053475328,2016-04-03T17:00:00Z,177
8053475328,2016-04-03T18:00:00Z,569
8053475328,2016-04-03T19:00:00Z,265
8053475328,2016-04-03T20:00:00Z,115
8053475328,2016-04-03T21:00:00Z,344
8053475328,2016-04-03T22:00:00Z,116
8053475328,2016-04-03T23:00:00Z,80
8053475328,2016-04-04T00:00:00Z,82
8053475328,2016-04-04T01:00:00Z,101
8053475328,2016-04-04T02:00:00Z,73
8053475328,2016-04-04T03:00:00Z,73
8053475328,2016-04-04T04:00:00Z,73
8053475328,2016-04-04T05:00:00Z,73
8053475328,2016-04-04T06:00:00Z,73
8053475328,2016-04-04T07:00:00Z,73
8053475328,2016-04-04T08:00:00Z,73
8053475328,2016-04-04T09:00:00Z,73
8053475328,2016-04-04T10:00:00Z,104
8053475328,2016-04-04T11:00:00Z,134
8053475328,2016-04-04T12:00:00Z,128
8053475328,2016-04-04T13:00:00Z,388
8053475328,2016-04-04T14:00:00Z,86
8053475328,2016-04-04T15:00:00Z,107
8053475328,2016-04-04T16:00:00Z,98
8053475328,2016-04-04T17:00:00Z,99
8053475328,2016-04-04T18:00:00Z,139
8053475328,2016-04-04T19:00:00Z,221
8053475328,2016-04-04T20:00:00Z,579
8053475328,2016-04-04T21:00:00Z,80
8053475328,2016-04-04T22:00:00Z,161
8053475328,2016-04-04T23:00:00Z,119
8053475328,2016-04-05T00:00:00Z,75
8053475328,2016-04-05T01:00:00Z,81
8053475328,2016-04-05T02:00:00Z,73
8053475328,2016-04-05T03:00:00Z,73
8053475328,2016-04-05T04:00:00Z,73
8053475328,2016-04-05T05:00:00Z,73
8053475328,2016-04-05T06:00:00Z,73
8053475328,2016-04-05T07:00:00Z,73
8053475328,2016-04-05T08:00:00Z,73
8053475328,2016-04-05T09:00:00Z,73
8053475328,2016-04-05T10:00:00Z,87
8053475328,2016-04-05T11:00:00Z,145
8053475328,2016-04-05T12:00:00Z,117
8053475328,2016-04-05T13:00:00Z,397
8053475328,2016-04-05T14:00:00Z,96
8053475328,2016-04-05T15:00:00Z,97
8053475328,2016-04-05T16:00:00Z,112
8053475328,2016-04-05T17:00:00Z,169
8053475328,2016-04-05T18:00:00Z,418
8053475328,2016-04-05T19:00:00Z,381
8053475328,2016-04-05T20:00:00Z,76
8053475328,2016-04-05T21:00:00Z,160
8053475328,2016-04-05T22:00:00Z,90
8053475328,2016-04-05T23:00:00Z,84
8053475328,2016-04-06T00:00:00Z,81
8053475328,2016-04-06T01:00:00Z,96
8053475328,2016-04-06T02:00:00Z,73
8053475328,2016-04-06T03:00:00Z,73
8053475328,2016-04-06T04:00:00Z,73
8053475328,2016-04-06T05:00:00Z,73
8053475328,2016-04-06T06:00:00Z,73
8053475328,2016-04-06T07:00:00Z,73
8053475328,2016-04-06T08:00:00Z,73
8053475328,2016-04-06T09:00:00Z,73
8053475328,2016-04-06T10:00:00Z,121
8053475328,2016-04-06T11:00:00Z,113
8053475328,2016-04-06T12:00:00Z,105
8053475328,2016-04-06T13:00:00Z,94
8053475328,2016-04-06T14:00:00Z,303
8053475328,2016-04-06T15:00:00Z,212
8053475328,2016-04-06T16:00:00Z,92
8053475328,2016-04-06T17:00:00Z,138
8053475328,2016-04-06T18:00:00Z,132
8053475328,2016-04-06T19:00:00Z,487
8053475328,2016-04-06T20:00:00Z,218
8053475328,2016-04-06T21:00:00Z,92
8053475328,2016-04-06T22:00:00Z,160
8053475328,2016-04-06T23:00:00Z,95
8053475328,2016-04-07T00:00:00Z,74
8053475328,2016-04-07T01:00:00Z,84
8053475328,2016-04-07T02:00:00Z,73
8053475328,2016-04-07T03:00:00Z,73
8053475328,2016-04-07T04:00:00Z,73
8053475328,2016-04-07T05:00:00Z,73
8053475328,2016-04-07T06:00:00Z,73
8053475328,2016-04-07T07:00:00Z,73
8053475328,2016-04-07T08:00:00Z,73
8053475328,2016-04-07T09:00:00Z,73
8053475328,2016-04-07T10:00:00Z,112
8053475328,2016-04-07T11:00:00Z,83
8053475328,2016-04-07T12:00:00Z,125
8053475328,2016-04-07T13:00:00Z,323
8053475328,2016-04-07T14:00:00Z,160
8053475328,2016-04-07T15:00:00Z,87
8053475328,2016-04-07T16:00:00Z,97
8053475328,2016-04-07T17:00:00Z,170
8053475328,2016-04-07T18:00:00Z,147
8053475328,2016-04-07T19:00:00Z,488
8053475328,2016-04-07T20:00:00Z,296
8053475328,2016-04-07T21:00:00Z,166
8053475328,2016-04-07T22:00:00Z,89
8053475328,2016-04-07T23:00:00Z,93
8053475328,2016-04-08T00:00:00Z,85
8053475328,2016-04-08T01:00:00Z,81
8053475328,2016-04-08T02:00:00Z,95
8053475328,2016-04-08T03:00:00Z,73
8053475328,2016-04-08T04:00:00Z,73
8053475328,2016-04-08T05:00:00Z,73
8053475328,2016-04-08T06:00:00Z,73
8053475328,2016-04-08T07:00:00Z,73
8053475328,2016-04-08T08:00:00Z,73
8053475328,2016-04-08T09:00:00Z,73
8053475328,2016-04-08T10:00:00Z,73
8053475328,2016-04-08T11:00:00Z,73
8053475328,2016-04-08T12:00:00Z,107
8053475328,2016-04-08T13:00:00Z,209
8053475328,2016-04-08T14:00:00Z,302
8053475328,2016-04-08T15:00:00Z,96
8053475328,2016-04-08T16:00:00Z,78
8053475328,2016-04-08T17:00:00Z,79
8053475328,2016-04-08T18:00:00Z,145
8053475328,2016-04-08T19:00:00Z,113
8053475328,2016-04-08T20:00:00Z,403
8053475328,2016-04-08T21:00:00Z,75
8053475328,2016-04-08T22:00:00Z,180
8053475328,2016-04-08T23:00:00Z,84
8053475328,2016-04-09T00:00:00Z,76
8053475328,2016-04-09T01:00:00Z,90
8053475328,2016-04-09T02:00:00Z,103
8053475328,2016-04-09T03:00:00Z,73
8053475328,2016-04-09T04:00:00Z,73
8053475328,2016-04-09T05:00:00Z,73
8053475328,2016-04-09T06:00:00Z,73
8053475328,2016-04-09T07:00:00Z,73
8053475328,2016-04-09T08:00:00Z,73
8053475328,2016-04-09T09:00:00Z,73
8053475328,2016-04-09T10:00:00Z,73
8053475328,2016-04-09T11:00:00Z,73
8053475328,2016-04-09T12:00:00Z,82
8053475328,2016-04-09T13:00:00Z,129
8053475328,2016-04-09T14:00:00Z,395
8053475328,2016-04-09T15:00:00Z,84
8053475328,2016-04-09T16:00:00Z,126
8053475328,2016-04-09T17:00:00Z,153
8053475328,2016-04-09T18:00:00Z,98
8053475328,2016-04-09T19:00:00Z,83
8053475328,2016-04-09T20:00:00Z,289
8053475328,2016-04-09T21:00:00Z,182
8053475328,2016-04-09T22:00:00Z,80
8053475328,2016-04-09T23:00:00Z,88
8053475328,2016-04-10T00:00:00Z,76
8053475328,2016-04-10T01:00:00Z,73
8053475328,2016-04-10T02:00:00Z,73
8053475328,2016-04-10T03:00:00Z,73
8053475328,2016-04-10T04:00:00Z,73
8053475328,2016-04-10T05:00:00Z,73
8053475328,2016-04-10T06:00:00Z,73
8053475328,2016-04-10T07:00:00Z,73
8053475328,2016-04-10T08:00:00Z,73
8053475328,2016-04-10T09:00:00Z,73
8053475328,2016-04-10T10:00:00Z,73
8053475328,2016-04-10T11:00:00Z,73
8053475328,2016-04-10T12:00:00Z,420
8053475328,2016-04-10T13:00:00Z,116
8053475328,2016-04-10T14:00:00Z,92
8053475328,2016-04-10T15:00:00Z,158
8053475328,2016-04-10T16:00:00Z,186
8053475328,2016-04-10T17:00:00Z,150
8053475328,2016-04-10T18:00:00Z,109
8053475328,2016-04-10T19:00:00Z,123
8053475328,2016-04-10T20:00:00Z,80
8053475328,2016-04-10T21:00:00Z,125
8053475328,2016-04-10T22:00:00Z,119
8053475328,2016-04-10T23:00:00Z,122
8053475328,2016-04-11T00:00:00Z,90
8053475328,2016-04-11T01:00:00Z,73
8053475328,2016-04-11T02:00:00Z,73
8053475328,2016-04-11T03:00:00Z,73
8053475328,2016-04-11T04:00:00Z,73
8053475328,2016-04-11T05:00:00Z,73
8053475328,2016-04-11T06:00:00Z,73
8053475328,2016-04-11T07:00:00Z,73
8053475328,2016-04-11T08:00:00Z,73
8053475328,2016-04-11T09:00:00Z,73
8053475328,2016-04-11T10:00:00Z,73
8053475328,2016-04-11T11:00:00Z,130
8053475328,2016-04-11T12:00:00Z,144
8053475328,2016-04-11T13:00:00Z,245
8053475328,2016-04-11T14:00:00Z,226
8053475328,2016-04-11T15:00:00Z,79
8053475328,2016-04-11T16:00:00Z,91
8053475328,2016-04-11T17:00:00Z,103
8053475328,2016-04-11T18:00:00Z,115
8053475328,2016-04-11T19:00:00Z,632
8053475328,2016-04-11T20:00:00Z,163
8053475328,2016-04-11T21:00:00Z,155
8053475328,2016-04-11T22:00:00Z,100
8053475328,2016-04-11T23:00:00Z,94
8053475328,2016-04-12T00:00:00Z,75
8053475328,2016-04-12T01:00:00Z,77
8053475328,2016-04-12T02:00:00Z,110
8053475328,2016-04-12T03:00:00Z,73
8053475328,2016-04-12T04:00:00Z,73
8053475328,2016-04-12T05:00:00Z,73
8053475328,2016-04-12T06:00:00Z,73
8053475328,2016-04-12T07:00:00Z,73
8053475328,2016-04-12T08:00:00Z,73
8053475328,2016-04-12T09:00:00Z,73
8253242879,2016-03-12T00:00:00Z,60
8253242879,2016-03-12T01:00:00Z,60
8253242879,2016-03-12T02:00:00Z,60
8253242879,2016-03-12T03:00:00Z,60
8253242879,2016-03-12T04:00:00Z,60
8253242879,2016-03-12T05:00:00Z,60
8253242879,2016-03-12T06:00:00Z,60
8253242879,2016-03-12T07:00:00Z,60
8253242879,2016-03-12T08:00:00Z,60
8253242879,2016-03-12T09:00:00Z,60
8253242879,2016-03-12T10:00:00Z,60
8253242879,2016-03-12T11:00:00Z,60
8253242879,2016-03-12T12:00:00Z,60
8253242879,2016-03-12T13:00:00Z,60
8253242879,2016-03-12T14:00:00Z,60
8253242879,2016-03-12T15:00:00Z,60
8253242879,2016-03-12T16:00:00Z,60
8253242879,2016-03-12T17:00:00Z,60
8253242879,2016-03-12T18:00:00Z,60
8253242879,2016-03-12T19:00:00Z,60
8253242879,2016-03-12T20:00:00Z,60
8253242879,2016-03-12T21:00:00Z,60
8253242879,2016-03-12T22:00:00Z,60
8253242879,2016-03-12T23:00:00Z,60
8253242879,2016-03-13T00:00:00Z,60
8253242879,2016-03-13T01:00:00Z,60
8253242879,2016-03-13T02:00:00Z,60
8253242879,2016-03-13T03:00:00Z,60
8253242879,2016-03-13T04:00:00Z,60
8253242879,2016-03-13T05:00:00Z,60
8253242879,2016-03-13T06:00:00Z,60
8253242879,2016-03-13T07:00:00Z,60
8253242879,2016-03-13T08:00:00Z,60
8253242879,2016-03-13T09:00:00Z,60
8253242879,2016-03-13T10:00:00Z,60
8253242879,2016-03-13T11:00:00Z,60
8253242879,2016-03-13T12:00:00Z,60
8253242879,2016-03-13T13:00:00Z,60
8253242879,2016-03-13T14:00:00Z,60
8253242879,2016-03-13T15:00:00Z,60
8253242879,2016-03-13T16:00:00Z,60
8253242879,2016-03-13T17:00:00Z,60
8253242879,2016-03-13T18:00:00Z,60
8253242879,2016-03-13T19:00:00Z,60
8253242879,2016-03-13T20:00:00Z,60
8253242879,2016-03-13T21:00:00Z,60
8253242879,2016-03-13T22:00:00Z,60
8253242879,2016-03-13T23:00:00Z,60
8253242879,2016-03-14T00:00:00Z,60
8253242879,2016-03-14T01:00:00Z,60
8253242879,2016-03-14T02:00:00Z,60
8253242879,2016-03-14T03:00:00Z,60
8253242879,2016-03-14T04:00:00Z,60
8253242879,2016-03-14T05:00:00Z,60
8253242879,2016-03-14T06:00:00Z,60
8253242879,2016-03-14T07:00:00Z,60
8253242879,2016-03-14T08:00:00Z,60
8253242879,2016-03-14T09:00:00Z,60
8253242879,2016-03-14T10:00:00Z,60
8253242879,2016-03-14T11:00:00Z,60
8253242879,2016-03-14T12:00:00Z,60
8253242879,2016-03-14T13:00:00Z,60
8253242879,2016-03-14T14:00:00Z,60
8253242879,2016-03-14T15:00:00Z,60
8253242879,2016-03-14T16:00:00Z,60
8253242879,2016-03-14T17:00:00Z,60
8253242879,2016-03-14T18:00:00Z,60
8253242879,2016-03-14T19:00:00Z,60
8253242879,2016-03-14T20:00:00Z,60
8253242879,2016-03-14T21:00:00Z,60
8253242879,2016-03-14T22:00:00Z,60
8253242879,2016-03-14T23:00:00Z,60
8253242879,2016-03-15T00:00:00Z,60
8253242879,2016-03-15T01:00:00Z,60
8253242879,2016-03-15T02:00:00Z,60
8253242879,2016-03-15T03:00:00Z,60
8253242879,2016-03-15T04:00:00Z,60
8253242879,2016-03-15T05:00:00Z,60
8253242879,2016-03-15T06:00:00Z,60
8253242879,2016-03-15T07:00:00Z,60
8253242879,2016-03-15T08:00:00Z,60
8253242879,2016-03-15T09:00:00Z,60
8253242879,2016-03-15T10:00:00Z,60
8253242879,2016-03-15T11:00:00Z,60
8253242879,2016-03-15T12:00:00Z,60
8253242879,2016-03-15T13:00:00Z,60
8253242879,2016-03-15T14:00:00Z,60
8253242879,2016-03-15T15:00:00Z,60
8253242879,2016-03-15T16:00:00Z,60
8253242879,2016-03-15T17:00:00Z,60
8253242879,2016-03-15T18:00:00Z,60
8253242879,2016-03-15T19:00:00Z,60
8253242879,2016-03-15T20:00:00Z,60
8253242879,2016-03-15T21:00:00Z,60
8253242879,2016-03-15T22:00:00Z,60
8253242879,2016-03-15T23:00:00Z,60
8253242879,2016-03-16T00:00:00Z,60
8253242879,2016-03-16T01:00:00Z,60
8253242879,2016-03-16T02:00:00Z,60
8253242879,2016-03-16T03:00:00Z,60
8253242879,2016-03-16T04:00:00Z,60
8253242879,2016-03-16T05:00:00Z,60
8253242879,2016-03-16T06:00:00Z,60
8253242879,2016-03-16T07:00:00Z,60
8253242879,2016-03-16T08:00:00Z,60
8253242879,2016-03-16T09:00:00Z,60
8253242879,2016-03-16T10:00:00Z,60
8253242879,2016-03-16T11:00:00Z,60
8253242879,2016-03-16T12:00:00Z,60
8253242879,2016-03-16T13:00:00Z,60
8253242879,2016-03-16T14:00:00Z,60
8253242879,2016-03-16T15:00:00Z,60
8253242879,2016-03-16T16:00:00Z,60
8253242879,2016-03-16T17:00:00Z,60
8253242879,2016-03-16T18:00:00Z,60
8253242879,2016-03-16T19:00:00Z,60
8253242879,2016-03-16T20:00:00Z,60
8253242879,2016-03-16T21:00:00Z,60
8253242879,2016-03-16T22:00:00Z,60
8253242879,2016-03-16T23:00:00Z,60
8253242879,2016-03-17T00:00:00Z,60
8253242879,2016-03-17T01:00:00Z,60
8253242879,2016-03-17T02:00:00Z,60
8253242879,2016-03-17T03:00:00Z,60
8253242879,2016-03-17T04:00:00Z,60
8253242879,2016-03-17T05:00:00Z,60
8253242879,2016-03-17T06:00:00Z,60
8253242879,2016-03-17T07:00:00Z,60
8253242879,2016-03-17T08:00:00Z,60
8253242879,2016-03-17T09:00:00Z,60
8253242879,2016-03-17T10:00:00Z,60
8253242879,2016-03-17T11:00:00Z,60
8253242879,2016-03-17T12:00:00Z,60
8253242879,2016-03-17T13:00:00Z,60
8253242879,2016-03-17T14:00:00Z,60
8253242879,2016-03-17T15:00:00Z,60
8253242879,2016-03-17T16:00:00Z,60
8253242879,2016-03-17T17:00:00Z,60
8253242879,2016-03-17T18:00:00Z,60
8253242879,2016-03-17T19:00:00Z,60
8253242879,2016-03-17T20:00:00Z,60
8253242879,2016-03-17T21:00:00Z,60
8253242879,2016-03-17T22:00:00Z,60
8253242879,2016-03-17T23:00:00Z,60
8253242879,2016-03-18T00:00:00Z,60
8253242879,2016-03-18T01:00:00Z,60
8253242879,2016-03-18T02:00:00Z,60
8253242879,2016-03-18T03:00:00Z,60
8253242879,2016-03-18T04:00:00Z,60
8253242879,2016-03-18T05:00:00Z,60
8253242879,2016-03-18T06:00:00Z,60
8253242879,2016-03-18T07:00:00Z,60
8253242879,2016-03-18T08:00:00Z,60
8253242879,2016-03-18T09:00:00Z,60
8253242879,2016-03-18T10:00:00Z,60
8253242879,2016-03-18T11:00:00Z,60
8253242879,2016-03-18T12:00:00Z,60
8253242879,2016-03-18T13:00:00Z,60
8253242879,2016-03-18T14:00:00Z,60
8253242879,2016-03-18T15:00:00Z,60
8253242879,2016-03-18T16:00:00Z,60
8253242879,2016-03-18T17:00:00Z,60
8253242879,2016-03-18T18:00:00Z,60
8253242879,2016-03-18T19:00:00Z,60
8253242879,2016-03-18T20:00:00Z,60
8253242879,2016-03-18T21:00:00Z,60
8253242879,2016-03-18T22:00:00Z,60
8253242879,2016-03-18T23:00:00Z,60
8253242879,2016-03-19T00:00:00Z,60
8253242879,2016-03-19T01:00:00Z,60
8253242879,2016-03-19T02:00:00Z,60
8253242879,2016-03-19T03:00:00Z,60
8253242879,2016-03-19T04:00:00Z,60
8253242879,2016-03-19T05:00:00Z,60
8253242879,2016-03-19T06:00:00Z,60
8253242879,2016-03-19T07:00:00Z,60
8253242879,2016-03-19T08:00:00Z,60
8253242879,2016-03-19T09:00:00Z,60
8253242879,2016-03-19T10:00:00Z,60
8253242879,2016-03-19T11:00:00Z,60
8253242879,2016-03-19T12:00:00Z,60
8253242879,2016-03-19T13:00:00Z,60
8253242879,2016-03-19T14:00:00Z,60
8253242879,2016-03-19T15:00:00Z,60
8253242879,2016-03-19T16:00:00Z,60
8253242879,2016-03-19T17:00:00Z,60
8253242879,2016-03-19T18:00:00Z,60
8253242879,2016-03-19T19:00:00Z,60
8253242879,2016-03-19T20:00:00Z,60
8253242879,2016-03-19T21:00:00Z,60
8253242879,2016-03-19T22:00:00Z,60
8253242879,2016-03-19T23:00:00Z,60
8253242879,2016-03-20T00:00:00Z,60
8253242879,2016-03-20T01:00:00Z,60
8253242879,2016-03-20T02:00:00Z,60
8253242879,2016-03-20T03:00:00Z,60
8253242879,2016-03-20T04:00:00Z,60
8253242879,2016-03-20T05:00:00Z,60
8253242879,2016-03-20T06:00:00Z,60
8253242879,2016-03-20T07:00:00Z,60
8253242879,2016-03-20T08:00:00Z,60
8253242879,2016-03-20T09:00:00Z,60
8253242879,2016-03-20T10:00:00Z,60
8253242879,2016-03-20T11:00:00Z,60
8253242879,2016-03-20T12:00:00Z,60
8253242879,2016-03-20T13:00:00Z,60
8253242879,2016-03-20T14:00:00Z,60
8253242879,2016-03-20T15:00:00Z,60
8253242879,2016-03-20T16:00:00Z,60
8253242879,2016-03-20T17:00:00Z,60
8253242879,2016-03-20T18:00:00Z,60
8253242879,2016-03-20T19:00:00Z,60
8253242879,2016-03-20T20:00:00Z,60
8253242879,2016-03-20T21:00:00Z,60
8253242879,2016-03-20T22:00:00Z,60
8253242879,2016-03-20T23:00:00Z,60
8253242879,2016-03-21T00:00:00Z,60
8253242879,2016-03-21T01:00:00Z,60
8253242879,2016-03-21T02:00:00Z,60
8253242879,2016-03-21T03:00:00Z,60
8253242879,2016-03-21T04:00:00Z,60
8253242879,2016-03-21T05:00:00Z,60
8253242879,2016-03-21T06:00:00Z,60
8253242879,2016-03-21T07:00:00Z,60
8253242879,2016-03-21T08:00:00Z,60
8253242879,2016-03-21T09:00:00Z,60
8253242879,2016-03-21T10:00:00Z,60
8253242879,2016-03-21T11:00:00Z,60
8253242879,2016-03-21T12:00:00Z,60
8253242879,2016-03-21T13:00:00Z,60
8253242879,2016-03-21T14:00:00Z,60
8253242879,2016-03-21T15:00:00Z,60
8253242879,2016-03-21T16:00:00Z,60
8253242879,2016-03-21T17:00:00Z,60
8253242879,2016-03-21T18:00:00Z,60
8253242879,2016-03-21T19:00:00Z,60
8253242879,2016-03-21T20:00:00Z,60
8253242879,2016-03-21T21:00:00Z,60
8253242879,2016-03-21T22:00:00Z,60
8253242879,2016-03-21T23:00:00Z,60
8253242879,2016-03-22T00:00:00Z,60
8253242879,2016-03-22T01:00:00Z,60
8253242879,2016-03-22T02:00:00Z,60
8253242879,2016-03-22T03:00:00Z,60
8253242879,2016-03-22T04:00:00Z,60
8253242879,2016-03-22T05:00:00Z,60
8253242879,2016-03-22T06:00:00Z,60
8253242879,2016-03-22T07:00:00Z,60
8253242879,2016-03-22T08:00:00Z,60
8253242879,2016-03-22T09:00:00Z,60
8253242879,2016-03-22T10:00:00Z,60
8253242879,2016-03-22T11:00:00Z,60
8253242879,2016-03-22T12:00:00Z,60
8253242879,2016-03-22T13:00:00Z,60
8253242879,2016-03-22T14:00:00Z,60
8253242879,2016-03-22T15:00:00Z,60
8253242879,2016-03-22T16:00:00Z,60
8253242879,2016-03-22T17:00:00Z,60
8253242879,2016-03-22T18:00:00Z,60
8253242879,2016-03-22T19:00:00Z,60
8253242879,2016-03-22T20:00:00Z,60
8253242879,2016-03-22T21:00:00Z,60
8253242879,2016-03-22T22:00:00Z,60
8253242879,2016-03-22T23:00:00Z,60
8253242879,2016-03-23T00:00:00Z,60
8253242879,2016-03-23T01:00:00Z,60
8253242879,2016-03-23T02:00:00Z,60
8253242879,2016-03-23T03:00:00Z,60
8253242879,2016-03-23T04:00:00Z,60
8253242879,2016-03-23T05:00:00Z,60
8253242879,2016-03-23T06:00:00Z,60
8253242879,2016-03-23T07:00:00Z,60
8253242879,2016-03-23T08:00:00Z,60
8253242879,2016-03-23T09:00:00Z,60
8253242879,2016-03-23T10:00:00Z,60
8253242879,2016-03-23T11:00:00Z,60
8253242879,2016-03-23T12:00:00Z,60
8253242879,2016-03-23T13:00:00Z,60
8253242879,2016-03-23T14:00:00Z,60
8253242879,2016-03-23T15:00:00Z,60
8253242879,2016-03-23T16:00:00Z,60
8253242879,2016-03-23T17:00:00Z,60
8253242879,2016-03-23T18:00:00Z,60
8253242879,2016-03-23T19:00:00Z,60
8253242879,2016-03-23T20:00:00Z,60
8253242879,2016-03-23T21:00:00Z,60
8253242879,2016-03-23T22:00:00Z,60
8253242879,2016-03-23T23:00:00Z,60
8253242879,2016-03-24T00:00:00Z,60
8253242879,2016-03-24T01:00:00Z,60
8253242879,2016-03-24T02:00:00Z,60
8253242879,2016-03-24T03:00:00Z,60
8253242879,2016-03-24T04:00:00Z,60
8253242879,2016-03-24T05:00:00Z,60
8253242879,2016-03-24T06:00:00Z,60
8253242879,2016-03-24T07:00:00Z,60
8253242879,2016-03-24T08:00:00Z,60
8253242879,2016-03-24T09:00:00Z,60
8253242879,2016-03-24T10:00:00Z,60
8253242879,2016-03-24T11:00:00Z,60
8253242879,2016-03-24T12:00:00Z,60
8253242879,2016-03-24T13:00:00Z,60
8253242879,2016-03-24T14:00:00Z,60
8253242879,2016-03-24T15:00:00Z,60
8253242879,2016-03-24T16:00:00Z,60
8253242879,2016-03-24T17:00:00Z,60
8253242879,2016-03-24T18:00:00Z,60
8253242879,2016-03-24T19:00:00Z,60
8253242879,2016-03-24T20:00:00Z,60
8253242879,2016-03-24T21:00:00Z,60
8253242879,2016-03-24T22:00:00Z,60
8253242879,2016-03-24T23:00:00Z,60
8253242879,2016-03-25T00:00:00Z,60
8253242879,2016-03-25T01:00:00Z,60
8253242879,2016-03-25T02:00:00Z,60
8253242879,2016-03-25T03:00:00Z,60
8253242879,2016-03-25T04:00:00Z,60
8253242879,2016-03-25T05:00:00Z,60
8253242879,2016-03-25T06:00:00Z,60
8253242879,2016-03-25T07:00:00Z,60
8253242879,2016-03-25T08:00:00Z,60
8253242879,2016-03-25T09:00:00Z,60
8253242879,2016-03-25T10:00:00Z,60
8253242879,2016-03-25T11:00:00Z,60
8253242879,2016-03-25T12:00:00Z,60
8253242879,2016-03-25T13:00:00Z,60
8253242879,2016-03-25T14:00:00Z,60
8253242879,2016-03-25T15:00:00Z,60
8253242879,2016-03-25T16:00:00Z,60
8253242879,2016-03-25T17:00:00Z,60
8253242879,2016-03-25T18:00:00Z,60
8253242879,2016-03-25T19:00:00Z,60
8253242879,2016-03-25T20:00:00Z,60
8253242879,2016-03-25T21:00:00Z,60
8253242879,2016-03-25T22:00:00Z,60
8253242879,2016-03-25T23:00:00Z,60
8253242879,2016-03-26T00:00:00Z,60
8253242879,2016-03-26T01:00:00Z,60
8253242879,2016-03-26T02:00:00Z,60
8253242879,2016-03-26T03:00:00Z,60
8253242879,2016-03-26T04:00:00Z,60
8253242879,2016-03-26T05:00:00Z,60
8253242879,2016-03-26T06:00:00Z,60
8253242879,2016-03-26T07:00:00Z,60
8253242879,2016-03-26T08:00:00Z,60
8253242879,2016-03-26T09:00:00Z,60
8253242879,2016-03-26T10:00:00Z,60
8253242879,2016-03-26T11:00:00Z,60
8253242879,2016-03-26T12:00:00Z,60
8253242879,2016-03-26T13:00:00Z,60
8253242879,2016-03-26T14:00:00Z,60
8253242879,2016-03-26T15:00:00Z,60
8253242879,2016-03-26T16:00:00Z,60
8253242879,2016-03-26T17:00:00Z,60
8253242879,2016-03-26T18:00:00Z,60
8253242879,2016-03-26T19:00:00Z,60
8253242879,2016-03-26T20:00:00Z,60
8253242879,2016-03-26T21:00:00Z,60
8253242879,2016-03-26T22:00:00Z,60
8253242879,2016-03-26T23:00:00Z,60
8253242879,2016-03-27T00:00:00Z,60
8253242879,2016-03-27T01:00:00Z,60
8253242879,2016-03-27T02:00:00Z,60
8253242879,2016-03-27T03:00:00Z,60
8253242879,2016-03-27T04:00:00Z,60
8253242879,2016-03-27T05:00:00Z,60
8253242879,2016-03-27T06:00:00Z,60
8253242879,2016-03-27T07:00:00Z,60
8253242879,2016-03-27T08:00:00Z,60
8253242879,2016-03-27T09:00:00Z,60
8253242879,2016-03-27T10:00:00Z,60
8253242879,2016-03-27T11:00:00Z,60
8253242879,2016-03-27T12:00:00Z,60
8253242879,2016-03-27T13:00:00Z,60
8253242879,2016-03-27T14:00:00Z,60
8253242879,2016-03-27T15:00:00Z,60
8253242879,2016-03-27T16:00:00Z,60
8253242879,2016-03-27T17:00:00Z,60
8253242879,2016-03-27T18:00:00Z,60
8253242879,2016-03-27T19:00:00Z,60
8253242879,2016-03-27T20:00:00Z,60
8253242879,2016-03-27T21:00:00Z,60
8253242879,2016-03-27T22:00:00Z,60
8253242879,2016-03-27T23:00:00Z,60
8253242879,2016-03-28T00:00:00Z,60
8253242879,2016-03-28T01:00:00Z,60
8253242879,2016-03-28T02:00:00Z,60
8253242879,2016-03-28T03:00:00Z,60
8253242879,2016-03-28T04:00:00Z,60
8253242879,2016-03-28T05:00:00Z,60
8253242879,2016-03-28T06:00:00Z,60
8253242879,2016-03-28T07:00:00Z,60
8253242879,2016-03-28T08:00:00Z,60
8253242879,2016-03-28T09:00:00Z,60
8253242879,2016-03-28T10:00:00Z,60
8253242879,2016-03-28T11:00:00Z,60
8253242879,2016-03-28T12:00:00Z,60
8253242879,2016-03-28T13:00:00Z,60
8253242879,2016-03-28T14:00:00Z,60
8253242879,2016-03-28T15:00:00Z,60
8253242879,2016-03-28T16:00:00Z,60
8253242879,2016-03-28T17:00:00Z,60
8253242879,2016-03-28T18:00:00Z,60
8253242879,2016-03-28T19:00:00Z,60
8253242879,2016-03-28T20:00:00Z,60
8253242879,2016-03-28T21:00:00Z,60
8253242879,2016-03-28T22:00:00Z,60
8253242879,2016-03-28T23:00:00Z,60
8253242879,2016-03-29T00:00:00Z,60
8253242879,2016-03-29T01:00:00Z,60
8253242879,2016-03-29T02:00:00Z,60
8253242879,2016-03-29T03:00:00Z,60
8253242879,2016-03-29T04:00:00Z,60
8253242879,2016-03-29T05:00:00Z,60
8253242879,2016-03-29T06:00:00Z,60
8253242879,2016-03-29T07:00:00Z,60
8253242879,2016-03-29T08:00:00Z,60
8253242879,2016-03-29T09:00:00Z,60
8253242879,2016-03-29T10:00:00Z,60
8253242879,2016-03-29T11:00:00Z,60
8253242879,2016-03-29T12:00:00Z,60
8253242879,2016-03-29T13:00:00Z,60
8253242879,2016-03-29T14:00:00Z,60
8253242879,2016-03-29T15:00:00Z,60
8253242879,2016-03-29T16:00:00Z,60
8253242879,2016-03-29T17:00:00Z,60
8253242879,2016-03-29T18:00:00Z,60
8253242879,2016-03-29T19:00:00Z,60
8253242879,2016-03-29T20:00:00Z,60
8253242879,2016-03-29T21:00:00Z,60
8253242879,2016-03-29T22:00:00Z,60
8253242879,2016-03-29T23:00:00Z,60
8253242879,2016-03-30T00:00:00Z,60
8253242879,2016-03-30T01:00:00Z,60
8253242879,2016-03-30T02:00:00Z,60
8253242879,2016-03-30T03:00:00Z,60
8253242879,2016-03-30T04:00:00Z,60
8253242879,2016-03-30T05:00:00Z,60
8253242879,2016-03-30T06:00:00Z,60
8253242879,2016-03-30T07:00:00Z,60
8253242879,2016-03-30T08:00:00Z,60
8253242879,2016-03-30T09:00:00Z,60
8253242879,2016-03-30T10:00:00Z,60
8253242879,2016-03-30T11:00:00Z,60
8253242879,2016-03-30T12:00:00Z,60
8253242879,2016-03-30T13:00:00Z,60
8253242879,2016-03-30T14:00:00Z,60
8253242879,2016-03-30T15:00:00Z,60
8253242879,2016-03-30T16:00:00Z,60
8253242879,2016-03-30T17:00:00Z,60
8253242879,2016-03-30T18:00:00Z,60
8253242879,2016-03-30T19:00:00Z,60
8253242879,2016-03-30T20:00:00Z,60
8253242879,2016-03-30T21:00:00Z,60
8253242879,2016-03-30T22:00:00Z,60
8253242879,2016-03-30T23:00:00Z,60
8253242879,2016-03-31T00:00:00Z,60
8253242879,2016-03-31T01:00:00Z,60
8253242879,2016-03-31T02:00:00Z,60
8253242879,2016-03-31T03:00:00Z,60
8253242879,2016-03-31T04:00:00Z,60
8253242879,2016-03-31T05:00:00Z,60
8253242879,2016-03-31T06:00:00Z,60
8253242879,2016-03-31T07:00:00Z,60
8253242879,2016-03-31T08:00:00Z,60
8253242879,2016-03-31T09:00:00Z,60
8253242879,2016-03-31T10:00:00Z,60
8253242879,2016-03-31T11:00:00Z,60
8253242879,2016-03-31T12:00:00Z,60
8253242879,2016-03-31T13:00:00Z,60
8253242879,2016-03-31T14:00:00Z,60
8253242879,2016-03-31T15:00:00Z,60
8253242879,2016-03-31T16:00:00Z,60
8253242879,2016-03-31T17:00:00Z,60
8253242879,2016-03-31T18:00:00Z,60
8253242879,2016-03-31T19:00:00Z,60
8253242879,2016-03-31T20:00:00Z,60
8253242879,2016-03-31T21:00:00Z,60
8253242879,2016-03-31T22:00:00Z,60
8253242879,2016-03-31T23:00:00Z,60
8253242879,2016-04-01T00:00:00Z,60
8253242879,2016-04-01T01:00:00Z,60
8253242879,2016-04-01T02:00:00Z,60
8253242879,2016-04-01T03:00:00Z,60
8253242879,2016-04-01T04:00:00Z,60
8253242879,2016-04-01T05:00:00Z,60
8253242879,2016-04-01T06:00:00Z,60
8253242879,2016-04-01T07:00:00Z,60
8253242879,2016-04-01T08:00:00Z,60
8253242879,2016-04-01T09:00:00Z,60
8253242879,2016-04-01T10:00:00Z,60
8253242879,2016-04-01T11:00:00Z,60
8253242879,2016-04-01T12:00:00Z,60
8253242879,2016-04-01T13:00:00Z,60
8253242879,2016-04-01T14:00:00Z,60
8253242879,2016-04-01T15:00:00Z,60
8253242879,2016-04-01T16:00:00Z,60
8253242879,2016-04-01T17:00:00Z,60
8253242879,2016-04-01T18:00:00Z,60
8253242879,2016-04-01T19:00:00Z,60
8253242879,2016-04-01T20:00:00Z,60
8253242879,2016-04-01T21:00:00Z,60
8253242879,2016-04-01T22:00:00Z,60
8253242879,2016-04-01T23:00:00Z,60
8253242879,2016-04-02T00:00:00Z,60
8253242879,2016-04-02T01:00:00Z,60
8253242879,2016-04-02T02:00:00Z,60
8253242879,2016-04-02T03:00:00Z,60
8253242879,2016-04-02T04:00:00Z,60
8253242879,2016-04-02T05:00:00Z,60
8253242879,2016-04-02T06:00:00Z,60
8253242879,2016-04-02T07:00:00Z,60
8253242879,2016-04-02T08:00:00Z,60
8253242879,2016-04-02T09:00:00Z,60
8253242879,2016-04-02T10:00:00Z,60
8253242879,2016-04-02T11:00:00Z,60
8253242879,2016-04-02T12:00:00Z,60
8253242879,2016-04-02T13:00:00Z,60
8253242879,2016-04-02T14:00:00Z,60
8253242879,2016-04-02T15:00:00Z,60
8253242879,2016-04-02T16:00:00Z,60
8253242879,2016-04-02T17:00:00Z,60
8253242879,2016-04-02T18:00:00Z,60
8253242879,2016-04-02T19:00:00Z,60
8253242879,2016-04-02T20:00:00Z,60
8253242879,2016-04-02T21:00:00Z,60
8253242879,2016-04-02T22:00:00Z,60
8253242879,2016-04-02T23:00:00Z,60
8253242879,2016-04-03T00:00:00Z,60
8253242879,2016-04-03T01:00:00Z,60
8253242879,2016-04-03T02:00:00Z,60
8253242879,2016-04-03T03:00:00Z,60
8253242879,2016-04-03T04:00:00Z,60
8253242879,2016-04-03T05:00:00Z,60
8253242879,2016-04-03T06:00:00Z,60
8253242879,2016-04-03T07:00:00Z,60
8253242879,2016-04-03T08:00:00Z,60
8253242879,2016-04-03T09:00:00Z,60
8253242879,2016-04-03T10:00:00Z,60
8253242879,2016-04-03T11:00:00Z,60
8253242879,2016-04-03T12:00:00Z,60
8253242879,2016-04-03T13:00:00Z,60
8253242879,2016-04-03T14:00:00Z,60
8253242879,2016-04-03T15:00:00Z,60
8253242879,2016-04-03T16:00:00Z,60
8253242879,2016-04-03T17:00:00Z,60
8253242879,2016-04-03T18:00:00Z,60
8253242879,2016-04-03T19:00:00Z,60
8253242879,2016-04-03T20:00:00Z,60
8253242879,2016-04-03T21:00:00Z,60
8253242879,2016-04-03T22:00:00Z,60
8253242879,2016-04-03T23:00:00Z,60
8253242879,2016-04-04T00:00:00Z,60
8253242879,2016-04-04T01:00:00Z,60
8253242879,2016-04-04T02:00:00Z,60
8253242879,2016-04-04T03:00:00Z,60
8253242879,2016-04-04T04:00:00Z,60
8253242879,2016-04-04T05:00:00Z,60
8253242879,2016-04-04T06:00:00Z,60
8253242879,2016-04-04T07:00:00Z,60
8253242879,2016-04-04T08:00:00Z,60
8253242879,2016-04-04T09:00:00Z,60
8253242879,2016-04-04T10:00:00Z,60
8253242879,2016-04-04T11:00:00Z,60
8253242879,2016-04-04T12:00:00Z,60
8253242879,2016-04-04T13:00:00Z,60
8253242879,2016-04-04T14:00:00Z,60
8253242879,2016-04-04T15:00:00Z,60
8253242879,2016-04-04T16:00:00Z,60
8253242879,2016-04-04T17:00:00Z,60
8253242879,2016-04-04T18:00:00Z,60
8253242879,2016-04-04T19:00:00Z,60
8253242879,2016-04-04T20:00:00Z,60
8253242879,2016-04-04T21:00:00Z,60
8253242879,2016-04-04T22:00:00Z,60
8253242879,2016-04-04T23:00:00Z,60
8253242879,2016-04-05T00:00:00Z,60
8253242879,2016-04-05T01:00:00Z,60
8253242879,2016-04-05T02:00:00Z,60
8253242879,2016-04-05T03:00:00Z,60
8253242879,2016-04-05T04:00:00Z,60
8253242879,2016-04-05T05:00:00Z,60
8253242879,2016-04-05T06:00:00Z,60
8253242879,2016-04-05T07:00:00Z,60
8253242879,2016-04-05T08:00:00Z,60
8253242879,2016-04-05T09:00:00Z,60
8253242879,2016-04-05T10:00:00Z,60
8253242879,2016-04-05T11:00:00Z,60
8253242879,2016-04-05T12:00:00Z,60
8253242879,2016-04-05T13:00:00Z,60
8253242879,2016-04-05T14:00:00Z,60
8253242879,2016-04-05T15:00:00Z,60
8253242879,2016-04-05T16:00:00Z,60
8253242879,2016-04-05T17:00:00Z,60
8253242879,2016-04-05T18:00:00Z,60
8253242879,2016-04-05T19:00:00Z,60
8253242879,2016-04-05T20:00:00Z,60
8253242879,2016-04-05T21:00:00Z,60
8253242879,2016-04-05T22:00:00Z,60
8253242879,2016-04-05T23:00:00Z,60
8253242879,2016-04-06T00:00:00Z,60
8253242879,2016-04-06T01:00:00Z,60
8253242879,2016-04-06T02:00:00Z,60
8253242879,2016-04-06T03:00:00Z,60
8253242879,2016-04-06T04:00:00Z,60
8253242879,2016-04-06T05:00:00Z,60
8253242879,2016-04-06T06:00:00Z,60
8253242879,2016-04-06T07:00:00Z,60
8253242879,2016-04-06T08:00:00Z,60
8253242879,2016-04-06T09:00:00Z,60
8253242879,2016-04-06T10:00:00Z,60
8253242879,2016-04-06T11:00:00Z,60
8253242879,2016-04-06T12:00:00Z,60
8253242879,2016-04-06T13:00:00Z,74
8253242879,2016-04-06T14:00:00Z,85
8253242879,2016-04-06T15:00:00Z,70
8253242879,2016-04-06T16:00:00Z,75
8253242879,2016-04-06T17:00:00Z,78
8253242879,2016-04-06T18:00:00Z,70
8253242879,2016-04-06T19:00:00Z,104
8253242879,2016-04-06T20:00:00Z,63
8253242879,2016-04-06T21:00:00Z,67
8253242879,2016-04-06T22:00:00Z,78
8253242879,2016-04-06T23:00:00Z,69
8253242879,2016-04-07T00:00:00Z,59
8253242879,2016-04-07T01:00:00Z,59
8253242879,2016-04-07T02:00:00Z,59
8253242879,2016-04-07T03:00:00Z,59
8253242879,2016-04-07T04:00:00Z,59
8253242879,2016-04-07T05:00:00Z,59
8253242879,2016-04-07T06:00:00Z,59
8253242879,2016-04-07T07:00:00Z,59
8253242879,2016-04-07T08:00:00Z,59
8253242879,2016-04-07T09:00:00Z,59
8253242879,2016-04-07T10:00:00Z,59
8253242879,2016-04-07T11:00:00Z,62
8253242879,2016-04-07T12:00:00Z,228
8253242879,2016-04-07T13:00:00Z,98
8253242879,2016-04-07T14:00:00Z,75
8253242879,2016-04-07T15:00:00Z,78
8253242879,2016-04-07T16:00:00Z,71
8253242879,2016-04-07T17:00:00Z,92
8253242879,2016-04-07T18:00:00Z,61
8253242879,2016-04-07T19:00:00Z,61
8253242879,2016-04-07T20:00:00Z,67
8253242879,2016-04-07T21:00:00Z,73
8253242879,2016-04-07T22:00:00Z,70
8253242879,2016-04-07T23:00:00Z,86
8253242879,2016-04-08T00:00:00Z,59
8253242879,2016-04-08T01:00:00Z,59
8253242879,2016-04-08T02:00:00Z,59
8253242879,2016-04-08T03:00:00Z,59
8253242879,2016-04-08T04:00:00Z,59
8253242879,2016-04-08T05:00:00Z,59
8253242879,2016-04-08T06:00:00Z,59
8253242879,2016-04-08T07:00:00Z,59
8253242879,2016-04-08T08:00:00Z,59
8253242879,2016-04-08T09:00:00Z,59
8253242879,2016-04-08T10:00:00Z,59
8253242879,2016-04-08T11:00:00Z,294
8253242879,2016-04-08T12:00:00Z,266
8253242879,2016-04-08T13:00:00Z,98
8253242879,2016-04-08T14:00:00Z,80
8253242879,2016-04-08T15:00:00Z,133
8253242879,2016-04-08T16:00:00Z,78
8253242879,2016-04-08T17:00:00Z,94
8253242879,2016-04-08T18:00:00Z,96
8253242879,2016-04-08T19:00:00Z,68
8253242879,2016-04-08T20:00:00Z,80
8253242879,2016-04-08T21:00:00Z,62
8253242879,2016-04-08T22:00:00Z,80
8253242879,2016-04-08T23:00:00Z,81
8253242879,2016-04-09T00:00:00Z,59
8253242879,2016-04-09T01:00:00Z,59
8253242879,2016-04-09T02:00:00Z,59
8253242879,2016-04-09T03:00:00Z,59
8253242879,2016-04-09T04:00:00Z,59
8253242879,2016-04-09T05:00:00Z,59
8253242879,2016-04-09T06:00:00Z,59
8253242879,2016-04-09T07:00:00Z,59
8253242879,2016-04-09T08:00:00Z,59
8253242879,2016-04-09T09:00:00Z,68
8253242879,2016-04-09T10:00:00Z,156
8253242879,2016-04-09T11:00:00Z,138
8253242879,2016-04-09T12:00:00Z,69
8253242879,2016-04-09T13:00:00Z,124
8253242879,2016-04-09T14:00:00Z,93
8253242879,2016-04-09T15:00:00Z,59
8253242879,2016-04-09T16:00:00Z,72
8253242879,2016-04-09T17:00:00Z,69
8253242879,2016-04-09T18:00:00Z,69
8253242879,2016-04-09T19:00:00Z,82
8253242879,2016-04-09T20:00:00Z,73
8253242879,2016-04-09T21:00:00Z,74
8253242879,2016-04-09T22:00:00Z,79
8253242879,2016-04-09T23:00:00Z,71
8253242879,2016-04-10T00:00:00Z,59
8253242879,2016-04-10T01:00:00Z,59
8253242879,2016-04-10T02:00:00Z,59
8253242879,2016-04-10T03:00:00Z,59
8253242879,2016-04-10T04:00:00Z,59
8253242879,2016-04-10T05:00:00Z,59
8253242879,2016-04-10T06:00:00Z,59
8253242879,2016-04-10T07:00:00Z,59
8253242879,2016-04-10T08:00:00Z,59
8253242879,2016-04-10T09:00:00Z,59
8253242879,2016-04-10T10:00:00Z,85
8253242879,2016-04-10T11:00:00Z,115
8253242879,2016-04-10T12:00:00Z,76
8253242879,2016-04-10T13:00:00Z,59
8253242879,2016-04-10T14:00:00Z,65
8253242879,2016-04-10T15:00:00Z,63
8253242879,2016-04-10T16:00:00Z,59
8253242879,2016-04-10T17:00:00Z,81
8253242879,2016-04-10T18:00:00Z,92
8253242879,2016-04-10T19:00:00Z,74
8253242879,2016-04-10T20:00:00Z,67
8253242879,2016-04-10T21:00:00Z,83
8253242879,2016-04-10T22:00:00Z,79
8253242879,2016-04-10T23:00:00Z,61
8253242879,2016-04-11T00:00:00Z,59
8253242879,2016-04-11T01:00:00Z,59
8253242879,2016-04-11T02:00:00Z,59
8253242879,2016-04-11T03:00:00Z,59
8253242879,2016-04-11T04:00:00Z,59
8253242879,2016-04-11T05:00:00Z,59
8253242879,2016-04-11T06:00:00Z,59
8253242879,2016-04-11T07:00:00Z,59
8253242879,2016-04-11T08:00:00Z,59
8253242879,2016-04-11T09:00:00Z,59
8253242879,2016-04-11T10:00:00Z,59
8253242879,2016-04-11T11:00:00Z,59
8253242879,2016-04-11T12:00:00Z,59
8253242879,2016-04-11T13:00:00Z,87
8253242879,2016-04-11T14:00:00Z,85
8253242879,2016-04-11T15:00:00Z,84
8253242879,2016-04-11T16:00:00Z,81
8253242879,2016-04-11T17:00:00Z,77
8253242879,2016-04-11T18:00:00Z,85
8253242879,2016-04-11T19:00:00Z,64
8378563200,2016-03-12T00:00:00Z,100
8378563200,2016-03-12T01:00:00Z,99
8378563200,2016-03-12T02:00:00Z,91
8378563200,2016-03-12T03:00:00Z,93
8378563200,2016-03-12T04:00:00Z,101
8378563200,2016-03-12T05:00:00Z,94
8378563200,2016-03-12T06:00:00Z,92
8378563200,2016-03-12T07:00:00Z,96
8378563200,2016-03-12T08:00:00Z,126
8378563200,2016-03-12T09:00:00Z,121
8378563200,2016-03-12T10:00:00Z,127
8378563200,2016-03-12T11:00:00Z,163
8378563200,2016-03-12T12:00:00Z,120
8378563200,2016-03-12T13:00:00Z,155
8378563200,2016-03-12T14:00:00Z,127
8378563200,2016-03-12T15:00:00Z,97
8378563200,2016-03-12T16:00:00Z,115
8378563200,2016-03-12T17:00:00Z,117
8378563200,2016-03-12T18:00:00Z,99
8378563200,2016-03-12T19:00:00Z,113
8378563200,2016-03-12T20:00:00Z,113
8378563200,2016-03-12T21:00:00Z,120
8378563200,2016-03-12T22:00:00Z,124
8378563200,2016-03-12T23:00:00Z,98
8378563200,2016-03-13T00:00:00Z,91
8378563200,2016-03-13T01:00:00Z,91
8378563200,2016-03-13T02:00:00Z,98
8378563200,2016-03-13T03:00:00Z,94
8378563200,2016-03-13T04:00:00Z,91
8378563200,2016-03-13T05:00:00Z,91
8378563200,2016-03-13T06:00:00Z,101
8378563200,2016-03-13T07:00:00Z,97
8378563200,2016-03-13T08:00:00Z,91
8378563200,2016-03-13T09:00:00Z,165
8378563200,2016-03-13T10:00:00Z,155
8378563200,2016-03-13T11:00:00Z,121
8378563200,2016-03-13T12:00:00Z,94
8378563200,2016-03-13T13:00:00Z,132
8378563200,2016-03-13T14:00:00Z,104
8378563200,2016-03-13T15:00:00Z,143
8378563200,2016-03-13T16:00:00Z,135
8378563200,2016-03-13T17:00:00Z,100
8378563200,2016-03-13T18:00:00Z,108
8378563200,2016-03-13T19:00:00Z,113
8378563200,2016-03-13T20:00:00Z,105
8378563200,2016-03-13T21:00:00Z,141
8378563200,2016-03-13T22:00:00Z,93
8378563200,2016-03-13T23:00:00Z,92
8378563200,2016-03-14T00:00:00Z,91
8378563200,2016-03-14T01:00:00Z,100
8378563200,2016-03-14T02:00:00Z,90
8378563200,2016-03-14T03:00:00Z,93
8378563200,2016-03-14T04:00:00Z,129
8378563200,2016-03-14T05:00:00Z,669
8378563200,2016-03-14T06:00:00Z,122
8378563200,2016-03-14T07:00:00Z,115
8378563200,2016-03-14T08:00:00Z,141
8378563200,2016-03-14T09:00:00Z,221
8378563200,2016-03-14T10:00:00Z,102
8378563200,2016-03-14T11:00:00Z,164
8378563200,2016-03-14T12:00:00Z,135
8378563200,2016-03-14T13:00:00Z,120
8378563200,2016-03-14T14:00:00Z,97
8378563200,2016-03-14T15:00:00Z,117
8378563200,2016-03-14T16:00:00Z,108
8378563200,2016-03-14T17:00:00Z,105
8378563200,2016-03-14T18:00:00Z,115
8378563200,2016-03-14T19:00:00Z,108
8378563200,2016-03-14T20:00:00Z,120
8378563200,2016-03-14T21:00:00Z,129
8378563200,2016-03-14T22:00:00Z,93
8378563200,2016-03-14T23:00:00Z,94
8378563200,2016-03-15T00:00:00Z,91
8378563200,2016-03-15T01:00:00Z,91
8378563200,2016-03-15T02:00:00Z,93
8378563200,2016-03-15T03:00:00Z,91
8378563200,2016-03-15T04:00:00Z,133
8378563200,2016-03-15T05:00:00Z,90
8378563200,2016-03-15T06:00:00Z,122
8378563200,2016-03-15T07:00:00Z,195
8378563200,2016-03-15T08:00:00Z,157
8378563200,2016-03-15T09:00:00Z,199
8378563200,2016-03-15T10:00:00Z,160
8378563200,2016-03-15T11:00:00Z,111
8378563200,2016-03-15T12:00:00Z,421
8378563200,2016-03-15T13:00:00Z,114
8378563200,2016-03-15T14:00:00Z,110
8378563200,2016-03-15T15:00:00Z,175
8378563200,2016-03-15T16:00:00Z,256
8378563200,2016-03-15T17:00:00Z,154
8378563200,2016-03-15T18:00:00Z,115
8378563200,2016-03-15T19:00:00Z,125
8378563200,2016-03-15T20:00:00Z,135
8378563200,2016-03-15T21:00:00Z,126
8378563200,2016-03-15T22:00:00Z,102
8378563200,2016-03-15T23:00:00Z,94
8378563200,2016-03-16T00:00:00Z,91
8378563200,2016-03-16T01:00:00Z,91
8378563200,2016-03-16T02:00:00Z,92
8378563200,2016-03-16T03:00:00Z,92
8378563200,2016-03-16T04:00:00Z,98
8378563200,2016-03-16T05:00:00Z,91
8378563200,2016-03-16T06:00:00Z,120
8378563200,2016-03-16T07:00:00Z,153
8378563200,2016-03-16T08:00:00Z,186
8378563200,2016-03-16T09:00:00Z,123
8378563200,2016-03-16T10:00:00Z,146
8378563200,2016-03-16T11:00:00Z,190
8378563200,2016-03-16T12:00:00Z,199
8378563200,2016-03-16T13:00:00Z,179
8378563200,2016-03-16T14:00:00Z,104
8378563200,2016-03-16T15:00:00Z,173
8378563200,2016-03-16T16:00:00Z,150
8378563200,2016-03-16T17:00:00Z,105
8378563200,2016-03-16T18:00:00Z,188
8378563200,2016-03-16T19:00:00Z,120
8378563200,2016-03-16T20:00:00Z,94
8378563200,2016-03-16T21:00:00Z,123
8378563200,2016-03-16T22:00:00Z,95
8378563200,2016-03-16T23:00:00Z,121
8378563200,2016-03-17T00:00:00Z,115
8378563200,2016-03-17T01:00:00Z,93
8378563200,2016-03-17T02:00:00Z,91
8378563200,2016-03-17T03:00:00Z,93
8378563200,2016-03-17T04:00:00Z,98
8378563200,2016-03-17T05:00:00Z,91
8378563200,2016-03-17T06:00:00Z,91
8378563200,2016-03-17T07:00:00Z,113
8378563200,2016-03-17T08:00:00Z,134
8378563200,2016-03-17T09:00:00Z,162
8378563200,2016-03-17T10:00:00Z,129
8378563200,2016-03-17T11:00:00Z,108
8378563200,2016-03-17T12:00:00Z,108
8378563200,2016-03-17T13:00:00Z,128
8378563200,2016-03-17T14:00:00Z,114
8378563200,2016-03-17T15:00:00Z,141
8378563200,2016-03-17T16:00:00Z,129
8378563200,2016-03-17T17:00:00Z,114
8378563200,2016-03-17T18:00:00Z,128
8378563200,2016-03-17T19:00:00Z,143
8378563200,2016-03-17T20:00:00Z,114
8378563200,2016-03-17T21:00:00Z,115
8378563200,2016-03-17T22:00:00Z,139
8378563200,2016-03-17T23:00:00Z,140
8378563200,2016-03-18T00:00:00Z,92
8378563200,2016-03-18T01:00:00Z,91
8378563200,2016-03-18T02:00:00Z,92
8378563200,2016-03-18T03:00:00Z,93
8378563200,2016-03-18T04:00:00Z,91
8378563200,2016-03-18T05:00:00Z,91
8378563200,2016-03-18T06:00:00Z,93
8378563200,2016-03-18T07:00:00Z,103
8378563200,2016-03-18T08:00:00Z,90
8378563200,2016-03-18T09:00:00Z,124
8378563200,2016-03-18T10:00:00Z,118
8378563200,2016-03-18T11:00:00Z,98
8378563200,2016-03-18T12:00:00Z,161
8378563200,2016-03-18T13:00:00Z,145
8378563200,2016-03-18T14:00:00Z,243
8378563200,2016-03-18T15:00:00Z,338
8378563200,2016-03-18T16:00:00Z,157
8378563200,2016-03-18T17:00:00Z,358
8378563200,2016-03-18T18:00:00Z,276
8378563200,2016-03-18T19:00:00Z,135
8378563200,2016-03-18T20:00:00Z,105
8378563200,2016-03-18T21:00:00Z,94
8378563200,2016-03-18T22:00:00Z,124
8378563200,2016-03-18T23:00:00Z,93
8378563200,2016-03-19T00:00:00Z,92
8378563200,2016-03-19T01:00:00Z,90
8378563200,2016-03-19T02:00:00Z,91
8378563200,2016-03-19T03:00:00Z,91
8378563200,2016-03-19T04:00:00Z,98
8378563200,2016-03-19T05:00:00Z,96
8378563200,2016-03-19T06:00:00Z,91
8378563200,2016-03-19T07:00:00Z,92
8378563200,2016-03-19T08:00:00Z,96
8378563200,2016-03-19T09:00:00Z,118
8378563200,2016-03-19T10:00:00Z,119
8378563200,2016-03-19T11:00:00Z,135
8378563200,2016-03-19T12:00:00Z,106
8378563200,2016-03-19T13:00:00Z,192
8378563200,2016-03-19T14:00:00Z,198
8378563200,2016-03-19T15:00:00Z,194
8378563200,2016-03-19T16:00:00Z,117
8378563200,2016-03-19T17:00:00Z,132
8378563200,2016-03-19T18:00:00Z,127
8378563200,2016-03-19T19:00:00Z,151
8378563200,2016-03-19T20:00:00Z,145
8378563200,2016-03-19T21:00:00Z,104
8378563200,2016-03-19T22:00:00Z,117
8378563200,2016-03-19T23:00:00Z,102
8378563200,2016-03-20T00:00:00Z,98
8378563200,2016-03-20T01:00:00Z,94
8378563200,2016-03-20T02:00:00Z,91
8378563200,2016-03-20T03:00:00Z,96
8378563200,2016-03-20T04:00:00Z,93
8378563200,2016-03-20T05:00:00Z,91
8378563200,2016-03-20T06:00:00Z,92
8378563200,2016-03-20T07:00:00Z,96
8378563200,2016-03-20T08:00:00Z,94
8378563200,2016-03-20T09:00:00Z,114
8378563200,2016-03-20T10:00:00Z,108
8378563200,2016-03-20T11:00:00Z,148
8378563200,2016-03-20T12:00:00Z,128
8378563200,2016-03-20T13:00:00Z,297
8378563200,2016-03-20T14:00:00Z,222
8378563200,2016-03-20T15:00:00Z,194
8378563200,2016-03-20T16:00:00Z,128
8378563200,2016-03-20T17:00:00Z,153
8378563200,2016-03-20T18:00:00Z,152
8378563200,2016-03-20T19:00:00Z,128
8378563200,2016-03-20T20:00:00Z,113
8378563200,2016-03-20T21:00:00Z,135
8378563200,2016-03-20T22:00:00Z,112
8378563200,2016-03-20T23:00:00Z,128
8378563200,2016-03-21T00:00:00Z,123
8378563200,2016-03-21T01:00:00Z,120
8378563200,2016-03-21T02:00:00Z,134
8378563200,2016-03-21T03:00:00Z,103
8378563200,2016-03-21T04:00:00Z,92
8378563200,2016-03-21T05:00:00Z,94
8378563200,2016-03-21T06:00:00Z,92
8378563200,2016-03-21T07:00:00Z,90
8378563200,2016-03-21T08:00:00Z,102
8378563200,2016-03-21T09:00:00Z,113
8378563200,2016-03-21T10:00:00Z,104
8378563200,2016-03-21T11:00:00Z,138
8378563200,2016-03-21T12:00:00Z,132
8378563200,2016-03-21T13:00:00Z,122
8378563200,2016-03-21T14:00:00Z,225
8378563200,2016-03-21T15:00:00Z,162
8378563200,2016-03-21T16:00:00Z,108
8378563200,2016-03-21T17:00:00Z,106
8378563200,2016-03-21T18:00:00Z,117
8378563200,2016-03-21T19:00:00Z,123
8378563200,2016-03-21T20:00:00Z,126
8378563200,2016-03-21T21:00:00Z,137
8378563200,2016-03-21T22:00:00Z,90
8378563200,2016-03-21T23:00:00Z,94
8378563200,2016-03-22T00:00:00Z,91
8378563200,2016-03-22T01:00:00Z,91
8378563200,2016-03-22T02:00:00Z,92
8378563200,2016-03-22T03:00:00Z,93
8378563200,2016-03-22T04:00:00Z,126
8378563200,2016-03-22T05:00:00Z,669
8378563200,2016-03-22T06:00:00Z,120
8378563200,2016-03-22T07:00:00Z,160
8378563200,2016-03-22T08:00:00Z,425
8378563200,2016-03-22T09:00:00Z,148
8378563200,2016-03-22T10:00:00Z,159
8378563200,2016-03-22T11:00:00Z,169
8378563200,2016-03-22T12:00:00Z,122
8378563200,2016-03-22T13:00:00Z,128
8378563200,2016-03-22T14:00:00Z,138
8378563200,2016-03-22T15:00:00Z,142
8378563200,2016-03-22T16:00:00Z,162
8378563200,2016-03-22T17:00:00Z,164
8378563200,2016-03-22T18:00:00Z,107
8378563200,2016-03-22T19:00:00Z,126
8378563200,2016-03-22T20:00:00Z,104
8378563200,2016-03-22T21:00:00Z,109
8378563200,2016-03-22T22:00:00Z,91
8378563200,2016-03-22T23:00:00Z,91
8378563200,2016-03-23T00:00:00Z,91
8378563200,2016-03-23T01:00:00Z,91
8378563200,2016-03-23T02:00:00Z,93
8378563200,2016-03-23T03:00:00Z,90
8378563200,2016-03-23T04:00:00Z,123
8378563200,2016-03-23T05:00:00Z,669
8378563200,2016-03-23T06:00:00Z,122
8378563200,2016-03-23T07:00:00Z,149
8378563200,2016-03-23T08:00:00Z,424
8378563200,2016-03-23T09:00:00Z,133
8378563200,2016-03-23T10:00:00Z,144
8378563200,2016-03-23T11:00:00Z,146
8378563200,2016-03-23T12:00:00Z,132
8378563200,2016-03-23T13:00:00Z,195
8378563200,2016-03-23T14:00:00Z,112
8378563200,2016-03-23T15:00:00Z,145
8378563200,2016-03-23T16:00:00Z,186
8378563200,2016-03-23T17:00:00Z,111
8378563200,2016-03-23T18:00:00Z,136
8378563200,2016-03-23T19:00:00Z,122
8378563200,2016-03-23T20:00:00Z,144
8378563200,2016-03-23T21:00:00Z,121
8378563200,2016-03-23T22:00:00Z,99
8378563200,2016-03-23T23:00:00Z,101
8378563200,2016-03-24T00:00:00Z,91
8378563200,2016-03-24T01:00:00Z,91
8378563200,2016-03-24T02:00:00Z,93
8378563200,2016-03-24T03:00:00Z,91
8378563200,2016-03-24T04:00:00Z,105
8378563200,2016-03-24T05:00:00Z,669
8378563200,2016-03-24T06:00:00Z,130
8378563200,2016-03-24T07:00:00Z,147
8378563200,2016-03-24T08:00:00Z,208
8378563200,2016-03-24T09:00:00Z,146
8378563200,2016-03-24T10:00:00Z,171
8378563200,2016-03-24T11:00:00Z,144
8378563200,2016-03-24T12:00:00Z,123
8378563200,2016-03-24T13:00:00Z,135
8378563200,2016-03-24T14:00:00Z,101
8378563200,2016-03-24T15:00:00Z,158
8378563200,2016-03-24T16:00:00Z,164
8378563200,2016-03-24T17:00:00Z,129
8378563200,2016-03-24T18:00:00Z,132
8378563200,2016-03-24T19:00:00Z,123
8378563200,2016-03-24T20:00:00Z,121
8378563200,2016-03-24T21:00:00Z,93
8378563200,2016-03-24T22:00:00Z,100
8378563200,2016-03-24T23:00:00Z,91
8378563200,2016-03-25T00:00:00Z,91
8378563200,2016-03-25T01:00:00Z,91
8378563200,2016-03-25T02:00:00Z,91
8378563200,2016-03-25T03:00:00Z,90
8378563200,2016-03-25T04:00:00Z,126
8378563200,2016-03-25T05:00:00Z,669
8378563200,2016-03-25T06:00:00Z,124
8378563200,2016-03-25T07:00:00Z,153
8378563200,2016-03-25T08:00:00Z,425
8378563200,2016-03-25T09:00:00Z,177
8378563200,2016-03-25T10:00:00Z,134
8378563200,2016-03-25T11:00:00Z,258
8378563200,2016-03-25T12:00:00Z,144
8378563200,2016-03-25T13:00:00Z,152
8378563200,2016-03-25T14:00:00Z,150
8378563200,2016-03-25T15:00:00Z,201
8378563200,2016-03-25T16:00:00Z,122
8378563200,2016-03-25T17:00:00Z,132
8378563200,2016-03-25T18:00:00Z,134
8378563200,2016-03-25T19:00:00Z,101
8378563200,2016-03-25T20:00:00Z,112
8378563200,2016-03-25T21:00:00Z,104
8378563200,2016-03-25T22:00:00Z,100
8378563200,2016-03-25T23:00:00Z,132
8378563200,2016-03-26T00:00:00Z,100
8378563200,2016-03-26T01:00:00Z,91
8378563200,2016-03-26T02:00:00Z,93
8378563200,2016-03-26T03:00:00Z,98
8378563200,2016-03-26T04:00:00Z,92
8378563200,2016-03-26T05:00:00Z,94
8378563200,2016-03-26T06:00:00Z,99
8378563200,2016-03-26T07:00:00Z,92
8378563200,2016-03-26T08:00:00Z,91
8378563200,2016-03-26T09:00:00Z,133
8378563200,2016-03-26T10:00:00Z,117
8378563200,2016-03-26T11:00:00Z,117
8378563200,2016-03-26T12:00:00Z,90
8378563200,2016-03-26T13:00:00Z,161
8378563200,2016-03-26T14:00:00Z,206
8378563200,2016-03-26T15:00:00Z,198
8378563200,2016-03-26T16:00:00Z,179
8378563200,2016-03-26T17:00:00Z,99
8378563200,2016-03-26T18:00:00Z,126
8378563200,2016-03-26T19:00:00Z,132
8378563200,2016-03-26T20:00:00Z,103
8378563200,2016-03-26T21:00:00Z,140
8378563200,2016-03-26T22:00:00Z,127
8378563200,2016-03-26T23:00:00Z,93
8378563200,2016-03-27T00:00:00Z,92
8378563200,2016-03-27T01:00:00Z,91
8378563200,2016-03-27T02:00:00Z,92
8378563200,2016-03-27T03:00:00Z,91
8378563200,2016-03-27T04:00:00Z,105
8378563200,2016-03-27T05:00:00Z,92
8378563200,2016-03-27T06:00:00Z,91
8378563200,2016-03-27T07:00:00Z,94
8378563200,2016-03-27T08:00:00Z,120
8378563200,2016-03-27T09:00:00Z,124
8378563200,2016-03-27T10:00:00Z,115
8378563200,2016-03-27T11:00:00Z,105
8378563200,2016-03-27T12:00:00Z,127
8378563200,2016-03-27T13:00:00Z,112
8378563200,2016-03-27T14:00:00Z,125
8378563200,2016-03-27T15:00:00Z,117
8378563200,2016-03-27T16:00:00Z,115
8378563200,2016-03-27T17:00:00Z,140
8378563200,2016-03-27T18:00:00Z,124
8378563200,2016-03-27T19:00:00Z,111
8378563200,2016-03-27T20:00:00Z,104
8378563200,2016-03-27T21:00:00Z,101
8378563200,2016-03-27T22:00:00Z,114
8378563200,2016-03-27T23:00:00Z,92
8378563200,2016-03-28T00:00:00Z,91
8378563200,2016-03-28T01:00:00Z,91
8378563200,2016-03-28T02:00:00Z,91
8378563200,2016-03-28T03:00:00Z,91
8378563200,2016-03-28T04:00:00Z,129
8378563200,2016-03-28T05:00:00Z,669
8378563200,2016-03-28T06:00:00Z,129
8378563200,2016-03-28T07:00:00Z,148
8378563200,2016-03-28T08:00:00Z,409
8378563200,2016-03-28T09:00:00Z,180
8378563200,2016-03-28T10:00:00Z,171
8378563200,2016-03-28T11:00:00Z,138
8378563200,2016-03-28T12:00:00Z,208
8378563200,2016-03-28T13:00:00Z,127
8378563200,2016-03-28T14:00:00Z,166
8378563200,2016-03-28T15:00:00Z,168
8378563200,2016-03-28T16:00:00Z,192
8378563200,2016-03-28T17:00:00Z,229
8378563200,2016-03-28T18:00:00Z,199
8378563200,2016-03-28T19:00:00Z,114
8378563200,2016-03-28T20:00:00Z,123
8378563200,2016-03-28T21:00:00Z,90
8378563200,2016-03-28T22:00:00Z,96
8378563200,2016-03-28T23:00:00Z,91
8378563200,2016-03-29T00:00:00Z,93
8378563200,2016-03-29T01:00:00Z,102
8378563200,2016-03-29T02:00:00Z,90
8378563200,2016-03-29T03:00:00Z,93
8378563200,2016-03-29T04:00:00Z,135
8378563200,2016-03-29T05:00:00Z,669
8378563200,2016-03-29T06:00:00Z,129
8378563200,2016-03-29T07:00:00Z,158
8378563200,2016-03-29T08:00:00Z,402
8378563200,2016-03-29T09:00:00Z,149
8378563200,2016-03-29T10:00:00Z,168
8378563200,2016-03-29T11:00:00Z,159
8378563200,2016-03-29T12:00:00Z,139
8378563200,2016-03-29T13:00:00Z,219
8378563200,2016-03-29T14:00:00Z,164
8378563200,2016-03-29T15:00:00Z,144
8378563200,2016-03-29T16:00:00Z,194
8378563200,2016-03-29T17:00:00Z,186
8378563200,2016-03-29T18:00:00Z,191
8378563200,2016-03-29T19:00:00Z,131
8378563200,2016-03-29T20:00:00Z,113
8378563200,2016-03-29T21:00:00Z,148
8378563200,2016-03-29T22:00:00Z,104
8378563200,2016-03-29T23:00:00Z,90
8378563200,2016-03-30T00:00:00Z,91
8378563200,2016-03-30T01:00:00Z,92
8378563200,2016-03-30T02:00:00Z,99
8378563200,2016-03-30T03:00:00Z,91
8378563200,2016-03-30T04:00:00Z,91
8378563200,2016-03-30T05:00:00Z,91
8378563200,2016-03-30T06:00:00Z,107
8378563200,2016-03-30T07:00:00Z,125
8378563200,2016-03-30T08:00:00Z,171
8378563200,2016-03-30T09:00:00Z,337
8378563200,2016-03-30T10:00:00Z,135
8378563200,2016-03-30T11:00:00Z,143
8378563200,2016-03-30T12:00:00Z,102
8378563200,2016-03-30T13:00:00Z,174
8378563200,2016-03-30T14:00:00Z,109
8378563200,2016-03-30T15:00:00Z,208
8378563200,2016-03-30T16:00:00Z,103
8378563200,2016-03-30T17:00:00Z,141
8378563200,2016-03-30T18:00:00Z,142
8378563200,2016-03-30T19:00:00Z,112
8378563200,2016-03-30T20:00:00Z,120
8378563200,2016-03-30T21:00:00Z,91
8378563200,2016-03-30T22:00:00Z,91
8378563200,2016-03-30T23:00:00Z,104
8378563200,2016-03-31T00:00:00Z,91
8378563200,2016-03-31T01:00:00Z,91
8378563200,2016-03-31T02:00:00Z,91
8378563200,2016-03-31T03:00:00Z,90
8378563200,2016-03-31T04:00:00Z,128
8378563200,2016-03-31T05:00:00Z,669
8378563200,2016-03-31T06:00:00Z,123
8378563200,2016-03-31T07:00:00Z,166
8378563200,2016-03-31T08:00:00Z,356
8378563200,2016-03-31T09:00:00Z,191
8378563200,2016-03-31T10:00:00Z,175
8378563200,2016-03-31T11:00:00Z,222
8378563200,2016-03-31T12:00:00Z,348
8378563200,2016-03-31T13:00:00Z,130
8378563200,2016-03-31T14:00:00Z,96
8378563200,2016-03-31T15:00:00Z,174
8378563200,2016-03-31T16:00:00Z,204
8378563200,2016-03-31T17:00:00Z,126
8378563200,2016-03-31T18:00:00Z,121
8378563200,2016-03-31T19:00:00Z,132
8378563200,2016-03-31T20:00:00Z,106
8378563200,2016-03-31T21:00:00Z,93
8378563200,2016-03-31T22:00:00Z,104
8378563200,2016-03-31T23:00:00Z,91
8378563200,2016-04-01T00:00:00Z,91
8378563200,2016-04-01T01:00:00Z,91
8378563200,2016-04-01T02:00:00Z,91
8378563200,2016-04-01T03:00:00Z,91
8378563200,2016-04-01T04:00:00Z,157
8378563200,2016-04-01T05:00:00Z,141
8378563200,2016-04-01T06:00:00Z,99
8378563200,2016-04-01T07:00:00Z,154
8378563200,2016-04-01T08:00:00Z,471
8378563200,2016-04-01T09:00:00Z,212
8378563200,2016-04-01T10:00:00Z,153
8378563200,2016-04-01T11:00:00Z,366
8378563200,2016-04-01T12:00:00Z,149
8378563200,2016-04-01T13:00:00Z,110
8378563200,2016-04-01T14:00:00Z,186
8378563200,2016-04-01T15:00:00Z,139
8378563200,2016-04-01T16:00:00Z,141
8378563200,2016-04-01T17:00:00Z,117
8378563200,2016-04-01T18:00:00Z,143
8378563200,2016-04-01T19:00:00Z,142
8378563200,2016-04-01T20:00:00Z,138
8378563200,2016-04-01T21:00:00Z,93
8378563200,2016-04-01T22:00:00Z,93
8378563200,2016-04-01T23:00:00Z,102
8378563200,2016-04-02T00:00:00Z,91
8378563200,2016-04-02T01:00:00Z,92
8378563200,2016-04-02T02:00:00Z,97
8378563200,2016-04-02T03:00:00Z,101
8378563200,2016-04-02T04:00:00Z,114
8378563200,2016-04-02T05:00:00Z,91
8378563200,2016-04-02T06:00:00Z,91
8378563200,2016-04-02T07:00:00Z,117
8378563200,2016-04-02T08:00:00Z,114
8378563200,2016-04-02T09:00:00Z,115
8378563200,2016-04-02T10:00:00Z,134
8378563200,2016-04-02T11:00:00Z,172
8378563200,2016-04-02T12:00:00Z,128
8378563200,2016-04-02T13:00:00Z,131
8378563200,2016-04-02T14:00:00Z,110
8378563200,2016-04-02T15:00:00Z,91
8378563200,2016-04-02T16:00:00Z,104
8378563200,2016-04-02T17:00:00Z,133
8378563200,2016-04-02T18:00:00Z,144
8378563200,2016-04-02T19:00:00Z,123
8378563200,2016-04-02T20:00:00Z,119
8378563200,2016-04-02T21:00:00Z,108
8378563200,2016-04-02T22:00:00Z,91
8378563200,2016-04-02T23:00:00Z,93
8378563200,2016-04-03T00:00:00Z,91
8378563200,2016-04-03T01:00:00Z,101
8378563200,2016-04-03T02:00:00Z,92
8378563200,2016-04-03T03:00:00Z,91
8378563200,2016-04-03T04:00:00Z,91
8378563200,2016-04-03T05:00:00Z,91
8378563200,2016-04-03T06:00:00Z,94
8378563200,2016-04-03T07:00:00Z,130
8378563200,2016-04-03T08:00:00Z,129
8378563200,2016-04-03T09:00:00Z,113
8378563200,2016-04-03T10:00:00Z,134
8378563200,2016-04-03T11:00:00Z,425
8378563200,2016-04-03T12:00:00Z,155
8378563200,2016-04-03T13:00:00Z,123
8378563200,2016-04-03T14:00:00Z,106
8378563200,2016-04-03T15:00:00Z,117
8378563200,2016-04-03T16:00:00Z,122
8378563200,2016-04-03T17:00:00Z,217
8378563200,2016-04-03T18:00:00Z,228
8378563200,2016-04-03T19:00:00Z,169
8378563200,2016-04-03T20:00:00Z,175
8378563200,2016-04-03T21:00:00Z,124
8378563200,2016-04-03T22:00:00Z,95
8378563200,2016-04-03T23:00:00Z,92
8378563200,2016-04-04T00:00:00Z,94
8378563200,2016-04-04T01:00:00Z,93
8378563200,2016-04-04T02:00:00Z,91
8378563200,2016-04-04T03:00:00Z,91
8378563200,2016-04-04T04:00:00Z,120
8378563200,2016-04-04T05:00:00Z,669
8378563200,2016-04-04T06:00:00Z,125
8378563200,2016-04-04T07:00:00Z,136
8378563200,2016-04-04T08:00:00Z,191
8378563200,2016-04-04T09:00:00Z,182
8378563200,2016-04-04T10:00:00Z,172
8378563200,2016-04-04T11:00:00Z,237
8378563200,2016-04-04T12:00:00Z,379
8378563200,2016-04-04T13:00:00Z,148
8378563200,2016-04-04T14:00:00Z,154
8378563200,2016-04-04T15:00:00Z,131
8378563200,2016-04-04T16:00:00Z,213
8378563200,2016-04-04T17:00:00Z,154
8378563200,2016-04-04T18:00:00Z,331
8378563200,2016-04-04T19:00:00Z,124
8378563200,2016-04-04T20:00:00Z,127
8378563200,2016-04-04T21:00:00Z,91
8378563200,2016-04-04T22:00:00Z,91
8378563200,2016-04-04T23:00:00Z,92
8378563200,2016-04-05T00:00:00Z,90
8378563200,2016-04-05T01:00:00Z,92
8378563200,2016-04-05T02:00:00Z,92
8378563200,2016-04-05T03:00:00Z,91
8378563200,2016-04-05T04:00:00Z,122
8378563200,2016-04-05T05:00:00Z,669
8378563200,2016-04-05T06:00:00Z,123
8378563200,2016-04-05T07:00:00Z,146
8378563200,2016-04-05T08:00:00Z,420
8378563200,2016-04-05T09:00:00Z,131
8378563200,2016-04-05T10:00:00Z,190
8378563200,2016-04-05T11:00:00Z,136
8378563200,2016-04-05T12:00:00Z,326
8378563200,2016-04-05T13:00:00Z,159
8378563200,2016-04-05T14:00:00Z,148
8378563200,2016-04-05T15:00:00Z,224
8378563200,2016-04-05T16:00:00Z,144
8378563200,2016-04-05T17:00:00Z,136
8378563200,2016-04-05T18:00:00Z,117
8378563200,2016-04-05T19:00:00Z,132
8378563200,2016-04-05T20:00:00Z,150
8378563200,2016-04-05T21:00:00Z,92
8378563200,2016-04-05T22:00:00Z,93
8378563200,2016-04-05T23:00:00Z,104
8378563200,2016-04-06T00:00:00Z,93
8378563200,2016-04-06T01:00:00Z,93
8378563200,2016-04-06T02:00:00Z,93
8378563200,2016-04-06T03:00:00Z,91
8378563200,2016-04-06T04:00:00Z,123
8378563200,2016-04-06T05:00:00Z,669
8378563200,2016-04-06T06:00:00Z,129
8378563200,2016-04-06T07:00:00Z,144
8378563200,2016-04-06T08:00:00Z,192
8378563200,2016-04-06T09:00:00Z,172
8378563200,2016-04-06T10:00:00Z,171
8378563200,2016-04-06T11:00:00Z,135
8378563200,2016-04-06T12:00:00Z,164
8378563200,2016-04-06T13:00:00Z,156
8378563200,2016-04-06T14:00:00Z,152
8378563200,2016-04-06T15:00:00Z,199
8378563200,2016-04-06T16:00:00Z,190
8378563200,2016-04-06T17:00:00Z,107
8378563200,2016-04-06T18:00:00Z,148
8378563200,2016-04-06T19:00:00Z,123
8378563200,2016-04-06T20:00:00Z,166
8378563200,2016-04-06T21:00:00Z,94
8378563200,2016-04-06T22:00:00Z,101
8378563200,2016-04-06T23:00:00Z,93
8378563200,2016-04-07T00:00:00Z,92
8378563200,2016-04-07T01:00:00Z,100
8378563200,2016-04-07T02:00:00Z,92
8378563200,2016-04-07T03:00:00Z,94
8378563200,2016-04-07T04:00:00Z,121
8378563200,2016-04-07T05:00:00Z,669
8378563200,2016-04-07T06:00:00Z,126
8378563200,2016-04-07T07:00:00Z,157
8378563200,2016-04-07T08:00:00Z,202
8378563200,2016-04-07T09:00:00Z,147
8378563200,2016-04-07T10:00:00Z,178
8378563200,2016-04-07T11:00:00Z,248
8378563200,2016-04-07T12:00:00Z,151
8378563200,2016-04-07T13:00:00Z,218
8378563200,2016-04-07T14:00:00Z,117
8378563200,2016-04-07T15:00:00Z,153
8378563200,2016-04-07T16:00:00Z,191
8378563200,2016-04-07T17:00:00Z,125
8378563200,2016-04-07T18:00:00Z,126
8378563200,2016-04-07T19:00:00Z,123
8378563200,2016-04-07T20:00:00Z,100
8378563200,2016-04-07T21:00:00Z,115
8378563200,2016-04-07T22:00:00Z,91
8378563200,2016-04-07T23:00:00Z,101
8378563200,2016-04-08T00:00:00Z,92
8378563200,2016-04-08T01:00:00Z,93
8378563200,2016-04-08T02:00:00Z,91
8378563200,2016-04-08T03:00:00Z,95
8378563200,2016-04-08T04:00:00Z,131
8378563200,2016-04-08T05:00:00Z,669
8378563200,2016-04-08T06:00:00Z,120
8378563200,2016-04-08T07:00:00Z,156
8378563200,2016-04-08T08:00:00Z,211
8378563200,2016-04-08T09:00:00Z,139
8378563200,2016-04-08T10:00:00Z,163
8378563200,2016-04-08T11:00:00Z,120
8378563200,2016-04-08T12:00:00Z,304
8378563200,2016-04-08T13:00:00Z,131
8378563200,2016-04-08T14:00:00Z,134
8378563200,2016-04-08T15:00:00Z,182
8378563200,2016-04-08T16:00:00Z,123
8378563200,2016-04-08T17:00:00Z,114
8378563200,2016-04-08T18:00:00Z,99
8378563200,2016-04-08T19:00:00Z,124
8378563200,2016-04-08T20:00:00Z,96
8378563200,2016-04-08T21:00:00Z,123
8378563200,2016-04-08T22:00:00Z,112
8378563200,2016-04-08T23:00:00Z,93
8378563200,2016-04-09T00:00:00Z,99
8378563200,2016-04-09T01:00:00Z,92
8378563200,2016-04-09T02:00:00Z,92
8378563200,2016-04-09T03:00:00Z,98
8378563200,2016-04-09T04:00:00Z,93
8378563200,2016-04-09T05:00:00Z,98
8378563200,2016-04-09T06:00:00Z,108
8378563200,2016-04-09T07:00:00Z,132
8378563200,2016-04-09T08:00:00Z,105
8378563200,2016-04-09T09:00:00Z,161
8378563200,2016-04-09T10:00:00Z,104
8378563200,2016-04-09T11:00:00Z,122
8378563200,2016-04-09T12:00:00Z,130
8378563200,2016-04-09T13:00:00Z,120
8378563200,2016-04-09T14:00:00Z,113
8378563200,2016-04-09T15:00:00Z,120
8378563200,2016-04-09T16:00:00Z,98
8378563200,2016-04-09T17:00:00Z,93
8378563200,2016-04-09T18:00:00Z,98
8378563200,2016-04-09T19:00:00Z,116
8378563200,2016-04-09T20:00:00Z,100
8378563200,2016-04-09T21:00:00Z,113
8378563200,2016-04-09T22:00:00Z,103
8378563200,2016-04-09T23:00:00Z,97
8378563200,2016-04-10T00:00:00Z,114
8378563200,2016-04-10T01:00:00Z,91
8378563200,2016-04-10T02:00:00Z,94
8378563200,2016-04-10T03:00:00Z,90
8378563200,2016-04-10T04:00:00Z,96
8378563200,2016-04-10T05:00:00Z,91
8378563200,2016-04-10T06:00:00Z,92
8378563200,2016-04-10T07:00:00Z,91
8378563200,2016-04-10T08:00:00Z,121
8378563200,2016-04-10T09:00:00Z,124
8378563200,2016-04-10T10:00:00Z,118
8378563200,2016-04-10T11:00:00Z,127
8378563200,2016-04-10T12:00:00Z,129
8378563200,2016-04-10T13:00:00Z,127
8378563200,2016-04-10T14:00:00Z,108
8378563200,2016-04-10T15:00:00Z,97
8378563200,2016-04-10T16:00:00Z,116
8378563200,2016-04-10T17:00:00Z,101
8378563200,2016-04-10T18:00:00Z,121
8378563200,2016-04-10T19:00:00Z,148
8378563200,2016-04-10T20:00:00Z,115
8378563200,2016-04-10T21:00:00Z,129
8378563200,2016-04-10T22:00:00Z,92
8378563200,2016-04-10T23:00:00Z,91
8378563200,2016-04-11T00:00:00Z,93
8378563200,2016-04-11T01:00:00Z,102
8378563200,2016-04-11T02:00:00Z,91
8378563200,2016-04-11T03:00:00Z,91
8378563200,2016-04-11T04:00:00Z,119
8378563200,2016-04-11T05:00:00Z,669
8378563200,2016-04-11T06:00:00Z,119
8378563200,2016-04-11T07:00:00Z,156
8378563200,2016-04-11T08:00:00Z,196
8378563200,2016-04-11T09:00:00Z,133
8378563200,2016-04-11T10:00:00Z,156
8378563200,2016-04-11T11:00:00Z,172
8378563200,2016-04-11T12:00:00Z,157
8378563200,2016-04-11T13:00:00Z,205
8378563200,2016-04-11T14:00:00Z,187
8378563200,2016-04-11T15:00:00Z,125
8378563200,2016-04-11T16:00:00Z,198
8378563200,2016-04-11T17:00:00Z,102
8378563200,2016-04-11T18:00:00Z,154
8378563200,2016-04-11T19:00:00Z,120
8378563200,2016-04-11T20:00:00Z,117
8378563200,2016-04-11T21:00:00Z,118
8378563200,2016-04-11T22:00:00Z,105
8378563200,2016-04-11T23:00:00Z,92
8378563200,2016-04-12T00:00:00Z,91
8378563200,2016-04-12T01:00:00Z,100
8378563200,2016-04-12T02:00:00Z,90
8378563200,2016-04-12T03:00:00Z,91
8378563200,2016-04-12T04:00:00Z,124
8378563200,2016-04-12T05:00:00Z,669
8378563200,2016-04-12T06:00:00Z,129
8378563200,2016-04-12T07:00:00Z,174
8378563200,2016-04-12T08:00:00Z,236
8378563200,2016-04-12T09:00:00Z,113
8583815059,2016-03-12T00:00:00Z,87
8583815059,2016-03-12T01:00:00Z,104
8583815059,2016-03-12T02:00:00Z,84
8583815059,2016-03-12T03:00:00Z,84
8583815059,2016-03-12T04:00:00Z,84
8583815059,2016-03-12T05:00:00Z,84
8583815059,2016-03-12T06:00:00Z,84
8583815059,2016-03-12T07:00:00Z,84
8583815059,2016-03-12T08:00:00Z,84
8583815059,2016-03-12T09:00:00Z,84
8583815059,2016-03-12T10:00:00Z,84
8583815059,2016-03-12T11:00:00Z,163
8583815059,2016-03-12T12:00:00Z,135
8583815059,2016-03-12T13:00:00Z,122
8583815059,2016-03-12T14:00:00Z,107
8583815059,2016-03-12T15:00:00Z,112
8583815059,2016-03-12T16:00:00Z,108
8583815059,2016-03-12T17:00:00Z,107
8583815059,2016-03-12T18:00:00Z,127
8583815059,2016-03-12T19:00:00Z,108
8583815059,2016-03-12T20:00:00Z,89
8583815059,2016-03-12T21:00:00Z,97
8583815059,2016-03-12T22:00:00Z,103
8583815059,2016-03-12T23:00:00Z,114
8583815059,2016-03-13T00:00:00Z,92
8583815059,2016-03-13T01:00:00Z,91
8583815059,2016-03-13T02:00:00Z,84
8583815059,2016-03-13T03:00:00Z,84
8583815059,2016-03-13T04:00:00Z,84
8583815059,2016-03-13T05:00:00Z,84
8583815059,2016-03-13T06:00:00Z,84
8583815059,2016-03-13T07:00:00Z,84
8583815059,2016-03-13T08:00:00Z,84
8583815059,2016-03-13T09:00:00Z,84
8583815059,2016-03-13T10:00:00Z,84
8583815059,2016-03-13T11:00:00Z,143
8583815059,2016-03-13T12:00:00Z,186
8583815059,2016-03-13T13:00:00Z,125
8583815059,2016-03-13T14:00:00Z,114
8583815059,2016-03-13T15:00:00Z,97
8583815059,2016-03-13T16:00:00Z,95
8583815059,2016-03-13T17:00:00Z,91
8583815059,2016-03-13T18:00:00Z,95
8583815059,2016-03-13T19:00:00Z,124
8583815059,2016-03-13T20:00:00Z,96
8583815059,2016-03-13T21:00:00Z,94
8583815059,2016-03-13T22:00:00Z,86
8583815059,2016-03-13T23:00:00Z,105
8583815059,2016-03-14T00:00:00Z,84
8583815059,2016-03-14T01:00:00Z,84
8583815059,2016-03-14T02:00:00Z,84
8583815059,2016-03-14T03:00:00Z,84
8583815059,2016-03-14T04:00:00Z,84
8583815059,2016-03-14T05:00:00Z,84
8583815059,2016-03-14T06:00:00Z,84
8583815059,2016-03-14T07:00:00Z,84
8583815059,2016-03-14T08:00:00Z,84
8583815059,2016-03-14T09:00:00Z,111
8583815059,2016-03-14T10:00:00Z,145
8583815059,2016-03-14T11:00:00Z,111
8583815059,2016-03-14T12:00:00Z,101
8583815059,2016-03-14T13:00:00Z,96
8583815059,2016-03-14T14:00:00Z,95
8583815059,2016-03-14T15:00:00Z,87
8583815059,2016-03-14T16:00:00Z,98
8583815059,2016-03-14T17:00:00Z,96
8583815059,2016-03-14T18:00:00Z,136
8583815059,2016-03-14T19:00:00Z,101
8583815059,2016-03-14T20:00:00Z,100
8583815059,2016-03-14T21:00:00Z,101
8583815059,2016-03-14T22:00:00Z,93
8583815059,2016-03-14T23:00:00Z,109
8583815059,2016-03-15T00:00:00Z,84
8583815059,2016-03-15T01:00:00Z,84
8583815059,2016-03-15T02:00:00Z,84
8583815059,2016-03-15T03:00:00Z,84
8583815059,2016-03-15T04:00:00Z,84
8583815059,2016-03-15T05:00:00Z,84
8583815059,2016-03-15T06:00:00Z,84
8583815059,2016-03-15T07:00:00Z,84
8583815059,2016-03-15T08:00:00Z,87
8583815059,2016-03-15T09:00:00Z,97
8583815059,2016-03-15T10:00:00Z,107
8583815059,2016-03-15T11:00:00Z,132
8583815059,2016-03-15T12:00:00Z,91
8583815059,2016-03-15T13:00:00Z,127
8583815059,2016-03-15T14:00:00Z,185
8583815059,2016-03-15T15:00:00Z,94
8583815059,2016-03-15T16:00:00Z,93
8583815059,2016-03-15T17:00:00Z,135
8583815059,2016-03-15T18:00:00Z,112
8583815059,2016-03-15T19:00:00Z,100
8583815059,2016-03-15T20:00:00Z,86
8583815059,2016-03-15T21:00:00Z,97
8583815059,2016-03-15T22:00:00Z,109
8583815059,2016-03-15T23:00:00Z,84
8583815059,2016-03-16T00:00:00Z,84
8583815059,2016-03-16T01:00:00Z,84
8583815059,2016-03-16T02:00:00Z,84
8583815059,2016-03-16T03:00:00Z,84
8583815059,2016-03-16T04:00:00Z,84
8583815059,2016-03-16T05:00:00Z,84
8583815059,2016-03-16T06:00:00Z,84
8583815059,2016-03-16T07:00:00Z,84
8583815059,2016-03-16T08:00:00Z,110
8583815059,2016-03-16T09:00:00Z,86
8583815059,2016-03-16T10:00:00Z,115
8583815059,2016-03-16T11:00:00Z,150
8583815059,2016-03-16T12:00:00Z,111
8583815059,2016-03-16T13:00:00Z,95
8583815059,2016-03-16T14:00:00Z,95
8583815059,2016-03-16T15:00:00Z,127
8583815059,2016-03-16T16:00:00Z,93
8583815059,2016-03-16T17:00:00Z,84
8583815059,2016-03-16T18:00:00Z,116
8583815059,2016-03-16T19:00:00Z,161
8583815059,2016-03-16T20:00:00Z,99
8583815059,2016-03-16T21:00:00Z,88
8583815059,2016-03-16T22:00:00Z,102
8583815059,2016-03-16T23:00:00Z,85
8583815059,2016-03-17T00:00:00Z,84
8583815059,2016-03-17T01:00:00Z,84
8583815059,2016-03-17T02:00:00Z,84
8583815059,2016-03-17T03:00:00Z,84
8583815059,2016-03-17T04:00:00Z,84
8583815059,2016-03-17T05:00:00Z,84
8583815059,2016-03-17T06:00:00Z,84
8583815059,2016-03-17T07:00:00Z,84
8583815059,2016-03-17T08:00:00Z,84
8583815059,2016-03-17T09:00:00Z,84
8583815059,2016-03-17T10:00:00Z,84
8583815059,2016-03-17T11:00:00Z,84
8583815059,2016-03-17T12:00:00Z,84
8583815059,2016-03-17T13:00:00Z,84
8583815059,2016-03-17T14:00:00Z,84
8583815059,2016-03-17T15:00:00Z,84
8583815059,2016-03-17T16:00:00Z,84
8583815059,2016-03-17T17:00:00Z,84
8583815059,2016-03-17T18:00:00Z,84
8583815059,2016-03-17T19:00:00Z,84
8583815059,2016-03-17T20:00:00Z,84
8583815059,2016-03-17T21:00:00Z,84
8583815059,2016-03-17T22:00:00Z,84
8583815059,2016-03-17T23:00:00Z,84
8583815059,2016-03-18T00:00:00Z,84
8583815059,2016-03-18T01:00:00Z,84
8583815059,2016-03-18T02:00:00Z,84
8583815059,2016-03-18T03:00:00Z,84
8583815059,2016-03-18T04:00:00Z,84
8583815059,2016-03-18T05:00:00Z,84
8583815059,2016-03-18T06:00:00Z,84
8583815059,2016-03-18T07:00:00Z,84
8583815059,2016-03-18T08:00:00Z,84
8583815059,2016-03-18T09:00:00Z,84
8583815059,2016-03-18T10:00:00Z,84
8583815059,2016-03-18T11:00:00Z,84
8583815059,2016-03-18T12:00:00Z,84
8583815059,2016-03-18T13:00:00Z,84
8583815059,2016-03-18T14:00:00Z,84
8583815059,2016-03-18T15:00:00Z,84
8583815059,2016-03-18T16:00:00Z,84
8583815059,2016-03-18T17:00:00Z,84
8583815059,2016-03-18T18:00:00Z,84
8583815059,2016-03-18T19:00:00Z,84
8583815059,2016-03-18T20:00:00Z,84
8583815059,2016-03-18T21:00:00Z,84
8583815059,2016-03-18T22:00:00Z,84
8583815059,2016-03-18T23:00:00Z,84
8583815059,2016-03-19T00:00:00Z,84
8583815059,2016-03-19T01:00:00Z,84
8583815059,2016-03-19T02:00:00Z,84
8583815059,2016-03-19T03:00:00Z,84
8583815059,2016-03-19T04:00:00Z,84
8583815059,2016-03-19T05:00:00Z,84
8583815059,2016-03-19T06:00:00Z,84
8583815059,2016-03-19T07:00:00Z,84
8583815059,2016-03-19T08:00:00Z,84
8583815059,2016-03-19T09:00:00Z,84
8583815059,2016-03-19T10:00:00Z,84
8583815059,2016-03-19T11:00:00Z,84
8583815059,2016-03-19T12:00:00Z,84
8583815059,2016-03-19T13:00:00Z,84
8583815059,2016-03-19T14:00:00Z,84
8583815059,2016-03-19T15:00:00Z,84
8583815059,2016-03-19T16:00:00Z,84
8583815059,2016-03-19T17:00:00Z,84
8583815059,2016-03-19T18:00:00Z,84
8583815059,2016-03-19T19:00:00Z,84
8583815059,2016-03-19T20:00:00Z,84
8583815059,2016-03-19T21:00:00Z,84
8583815059,2016-03-19T22:00:00Z,84
8583815059,2016-03-19T23:00:00Z,84
8583815059,2016-03-20T00:00:00Z,84
8583815059,2016-03-20T01:00:00Z,84
8583815059,2016-03-20T02:00:00Z,84
8583815059,2016-03-20T03:00:00Z,84
8583815059,2016-03-20T04:00:00Z,84
8583815059,2016-03-20T05:00:00Z,84
8583815059,2016-03-20T06:00:00Z,84
8583815059,2016-03-20T07:00:00Z,84
8583815059,2016-03-20T08:00:00Z,84
8583815059,2016-03-20T09:00:00Z,84
8583815059,2016-03-20T10:00:00Z,84
8583815059,2016-03-20T11:00:00Z,84
8583815059,2016-03-20T12:00:00Z,84
8583815059,2016-03-20T13:00:00Z,84
8583815059,2016-03-20T14:00:00Z,84
8583815059,2016-03-20T15:00:00Z,84
8583815059,2016-03-20T16:00:00Z,84
8583815059,2016-03-20T17:00:00Z,84
8583815059,2016-03-20T18:00:00Z,84
8583815059,2016-03-20T19:00:00Z,84
8583815059,2016-03-20T20:00:00Z,84
8583815059,2016-03-20T21:00:00Z,84
8583815059,2016-03-20T22:00:00Z,84
8583815059,2016-03-20T23:00:00Z,84
8583815059,2016-03-21T00:00:00Z,84
8583815059,2016-03-21T01:00:00Z,84
8583815059,2016-03-21T02:00:00Z,84
8583815059,2016-03-21T03:00:00Z,84
8583815059,2016-03-21T04:00:00Z,84
8583815059,2016-03-21T05:00:00Z,84
8583815059,2016-03-21T06:00:00Z,84
8583815059,2016-03-21T07:00:00Z,84
8583815059,2016-03-21T08:00:00Z,84
8583815059,2016-03-21T09:00:00Z,84
8583815059,2016-03-21T10:00:00Z,84
8583815059,2016-03-21T11:00:00Z,84
8583815059,2016-03-21T12:00:00Z,84
8583815059,2016-03-21T13:00:00Z,84
8583815059,2016-03-21T14:00:00Z,84
8583815059,2016-03-21T15:00:00Z,84
8583815059,2016-03-21T16:00:00Z,84
8583815059,2016-03-21T17:00:00Z,84
8583815059,2016-03-21T18:00:00Z,84
8583815059,2016-03-21T19:00:00Z,84
8583815059,2016-03-21T20:00:00Z,84
8583815059,2016-03-21T21:00:00Z,84
8583815059,2016-03-21T22:00:00Z,84
8583815059,2016-03-21T23:00:00Z,84
8583815059,2016-03-22T00:00:00Z,84
8583815059,2016-03-22T01:00:00Z,84
8583815059,2016-03-22T02:00:00Z,84
8583815059,2016-03-22T03:00:00Z,84
8583815059,2016-03-22T04:00:00Z,84
8583815059,2016-03-22T05:00:00Z,84
8583815059,2016-03-22T06:00:00Z,84
8583815059,2016-03-22T07:00:00Z,84
8583815059,2016-03-22T08:00:00Z,84
8583815059,2016-03-22T09:00:00Z,84
8583815059,2016-03-22T10:00:00Z,84
8583815059,2016-03-22T11:00:00Z,84
8583815059,2016-03-22T12:00:00Z,84
8583815059,2016-03-22T13:00:00Z,84
8583815059,2016-03-22T14:00:00Z,84
8583815059,2016-03-22T15:00:00Z,84
8583815059,2016-03-22T16:00:00Z,84
8583815059,2016-03-22T17:00:00Z,84
8583815059,2016-03-22T18:00:00Z,84
8583815059,2016-03-22T19:00:00Z,84
8583815059,2016-03-22T20:00:00Z,84
8583815059,2016-03-22T21:00:00Z,84
8583815059,2016-03-22T22:00:00Z,84
8583815059,2016-03-22T23:00:00Z,84
8583815059,2016-03-23T00:00:00Z,84
8583815059,2016-03-23T01:00:00Z,84
8583815059,2016-03-23T02:00:00Z,84
8583815059,2016-03-23T03:00:00Z,84
8583815059,2016-03-23T04:00:00Z,84
8583815059,2016-03-23T05:00:00Z,84
8583815059,2016-03-23T06:00:00Z,84
8583815059,2016-03-23T07:00:00Z,84
8583815059,2016-03-23T08:00:00Z,84
8583815059,2016-03-23T09:00:00Z,84
8583815059,2016-03-23T10:00:00Z,84
8583815059,2016-03-23T11:00:00Z,84
8583815059,2016-03-23T12:00:00Z,84
8583815059,2016-03-23T13:00:00Z,84
8583815059,2016-03-23T14:00:00Z,84
8583815059,2016-03-23T15:00:00Z,84
8583815059,2016-03-23T16:00:00Z,84
8583815059,2016-03-23T17:00:00Z,84
8583815059,2016-03-23T18:00:00Z,84
8583815059,2016-03-23T19:00:00Z,84
8583815059,2016-03-23T20:00:00Z,84
8583815059,2016-03-23T21:00:00Z,84
8583815059,2016-03-23T22:00:00Z,84
8583815059,2016-03-23T23:00:00Z,84
8583815059,2016-03-24T00:00:00Z,84
8583815059,2016-03-24T01:00:00Z,84
8583815059,2016-03-24T02:00:00Z,84
8583815059,2016-03-24T03:00:00Z,84
8583815059,2016-03-24T04:00:00Z,84
8583815059,2016-03-24T05:00:00Z,84
8583815059,2016-03-24T06:00:00Z,84
8583815059,2016-03-24T07:00:00Z,84
8583815059,2016-03-24T08:00:00Z,84
8583815059,2016-03-24T09:00:00Z,84
8583815059,2016-03-24T10:00:00Z,84
8583815059,2016-03-24T11:00:00Z,84
8583815059,2016-03-24T12:00:00Z,84
8583815059,2016-03-24T13:00:00Z,84
8583815059,2016-03-24T14:00:00Z,84
8583815059,2016-03-24T15:00:00Z,84
8583815059,2016-03-24T16:00:00Z,84
8583815059,2016-03-24T17:00:00Z,84
8583815059,2016-03-24T18:00:00Z,84
8583815059,2016-03-24T19:00:00Z,84
8583815059,2016-03-24T20:00:00Z,84
8583815059,2016-03-24T21:00:00Z,84
8583815059,2016-03-24T22:00:00Z,84
8583815059,2016-03-24T23:00:00Z,84
8583815059,2016-03-25T00:00:00Z,84
8583815059,2016-03-25T01:00:00Z,84
8583815059,2016-03-25T02:00:00Z,84
8583815059,2016-03-25T03:00:00Z,84
8583815059,2016-03-25T04:00:00Z,84
8583815059,2016-03-25T05:00:00Z,84
8583815059,2016-03-25T06:00:00Z,84
8583815059,2016-03-25T07:00:00Z,84
8583815059,2016-03-25T08:00:00Z,84
8583815059,2016-03-25T09:00:00Z,84
8583815059,2016-03-25T10:00:00Z,84
8583815059,2016-03-25T11:00:00Z,84
8583815059,2016-03-25T12:00:00Z,84
8583815059,2016-03-25T13:00:00Z,84
8583815059,2016-03-25T14:00:00Z,84
8583815059,2016-03-25T15:00:00Z,84
8583815059,2016-03-25T16:00:00Z,84
8583815059,2016-03-25T17:00:00Z,84
8583815059,2016-03-25T18:00:00Z,84
8583815059,2016-03-25T19:00:00Z,84
8583815059,2016-03-25T20:00:00Z,84
8583815059,2016-03-25T21:00:00Z,84
8583815059,2016-03-25T22:00:00Z,84
8583815059,2016-03-25T23:00:00Z,84
8583815059,2016-03-26T00:00:00Z,84
8583815059,2016-03-26T01:00:00Z,84
8583815059,2016-03-26T02:00:00Z,84
8583815059,2016-03-26T03:00:00Z,84
8583815059,2016-03-26T04:00:00Z,84
8583815059,2016-03-26T05:00:00Z,84
8583815059,2016-03-26T06:00:00Z,84
8583815059,2016-03-26T07:00:00Z,84
8583815059,2016-03-26T08:00:00Z,84
8583815059,2016-03-26T09:00:00Z,84
8583815059,2016-03-26T10:00:00Z,84
8583815059,2016-03-26T11:00:00Z,84
8583815059,2016-03-26T12:00:00Z,84
8583815059,2016-03-26T13:00:00Z,84
8583815059,2016-03-26T14:00:00Z,84
8583815059,2016-03-26T15:00:00Z,84
8583815059,2016-03-26T16:00:00Z,84
8583815059,2016-03-26T17:00:00Z,84
8583815059,2016-03-26T18:00:00Z,84
8583815059,2016-03-26T19:00:00Z,84
8583815059,2016-03-26T20:00:00Z,84
8583815059,2016-03-26T21:00:00Z,84
8583815059,2016-03-26T22:00:00Z,84
8583815059,2016-03-26T23:00:00Z,84
8583815059,2016-03-27T00:00:00Z,84
8583815059,2016-03-27T01:00:00Z,84
8583815059,2016-03-27T02:00:00Z,84
8583815059,2016-03-27T03:00:00Z,84
8583815059,2016-03-27T04:00:00Z,84
8583815059,2016-03-27T05:00:00Z,84
8583815059,2016-03-27T06:00:00Z,84
8583815059,2016-03-27T07:00:00Z,84
8583815059,2016-03-27T08:00:00Z,84
8583815059,2016-03-27T09:00:00Z,84
8583815059,2016-03-27T10:00:00Z,84
8583815059,2016-03-27T11:00:00Z,84
8583815059,2016-03-27T12:00:00Z,84
8583815059,2016-03-27T13:00:00Z,84
8583815059,2016-03-27T14:00:00Z,84
8583815059,2016-03-27T15:00:00Z,84
8583815059,2016-03-27T16:00:00Z,84
8583815059,2016-03-27T17:00:00Z,84
8583815059,2016-03-27T18:00:00Z,84
8583815059,2016-03-27T19:00:00Z,84
8583815059,2016-03-27T20:00:00Z,84
8583815059,2016-03-27T21:00:00Z,84
8583815059,2016-03-27T22:00:00Z,84
8583815059,2016-03-27T23:00:00Z,84
8583815059,2016-03-28T00:00:00Z,84
8583815059,2016-03-28T01:00:00Z,84
8583815059,2016-03-28T02:00:00Z,84
8583815059,2016-03-28T03:00:00Z,84
8583815059,2016-03-28T04:00:00Z,84
8583815059,2016-03-28T05:00:00Z,84
8583815059,2016-03-28T06:00:00Z,84
8583815059,2016-03-28T07:00:00Z,84
8583815059,2016-03-28T08:00:00Z,84
8583815059,2016-03-28T09:00:00Z,84
8583815059,2016-03-28T10:00:00Z,84
8583815059,2016-03-28T11:00:00Z,106
8583815059,2016-03-28T12:00:00Z,152
8583815059,2016-03-28T13:00:00Z,103
8583815059,2016-03-28T14:00:00Z,148
8583815059,2016-03-28T15:00:00Z,123
8583815059,2016-03-28T16:00:00Z,86
8583815059,2016-03-28T17:00:00Z,85
8583815059,2016-03-28T18:00:00Z,93
8583815059,2016-03-28T19:00:00Z,182
8583815059,2016-03-28T20:00:00Z,111
8583815059,2016-03-28T21:00:00Z,87
8583815059,2016-03-28T22:00:00Z,97
8583815059,2016-03-28T23:00:00Z,110
8583815059,2016-03-29T00:00:00Z,105
8583815059,2016-03-29T01:00:00Z,84
8583815059,2016-03-29T02:00:00Z,84
8583815059,2016-03-29T03:00:00Z,84
8583815059,2016-03-29T04:00:00Z,84
8583815059,2016-03-29T05:00:00Z,84
8583815059,2016-03-29T06:00:00Z,84
8583815059,2016-03-29T07:00:00Z,84
8583815059,2016-03-29T08:00:00Z,84
8583815059,2016-03-29T09:00:00Z,84
8583815059,2016-03-29T10:00:00Z,154
8583815059,2016-03-29T11:00:00Z,101
8583815059,2016-03-29T12:00:00Z,302
8583815059,2016-03-29T13:00:00Z,219
8583815059,2016-03-29T14:00:00Z,191
8583815059,2016-03-29T15:00:00Z,86
8583815059,2016-03-29T16:00:00Z,86
8583815059,2016-03-29T17:00:00Z,109
8583815059,2016-03-29T18:00:00Z,95
8583815059,2016-03-29T19:00:00Z,100
8583815059,2016-03-29T20:00:00Z,138
8583815059,2016-03-29T21:00:00Z,138
8583815059,2016-03-29T22:00:00Z,104
8583815059,2016-03-29T23:00:00Z,97
8583815059,2016-03-30T00:00:00Z,84
8583815059,2016-03-30T01:00:00Z,84
8583815059,2016-03-30T02:00:00Z,84
8583815059,2016-03-30T03:00:00Z,84
8583815059,2016-03-30T04:00:00Z,84
8583815059,2016-03-30T05:00:00Z,84
8583815059,2016-03-30T06:00:00Z,84
8583815059,2016-03-30T07:00:00Z,84
8583815059,2016-03-30T08:00:00Z,84
8583815059,2016-03-30T09:00:00Z,84
8583815059,2016-03-30T10:00:00Z,147
8583815059,2016-03-30T11:00:00Z,184
8583815059,2016-03-30T12:00:00Z,199
8583815059,2016-03-30T13:00:00Z,233
8583815059,2016-03-30T14:00:00Z,169
8583815059,2016-03-30T15:00:00Z,114
8583815059,2016-03-30T16:00:00Z,202
8583815059,2016-03-30T17:00:00Z,124
8583815059,2016-03-30T18:00:00Z,84
8583815059,2016-03-30T19:00:00Z,84
8583815059,2016-03-30T20:00:00Z,87
8583815059,2016-03-30T21:00:00Z,144
8583815059,2016-03-30T22:00:00Z,102
8583815059,2016-03-30T23:00:00Z,85
8583815059,2016-03-31T00:00:00Z,110
8583815059,2016-03-31T01:00:00Z,84
8583815059,2016-03-31T02:00:00Z,84
8583815059,2016-03-31T03:00:00Z,84
8583815059,2016-03-31T04:00:00Z,84
8583815059,2016-03-31T05:00:00Z,84
8583815059,2016-03-31T06:00:00Z,84
8583815059,2016-03-31T07:00:00Z,84
8583815059,2016-03-31T08:00:00Z,84
8583815059,2016-03-31T09:00:00Z,100
8583815059,2016-03-31T10:00:00Z,132
8583815059,2016-03-31T11:00:00Z,88
8583815059,2016-03-31T12:00:00Z,130
8583815059,2016-03-31T13:00:00Z,128
8583815059,2016-03-31T14:00:00Z,122
8583815059,2016-03-31T15:00:00Z,282
8583815059,2016-03-31T16:00:00Z,187
8583815059,2016-03-31T17:00:00Z,217
8583815059,2016-03-31T18:00:00Z,169
8583815059,2016-03-31T19:00:00Z,123
8583815059,2016-03-31T20:00:00Z,118
8583815059,2016-03-31T21:00:00Z,110
8583815059,2016-03-31T22:00:00Z,91
8583815059,2016-03-31T23:00:00Z,96
8583815059,2016-04-01T00:00:00Z,104
8583815059,2016-04-01T01:00:00Z,84
8583815059,2016-04-01T02:00:00Z,84
8583815059,2016-04-01T03:00:00Z,84
8583815059,2016-04-01T04:00:00Z,84
8583815059,2016-04-01T05:00:00Z,84
8583815059,2016-04-01T06:00:00Z,84
8583815059,2016-04-01T07:00:00Z,84
8583815059,2016-04-01T08:00:00Z,84
8583815059,2016-04-01T09:00:00Z,115
8583815059,2016-04-01T10:00:00Z,112
8583815059,2016-04-01T11:00:00Z,113
8583815059,2016-04-01T12:00:00Z,94
8583815059,2016-04-01T13:00:00Z,91
8583815059,2016-04-01T14:00:00Z,110
8583815059,2016-04-01T15:00:00Z,96
8583815059,2016-04-01T16:00:00Z,88
8583815059,2016-04-01T17:00:00Z,94
8583815059,2016-04-01T18:00:00Z,120
8583815059,2016-04-01T19:00:00Z,120
8583815059,2016-04-01T20:00:00Z,130
8583815059,2016-04-01T21:00:00Z,113
8583815059,2016-04-01T22:00:00Z,99
8583815059,2016-04-01T23:00:00Z,87
8583815059,2016-04-02T00:00:00Z,112
8583815059,2016-04-02T01:00:00Z,84
8583815059,2016-04-02T02:00:00Z,84
8583815059,2016-04-02T03:00:00Z,84
8583815059,2016-04-02T04:00:00Z,84
8583815059,2016-04-02T05:00:00Z,84
8583815059,2016-04-02T06:00:00Z,84
8583815059,2016-04-02T07:00:00Z,84
8583815059,2016-04-02T08:00:00Z,84
8583815059,2016-04-02T09:00:00Z,112
8583815059,2016-04-02T10:00:00Z,157
8583815059,2016-04-02T11:00:00Z,142
8583815059,2016-04-02T12:00:00Z,122
8583815059,2016-04-02T13:00:00Z,144
8583815059,2016-04-02T14:00:00Z,88
8583815059,2016-04-02T15:00:00Z,102
8583815059,2016-04-02T16:00:00Z,109
8583815059,2016-04-02T17:00:00Z,102
8583815059,2016-04-02T18:00:00Z,138
8583815059,2016-04-02T19:00:00Z,113
8583815059,2016-04-02T20:00:00Z,91
8583815059,2016-04-02T21:00:00Z,104
8583815059,2016-04-02T22:00:00Z,103
8583815059,2016-04-02T23:00:00Z,99
8583815059,2016-04-03T00:00:00Z,106
8583815059,2016-04-03T01:00:00Z,84
8583815059,2016-04-03T02:00:00Z,84
8583815059,2016-04-03T03:00:00Z,84
8583815059,2016-04-03T04:00:00Z,84
8583815059,2016-04-03T05:00:00Z,84
8583815059,2016-04-03T06:00:00Z,84
8583815059,2016-04-03T07:00:00Z,84
8583815059,2016-04-03T08:00:00Z,84
8583815059,2016-04-03T09:00:00Z,84
8583815059,2016-04-03T10:00:00Z,143
8583815059,2016-04-03T11:00:00Z,123
8583815059,2016-04-03T12:00:00Z,90
8583815059,2016-04-03T13:00:00Z,101
8583815059,2016-04-03T14:00:00Z,90
8583815059,2016-04-03T15:00:00Z,133
8583815059,2016-04-03T16:00:00Z,100
8583815059,2016-04-03T17:00:00Z,97
8583815059,2016-04-03T18:00:00Z,95
8583815059,2016-04-03T19:00:00Z,102
8583815059,2016-04-03T20:00:00Z,168
8583815059,2016-04-03T21:00:00Z,111
8583815059,2016-04-03T22:00:00Z,95
8583815059,2016-04-03T23:00:00Z,88
8583815059,2016-04-04T00:00:00Z,107
8583815059,2016-04-04T01:00:00Z,84
8583815059,2016-04-04T02:00:00Z,84
8583815059,2016-04-04T03:00:00Z,84
8583815059,2016-04-04T04:00:00Z,84
8583815059,2016-04-04T05:00:00Z,84
8583815059,2016-04-04T06:00:00Z,84
8583815059,2016-04-04T07:00:00Z,84
8583815059,2016-04-04T08:00:00Z,84
8583815059,2016-04-04T09:00:00Z,84
8583815059,2016-04-04T10:00:00Z,99
8583815059,2016-04-04T11:00:00Z,95
8583815059,2016-04-04T12:00:00Z,93
8583815059,2016-04-04T13:00:00Z,93
8583815059,2016-04-04T14:00:00Z,115
8583815059,2016-04-04T15:00:00Z,131
8583815059,2016-04-04T16:00:00Z,86
8583815059,2016-04-04T17:00:00Z,86
8583815059,2016-04-04T18:00:00Z,150
8583815059,2016-04-04T19:00:00Z,206
8583815059,2016-04-04T20:00:00Z,156
8583815059,2016-04-04T21:00:00Z,99
8583815059,2016-04-04T22:00:00Z,96
8583815059,2016-04-04T23:00:00Z,94
8583815059,2016-04-05T00:00:00Z,90
8583815059,2016-04-05T01:00:00Z,84
8583815059,2016-04-05T02:00:00Z,84
8583815059,2016-04-05T03:00:00Z,84
8583815059,2016-04-05T04:00:00Z,84
8583815059,2016-04-05T05:00:00Z,84
8583815059,2016-04-05T06:00:00Z,84
8583815059,2016-04-05T07:00:00Z,84
8583815059,2016-04-05T08:00:00Z,84
8583815059,2016-04-05T09:00:00Z,90
8583815059,2016-04-05T10:00:00Z,89
8583815059,2016-04-05T11:00:00Z,112
8583815059,2016-04-05T12:00:00Z,165
8583815059,2016-04-05T13:00:00Z,260
8583815059,2016-04-05T14:00:00Z,245
8583815059,2016-04-05T15:00:00Z,231
8583815059,2016-04-05T16:00:00Z,131
8583815059,2016-04-05T17:00:00Z,102
8583815059,2016-04-05T18:00:00Z,104
8583815059,2016-04-05T19:00:00Z,94
8583815059,2016-04-05T20:00:00Z,108
8583815059,2016-04-05T21:00:00Z,117
8583815059,2016-04-05T22:00:00Z,90
8583815059,2016-04-05T23:00:00Z,86
8583815059,2016-04-06T00:00:00Z,105
8583815059,2016-04-06T01:00:00Z,84
8583815059,2016-04-06T02:00:00Z,84
8583815059,2016-04-06T03:00:00Z,84
8583815059,2016-04-06T04:00:00Z,84
8583815059,2016-04-06T05:00:00Z,84
8583815059,2016-04-06T06:00:00Z,84
8583815059,2016-04-06T07:00:00Z,84
8583815059,2016-04-06T08:00:00Z,84
8583815059,2016-04-06T09:00:00Z,84
8583815059,2016-04-06T10:00:00Z,118
8583815059,2016-04-06T11:00:00Z,97
8583815059,2016-04-06T12:00:00Z,94
8583815059,2016-04-06T13:00:00Z,91
8583815059,2016-04-06T14:00:00Z,93
8583815059,2016-04-06T15:00:00Z,96
8583815059,2016-04-06T16:00:00Z,102
8583815059,2016-04-06T17:00:00Z,144
8583815059,2016-04-06T18:00:00Z,112
8583815059,2016-04-06T19:00:00Z,95
8583815059,2016-04-06T20:00:00Z,123
8583815059,2016-04-06T21:00:00Z,106
8583815059,2016-04-06T22:00:00Z,97
8583815059,2016-04-06T23:00:00Z,124
8583815059,2016-04-07T00:00:00Z,131
8583815059,2016-04-07T01:00:00Z,86
8583815059,2016-04-07T02:00:00Z,84
8583815059,2016-04-07T03:00:00Z,84
8583815059,2016-04-07T04:00:00Z,84
8583815059,2016-04-07T05:00:00Z,84
8583815059,2016-04-07T06:00:00Z,84
8583815059,2016-04-07T07:00:00Z,84
8583815059,2016-04-07T08:00:00Z,84
8583815059,2016-04-07T09:00:00Z,84
8583815059,2016-04-07T10:00:00Z,123
8583815059,2016-04-07T11:00:00Z,95
8583815059,2016-04-07T12:00:00Z,138
8583815059,2016-04-07T13:00:00Z,87
8583815059,2016-04-07T14:00:00Z,127
8583815059,2016-04-07T15:00:00Z,94
8583815059,2016-04-07T16:00:00Z,113
8583815059,2016-04-07T17:00:00Z,86
8583815059,2016-04-07T18:00:00Z,111
8583815059,2016-04-07T19:00:00Z,109
8583815059,2016-04-07T20:00:00Z,117
8583815059,2016-04-07T21:00:00Z,150
8583815059,2016-04-07T22:00:00Z,88
8583815059,2016-04-07T23:00:00Z,110
8583815059,2016-04-08T00:00:00Z,84
8583815059,2016-04-08T01:00:00Z,84
8583815059,2016-04-08T02:00:00Z,84
8583815059,2016-04-08T03:00:00Z,84
8583815059,2016-04-08T04:00:00Z,84
8583815059,2016-04-08T05:00:00Z,84
8583815059,2016-04-08T06:00:00Z,84
8583815059,2016-04-08T07:00:00Z,84
8583815059,2016-04-08T08:00:00Z,84
8583815059,2016-04-08T09:00:00Z,96
8583815059,2016-04-08T10:00:00Z,119
8583815059,2016-04-08T11:00:00Z,94
8583815059,2016-04-08T12:00:00Z,91
8583815059,2016-04-08T13:00:00Z,91
8583815059,2016-04-08T14:00:00Z,154
8583815059,2016-04-08T15:00:00Z,134
8583815059,2016-04-08T16:00:00Z,90
8583815059,2016-04-08T17:00:00Z,98
8792009665,2016-03-12T00:00:00Z,70
8792009665,2016-03-12T01:00:00Z,70
8792009665,2016-03-12T02:00:00Z,70
8792009665,2016-03-12T03:00:00Z,70
8792009665,2016-03-12T04:00:00Z,70
8792009665,2016-03-12T05:00:00Z,70
8792009665,2016-03-12T06:00:00Z,70
8792009665,2016-03-12T07:00:00Z,70
8792009665,2016-03-12T08:00:00Z,70
8792009665,2016-03-12T09:00:00Z,70
8792009665,2016-03-12T10:00:00Z,70
8792009665,2016-03-12T11:00:00Z,70
8792009665,2016-03-12T12:00:00Z,70
8792009665,2016-03-12T13:00:00Z,70
8792009665,2016-03-12T14:00:00Z,70
8792009665,2016-03-12T15:00:00Z,70
8792009665,2016-03-12T16:00:00Z,70
8792009665,2016-03-12T17:00:00Z,70
8792009665,2016-03-12T18:00:00Z,70
8792009665,2016-03-12T19:00:00Z,70
8792009665,2016-03-12T20:00:00Z,70
8792009665,2016-03-12T21:00:00Z,70
8792009665,2016-03-12T22:00:00Z,70
8792009665,2016-03-12T23:00:00Z,70
8792009665,2016-03-13T00:00:00Z,70
8792009665,2016-03-13T01:00:00Z,70
8792009665,2016-03-13T02:00:00Z,70
8792009665,2016-03-13T03:00:00Z,70
8792009665,2016-03-13T04:00:00Z,70
8792009665,2016-03-13T05:00:00Z,70
8792009665,2016-03-13T06:00:00Z,70
8792009665,2016-03-13T07:00:00Z,70
8792009665,2016-03-13T08:00:00Z,70
8792009665,2016-03-13T09:00:00Z,70
8792009665,2016-03-13T10:00:00Z,70
8792009665,2016-03-13T11:00:00Z,70
8792009665,2016-03-13T12:00:00Z,70
8792009665,2016-03-13T13:00:00Z,70
8792009665,2016-03-13T14:00:00Z,70
8792009665,2016-03-13T15:00:00Z,70
8792009665,2016-03-13T16:00:00Z,70
8792009665,2016-03-13T17:00:00Z,70
8792009665,2016-03-13T18:00:00Z,70
8792009665,2016-03-13T19:00:00Z,70
8792009665,2016-03-13T20:00:00Z,70
8792009665,2016-03-13T21:00:00Z,70
8792009665,2016-03-13T22:00:00Z,70
8792009665,2016-03-13T23:00:00Z,70
8792009665,2016-03-14T00:00:00Z,70
8792009665,2016-03-14T01:00:00Z,70
8792009665,2016-03-14T02:00:00Z,70
8792009665,2016-03-14T03:00:00Z,70
8792009665,2016-03-14T04:00:00Z,70
8792009665,2016-03-14T05:00:00Z,70
8792009665,2016-03-14T06:00:00Z,70
8792009665,2016-03-14T07:00:00Z,70
8792009665,2016-03-14T08:00:00Z,70
8792009665,2016-03-14T09:00:00Z,70
8792009665,2016-03-14T10:00:00Z,70
8792009665,2016-03-14T11:00:00Z,70
8792009665,2016-03-14T12:00:00Z,70
8792009665,2016-03-14T13:00:00Z,70
8792009665,2016-03-14T14:00:00Z,70
8792009665,2016-03-14T15:00:00Z,70
8792009665,2016-03-14T16:00:00Z,70
8792009665,2016-03-14T17:00:00Z,70
8792009665,2016-03-14T18:00:00Z,70
8792009665,2016-03-14T19:00:00Z,70
8792009665,2016-03-14T20:00:00Z,70
8792009665,2016-03-14T21:00:00Z,70
8792009665,2016-03-14T22:00:00Z,70
8792009665,2016-03-14T23:00:00Z,70
8792009665,2016-03-15T00:00:00Z,70
8792009665,2016-03-15T01:00:00Z,70
8792009665,2016-03-15T02:00:00Z,70
8792009665,2016-03-15T03:00:00Z,70
8792009665,2016-03-15T04:00:00Z,70
8792009665,2016-03-15T05:00:00Z,70
8792009665,2016-03-15T06:00:00Z,70
8792009665,2016-03-15T07:00:00Z,70
8792009665,2016-03-15T08:00:00Z,70
8792009665,2016-03-15T09:00:00Z,70
8792009665,2016-03-15T10:00:00Z,70
8792009665,2016-03-15T11:00:00Z,70
8792009665,2016-03-15T12:00:00Z,70
8792009665,2016-03-15T13:00:00Z,70
8792009665,2016-03-15T14:00:00Z,70
8792009665,2016-03-15T15:00:00Z,70
8792009665,2016-03-15T16:00:00Z,70
8792009665,2016-03-15T17:00:00Z,70
8792009665,2016-03-15T18:00:00Z,70
8792009665,2016-03-15T19:00:00Z,70
8792009665,2016-03-15T20:00:00Z,70
8792009665,2016-03-15T21:00:00Z,70
8792009665,2016-03-15T22:00:00Z,70
8792009665,2016-03-15T23:00:00Z,70
8792009665,2016-03-16T00:00:00Z,70
8792009665,2016-03-16T01:00:00Z,70
8792009665,2016-03-16T02:00:00Z,70
8792009665,2016-03-16T03:00:00Z,70
8792009665,2016-03-16T04:00:00Z,70
8792009665,2016-03-16T05:00:00Z,70
8792009665,2016-03-16T06:00:00Z,70
8792009665,2016-03-16T07:00:00Z,70
8792009665,2016-03-16T08:00:00Z,70
8792009665,2016-03-16T09:00:00Z,70
8792009665,2016-03-16T10:00:00Z,70
8792009665,2016-03-16T11:00:00Z,70
8792009665,2016-03-16T12:00:00Z,70
8792009665,2016-03-16T13:00:00Z,70
8792009665,2016-03-16T14:00:00Z,70
8792009665,2016-03-16T15:00:00Z,70
8792009665,2016-03-16T16:00:00Z,70
8792009665,2016-03-16T17:00:00Z,70
8792009665,2016-03-16T18:00:00Z,70
8792009665,2016-03-16T19:00:00Z,70
8792009665,2016-03-16T20:00:00Z,70
8792009665,2016-03-16T21:00:00Z,70
8792009665,2016-03-16T22:00:00Z,70
8792009665,2016-03-16T23:00:00Z,70
8792009665,2016-03-17T00:00:00Z,70
8792009665,2016-03-17T01:00:00Z,70
8792009665,2016-03-17T02:00:00Z,70
8792009665,2016-03-17T03:00:00Z,70
8792009665,2016-03-17T04:00:00Z,70
8792009665,2016-03-17T05:00:00Z,70
8792009665,2016-03-17T06:00:00Z,70
8792009665,2016-03-17T07:00:00Z,70
8792009665,2016-03-17T08:00:00Z,70
8792009665,2016-03-17T09:00:00Z,70
8792009665,2016-03-17T10:00:00Z,70
8792009665,2016-03-17T11:00:00Z,70
8792009665,2016-03-17T12:00:00Z,70
8792009665,2016-03-17T13:00:00Z,70
8792009665,2016-03-17T14:00:00Z,70
8792009665,2016-03-17T15:00:00Z,70
8792009665,2016-03-17T16:00:00Z,70
8792009665,2016-03-17T17:00:00Z,70
8792009665,2016-03-17T18:00:00Z,70
8792009665,2016-03-17T19:00:00Z,70
8792009665,2016-03-17T20:00:00Z,70
8792009665,2016-03-17T21:00:00Z,70
8792009665,2016-03-17T22:00:00Z,70
8792009665,2016-03-17T23:00:00Z,70
8792009665,2016-03-18T00:00:00Z,70
8792009665,2016-03-18T01:00:00Z,70
8792009665,2016-03-18T02:00:00Z,70
8792009665,2016-03-18T03:00:00Z,70
8792009665,2016-03-18T04:00:00Z,70
8792009665,2016-03-18T05:00:00Z,70
8792009665,2016-03-18T06:00:00Z,70
8792009665,2016-03-18T07:00:00Z,70
8792009665,2016-03-18T08:00:00Z,70
8792009665,2016-03-18T09:00:00Z,70
8792009665,2016-03-18T10:00:00Z,70
8792009665,2016-03-18T11:00:00Z,70
8792009665,2016-03-18T12:00:00Z,70
8792009665,2016-03-18T13:00:00Z,70
8792009665,2016-03-18T14:00:00Z,70
8792009665,2016-03-18T15:00:00Z,70
8792009665,2016-03-18T16:00:00Z,70
8792009665,2016-03-18T17:00:00Z,70
8792009665,2016-03-18T18:00:00Z,70
8792009665,2016-03-18T19:00:00Z,70
8792009665,2016-03-18T20:00:00Z,70
8792009665,2016-03-18T21:00:00Z,70
8792009665,2016-03-18T22:00:00Z,70
8792009665,2016-03-18T23:00:00Z,70
8792009665,2016-03-19T00:00:00Z,70
8792009665,2016-03-19T01:00:00Z,70
8792009665,2016-03-19T02:00:00Z,70
8792009665,2016-03-19T03:00:00Z,70
8792009665,2016-03-19T04:00:00Z,70
8792009665,2016-03-19T05:00:00Z,70
8792009665,2016-03-19T06:00:00Z,70
8792009665,2016-03-19T07:00:00Z,70
8792009665,2016-03-19T08:00:00Z,70
8792009665,2016-03-19T09:00:00Z,70
8792009665,2016-03-19T10:00:00Z,70
8792009665,2016-03-19T11:00:00Z,70
8792009665,2016-03-19T12:00:00Z,70
8792009665,2016-03-19T13:00:00Z,70
8792009665,2016-03-19T14:00:00Z,70
8792009665,2016-03-19T15:00:00Z,70
8792009665,2016-03-19T16:00:00Z,70
8792009665,2016-03-19T17:00:00Z,70
8792009665,2016-03-19T18:00:00Z,70
8792009665,2016-03-19T19:00:00Z,70
8792009665,2016-03-19T20:00:00Z,70
8792009665,2016-03-19T21:00:00Z,70
8792009665,2016-03-19T22:00:00Z,70
8792009665,2016-03-19T23:00:00Z,70
8792009665,2016-03-20T00:00:00Z,70
8792009665,2016-03-20T01:00:00Z,70
8792009665,2016-03-20T02:00:00Z,70
8792009665,2016-03-20T03:00:00Z,70
8792009665,2016-03-20T04:00:00Z,70
8792009665,2016-03-20T05:00:00Z,70
8792009665,2016-03-20T06:00:00Z,70
8792009665,2016-03-20T07:00:00Z,70
8792009665,2016-03-20T08:00:00Z,70
8792009665,2016-03-20T09:00:00Z,70
8792009665,2016-03-20T10:00:00Z,70
8792009665,2016-03-20T11:00:00Z,70
8792009665,2016-03-20T12:00:00Z,70
8792009665,2016-03-20T13:00:00Z,70
8792009665,2016-03-20T14:00:00Z,70
8792009665,2016-03-20T15:00:00Z,70
8792009665,2016-03-20T16:00:00Z,70
8792009665,2016-03-20T17:00:00Z,70
8792009665,2016-03-20T18:00:00Z,70
8792009665,2016-03-20T19:00:00Z,70
8792009665,2016-03-20T20:00:00Z,70
8792009665,2016-03-20T21:00:00Z,70
8792009665,2016-03-20T22:00:00Z,70
8792009665,2016-03-20T23:00:00Z,70
8792009665,2016-03-21T00:00:00Z,70
8792009665,2016-03-21T01:00:00Z,70
8792009665,2016-03-21T02:00:00Z,70
8792009665,2016-03-21T03:00:00Z,70
8792009665,2016-03-21T04:00:00Z,70
8792009665,2016-03-21T05:00:00Z,70
8792009665,2016-03-21T06:00:00Z,70
8792009665,2016-03-21T07:00:00Z,70
8792009665,2016-03-21T08:00:00Z,70
8792009665,2016-03-21T09:00:00Z,70
8792009665,2016-03-21T10:00:00Z,70
8792009665,2016-03-21T11:00:00Z,70
8792009665,2016-03-21T12:00:00Z,70
8792009665,2016-03-21T13:00:00Z,70
8792009665,2016-03-21T14:00:00Z,70
8792009665,2016-03-21T15:00:00Z,70
8792009665,2016-03-21T16:00:00Z,70
8792009665,2016-03-21T17:00:00Z,70
8792009665,2016-03-21T18:00:00Z,70
8792009665,2016-03-21T19:00:00Z,70
8792009665,2016-03-21T20:00:00Z,70
8792009665,2016-03-21T21:00:00Z,70
8792009665,2016-03-21T22:00:00Z,70
8792009665,2016-03-21T23:00:00Z,70
8792009665,2016-03-22T00:00:00Z,70
8792009665,2016-03-22T01:00:00Z,70
8792009665,2016-03-22T02:00:00Z,70
8792009665,2016-03-22T03:00:00Z,70
8792009665,2016-03-22T04:00:00Z,70
8792009665,2016-03-22T05:00:00Z,70
8792009665,2016-03-22T06:00:00Z,70
8792009665,2016-03-22T07:00:00Z,70
8792009665,2016-03-22T08:00:00Z,70
8792009665,2016-03-22T09:00:00Z,70
8792009665,2016-03-22T10:00:00Z,70
8792009665,2016-03-22T11:00:00Z,70
8792009665,2016-03-22T12:00:00Z,70
8792009665,2016-03-22T13:00:00Z,70
8792009665,2016-03-22T14:00:00Z,70
8792009665,2016-03-22T15:00:00Z,70
8792009665,2016-03-22T16:00:00Z,70
8792009665,2016-03-22T17:00:00Z,70
8792009665,2016-03-22T18:00:00Z,70
8792009665,2016-03-22T19:00:00Z,70
8792009665,2016-03-22T20:00:00Z,70
8792009665,2016-03-22T21:00:00Z,70
8792009665,2016-03-22T22:00:00Z,70
8792009665,2016-03-22T23:00:00Z,70
8792009665,2016-03-23T00:00:00Z,70
8792009665,2016-03-23T01:00:00Z,70
8792009665,2016-03-23T02:00:00Z,70
8792009665,2016-03-23T03:00:00Z,70
8792009665,2016-03-23T04:00:00Z,70
8792009665,2016-03-23T05:00:00Z,70
8792009665,2016-03-23T06:00:00Z,70
8792009665,2016-03-23T07:00:00Z,70
8792009665,2016-03-23T08:00:00Z,70
8792009665,2016-03-23T09:00:00Z,70
8792009665,2016-03-23T10:00:00Z,70
8792009665,2016-03-23T11:00:00Z,70
8792009665,2016-03-23T12:00:00Z,70
8792009665,2016-03-23T13:00:00Z,70
8792009665,2016-03-23T14:00:00Z,70
8792009665,2016-03-23T15:00:00Z,70
8792009665,2016-03-23T16:00:00Z,70
8792009665,2016-03-23T17:00:00Z,70
8792009665,2016-03-23T18:00:00Z,70
8792009665,2016-03-23T19:00:00Z,70
8792009665,2016-03-23T20:00:00Z,70
8792009665,2016-03-23T21:00:00Z,70
8792009665,2016-03-23T22:00:00Z,70
8792009665,2016-03-23T23:00:00Z,70
8792009665,2016-03-24T00:00:00Z,70
8792009665,2016-03-24T01:00:00Z,70
8792009665,2016-03-24T02:00:00Z,70
8792009665,2016-03-24T03:00:00Z,70
8792009665,2016-03-24T04:00:00Z,70
8792009665,2016-03-24T05:00:00Z,70
8792009665,2016-03-24T06:00:00Z,70
8792009665,2016-03-24T07:00:00Z,70
8792009665,2016-03-24T08:00:00Z,70
8792009665,2016-03-24T09:00:00Z,70
8792009665,2016-03-24T10:00:00Z,70
8792009665,2016-03-24T11:00:00Z,70
8792009665,2016-03-24T12:00:00Z,70
8792009665,2016-03-24T13:00:00Z,70
8792009665,2016-03-24T14:00:00Z,70
8792009665,2016-03-24T15:00:00Z,70
8792009665,2016-03-24T16:00:00Z,70
8792009665,2016-03-24T17:00:00Z,70
8792009665,2016-03-24T18:00:00Z,70
8792009665,2016-03-24T19:00:00Z,70
8792009665,2016-03-24T20:00:00Z,70
8792009665,2016-03-24T21:00:00Z,70
8792009665,2016-03-24T22:00:00Z,70
8792009665,2016-03-24T23:00:00Z,70
8792009665,2016-03-25T00:00:00Z,70
8792009665,2016-03-25T01:00:00Z,70
8792009665,2016-03-25T02:00:00Z,70
8792009665,2016-03-25T03:00:00Z,70
8792009665,2016-03-25T04:00:00Z,70
8792009665,2016-03-25T05:00:00Z,70
8792009665,2016-03-25T06:00:00Z,70
8792009665,2016-03-25T07:00:00Z,70
8792009665,2016-03-25T08:00:00Z,70
8792009665,2016-03-25T09:00:00Z,70
8792009665,2016-03-25T10:00:00Z,70
8792009665,2016-03-25T11:00:00Z,70
8792009665,2016-03-25T12:00:00Z,70
8792009665,2016-03-25T13:00:00Z,70
8792009665,2016-03-25T14:00:00Z,70
8792009665,2016-03-25T15:00:00Z,70
8792009665,2016-03-25T16:00:00Z,70
8792009665,2016-03-25T17:00:00Z,70
8792009665,2016-03-25T18:00:00Z,70
8792009665,2016-03-25T19:00:00Z,70
8792009665,2016-03-25T20:00:00Z,70
8792009665,2016-03-25T21:00:00Z,70
8792009665,2016-03-25T22:00:00Z,70
8792009665,2016-03-25T23:00:00Z,70
8792009665,2016-03-26T00:00:00Z,70
8792009665,2016-03-26T01:00:00Z,70
8792009665,2016-03-26T02:00:00Z,70
8792009665,2016-03-26T03:00:00Z,70
8792009665,2016-03-26T04:00:00Z,70
8792009665,2016-03-26T05:00:00Z,70
8792009665,2016-03-26T06:00:00Z,70
8792009665,2016-03-26T07:00:00Z,70
8792009665,2016-03-26T08:00:00Z,70
8792009665,2016-03-26T09:00:00Z,70
8792009665,2016-03-26T10:00:00Z,70
8792009665,2016-03-26T11:00:00Z,70
8792009665,2016-03-26T12:00:00Z,70
8792009665,2016-03-26T13:00:00Z,70
8792009665,2016-03-26T14:00:00Z,70
8792009665,2016-03-26T15:00:00Z,70
8792009665,2016-03-26T16:00:00Z,70
8792009665,2016-03-26T17:00:00Z,70
8792009665,2016-03-26T18:00:00Z,70
8792009665,2016-03-26T19:00:00Z,70
8792009665,2016-03-26T20:00:00Z,70
8792009665,2016-03-26T21:00:00Z,70
8792009665,2016-03-26T22:00:00Z,70
8792009665,2016-03-26T23:00:00Z,70
8792009665,2016-03-27T00:00:00Z,70
8792009665,2016-03-27T01:00:00Z,70
8792009665,2016-03-27T02:00:00Z,70
8792009665,2016-03-27T03:00:00Z,84
8792009665,2016-03-27T04:00:00Z,71
8792009665,2016-03-27T05:00:00Z,72
8792009665,2016-03-27T06:00:00Z,71
8792009665,2016-03-27T07:00:00Z,71
8792009665,2016-03-27T08:00:00Z,71
8792009665,2016-03-27T09:00:00Z,76
8792009665,2016-03-27T10:00:00Z,71
8792009665,2016-03-27T11:00:00Z,146
8792009665,2016-03-27T12:00:00Z,188
8792009665,2016-03-27T13:00:00Z,103
8792009665,2016-03-27T14:00:00Z,83
8792009665,2016-03-27T15:00:00Z,180
8792009665,2016-03-27T16:00:00Z,188
8792009665,2016-03-27T17:00:00Z,248
8792009665,2016-03-27T18:00:00Z,133
8792009665,2016-03-27T19:00:00Z,176
8792009665,2016-03-27T20:00:00Z,134
8792009665,2016-03-27T21:00:00Z,86
8792009665,2016-03-27T22:00:00Z,96
8792009665,2016-03-27T23:00:00Z,90
8792009665,2016-03-28T00:00:00Z,184
8792009665,2016-03-28T01:00:00Z,137
8792009665,2016-03-28T02:00:00Z,87
8792009665,2016-03-28T03:00:00Z,85
8792009665,2016-03-28T04:00:00Z,95
8792009665,2016-03-28T05:00:00Z,70
8792009665,2016-03-28T06:00:00Z,72
8792009665,2016-03-28T07:00:00Z,70
8792009665,2016-03-28T08:00:00Z,79
8792009665,2016-03-28T09:00:00Z,71
8792009665,2016-03-28T10:00:00Z,71
8792009665,2016-03-28T11:00:00Z,72
8792009665,2016-03-28T12:00:00Z,135
8792009665,2016-03-28T13:00:00Z,93
8792009665,2016-03-28T14:00:00Z,112
8792009665,2016-03-28T15:00:00Z,130
8792009665,2016-03-28T16:00:00Z,73
8792009665,2016-03-28T17:00:00Z,70
8792009665,2016-03-28T18:00:00Z,70
8792009665,2016-03-28T19:00:00Z,70
8792009665,2016-03-28T20:00:00Z,70
8792009665,2016-03-28T21:00:00Z,70
8792009665,2016-03-28T22:00:00Z,70
8792009665,2016-03-28T23:00:00Z,70
8792009665,2016-03-29T00:00:00Z,70
8792009665,2016-03-29T01:00:00Z,70
8792009665,2016-03-29T02:00:00Z,70
8792009665,2016-03-29T03:00:00Z,70
8792009665,2016-03-29T04:00:00Z,70
8792009665,2016-03-29T05:00:00Z,70
8792009665,2016-03-29T06:00:00Z,70
8792009665,2016-03-29T07:00:00Z,75
8792009665,2016-03-29T08:00:00Z,70
8792009665,2016-03-29T09:00:00Z,70
8792009665,2016-03-29T10:00:00Z,71
8792009665,2016-03-29T11:00:00Z,95
8792009665,2016-03-29T12:00:00Z,75
8792009665,2016-03-29T13:00:00Z,105
8792009665,2016-03-29T14:00:00Z,70
8792009665,2016-03-29T15:00:00Z,70
8792009665,2016-03-29T16:00:00Z,70
8792009665,2016-03-29T17:00:00Z,155
8792009665,2016-03-29T18:00:00Z,106
8792009665,2016-03-29T19:00:00Z,114
8792009665,2016-03-29T20:00:00Z,78
8792009665,2016-03-29T21:00:00Z,85
8792009665,2016-03-29T22:00:00Z,89
8792009665,2016-03-29T23:00:00Z,89
8792009665,2016-03-30T00:00:00Z,119
8792009665,2016-03-30T01:00:00Z,101
8792009665,2016-03-30T02:00:00Z,79
8792009665,2016-03-30T03:00:00Z,71
8792009665,2016-03-30T04:00:00Z,71
8792009665,2016-03-30T05:00:00Z,70
8792009665,2016-03-30T06:00:00Z,81
8792009665,2016-03-30T07:00:00Z,71
8792009665,2016-03-30T08:00:00Z,71
8792009665,2016-03-30T09:00:00Z,71
8792009665,2016-03-30T10:00:00Z,72
8792009665,2016-03-30T11:00:00Z,94
8792009665,2016-03-30T12:00:00Z,74
8792009665,2016-03-30T13:00:00Z,82
8792009665,2016-03-30T14:00:00Z,75
8792009665,2016-03-30T15:00:00Z,75
8792009665,2016-03-30T16:00:00Z,71
8792009665,2016-03-30T17:00:00Z,117
8792009665,2016-03-30T18:00:00Z,73
8792009665,2016-03-30T19:00:00Z,70
8792009665,2016-03-30T20:00:00Z,70
8792009665,2016-03-30T21:00:00Z,70
8792009665,2016-03-30T22:00:00Z,70
8792009665,2016-03-30T23:00:00Z,70
8792009665,2016-03-31T00:00:00Z,70
8792009665,2016-03-31T01:00:00Z,76
8792009665,2016-03-31T02:00:00Z,70
8792009665,2016-03-31T03:00:00Z,70
8792009665,2016-03-31T04:00:00Z,70
8792009665,2016-03-31T05:00:00Z,70
8792009665,2016-03-31T06:00:00Z,70
8792009665,2016-03-31T07:00:00Z,70
8792009665,2016-03-31T08:00:00Z,70
8792009665,2016-03-31T09:00:00Z,71
8792009665,2016-03-31T10:00:00Z,70
8792009665,2016-03-31T11:00:00Z,70
8792009665,2016-03-31T12:00:00Z,70
8792009665,2016-03-31T13:00:00Z,70
8792009665,2016-03-31T14:00:00Z,70
8792009665,2016-03-31T15:00:00Z,77
8792009665,2016-03-31T16:00:00Z,125
8792009665,2016-03-31T17:00:00Z,145
8792009665,2016-03-31T18:00:00Z,89
8792009665,2016-03-31T19:00:00Z,156
8792009665,2016-03-31T20:00:00Z,184
8792009665,2016-03-31T21:00:00Z,142
8792009665,2016-03-31T22:00:00Z,84
8792009665,2016-03-31T23:00:00Z,89
8792009665,2016-04-01T00:00:00Z,88
8792009665,2016-04-01T01:00:00Z,197
8792009665,2016-04-01T02:00:00Z,81
8792009665,2016-04-01T03:00:00Z,73
8792009665,2016-04-01T04:00:00Z,72
8792009665,2016-04-01T05:00:00Z,71
8792009665,2016-04-01T06:00:00Z,71
8792009665,2016-04-01T07:00:00Z,70
8792009665,2016-04-01T08:00:00Z,77
8792009665,2016-04-01T09:00:00Z,80
8792009665,2016-04-01T10:00:00Z,71
8792009665,2016-04-01T11:00:00Z,84
8792009665,2016-04-01T12:00:00Z,96
8792009665,2016-04-01T13:00:00Z,74
8792009665,2016-04-01T14:00:00Z,98
8792009665,2016-04-01T15:00:00Z,79
8792009665,2016-04-01T16:00:00Z,125
8792009665,2016-04-01T17:00:00Z,201
8792009665,2016-04-01T18:00:00Z,110
8792009665,2016-04-01T19:00:00Z,87
8792009665,2016-04-01T20:00:00Z,80
8792009665,2016-04-01T21:00:00Z,78
8792009665,2016-04-01T22:00:00Z,128
8792009665,2016-04-01T23:00:00Z,70
8792009665,2016-04-02T00:00:00Z,70
8792009665,2016-04-02T01:00:00Z,75
8792009665,2016-04-02T02:00:00Z,70
8792009665,2016-04-02T03:00:00Z,70
8792009665,2016-04-02T04:00:00Z,70
8792009665,2016-04-02T05:00:00Z,70
8792009665,2016-04-02T06:00:00Z,70
8792009665,2016-04-02T07:00:00Z,70
8792009665,2016-04-02T08:00:00Z,70
8792009665,2016-04-02T09:00:00Z,70
8792009665,2016-04-02T10:00:00Z,139
8792009665,2016-04-02T11:00:00Z,180
8792009665,2016-04-02T12:00:00Z,105
8792009665,2016-04-02T13:00:00Z,192
8792009665,2016-04-02T14:00:00Z,201
8792009665,2016-04-02T15:00:00Z,247
8792009665,2016-04-02T16:00:00Z,159
8792009665,2016-04-02T17:00:00Z,150
8792009665,2016-04-02T18:00:00Z,190
8792009665,2016-04-02T19:00:00Z,210
8792009665,2016-04-02T20:00:00Z,128
8792009665,2016-04-02T21:00:00Z,117
8792009665,2016-04-02T22:00:00Z,201
8792009665,2016-04-02T23:00:00Z,78
8792009665,2016-04-03T00:00:00Z,83
8792009665,2016-04-03T01:00:00Z,75
8792009665,2016-04-03T02:00:00Z,79
8792009665,2016-04-03T03:00:00Z,79
8792009665,2016-04-03T04:00:00Z,73
8792009665,2016-04-03T05:00:00Z,75
8792009665,2016-04-03T06:00:00Z,70
8792009665,2016-04-03T07:00:00Z,80
8792009665,2016-04-03T08:00:00Z,70
8792009665,2016-04-03T09:00:00Z,98
8792009665,2016-04-03T10:00:00Z,197
8792009665,2016-04-03T11:00:00Z,133
8792009665,2016-04-03T12:00:00Z,123
8792009665,2016-04-03T13:00:00Z,173
8792009665,2016-04-03T14:00:00Z,141
8792009665,2016-04-03T15:00:00Z,186
8792009665,2016-04-03T16:00:00Z,109
8792009665,2016-04-03T17:00:00Z,137
8792009665,2016-04-03T18:00:00Z,120
8792009665,2016-04-03T19:00:00Z,159
8792009665,2016-04-03T20:00:00Z,120
8792009665,2016-04-03T21:00:00Z,117
8792009665,2016-04-03T22:00:00Z,89
8792009665,2016-04-03T23:00:00Z,83
8792009665,2016-04-04T00:00:00Z,87
8792009665,2016-04-04T01:00:00Z,74
8792009665,2016-04-04T02:00:00Z,71
8792009665,2016-04-04T03:00:00Z,71
8792009665,2016-04-04T04:00:00Z,70
8792009665,2016-04-04T05:00:00Z,71
8792009665,2016-04-04T06:00:00Z,78
8792009665,2016-04-04T07:00:00Z,70
8792009665,2016-04-04T08:00:00Z,70
8792009665,2016-04-04T09:00:00Z,75
8792009665,2016-04-04T10:00:00Z,88
8792009665,2016-04-04T11:00:00Z,105
8792009665,2016-04-04T12:00:00Z,94
8792009665,2016-04-04T13:00:00Z,97
8792009665,2016-04-04T14:00:00Z,79
8792009665,2016-04-04T15:00:00Z,79
8792009665,2016-04-04T16:00:00Z,159
8792009665,2016-04-04T17:00:00Z,145
8792009665,2016-04-04T18:00:00Z,175
8792009665,2016-04-04T19:00:00Z,152
8792009665,2016-04-04T20:00:00Z,80
8792009665,2016-04-04T21:00:00Z,85
8792009665,2016-04-04T22:00:00Z,72
8792009665,2016-04-04T23:00:00Z,80
8792009665,2016-04-05T00:00:00Z,75
8792009665,2016-04-05T01:00:00Z,231
8792009665,2016-04-05T02:00:00Z,106
8792009665,2016-04-05T03:00:00Z,89
8792009665,2016-04-05T04:00:00Z,71
8792009665,2016-04-05T05:00:00Z,71
8792009665,2016-04-05T06:00:00Z,71
8792009665,2016-04-05T07:00:00Z,71
8792009665,2016-04-05T08:00:00Z,71
8792009665,2016-04-05T09:00:00Z,77
8792009665,2016-04-05T10:00:00Z,83
8792009665,2016-04-05T11:00:00Z,86
8792009665,2016-04-05T12:00:00Z,94
8792009665,2016-04-05T13:00:00Z,72
8792009665,2016-04-05T14:00:00Z,84
8792009665,2016-04-05T15:00:00Z,99
8792009665,2016-04-05T16:00:00Z,71
8792009665,2016-04-05T17:00:00Z,78
8792009665,2016-04-05T18:00:00Z,70
8792009665,2016-04-05T19:00:00Z,104
8792009665,2016-04-05T20:00:00Z,99
8792009665,2016-04-05T21:00:00Z,74
8792009665,2016-04-05T22:00:00Z,71
8792009665,2016-04-05T23:00:00Z,84
8792009665,2016-04-06T00:00:00Z,98
8792009665,2016-04-06T01:00:00Z,97
8792009665,2016-04-06T02:00:00Z,73
8792009665,2016-04-06T03:00:00Z,70
8792009665,2016-04-06T04:00:00Z,71
8792009665,2016-04-06T05:00:00Z,71
8792009665,2016-04-06T06:00:00Z,77
8792009665,2016-04-06T07:00:00Z,71
8792009665,2016-04-06T08:00:00Z,82
8792009665,2016-04-06T09:00:00Z,72
8792009665,2016-04-06T10:00:00Z,84
8792009665,2016-04-06T11:00:00Z,114
8792009665,2016-04-06T12:00:00Z,84
8792009665,2016-04-06T13:00:00Z,74
8792009665,2016-04-06T14:00:00Z,87
8792009665,2016-04-06T15:00:00Z,99
8792009665,2016-04-06T16:00:00Z,85
8792009665,2016-04-06T17:00:00Z,141
8792009665,2016-04-06T18:00:00Z,124
8792009665,2016-04-06T19:00:00Z,117
8792009665,2016-04-06T20:00:00Z,102
8792009665,2016-04-06T21:00:00Z,73
8792009665,2016-04-06T22:00:00Z,71
8792009665,2016-04-06T23:00:00Z,79
8792009665,2016-04-07T00:00:00Z,107
8792009665,2016-04-07T01:00:00Z,119
8792009665,2016-04-07T02:00:00Z,76
8792009665,2016-04-07T03:00:00Z,71
8792009665,2016-04-07T04:00:00Z,72
8792009665,2016-04-07T05:00:00Z,71
8792009665,2016-04-07T06:00:00Z,71
8792009665,2016-04-07T07:00:00Z,70
8792009665,2016-04-07T08:00:00Z,77
8792009665,2016-04-07T09:00:00Z,72
8792009665,2016-04-07T10:00:00Z,83
8792009665,2016-04-07T11:00:00Z,100
8792009665,2016-04-07T12:00:00Z,119
8792009665,2016-04-07T13:00:00Z,74
8792009665,2016-04-07T14:00:00Z,80
8792009665,2016-04-07T15:00:00Z,85
8792009665,2016-04-07T16:00:00Z,75
8792009665,2016-04-07T17:00:00Z,117
8792009665,2016-04-07T18:00:00Z,70
8792009665,2016-04-07T19:00:00Z,70
8792009665,2016-04-07T20:00:00Z,70
8792009665,2016-04-07T21:00:00Z,70
8792009665,2016-04-07T22:00:00Z,70
8792009665,2016-04-07T23:00:00Z,70
8792009665,2016-04-08T00:00:00Z,70
8792009665,2016-04-08T01:00:00Z,84
8792009665,2016-04-08T02:00:00Z,90
8792009665,2016-04-08T03:00:00Z,85
8792009665,2016-04-08T04:00:00Z,70
8792009665,2016-04-08T05:00:00Z,71
8792009665,2016-04-08T06:00:00Z,82
8792009665,2016-04-08T07:00:00Z,70
8792009665,2016-04-08T08:00:00Z,72
8792009665,2016-04-08T09:00:00Z,70
8792009665,2016-04-08T10:00:00Z,72
8792009665,2016-04-08T11:00:00Z,157
8792009665,2016-04-08T12:00:00Z,92
8792009665,2016-04-08T13:00:00Z,83
8792009665,2016-04-08T14:00:00Z,72
8792009665,2016-04-08T15:00:00Z,71
8792009665,2016-04-08T16:00:00Z,109
8792009665,2016-04-08T17:00:00Z,90
8792009665,2016-04-08T18:00:00Z,88
8792009665,2016-04-08T19:00:00Z,70
8792009665,2016-04-08T20:00:00Z,70
8792009665,2016-04-08T21:00:00Z,70
8792009665,2016-04-08T22:00:00Z,71
8792009665,2016-04-08T23:00:00Z,70
8792009665,2016-04-09T00:00:00Z,70
8792009665,2016-04-09T01:00:00Z,113
8792009665,2016-04-09T02:00:00Z,71
8792009665,2016-04-09T03:00:00Z,71
8792009665,2016-04-09T04:00:00Z,70
8792009665,2016-04-09T05:00:00Z,70
8792009665,2016-04-09T06:00:00Z,82
8792009665,2016-04-09T07:00:00Z,71
8792009665,2016-04-09T08:00:00Z,71
8792009665,2016-04-09T09:00:00Z,71
8792009665,2016-04-09T10:00:00Z,71
8792009665,2016-04-09T11:00:00Z,99
8792009665,2016-04-09T12:00:00Z,82
8792009665,2016-04-09T13:00:00Z,72
8792009665,2016-04-09T14:00:00Z,104
8792009665,2016-04-09T15:00:00Z,82
8792009665,2016-04-09T16:00:00Z,83
8792009665,2016-04-09T17:00:00Z,89
8792009665,2016-04-09T18:00:00Z,97
8792009665,2016-04-09T19:00:00Z,70
8792009665,2016-04-09T20:00:00Z,70
8792009665,2016-04-09T21:00:00Z,70
8792009665,2016-04-09T22:00:00Z,70
8792009665,2016-04-09T23:00:00Z,70
8792009665,2016-04-10T00:00:00Z,70
8792009665,2016-04-10T01:00:00Z,70
8792009665,2016-04-10T02:00:00Z,70
8792009665,2016-04-10T03:00:00Z,70
8792009665,2016-04-10T04:00:00Z,70
8792009665,2016-04-10T05:00:00Z,70
8792009665,2016-04-10T06:00:00Z,70
8792009665,2016-04-10T07:00:00Z,70
8792009665,2016-04-10T08:00:00Z,70
8792009665,2016-04-10T09:00:00Z,70
8792009665,2016-04-10T10:00:00Z,70
8792009665,2016-04-10T11:00:00Z,70
8792009665,2016-04-10T12:00:00Z,92
8792009665,2016-04-10T13:00:00Z,136
8792009665,2016-04-10T14:00:00Z,159
8792009665,2016-04-10T15:00:00Z,116
8792009665,2016-04-10T16:00:00Z,150
8792009665,2016-04-10T17:00:00Z,174
8792009665,2016-04-10T18:00:00Z,145
8792009665,2016-04-10T19:00:00Z,112
8792009665,2016-04-10T20:00:00Z,83
8792009665,2016-04-10T21:00:00Z,83
8792009665,2016-04-10T22:00:00Z,82
8792009665,2016-04-10T23:00:00Z,78
8792009665,2016-04-11T00:00:00Z,102
8792009665,2016-04-11T01:00:00Z,76
8792009665,2016-04-11T02:00:00Z,70
8792009665,2016-04-11T03:00:00Z,70
8792009665,2016-04-11T04:00:00Z,70
8792009665,2016-04-11T05:00:00Z,70
8792009665,2016-04-11T06:00:00Z,70
8792009665,2016-04-11T07:00:00Z,70
8792009665,2016-04-11T08:00:00Z,70
8792009665,2016-04-11T09:00:00Z,70
8792009665,2016-04-11T10:00:00Z,70
8792009665,2016-04-11T11:00:00Z,70
8792009665,2016-04-11T12:00:00Z,70
8792009665,2016-04-11T13:00:00Z,70
8792009665,2016-04-11T14:00:00Z,70
8792009665,2016-04-11T15:00:00Z,70
8792009665,2016-04-11T16:00:00Z,70
8792009665,2016-04-11T17:00:00Z,70
8792009665,2016-04-11T18:00:00Z,70
8792009665,2016-04-11T19:00:00Z,70
8792009665,2016-04-11T20:00:00Z,70
8792009665,2016-04-11T21:00:00Z,70
8792009665,2016-04-11T22:00:00Z,70
8792009665,2016-04-11T23:00:00Z,70
8792009665,2016-04-12T00:00:00Z,70
8792009665,2016-04-12T01:00:00Z,70
8792009665,2016-04-12T02:00:00Z,81
8792009665,2016-04-12T03:00:00Z,70
8792009665,2016-04-12T04:00:00Z,70
8792009665,2016-04-12T05:00:00Z,70
8792009665,2016-04-12T06:00:00Z,70
8792009665,2016-04-12T07:00:00Z,70
8792009665,2016-04-12T08:00:00Z,77
8792009665,2016-04-12T09:00:00Z,71
8877689391,2016-03-12T00:00:00Z,74
8877689391,2016-03-12T01:00:00Z,74
8877689391,2016-03-12T02:00:00Z,74
8877689391,2016-03-12T03:00:00Z,74
8877689391,2016-03-12T04:00:00Z,74
8877689391,2016-03-12T05:00:00Z,74
8877689391,2016-03-12T06:00:00Z,74
8877689391,2016-03-12T07:00:00Z,74
8877689391,2016-03-12T08:00:00Z,105
8877689391,2016-03-12T09:00:00Z,97
8877689391,2016-03-12T10:00:00Z,189
8877689391,2016-03-12T11:00:00Z,241
8877689391,2016-03-12T12:00:00Z,179
8877689391,2016-03-12T13:00:00Z,178
8877689391,2016-03-12T14:00:00Z,856
8877689391,2016-03-12T15:00:00Z,331
8877689391,2016-03-12T16:00:00Z,139
8877689391,2016-03-12T17:00:00Z,133
8877689391,2016-03-12T18:00:00Z,147
8877689391,2016-03-12T19:00:00Z,144
8877689391,2016-03-12T20:00:00Z,129
8877689391,2016-03-12T21:00:00Z,192
8877689391,2016-03-12T22:00:00Z,163
8877689391,2016-03-12T23:00:00Z,74
8877689391,2016-03-13T00:00:00Z,74
8877689391,2016-03-13T01:00:00Z,74
8877689391,2016-03-13T02:00:00Z,74
8877689391,2016-03-13T03:00:00Z,74
8877689391,2016-03-13T04:00:00Z,74
8877689391,2016-03-13T05:00:00Z,74
8877689391,2016-03-13T06:00:00Z,74
8877689391,2016-03-13T07:00:00Z,84
8877689391,2016-03-13T08:00:00Z,147
8877689391,2016-03-13T09:00:00Z,201
8877689391,2016-03-13T10:00:00Z,151
8877689391,2016-03-13T11:00:00Z,112
8877689391,2016-03-13T12:00:00Z,185
8877689391,2016-03-13T13:00:00Z,120
8877689391,2016-03-13T14:00:00Z,108
8877689391,2016-03-13T15:00:00Z,91
8877689391,2016-03-13T16:00:00Z,116
8877689391,2016-03-13T17:00:00Z,100
8877689391,2016-03-13T18:00:00Z,152
8877689391,2016-03-13T19:00:00Z,261
8877689391,2016-03-13T20:00:00Z,145
8877689391,2016-03-13T21:00:00Z,161
8877689391,2016-03-13T22:00:00Z,74
8877689391,2016-03-13T23:00:00Z,74
8877689391,2016-03-14T00:00:00Z,74
8877689391,2016-03-14T01:00:00Z,74
8877689391,2016-03-14T02:00:00Z,74
8877689391,2016-03-14T03:00:00Z,74
8877689391,2016-03-14T04:00:00Z,74
8877689391,2016-03-14T05:00:00Z,74
8877689391,2016-03-14T06:00:00Z,98
8877689391,2016-03-14T07:00:00Z,163
8877689391,2016-03-14T08:00:00Z,134
8877689391,2016-03-14T09:00:00Z,120
8877689391,2016-03-14T10:00:00Z,104
8877689391,2016-03-14T11:00:00Z,115
8877689391,2016-03-14T12:00:00Z,297
8877689391,2016-03-14T13:00:00Z,120
8877689391,2016-03-14T14:00:00Z,87
8877689391,2016-03-14T15:00:00Z,167
8877689391,2016-03-14T16:00:00Z,159
8877689391,2016-03-14T17:00:00Z,104
8877689391,2016-03-14T18:00:00Z,151
8877689391,2016-03-14T19:00:00Z,616
8877689391,2016-03-14T20:00:00Z,507
8877689391,2016-03-14T21:00:00Z,135
8877689391,2016-03-14T22:00:00Z,82
8877689391,2016-03-14T23:00:00Z,74
8877689391,2016-03-15T00:00:00Z,73
8877689391,2016-03-15T01:00:00Z,73
8877689391,2016-03-15T02:00:00Z,73
8877689391,2016-03-15T03:00:00Z,73
8877689391,2016-03-15T04:00:00Z,73
8877689391,2016-03-15T05:00:00Z,73
8877689391,2016-03-15T06:00:00Z,93
8877689391,2016-03-15T07:00:00Z,155
8877689391,2016-03-15T08:00:00Z,112
8877689391,2016-03-15T09:00:00Z,113
8877689391,2016-03-15T10:00:00Z,124
8877689391,2016-03-15T11:00:00Z,146
8877689391,2016-03-15T12:00:00Z,397
8877689391,2016-03-15T13:00:00Z,129
8877689391,2016-03-15T14:00:00Z,155
8877689391,2016-03-15T15:00:00Z,91
8877689391,2016-03-15T16:00:00Z,126
8877689391,2016-03-15T17:00:00Z,109
8877689391,2016-03-15T18:00:00Z,130
8877689391,2016-03-15T19:00:00Z,118
8877689391,2016-03-15T20:00:00Z,106
8877689391,2016-03-15T21:00:00Z,77
8877689391,2016-03-15T22:00:00Z,122
8877689391,2016-03-15T23:00:00Z,73
8877689391,2016-03-16T00:00:00Z,73
8877689391,2016-03-16T01:00:00Z,73
8877689391,2016-03-16T02:00:00Z,73
8877689391,2016-03-16T03:00:00Z,73
8877689391,2016-03-16T04:00:00Z,73
8877689391,2016-03-16T05:00:00Z,73
8877689391,2016-03-16T06:00:00Z,73
8877689391,2016-03-16T07:00:00Z,98
8877689391,2016-03-16T08:00:00Z,156
8877689391,2016-03-16T09:00:00Z,95
8877689391,2016-03-16T10:00:00Z,145
8877689391,2016-03-16T11:00:00Z,130
8877689391,2016-03-16T12:00:00Z,103
8877689391,2016-03-16T13:00:00Z,122
8877689391,2016-03-16T14:00:00Z,115
8877689391,2016-03-16T15:00:00Z,112
8877689391,2016-03-16T16:00:00Z,137
8877689391,2016-03-16T17:00:00Z,144
8877689391,2016-03-16T18:00:00Z,734
8877689391,2016-03-16T19:00:00Z,380
8877689391,2016-03-16T20:00:00Z,155
8877689391,2016-03-16T21:00:00Z,162
8877689391,2016-03-16T22:00:00Z,114
8877689391,2016-03-16T23:00:00Z,73
8877689391,2016-03-17T00:00:00Z,73
8877689391,2016-03-17T01:00:00Z,73
8877689391,2016-03-17T02:00:00Z,73
8877689391,2016-03-17T03:00:00Z,73
8877689391,2016-03-17T04:00:00Z,73
8877689391,2016-03-17T05:00:00Z,73
8877689391,2016-03-17T06:00:00Z,73
8877689391,2016-03-17T07:00:00Z,161
8877689391,2016-03-17T08:00:00Z,125
8877689391,2016-03-17T09:00:00Z,111
8877689391,2016-03-17T10:00:00Z,133
8877689391,2016-03-17T11:00:00Z,132
8877689391,2016-03-17T12:00:00Z,226
8877689391,2016-03-17T13:00:00Z,136
8877689391,2016-03-17T14:00:00Z,163
8877689391,2016-03-17T15:00:00Z,123
8877689391,2016-03-17T16:00:00Z,100
8877689391,2016-03-17T17:00:00Z,201
8877689391,2016-03-17T18:00:00Z,760
8877689391,2016-03-17T19:00:00Z,276
8877689391,2016-03-17T20:00:00Z,108
8877689391,2016-03-17T21:00:00Z,111
8877689391,2016-03-17T22:00:00Z,154
8877689391,2016-03-17T23:00:00Z,144
8877689391,2016-03-18T00:00:00Z,74
8877689391,2016-03-18T01:00:00Z,74
8877689391,2016-03-18T02:00:00Z,74
8877689391,2016-03-18T03:00:00Z,74
8877689391,2016-03-18T04:00:00Z,74
8877689391,2016-03-18T05:00:00Z,74
8877689391,2016-03-18T06:00:00Z,105
8877689391,2016-03-18T07:00:00Z,154
8877689391,2016-03-18T08:00:00Z,145
8877689391,2016-03-18T09:00:00Z,120
8877689391,2016-03-18T10:00:00Z,101
8877689391,2016-03-18T11:00:00Z,141
8877689391,2016-03-18T12:00:00Z,314
8877689391,2016-03-18T13:00:00Z,169
8877689391,2016-03-18T14:00:00Z,114
8877689391,2016-03-18T15:00:00Z,127
8877689391,2016-03-18T16:00:00Z,142
8877689391,2016-03-18T17:00:00Z,707
8877689391,2016-03-18T18:00:00Z,368
8877689391,2016-03-18T19:00:00Z,151
8877689391,2016-03-18T20:00:00Z,124
8877689391,2016-03-18T21:00:00Z,110
8877689391,2016-03-18T22:00:00Z,113
8877689391,2016-03-18T23:00:00Z,74
8877689391,2016-03-19T00:00:00Z,74
8877689391,2016-03-19T01:00:00Z,74
8877689391,2016-03-19T02:00:00Z,74
8877689391,2016-03-19T03:00:00Z,74
8877689391,2016-03-19T04:00:00Z,74
8877689391,2016-03-19T05:00:00Z,74
8877689391,2016-03-19T06:00:00Z,74
8877689391,2016-03-19T07:00:00Z,74
8877689391,2016-03-19T08:00:00Z,94
8877689391,2016-03-19T09:00:00Z,99
8877689391,2016-03-19T10:00:00Z,178
8877689391,2016-03-19T11:00:00Z,123
8877689391,2016-03-19T12:00:00Z,152
8877689391,2016-03-19T13:00:00Z,469
8877689391,2016-03-19T14:00:00Z,650
8877689391,2016-03-19T15:00:00Z,126
8877689391,2016-03-19T16:00:00Z,116
8877689391,2016-03-19T17:00:00Z,87
8877689391,2016-03-19T18:00:00Z,141
8877689391,2016-03-19T19:00:00Z,102
8877689391,2016-03-19T20:00:00Z,101
8877689391,2016-03-19T21:00:00Z,201
8877689391,2016-03-19T22:00:00Z,280
8877689391,2016-03-19T23:00:00Z,271
8877689391,2016-03-20T00:00:00Z,74
8877689391,2016-03-20T01:00:00Z,74
8877689391,2016-03-20T02:00:00Z,74
8877689391,2016-03-20T03:00:00Z,74
8877689391,2016-03-20T04:00:00Z,74
8877689391,2016-03-20T05:00:00Z,74
8877689391,2016-03-20T06:00:00Z,74
8877689391,2016-03-20T07:00:00Z,74
8877689391,2016-03-20T08:00:00Z,90
8877689391,2016-03-20T09:00:00Z,100
8877689391,2016-03-20T10:00:00Z,98
8877689391,2016-03-20T11:00:00Z,164
8877689391,2016-03-20T12:00:00Z,155
8877689391,2016-03-20T13:00:00Z,159
8877689391,2016-03-20T14:00:00Z,109
8877689391,2016-03-20T15:00:00Z,159
8877689391,2016-03-20T16:00:00Z,519
8877689391,2016-03-20T17:00:00Z,560
8877689391,2016-03-20T18:00:00Z,77
8877689391,2016-03-20T19:00:00Z,165
8877689391,2016-03-20T20:00:00Z,121
8877689391,2016-03-20T21:00:00Z,133
8877689391,2016-03-20T22:00:00Z,126
8877689391,2016-03-20T23:00:00Z,74
8877689391,2016-03-21T00:00:00Z,74
8877689391,2016-03-21T01:00:00Z,74
8877689391,2016-03-21T02:00:00Z,74
8877689391,2016-03-21T03:00:00Z,74
8877689391,2016-03-21T04:00:00Z,74
8877689391,2016-03-21T05:00:00Z,74
8877689391,2016-03-21T06:00:00Z,85
8877689391,2016-03-21T07:00:00Z,160
8877689391,2016-03-21T08:00:00Z,121
8877689391,2016-03-21T09:00:00Z,141
8877689391,2016-03-21T10:00:00Z,124
8877689391,2016-03-21T11:00:00Z,219
8877689391,2016-03-21T12:00:00Z,345
8877689391,2016-03-21T13:00:00Z,126
8877689391,2016-03-21T14:00:00Z,149
8877689391,2016-03-21T15:00:00Z,137
8877689391,2016-03-21T16:00:00Z,140
8877689391,2016-03-21T17:00:00Z,123
8877689391,2016-03-21T18:00:00Z,117
8877689391,2016-03-21T19:00:00Z,99
8877689391,2016-03-21T20:00:00Z,106
8877689391,2016-03-21T21:00:00Z,90
8877689391,2016-03-21T22:00:00Z,74
8877689391,2016-03-21T23:00:00Z,74
8877689391,2016-03-22T00:00:00Z,74
8877689391,2016-03-22T01:00:00Z,74
8877689391,2016-03-22T02:00:00Z,74
8877689391,2016-03-22T03:00:00Z,74
8877689391,2016-03-22T04:00:00Z,74
8877689391,2016-03-22T05:00:00Z,74
8877689391,2016-03-22T06:00:00Z,116
8877689391,2016-03-22T07:00:00Z,156
8877689391,2016-03-22T08:00:00Z,104
8877689391,2016-03-22T09:00:00Z,123
8877689391,2016-03-22T10:00:00Z,141
8877689391,2016-03-22T11:00:00Z,128
8877689391,2016-03-22T12:00:00Z,282
8877689391,2016-03-22T13:00:00Z,123
8877689391,2016-03-22T14:00:00Z,154
8877689391,2016-03-22T15:00:00Z,119
8877689391,2016-03-22T16:00:00Z,154
8877689391,2016-03-22T17:00:00Z,415
8877689391,2016-03-22T18:00:00Z,716
8877689391,2016-03-22T19:00:00Z,244
8877689391,2016-03-22T20:00:00Z,183
8877689391,2016-03-22T21:00:00Z,157
8877689391,2016-03-22T22:00:00Z,81
8877689391,2016-03-22T23:00:00Z,74
8877689391,2016-03-23T00:00:00Z,74
8877689391,2016-03-23T01:00:00Z,74
8877689391,2016-03-23T02:00:00Z,74
8877689391,2016-03-23T03:00:00Z,74
8877689391,2016-03-23T04:00:00Z,74
8877689391,2016-03-23T05:00:00Z,74
8877689391,2016-03-23T06:00:00Z,84
8877689391,2016-03-23T07:00:00Z,181
8877689391,2016-03-23T08:00:00Z,157
8877689391,2016-03-23T09:00:00Z,113
8877689391,2016-03-23T10:00:00Z,117
8877689391,2016-03-23T11:00:00Z,129
8877689391,2016-03-23T12:00:00Z,103
8877689391,2016-03-23T13:00:00Z,120
8877689391,2016-03-23T14:00:00Z,96
8877689391,2016-03-23T15:00:00Z,117
8877689391,2016-03-23T16:00:00Z,175
8877689391,2016-03-23T17:00:00Z,435
8877689391,2016-03-23T18:00:00Z,848
8877689391,2016-03-23T19:00:00Z,358
8877689391,2016-03-23T20:00:00Z,117
8877689391,2016-03-23T21:00:00Z,75
8877689391,2016-03-23T22:00:00Z,74
8877689391,2016-03-23T23:00:00Z,74
8877689391,2016-03-24T00:00:00Z,74
8877689391,2016-03-24T01:00:00Z,74
8877689391,2016-03-24T02:00:00Z,74
8877689391,2016-03-24T03:00:00Z,74
8877689391,2016-03-24T04:00:00Z,74
8877689391,2016-03-24T05:00:00Z,74
8877689391,2016-03-24T06:00:00Z,133
8877689391,2016-03-24T07:00:00Z,146
8877689391,2016-03-24T08:00:00Z,131
8877689391,2016-03-24T09:00:00Z,118
8877689391,2016-03-24T10:00:00Z,82
8877689391,2016-03-24T11:00:00Z,276
8877689391,2016-03-24T12:00:00Z,123
8877689391,2016-03-24T13:00:00Z,139
8877689391,2016-03-24T14:00:00Z,115
8877689391,2016-03-24T15:00:00Z,83
8877689391,2016-03-24T16:00:00Z,398
8877689391,2016-03-24T17:00:00Z,79
8877689391,2016-03-24T18:00:00Z,131
8877689391,2016-03-24T19:00:00Z,101
8877689391,2016-03-24T20:00:00Z,139
8877689391,2016-03-24T21:00:00Z,127
8877689391,2016-03-24T22:00:00Z,103
8877689391,2016-03-24T23:00:00Z,74
8877689391,2016-03-25T00:00:00Z,74
8877689391,2016-03-25T01:00:00Z,74
8877689391,2016-03-25T02:00:00Z,74
8877689391,2016-03-25T03:00:00Z,74
8877689391,2016-03-25T04:00:00Z,74
8877689391,2016-03-25T05:00:00Z,74
8877689391,2016-03-25T06:00:00Z,74
8877689391,2016-03-25T07:00:00Z,164
8877689391,2016-03-25T08:00:00Z,173
8877689391,2016-03-25T09:00:00Z,103
8877689391,2016-03-25T10:00:00Z,122
8877689391,2016-03-25T11:00:00Z,120
8877689391,2016-03-25T12:00:00Z,110
8877689391,2016-03-25T13:00:00Z,127
8877689391,2016-03-25T14:00:00Z,140
8877689391,2016-03-25T15:00:00Z,105
8877689391,2016-03-25T16:00:00Z,159
8877689391,2016-03-25T17:00:00Z,112
8877689391,2016-03-25T18:00:00Z,120
8877689391,2016-03-25T19:00:00Z,106
8877689391,2016-03-25T20:00:00Z,105
8877689391,2016-03-25T21:00:00Z,220
8877689391,2016-03-25T22:00:00Z,210
8877689391,2016-03-25T23:00:00Z,74
8877689391,2016-03-26T00:00:00Z,73
8877689391,2016-03-26T01:00:00Z,73
8877689391,2016-03-26T02:00:00Z,73
8877689391,2016-03-26T03:00:00Z,73
8877689391,2016-03-26T04:00:00Z,73
8877689391,2016-03-26T05:00:00Z,73
8877689391,2016-03-26T06:00:00Z,73
8877689391,2016-03-26T07:00:00Z,73
8877689391,2016-03-26T08:00:00Z,83
8877689391,2016-03-26T09:00:00Z,152
8877689391,2016-03-26T10:00:00Z,191
8877689391,2016-03-26T11:00:00Z,134
8877689391,2016-03-26T12:00:00Z,136
8877689391,2016-03-26T13:00:00Z,190
8877689391,2016-03-26T14:00:00Z,213
8877689391,2016-03-26T15:00:00Z,106
8877689391,2016-03-26T16:00:00Z,164
8877689391,2016-03-26T17:00:00Z,163
8877689391,2016-03-26T18:00:00Z,109
8877689391,2016-03-26T19:00:00Z,109
8877689391,2016-03-26T20:00:00Z,128
8877689391,2016-03-26T21:00:00Z,114
8877689391,2016-03-26T22:00:00Z,126
8877689391,2016-03-26T23:00:00Z,119
8877689391,2016-03-27T00:00:00Z,73
8877689391,2016-03-27T01:00:00Z,73
8877689391,2016-03-27T02:00:00Z,73
8877689391,2016-03-27T03:00:00Z,73
8877689391,2016-03-27T04:00:00Z,73
8877689391,2016-03-27T05:00:00Z,73
8877689391,2016-03-27T06:00:00Z,73
8877689391,2016-03-27T07:00:00Z,73
8877689391,2016-03-27T08:00:00Z,79
8877689391,2016-03-27T09:00:00Z,86
8877689391,2016-03-27T10:00:00Z,182
8877689391,2016-03-27T11:00:00Z,107
8877689391,2016-03-27T12:00:00Z,165
8877689391,2016-03-27T13:00:00Z,190
8877689391,2016-03-27T14:00:00Z,265
8877689391,2016-03-27T15:00:00Z,916
8877689391,2016-03-27T16:00:00Z,906
8877689391,2016-03-27T17:00:00Z,451
8877689391,2016-03-27T18:00:00Z,141
8877689391,2016-03-27T19:00:00Z,187
8877689391,2016-03-27T20:00:00Z,171
8877689391,2016-03-27T21:00:00Z,155
8877689391,2016-03-27T22:00:00Z,73
8877689391,2016-03-27T23:00:00Z,73
8877689391,2016-03-28T00:00:00Z,73
8877689391,2016-03-28T01:00:00Z,73
8877689391,2016-03-28T02:00:00Z,73
8877689391,2016-03-28T03:00:00Z,73
8877689391,2016-03-28T04:00:00Z,73
8877689391,2016-03-28T05:00:00Z,73
8877689391,2016-03-28T06:00:00Z,91
8877689391,2016-03-28T07:00:00Z,175
8877689391,2016-03-28T08:00:00Z,113
8877689391,2016-03-28T09:00:00Z,108
8877689391,2016-03-28T10:00:00Z,107
8877689391,2016-03-28T11:00:00Z,124
8877689391,2016-03-28T12:00:00Z,304
8877689391,2016-03-28T13:00:00Z,135
8877689391,2016-03-28T14:00:00Z,112
8877689391,2016-03-28T15:00:00Z,134
8877689391,2016-03-28T16:00:00Z,140
8877689391,2016-03-28T17:00:00Z,118
8877689391,2016-03-28T18:00:00Z,202
8877689391,2016-03-28T19:00:00Z,134
8877689391,2016-03-28T20:00:00Z,125
8877689391,2016-03-28T21:00:00Z,105
8877689391,2016-03-28T22:00:00Z,94
8877689391,2016-03-28T23:00:00Z,73
8877689391,2016-03-29T00:00:00Z,73
8877689391,2016-03-29T01:00:00Z,73
8877689391,2016-03-29T02:00:00Z,73
8877689391,2016-03-29T03:00:00Z,73
8877689391,2016-03-29T04:00:00Z,73
8877689391,2016-03-29T05:00:00Z,73
8877689391,2016-03-29T06:00:00Z,98
8877689391,2016-03-29T07:00:00Z,170
8877689391,2016-03-29T08:00:00Z,161
8877689391,2016-03-29T09:00:00Z,128
8877689391,2016-03-29T10:00:00Z,175
8877689391,2016-03-29T11:00:00Z,327
8877689391,2016-03-29T12:00:00Z,609
8877689391,2016-03-29T13:00:00Z,107
8877689391,2016-03-29T14:00:00Z,113
8877689391,2016-03-29T15:00:00Z,138
8877689391,2016-03-29T16:00:00Z,137
8877689391,2016-03-29T17:00:00Z,136
8877689391,2016-03-29T18:00:00Z,112
8877689391,2016-03-29T19:00:00Z,99
8877689391,2016-03-29T20:00:00Z,244
8877689391,2016-03-29T21:00:00Z,155
8877689391,2016-03-29T22:00:00Z,100
8877689391,2016-03-29T23:00:00Z,73
8877689391,2016-03-30T00:00:00Z,73
8877689391,2016-03-30T01:00:00Z,73
8877689391,2016-03-30T02:00:00Z,73
8877689391,2016-03-30T03:00:00Z,73
8877689391,2016-03-30T04:00:00Z,73
8877689391,2016-03-30T05:00:00Z,73
8877689391,2016-03-30T06:00:00Z,81
8877689391,2016-03-30T07:00:00Z,151
8877689391,2016-03-30T08:00:00Z,173
8877689391,2016-03-30T09:00:00Z,117
8877689391,2016-03-30T10:00:00Z,155
8877689391,2016-03-30T11:00:00Z,324
8877689391,2016-03-30T12:00:00Z,708
8877689391,2016-03-30T13:00:00Z,142
8877689391,2016-03-30T14:00:00Z,100
8877689391,2016-03-30T15:00:00Z,150
8877689391,2016-03-30T16:00:00Z,125
8877689391,2016-03-30T17:00:00Z,154
8877689391,2016-03-30T18:00:00Z,455
8877689391,2016-03-30T19:00:00Z,410
8877689391,2016-03-30T20:00:00Z,186
8877689391,2016-03-30T21:00:00Z,149
8877689391,2016-03-30T22:00:00Z,111
8877689391,2016-03-30T23:00:00Z,73
8877689391,2016-03-31T00:00:00Z,73
8877689391,2016-03-31T01:00:00Z,73
8877689391,2016-03-31T02:00:00Z,73
8877689391,2016-03-31T03:00:00Z,73
8877689391,2016-03-31T04:00:00Z,73
8877689391,2016-03-31T05:00:00Z,73
8877689391,2016-03-31T06:00:00Z,83
8877689391,2016-03-31T07:00:00Z,168
8877689391,2016-03-31T08:00:00Z,123
8877689391,2016-03-31T09:00:00Z,166
8877689391,2016-03-31T10:00:00Z,152
8877689391,2016-03-31T11:00:00Z,131
8877689391,2016-03-31T12:00:00Z,314
8877689391,2016-03-31T13:00:00Z,123
8877689391,2016-03-31T14:00:00Z,138
8877689391,2016-03-31T15:00:00Z,191
8877689391,2016-03-31T16:00:00Z,151
8877689391,2016-03-31T17:00:00Z,116
8877689391,2016-03-31T18:00:00Z,162
8877689391,2016-03-31T19:00:00Z,131
8877689391,2016-03-31T20:00:00Z,149
8877689391,2016-03-31T21:00:00Z,99
8877689391,2016-03-31T22:00:00Z,92
8877689391,2016-03-31T23:00:00Z,73
8877689391,2016-04-01T00:00:00Z,73
8877689391,2016-04-01T01:00:00Z,73
8877689391,2016-04-01T02:00:00Z,73
8877689391,2016-04-01T03:00:00Z,73
8877689391,2016-04-01T04:00:00Z,73
8877689391,2016-04-01T05:00:00Z,73
8877689391,2016-04-01T06:00:00Z,88
8877689391,2016-04-01T07:00:00Z,168
8877689391,2016-04-01T08:00:00Z,115
8877689391,2016-04-01T09:00:00Z,132
8877689391,2016-04-01T10:00:00Z,113
8877689391,2016-04-01T11:00:00Z,139
8877689391,2016-04-01T12:00:00Z,394
8877689391,2016-04-01T13:00:00Z,117
8877689391,2016-04-01T14:00:00Z,186
8877689391,2016-04-01T15:00:00Z,149
8877689391,2016-04-01T16:00:00Z,167
8877689391,2016-04-01T17:00:00Z,127
8877689391,2016-04-01T18:00:00Z,280
8877689391,2016-04-01T19:00:00Z,488
8877689391,2016-04-01T20:00:00Z,149
8877689391,2016-04-01T21:00:00Z,122
8877689391,2016-04-01T22:00:00Z,76
8877689391,2016-04-01T23:00:00Z,73
8877689391,2016-04-02T00:00:00Z,74
8877689391,2016-04-02T01:00:00Z,74
8877689391,2016-04-02T02:00:00Z,74
8877689391,2016-04-02T03:00:00Z,74
8877689391,2016-04-02T04:00:00Z,74
8877689391,2016-04-02T05:00:00Z,74
8877689391,2016-04-02T06:00:00Z,74
8877689391,2016-04-02T07:00:00Z,104
8877689391,2016-04-02T08:00:00Z,214
8877689391,2016-04-02T09:00:00Z,185
8877689391,2016-04-02T10:00:00Z,165
8877689391,2016-04-02T11:00:00Z,226
8877689391,2016-04-02T12:00:00Z,175
8877689391,2016-04-02T13:00:00Z,270
8877689391,2016-04-02T14:00:00Z,273
8877689391,2016-04-02T15:00:00Z,337
8877689391,2016-04-02T16:00:00Z,826
8877689391,2016-04-02T17:00:00Z,169
8877689391,2016-04-02T18:00:00Z,123
8877689391,2016-04-02T19:00:00Z,119
8877689391,2016-04-02T20:00:00Z,118
8877689391,2016-04-02T21:00:00Z,188
8877689391,2016-04-02T22:00:00Z,121
8877689391,2016-04-02T23:00:00Z,74
8877689391,2016-04-03T00:00:00Z,74
8877689391,2016-04-03T01:00:00Z,74
8877689391,2016-04-03T02:00:00Z,74
8877689391,2016-04-03T03:00:00Z,74
8877689391,2016-04-03T04:00:00Z,74
8877689391,2016-04-03T05:00:00Z,74
8877689391,2016-04-03T06:00:00Z,74
8877689391,2016-04-03T07:00:00Z,74
8877689391,2016-04-03T08:00:00Z,102
8877689391,2016-04-03T09:00:00Z,138
8877689391,2016-04-03T10:00:00Z,185
8877689391,2016-04-03T11:00:00Z,263
8877689391,2016-04-03T12:00:00Z,132
8877689391,2016-04-03T13:00:00Z,121
8877689391,2016-04-03T14:00:00Z,126
8877689391,2016-04-03T15:00:00Z,440
8877689391,2016-04-03T16:00:00Z,652
8877689391,2016-04-03T17:00:00Z,109
8877689391,2016-04-03T18:00:00Z,140
8877689391,2016-04-03T19:00:00Z,147
8877689391,2016-04-03T20:00:00Z,237
8877689391,2016-04-03T21:00:00Z,149
8877689391,2016-04-03T22:00:00Z,199
8877689391,2016-04-03T23:00:00Z,125
8877689391,2016-04-04T00:00:00Z,74
8877689391,2016-04-04T01:00:00Z,74
8877689391,2016-04-04T02:00:00Z,74
8877689391,2016-04-04T03:00:00Z,74
8877689391,2016-04-04T04:00:00Z,74
8877689391,2016-04-04T05:00:00Z,74
8877689391,2016-04-04T06:00:00Z,74
8877689391,2016-04-04T07:00:00Z,178
8877689391,2016-04-04T08:00:00Z,121
8877689391,2016-04-04T09:00:00Z,126
8877689391,2016-04-04T10:00:00Z,157
8877689391,2016-04-04T11:00:00Z,128
8877689391,2016-04-04T12:00:00Z,321
8877689391,2016-04-04T13:00:00Z,125
8877689391,2016-04-04T14:00:00Z,94
8877689391,2016-04-04T15:00:00Z,115
8877689391,2016-04-04T16:00:00Z,162
8877689391,2016-04-04T17:00:00Z,106
8877689391,2016-04-04T18:00:00Z,127
8877689391,2016-04-04T19:00:00Z,800
8877689391,2016-04-04T20:00:00Z,240
8877689391,2016-04-04T21:00:00Z,127
8877689391,2016-04-04T22:00:00Z,138
8877689391,2016-04-04T23:00:00Z,74
8877689391,2016-04-05T00:00:00Z,74
8877689391,2016-04-05T01:00:00Z,74
8877689391,2016-04-05T02:00:00Z,74
8877689391,2016-04-05T03:00:00Z,74
8877689391,2016-04-05T04:00:00Z,74
8877689391,2016-04-05T05:00:00Z,74
8877689391,2016-04-05T06:00:00Z,112
8877689391,2016-04-05T07:00:00Z,158
8877689391,2016-04-05T08:00:00Z,126
8877689391,2016-04-05T09:00:00Z,142
8877689391,2016-04-05T10:00:00Z,96
8877689391,2016-04-05T11:00:00Z,120
8877689391,2016-04-05T12:00:00Z,227
8877689391,2016-04-05T13:00:00Z,128
8877689391,2016-04-05T14:00:00Z,162
8877689391,2016-04-05T15:00:00Z,129
8877689391,2016-04-05T16:00:00Z,98
8877689391,2016-04-05T17:00:00Z,155
8877689391,2016-04-05T18:00:00Z,121
8877689391,2016-04-05T19:00:00Z,135
8877689391,2016-04-05T20:00:00Z,178
8877689391,2016-04-05T21:00:00Z,118
8877689391,2016-04-05T22:00:00Z,109
8877689391,2016-04-05T23:00:00Z,74
8877689391,2016-04-06T00:00:00Z,74
8877689391,2016-04-06T01:00:00Z,74
8877689391,2016-04-06T02:00:00Z,74
8877689391,2016-04-06T03:00:00Z,74
8877689391,2016-04-06T04:00:00Z,74
8877689391,2016-04-06T05:00:00Z,74
8877689391,2016-04-06T06:00:00Z,92
8877689391,2016-04-06T07:00:00Z,160
8877689391,2016-04-06T08:00:00Z,191
8877689391,2016-04-06T09:00:00Z,113
8877689391,2016-04-06T10:00:00Z,200
8877689391,2016-04-06T11:00:00Z,142
8877689391,2016-04-06T12:00:00Z,271
8877689391,2016-04-06T13:00:00Z,129
8877689391,2016-04-06T14:00:00Z,177
8877689391,2016-04-06T15:00:00Z,181
8877689391,2016-04-06T16:00:00Z,165
8877689391,2016-04-06T17:00:00Z,121
8877689391,2016-04-06T18:00:00Z,462
8877689391,2016-04-06T19:00:00Z,617
8877689391,2016-04-06T20:00:00Z,243
8877689391,2016-04-06T21:00:00Z,173
8877689391,2016-04-06T22:00:00Z,79
8877689391,2016-04-06T23:00:00Z,74
8877689391,2016-04-07T00:00:00Z,73
8877689391,2016-04-07T01:00:00Z,73
8877689391,2016-04-07T02:00:00Z,73
8877689391,2016-04-07T03:00:00Z,73
8877689391,2016-04-07T04:00:00Z,73
8877689391,2016-04-07T05:00:00Z,73
8877689391,2016-04-07T06:00:00Z,96
8877689391,2016-04-07T07:00:00Z,150
8877689391,2016-04-07T08:00:00Z,106
8877689391,2016-04-07T09:00:00Z,143
8877689391,2016-04-07T10:00:00Z,113
8877689391,2016-04-07T11:00:00Z,108
8877689391,2016-04-07T12:00:00Z,119
8877689391,2016-04-07T13:00:00Z,129
8877689391,2016-04-07T14:00:00Z,106
8877689391,2016-04-07T15:00:00Z,211
8877689391,2016-04-07T16:00:00Z,143
8877689391,2016-04-07T17:00:00Z,129
8877689391,2016-04-07T18:00:00Z,160
8877689391,2016-04-07T19:00:00Z,104
8877689391,2016-04-07T20:00:00Z,399
8877689391,2016-04-07T21:00:00Z,88
8877689391,2016-04-07T22:00:00Z,126
8877689391,2016-04-07T23:00:00Z,73
8877689391,2016-04-08T00:00:00Z,73
8877689391,2016-04-08T01:00:00Z,73
8877689391,2016-04-08T02:00:00Z,73
8877689391,2016-04-08T03:00:00Z,73
8877689391,2016-04-08T04:00:00Z,73
8877689391,2016-04-08T05:00:00Z,73
8877689391,2016-04-08T06:00:00Z,124
8877689391,2016-04-08T07:00:00Z,168
8877689391,2016-04-08T08:00:00Z,147
8877689391,2016-04-08T09:00:00Z,167
8877689391,2016-04-08T10:00:00Z,114
8877689391,2016-04-08T11:00:00Z,127
8877689391,2016-04-08T12:00:00Z,219
8877689391,2016-04-08T13:00:00Z,151
8877689391,2016-04-08T14:00:00Z,129
8877689391,2016-04-08T15:00:00Z,192
8877689391,2016-04-08T16:00:00Z,687
8877689391,2016-04-08T17:00:00Z,401
8877689391,2016-04-08T18:00:00Z,183
8877689391,2016-04-08T19:00:00Z,196
8877689391,2016-04-08T20:00:00Z,219
8877689391,2016-04-08T21:00:00Z,302
8877689391,2016-04-08T22:00:00Z,142
8877689391,2016-04-08T23:00:00Z,85
8877689391,2016-04-09T00:00:00Z,73
8877689391,2016-04-09T01:00:00Z,73
8877689391,2016-04-09T02:00:00Z,73
8877689391,2016-04-09T03:00:00Z,73
8877689391,2016-04-09T04:00:00Z,73
8877689391,2016-04-09T05:00:00Z,73
8877689391,2016-04-09T06:00:00Z,73
8877689391,2016-04-09T07:00:00Z,73
8877689391,2016-04-09T08:00:00Z,187
8877689391,2016-04-09T09:00:00Z,123
8877689391,2016-04-09T10:00:00Z,169
8877689391,2016-04-09T11:00:00Z,144
8877689391,2016-04-09T12:00:00Z,191
8877689391,2016-04-09T13:00:00Z,114
8877689391,2016-04-09T14:00:00Z,178
8877689391,2016-04-09T15:00:00Z,643
8877689391,2016-04-09T16:00:00Z,481
8877689391,2016-04-09T17:00:00Z,117
8877689391,2016-04-09T18:00:00Z,104
8877689391,2016-04-09T19:00:00Z,133
8877689391,2016-04-09T20:00:00Z,152
8877689391,2016-04-09T21:00:00Z,183
8877689391,2016-04-09T22:00:00Z,212
8877689391,2016-04-09T23:00:00Z,120
8877689391,2016-04-10T00:00:00Z,73
8877689391,2016-04-10T01:00:00Z,73
8877689391,2016-04-10T02:00:00Z,73
8877689391,2016-04-10T03:00:00Z,73
8877689391,2016-04-10T04:00:00Z,73
8877689391,2016-04-10T05:00:00Z,73
8877689391,2016-04-10T06:00:00Z,73
8877689391,2016-04-10T07:00:00Z,73
8877689391,2016-04-10T08:00:00Z,73
8877689391,2016-04-10T09:00:00Z,135
8877689391,2016-04-10T10:00:00Z,470
8877689391,2016-04-10T11:00:00Z,933
8877689391,2016-04-10T12:00:00Z,630
8877689391,2016-04-10T13:00:00Z,140
8877689391,2016-04-10T14:00:00Z,250
8877689391,2016-04-10T15:00:00Z,333
8877689391,2016-04-10T16:00:00Z,158
8877689391,2016-04-10T17:00:00Z,148
8877689391,2016-04-10T18:00:00Z,140
8877689391,2016-04-10T19:00:00Z,111
8877689391,2016-04-10T20:00:00Z,111
8877689391,2016-04-10T21:00:00Z,148
8877689391,2016-04-10T22:00:00Z,73
8877689391,2016-04-10T23:00:00Z,73
8877689391,2016-04-11T00:00:00Z,74
8877689391,2016-04-11T01:00:00Z,74
8877689391,2016-04-11T02:00:00Z,74
8877689391,2016-04-11T03:00:00Z,74
8877689391,2016-04-11T04:00:00Z,74
8877689391,2016-04-11T05:00:00Z,74
8877689391,2016-04-11T06:00:00Z,74
8877689391,2016-04-11T07:00:00Z,183
8877689391,2016-04-11T08:00:00Z,115
8877689391,2016-04-11T09:00:00Z,134
8877689391,2016-04-11T10:00:00Z,160
8877689391,2016-04-11T11:00:00Z,174
8877689391,2016-04-11T12:00:00Z,252
8877689391,2016-04-11T13:00:00Z,90
8877689391,2016-04-11T14:00:00Z,178
8877689391,2016-04-11T15:00:00Z,109
8877689391,2016-04-11T16:00:00Z,139
8877689391,2016-04-11T17:00:00Z,148
8877689391,2016-04-11T18:00:00Z,135
8877689391,2016-04-11T19:00:00Z,106
8877689391,2016-04-11T20:00:00Z,122
8877689391,2016-04-11T21:00:00Z,107
8877689391,2016-04-11T22:00:00Z,74
8877689391,2016-04-11T23:00:00Z,74
8877689391,2016-04-12T00:00:00Z,73
8877689391,2016-04-12T01:00:00Z,73
8877689391,2016-04-12T02:00:00Z,73
8877689391,2016-04-12T03:00:00Z,73
8877689391,2016-04-12T04:00:00Z,73
8877689391,2016-04-12T05:00:00Z,73
8877689391,2016-04-12T06:00:00Z,96
8877689391,2016-04-12T07:00:00Z,169
8877689391,2016-04-12T08:00:00Z,136
